linha,Hodômetro_anterior,Hodômetro_atual,data_anterior,data_atual,sequencia_anterior,sequencia_atual,tipo_mensagem_anterior,tipo_mensagem_atual,tipo_problema,Diferenca
23,230.8,230.8,2025-06-11 16:28:40,2025-06-11 17:04:15,2127.0,2145.0,GTPDP,GTERI,ok,0.0
28,230.8,230.8,2025-06-11 17:04:15,2025-06-11 17:09:39,2145.0,2148.0,GTERI,GTIGN,ok,0.0
29,230.8,230.8,2025-06-11 17:09:39,2025-06-11 17:09:39,2148.0,2149.0,GTIGN,GTSTT,ok,0.0
30,230.8,230.8,2025-06-11 17:09:39,2025-06-11 17:09:48,2149.0,2151.0,GTSTT,GTERI,ok,0.0
31,230.8,230.8,2025-06-11 17:09:48,2025-06-11 17:09:48,2151.0,2152.0,GTERI,GTIGL,ok,0.0
32,230.8,230.8,2025-06-11 17:09:48,2025-06-11 17:09:50,2152.0,2153.0,GTIGL,GTERI,ok,0.0
33,230.8,230.8,2025-06-11 17:09:50,2025-06-11 17:09:52,2153.0,2154.0,GTERI,GTERI,ok,0.0
34,230.8,230.9,2025-06-11 17:09:52,2025-06-11 17:10:03,2154.0,2155.0,GTERI,GTERI,ok,0.09999999999999432
35,230.9,231.0,2025-06-11 17:10:03,2025-06-11 17:10:07,2155.0,2156.0,GTERI,GTERI,ok,0.09999999999999432
27,231.0,231.0,2025-06-11 17:10:07,2025-06-11 17:10:09,2156.0,2157.0,GTERI,GTPDP,ok,0.0
36,231.0,231.0,2025-06-11 17:10:09,2025-06-11 17:10:10,2157.0,2158.0,GTPDP,GTERI,ok,0.0
37,231.0,231.0,2025-06-11 17:10:10,2025-06-11 17:10:13,2158.0,2159.0,GTERI,GTERI,ok,0.0
38,231.0,233.6,2025-06-11 17:10:13,2025-06-11 17:12:40,2159.0,2160.0,GTERI,GTBTC,ok,2.5999999999999943
39,233.6,233.6,2025-06-11 17:12:40,2025-06-11 17:12:47,2160.0,2161.0,GTBTC,GTERI,ok,0.0
42,233.6,234.8,2025-06-11 17:12:47,2025-06-11 17:15:09,2161.0,2164.0,GTERI,GTERI,ok,1.200000000000017
43,234.8,234.9,2025-06-11 17:15:09,2025-06-11 17:15:13,2164.0,2165.0,GTERI,GTERI,ok,0.09999999999999432
44,234.9,235.2,2025-06-11 17:15:13,2025-06-11 17:15:47,2165.0,2166.0,GTERI,GTERI,ok,0.29999999999998295
45,235.2,235.2,2025-06-11 17:15:47,2025-06-11 17:15:51,2166.0,2167.0,GTERI,GTERI,ok,0.0
46,235.2,235.2,2025-06-11 17:15:51,2025-06-11 17:15:52,2167.0,2168.0,GTERI,GTERI,ok,0.0
47,235.2,235.5,2025-06-11 17:15:52,2025-06-11 17:16:28,2168.0,2169.0,GTERI,GTERI,ok,0.30000000000001137
48,235.5,235.5,2025-06-11 17:16:28,2025-06-11 17:16:30,2169.0,2170.0,GTERI,GTERI,ok,0.0
49,235.5,235.9,2025-06-11 17:16:30,2025-06-11 17:17:02,2170.0,2171.0,GTERI,GTERI,ok,0.4000000000000057
50,235.9,235.9,2025-06-11 17:17:02,2025-06-11 17:17:05,2171.0,2172.0,GTERI,GTERI,ok,0.0
53,235.9,236.1,2025-06-11 17:17:05,2025-06-11 17:17:25,2172.0,2174.0,GTERI,GTERI,ok,0.19999999999998863
54,236.1,236.1,2025-06-11 17:17:25,2025-06-11 17:17:27,2174.0,2175.0,GTERI,GTERI,ok,0.0
55,236.1,236.1,2025-06-11 17:17:27,2025-06-11 17:17:27,2175.0,2176.0,GTERI,GTIGF,ok,0.0
56,236.1,236.1,2025-06-11 17:17:27,2025-06-11 17:17:27,2176.0,2177.0,GTIGF,GTSTT,ok,0.0
57,236.1,236.1,2025-06-11 17:17:27,2025-06-11 17:17:28,2177.0,2178.0,GTSTT,GTSTC,ok,0.0
58,236.1,236.1,2025-06-11 17:17:28,2025-06-11 17:17:28,2178.0,2179.0,GTSTC,GTERI,ok,0.0
59,236.1,236.1,2025-06-11 17:17:28,2025-06-11 17:17:28,2179.0,2180.0,GTERI,GTIGL,ok,0.0
60,236.1,236.1,2025-06-11 17:17:28,2025-06-11 17:18:11,2180.0,2181.0,GTIGL,GTSTT,ok,0.0
65,236.1,236.1,2025-06-11 17:18:11,2025-06-11 17:25:56,2181.0,2186.0,GTSTT,GTIGN,ok,0.0
66,236.1,236.1,2025-06-11 17:25:56,2025-06-11 17:25:56,2186.0,2187.0,GTIGN,GTSTT,ok,0.0
67,236.1,236.1,2025-06-11 17:25:56,2025-06-11 17:26:04,2187.0,2188.0,GTSTT,GTERI,ok,0.0
68,236.1,236.1,2025-06-11 17:26:04,2025-06-11 17:26:04,2188.0,2189.0,GTERI,GTIGL,ok,0.0
69,236.1,236.1,2025-06-11 17:26:04,2025-06-11 17:26:06,2189.0,2190.0,GTIGL,GTERI,ok,0.0
70,236.1,236.1,2025-06-11 17:26:06,2025-06-11 17:26:07,2190.0,2191.0,GTERI,GTERI,ok,0.0
71,236.1,236.1,2025-06-11 17:26:07,2025-06-11 17:26:10,2191.0,2192.0,GTERI,GTERI,ok,0.0
73,236.1,236.5,2025-06-11 17:26:10,2025-06-11 17:27:24,2192.0,2194.0,GTERI,GTERI,ok,0.4000000000000057
74,236.5,236.5,2025-06-11 17:27:24,2025-06-11 17:27:27,2194.0,2195.0,GTERI,GTERI,ok,0.0
75,236.5,237.1,2025-06-11 17:27:27,2025-06-11 17:28:58,2195.0,2196.0,GTERI,GTBTC,ok,0.5999999999999943
76,237.1,237.2,2025-06-11 17:28:58,2025-06-11 17:29:04,2196.0,2197.0,GTBTC,GTERI,ok,0.09999999999999432
78,237.2,237.4,2025-06-11 17:29:04,2025-06-11 17:29:27,2197.0,2199.0,GTERI,GTERI,ok,0.20000000000001705
79,237.4,237.4,2025-06-11 17:29:27,2025-06-11 17:29:28,2199.0,2200.0,GTERI,GTERI,ok,0.0
80,237.4,237.6,2025-06-11 17:29:28,2025-06-11 17:29:49,2200.0,2201.0,GTERI,GTIGF,ok,0.19999999999998863
81,237.6,237.6,2025-06-11 17:29:49,2025-06-11 17:29:49,2201.0,2202.0,GTIGF,GTSTT,ok,0.0
82,237.6,237.6,2025-06-11 17:29:49,2025-06-11 17:29:49,2202.0,2203.0,GTSTT,GTERI,ok,0.0
83,237.6,237.6,2025-06-11 17:29:49,2025-06-11 17:29:49,2203.0,2204.0,GTERI,GTIGL,ok,0.0
84,237.6,237.6,2025-06-11 17:29:49,2025-06-11 17:29:50,2204.0,2205.0,GTIGL,GTSTC,ok,0.0
85,237.6,237.6,2025-06-11 17:29:50,2025-06-11 17:30:31,2205.0,2206.0,GTSTC,GTSTT,ok,0.0
88,237.6,237.6,2025-06-11 17:30:31,2025-06-11 17:33:54,2206.0,2209.0,GTSTT,GTIGN,ok,0.0
89,237.6,237.6,2025-06-11 17:33:54,2025-06-11 17:33:54,2209.0,2210.0,GTIGN,GTSTT,ok,0.0
90,237.6,237.6,2025-06-11 17:33:54,2025-06-11 17:33:54,2210.0,2211.0,GTSTT,GTIGL,ok,0.0
91,237.6,237.6,2025-06-11 17:33:54,2025-06-11 17:33:58,2211.0,2212.0,GTIGL,GTERI,ok,0.0
93,237.6,238.4,2025-06-11 17:33:58,2025-06-11 17:35:22,2212.0,2214.0,GTERI,GTERI,ok,0.8000000000000114
94,238.4,238.4,2025-06-11 17:35:22,2025-06-11 17:35:24,2214.0,2215.0,GTERI,GTERI,ok,0.0
95,238.4,238.5,2025-06-11 17:35:24,2025-06-11 17:35:41,2215.0,2216.0,GTERI,GTERI,ok,0.09999999999999432
96,238.5,238.5,2025-06-11 17:35:41,2025-06-11 17:35:44,2216.0,2217.0,GTERI,GTERI,ok,0.0
97,238.5,238.5,2025-06-11 17:35:44,2025-06-11 17:35:46,2217.0,2218.0,GTERI,GTERI,ok,0.0
98,238.5,238.5,2025-06-11 17:35:46,2025-06-11 17:35:49,2218.0,2219.0,GTERI,GTIGF,ok,0.0
99,238.5,238.5,2025-06-11 17:35:49,2025-06-11 17:35:49,2219.0,2220.0,GTIGF,GTSTT,ok,0.0
100,238.5,238.5,2025-06-11 17:35:49,2025-06-11 17:35:49,2220.0,2221.0,GTSTT,GTERI,ok,0.0
101,238.5,238.5,2025-06-11 17:35:49,2025-06-11 17:35:49,2221.0,2222.0,GTERI,GTIGL,ok,0.0
102,238.5,238.5,2025-06-11 17:35:49,2025-06-11 17:36:31,2222.0,2223.0,GTIGL,GTSTT,ok,0.0
104,238.5,238.5,2025-06-11 17:36:31,2025-06-11 17:38:41,2223.0,2225.0,GTSTT,GTIGN,ok,0.0
105,238.5,238.5,2025-06-11 17:38:41,2025-06-11 17:38:41,2225.0,2226.0,GTIGN,GTSTT,ok,0.0
106,238.5,238.5,2025-06-11 17:38:41,2025-06-11 17:38:41,2226.0,2227.0,GTSTT,GTIGL,ok,0.0
107,238.5,238.5,2025-06-11 17:38:41,2025-06-11 17:38:45,2227.0,2228.0,GTIGL,GTERI,ok,0.0
109,238.5,238.5,2025-06-11 17:38:45,2025-06-11 17:39:44,2228.0,2230.0,GTERI,GTERI,ok,0.0
110,238.5,238.6,2025-06-11 17:39:44,2025-06-11 17:40:00,2230.0,2231.0,GTERI,GTERI,ok,0.09999999999999432
111,238.6,238.6,2025-06-11 17:40:00,2025-06-11 17:40:01,2231.0,2232.0,GTERI,GTERI,ok,0.0
112,238.6,238.6,2025-06-11 17:40:01,2025-06-11 17:40:10,2232.0,2233.0,GTERI,GTERI,ok,0.0
113,238.6,238.6,2025-06-11 17:40:10,2025-06-11 17:40:11,2233.0,2234.0,GTERI,GTERI,ok,0.0
114,238.6,238.6,2025-06-11 17:40:11,2025-06-11 17:40:13,2234.0,2235.0,GTERI,GTERI,ok,0.0
115,238.6,238.7,2025-06-11 17:40:13,2025-06-11 17:40:21,2235.0,2236.0,GTERI,GTERI,ok,0.09999999999999432
116,238.7,238.7,2025-06-11 17:40:21,2025-06-11 17:40:22,2236.0,2237.0,GTERI,GTERI,ok,0.0
117,238.7,238.7,2025-06-11 17:40:22,2025-06-11 17:40:32,2237.0,2238.0,GTERI,GTIGF,ok,0.0
118,238.7,238.7,2025-06-11 17:40:32,2025-06-11 17:40:32,2238.0,2239.0,GTIGF,GTSTT,ok,0.0
119,238.7,238.7,2025-06-11 17:40:32,2025-06-11 17:40:32,2239.0,2240.0,GTSTT,GTERI,ok,0.0
120,238.7,238.7,2025-06-11 17:40:32,2025-06-11 17:40:32,2240.0,2241.0,GTERI,GTIGL,ok,0.0
122,238.7,238.7,2025-06-11 17:40:32,2025-06-11 17:41:11,2241.0,2243.0,GTIGL,GTSTT,ok,0.0
152,238.7,238.7,2025-06-11 17:41:11,2025-06-11 18:40:28,2243.0,2273.0,GTSTT,GTERI,ok,0.0
183,238.7,238.7,2025-06-11 18:40:28,2025-06-11 19:40:28,2273.0,2304.0,GTERI,GTERI,ok,0.0
214,238.7,238.7,2025-06-11 19:40:28,2025-06-11 20:40:28,2304.0,2335.0,GTERI,GTERI,ok,0.0
245,238.7,238.7,2025-06-11 20:40:28,2025-06-11 21:40:28,2335.0,2366.0,GTERI,GTERI,ok,0.0
276,238.7,238.7,2025-06-11 21:40:28,2025-06-11 22:40:28,2366.0,2397.0,GTERI,GTERI,ok,0.0
307,238.7,238.7,2025-06-11 22:40:28,2025-06-11 23:40:28,2397.0,2428.0,GTERI,GTERI,ok,0.0
338,238.7,238.7,2025-06-11 23:40:28,2025-06-12 00:40:28,2428.0,2459.0,GTERI,GTERI,ok,0.0
349,238.7,238.7,2025-06-12 00:40:28,2025-06-12 01:00:04,2459.0,2470.0,GTERI,GTPDP,ok,0.0
368,238.7,238.7,2025-06-12 01:00:04,2025-06-12 01:37:36,2470.0,2489.0,GTPDP,GTPDP,ok,0.0
369,238.7,238.7,2025-06-12 01:37:36,2025-06-12 01:40:28,2489.0,2490.0,GTPDP,GTERI,ok,0.0
406,238.7,238.7,2025-06-12 01:40:28,2025-06-12 02:40:28,2490.0,2521.0,GTERI,GTERI,ok,0.0
441,238.7,238.7,2025-06-12 02:40:28,2025-06-12 03:40:28,2521.0,2552.0,GTERI,GTERI,ok,0.0
440,238.7,238.7,2025-06-12 03:40:28,2025-06-12 03:40:58,2552.0,2554.0,GTERI,GTPDP,ok,0.0
447,238.7,238.7,2025-06-12 03:40:58,2025-06-12 03:52:28,2554.0,2560.0,GTPDP,GTPDP,ok,0.0
464,238.7,238.7,2025-06-12 03:52:28,2025-06-12 04:19:30,2560.0,2573.0,GTPDP,GTPDP,ok,0.0
474,238.7,238.7,2025-06-12 04:19:30,2025-06-12 04:40:21,2573.0,2583.0,GTPDP,GTPDP,ok,0.0
475,238.7,238.7,2025-06-12 04:40:21,2025-06-12 04:40:28,2583.0,2584.0,GTPDP,GTERI,ok,0.0
481,238.7,238.7,2025-06-12 04:40:28,2025-06-12 04:53:12,2584.0,2590.0,GTERI,GTPDP,ok,0.0
486,238.7,238.7,2025-06-12 04:53:12,2025-06-12 05:04:03,2590.0,2595.0,GTPDP,GTPDP,ok,0.0
498,238.7,238.7,2025-06-12 05:04:03,2025-06-12 05:28:55,2595.0,2607.0,GTPDP,GTPDP,ok,0.0
504,238.7,238.7,2025-06-12 05:28:55,2025-06-12 05:40:28,2607.0,2613.0,GTPDP,GTERI,ok,0.0
514,238.7,238.7,2025-06-12 05:40:28,2025-06-12 06:00:07,2613.0,2624.0,GTERI,GTPDP,ok,0.0
525,238.7,238.7,2025-06-12 06:00:07,2025-06-12 06:21:38,2624.0,2635.0,GTPDP,GTPDP,ok,0.0
534,238.7,238.7,2025-06-12 06:21:38,2025-06-12 06:37:48,2635.0,2643.0,GTPDP,GTPDP,ok,0.0
536,238.7,238.7,2025-06-12 06:37:48,2025-06-12 06:40:28,2643.0,2645.0,GTPDP,GTERI,ok,0.0
551,238.7,238.7,2025-06-12 06:40:28,2025-06-12 07:08:49,2645.0,2660.0,GTERI,GTPDP,ok,0.0
554,238.7,238.7,2025-06-12 07:08:49,2025-06-12 07:14:20,2660.0,2663.0,GTPDP,GTPDP,ok,0.0
556,238.7,238.7,2025-06-12 07:14:20,2025-06-12 07:17:50,2663.0,2665.0,GTPDP,GTPDP,ok,0.0
564,238.7,238.7,2025-06-12 07:17:50,2025-06-12 07:33:01,2665.0,2673.0,GTPDP,GTIGN,ok,0.0
565,238.7,238.7,2025-06-12 07:33:01,2025-06-12 07:33:01,2673.0,2674.0,GTIGN,GTSTT,ok,0.0
566,238.7,238.9,2025-06-12 07:33:01,2025-06-12 07:33:43,2674.0,2675.0,GTSTT,GTERI,ok,0.20000000000001705
567,238.9,238.9,2025-06-12 07:33:43,2025-06-12 07:33:43,2675.0,2676.0,GTERI,GTIGL,ok,0.0
569,238.9,239.8,2025-06-12 07:33:43,2025-06-12 07:35:03,2676.0,2678.0,GTIGL,GTERI,ok,0.9000000000000057
570,239.8,239.8,2025-06-12 07:35:03,2025-06-12 07:35:05,2678.0,2679.0,GTERI,GTERI,ok,0.0
571,239.8,239.9,2025-06-12 07:35:05,2025-06-12 07:35:15,2679.0,2680.0,GTERI,GTERI,ok,0.09999999999999432
572,239.9,239.9,2025-06-12 07:35:15,2025-06-12 07:35:16,2680.0,2681.0,GTERI,GTERI,ok,0.0
573,239.9,240.0,2025-06-12 07:35:16,2025-06-12 07:35:32,2681.0,2682.0,GTERI,GTERI,ok,0.09999999999999432
574,240.0,240.0,2025-06-12 07:35:32,2025-06-12 07:35:34,2682.0,2683.0,GTERI,GTERI,ok,0.0
575,240.0,240.3,2025-06-12 07:35:34,2025-06-12 07:36:01,2683.0,2684.0,GTERI,GTBTC,ok,0.30000000000001137
576,240.3,240.3,2025-06-12 07:36:01,2025-06-12 07:36:09,2684.0,2685.0,GTBTC,GTERI,ok,0.0
578,240.3,241.5,2025-06-12 07:36:09,2025-06-12 07:37:43,2685.0,2687.0,GTERI,GTSTC,ok,1.1999999999999886
579,241.5,241.6,2025-06-12 07:37:43,2025-06-12 07:37:54,2687.0,2688.0,GTSTC,GTERI,ok,0.09999999999999432
580,241.6,241.6,2025-06-12 07:37:54,2025-06-12 07:37:57,2688.0,2689.0,GTERI,GTERI,ok,0.0
581,241.6,241.6,2025-06-12 07:37:57,2025-06-12 07:38:03,2689.0,2690.0,GTERI,GTERI,ok,0.0
582,241.6,241.6,2025-06-12 07:38:03,2025-06-12 07:38:06,2690.0,2691.0,GTERI,GTERI,ok,0.0
583,241.6,241.6,2025-06-12 07:38:06,2025-06-12 07:38:48,2691.0,2692.0,GTERI,GTSTT,ok,0.0
585,241.6,241.6,2025-06-12 07:38:48,2025-06-12 07:39:09,2692.0,2694.0,GTSTT,GTERI,ok,0.0
587,241.6,241.6,2025-06-12 07:39:09,2025-06-12 07:41:10,2694.0,2696.0,GTERI,GTSTT,ok,0.0
588,241.6,241.6,2025-06-12 07:41:10,2025-06-12 07:41:21,2696.0,2697.0,GTSTT,GTERI,ok,0.0
589,241.6,241.6,2025-06-12 07:41:21,2025-06-12 07:41:23,2697.0,2698.0,GTERI,GTERI,ok,0.0
590,241.6,241.6,2025-06-12 07:41:23,2025-06-12 07:41:25,2698.0,2699.0,GTERI,GTERI,ok,0.0
591,241.6,241.6,2025-06-12 07:41:25,2025-06-12 07:41:28,2699.0,2700.0,GTERI,GTERI,ok,0.0
592,241.6,241.6,2025-06-12 07:41:28,2025-06-12 07:41:35,2700.0,2701.0,GTERI,GTERI,ok,0.0
593,241.6,241.7,2025-06-12 07:41:35,2025-06-12 07:41:52,2701.0,2702.0,GTERI,GTERI,ok,0.09999999999999432
594,241.7,241.7,2025-06-12 07:41:52,2025-06-12 07:41:54,2702.0,2703.0,GTERI,GTERI,ok,0.0
595,241.7,241.7,2025-06-12 07:41:54,2025-06-12 07:41:56,2703.0,2704.0,GTERI,GTERI,ok,0.0
596,241.7,241.7,2025-06-12 07:41:56,2025-06-12 07:41:58,2704.0,2705.0,GTERI,GTERI,ok,0.0
597,241.7,241.9,2025-06-12 07:41:58,2025-06-12 07:42:09,2705.0,2706.0,GTERI,GTERI,ok,0.20000000000001705
600,241.9,245.6,2025-06-12 07:42:09,2025-06-12 07:44:51,2706.0,2709.0,GTERI,GTERI,ok,3.6999999999999886
601,245.6,245.6,2025-06-12 07:44:51,2025-06-12 07:44:52,2709.0,2710.0,GTERI,GTERI,ok,0.0
602,245.6,245.6,2025-06-12 07:44:52,2025-06-12 07:44:54,2710.0,2711.0,GTERI,GTERI,ok,0.0
603,245.6,245.6,2025-06-12 07:44:54,2025-06-12 07:44:58,2711.0,2712.0,GTERI,GTERI,ok,0.0
604,245.6,245.7,2025-06-12 07:44:58,2025-06-12 07:45:01,2712.0,2713.0,GTERI,GTERI,ok,0.09999999999999432
605,245.7,245.7,2025-06-12 07:45:01,2025-06-12 07:45:09,2713.0,2714.0,GTERI,GTERI,ok,0.0
606,245.7,245.7,2025-06-12 07:45:09,2025-06-12 07:45:16,2714.0,2715.0,GTERI,GTERI,ok,0.0
607,245.7,245.7,2025-06-12 07:45:16,2025-06-12 07:45:19,2715.0,2716.0,GTERI,GTERI,ok,0.0
608,245.7,245.7,2025-06-12 07:45:19,2025-06-12 07:45:21,2716.0,2717.0,GTERI,GTERI,ok,0.0
609,245.7,245.7,2025-06-12 07:45:21,2025-06-12 07:45:22,2717.0,2718.0,GTERI,GTERI,ok,0.0
610,245.7,245.7,2025-06-12 07:45:22,2025-06-12 07:45:23,2718.0,2719.0,GTERI,GTERI,ok,0.0
611,245.7,245.7,2025-06-12 07:45:23,2025-06-12 07:45:28,2719.0,2720.0,GTERI,GTERI,ok,0.0
612,245.7,245.7,2025-06-12 07:45:28,2025-06-12 07:45:37,2720.0,2721.0,GTERI,GTIGF,ok,0.0
613,245.7,245.7,2025-06-12 07:45:37,2025-06-12 07:45:37,2721.0,2722.0,GTIGF,GTSTT,ok,0.0
614,245.7,245.7,2025-06-12 07:45:37,2025-06-12 07:45:37,2722.0,2723.0,GTSTT,GTERI,ok,0.0
615,245.7,245.7,2025-06-12 07:45:37,2025-06-12 07:45:37,2723.0,2724.0,GTERI,GTIGL,ok,0.0
616,245.7,245.7,2025-06-12 07:45:37,2025-06-12 07:46:20,2724.0,2725.0,GTIGL,GTSTT,ok,0.0
618,245.7,245.7,2025-06-12 07:46:20,2025-06-12 07:47:21,2725.0,2727.0,GTSTT,GTPDP,ok,0.0
647,245.7,245.7,2025-06-12 07:47:21,2025-06-12 08:45:32,2727.0,2756.0,GTPDP,GTERI,ok,0.0
678,245.7,245.7,2025-06-12 08:45:32,2025-06-12 09:45:32,2756.0,2787.0,GTERI,GTERI,ok,0.0
683,245.7,245.7,2025-06-12 09:45:32,2025-06-12 09:52:57,2787.0,2792.0,GTERI,GTPDP,ok,0.0
709,245.7,245.7,2025-06-12 09:52:57,2025-06-12 10:45:32,2792.0,2818.0,GTPDP,GTERI,ok,0.0
740,245.7,245.7,2025-06-12 10:45:32,2025-06-12 11:45:32,2818.0,2849.0,GTERI,GTERI,ok,0.0
747,245.7,245.7,2025-06-12 11:45:32,2025-06-12 11:58:02,2849.0,2856.0,GTERI,GTIGN,ok,0.0
748,245.7,245.7,2025-06-12 11:58:02,2025-06-12 11:58:02,2856.0,2857.0,GTIGN,GTSTT,ok,0.0
750,245.7,245.7,2025-06-12 11:58:02,2025-06-12 11:58:10,2857.0,2859.0,GTSTT,GTERI,ok,0.0
751,245.7,245.7,2025-06-12 11:58:10,2025-06-12 11:58:10,2859.0,2860.0,GTERI,GTIGL,ok,0.0
752,245.7,245.8,2025-06-12 11:58:10,2025-06-12 11:58:14,2860.0,2861.0,GTIGL,GTERI,ok,0.10000000000002274
753,245.8,245.8,2025-06-12 11:58:14,2025-06-12 11:58:16,2861.0,2862.0,GTERI,GTERI,ok,0.0
754,245.8,245.8,2025-06-12 11:58:16,2025-06-12 11:58:34,2862.0,2863.0,GTERI,GTERI,ok,0.0
755,245.8,245.9,2025-06-12 11:58:34,2025-06-12 11:58:44,2863.0,2864.0,GTERI,GTERI,ok,0.09999999999999432
756,245.9,245.9,2025-06-12 11:58:44,2025-06-12 11:58:45,2864.0,2865.0,GTERI,GTERI,ok,0.0
757,245.9,245.9,2025-06-12 11:58:45,2025-06-12 11:58:48,2865.0,2866.0,GTERI,GTERI,ok,0.0
759,245.9,248.7,2025-06-12 11:58:48,2025-06-12 12:01:08,2866.0,2868.0,GTERI,GTERI,ok,2.799999999999983
760,248.7,249.7,2025-06-12 12:01:08,2025-06-12 12:01:58,2868.0,2869.0,GTERI,GTERI,ok,1.0
761,249.7,249.8,2025-06-12 12:01:58,2025-06-12 12:02:01,2869.0,2870.0,GTERI,GTERI,ok,0.10000000000002274
763,249.8,249.8,2025-06-12 12:02:01,2025-06-12 12:02:06,2870.0,2872.0,GTERI,GTERI,ok,0.0
764,249.8,249.8,2025-06-12 12:02:06,2025-06-12 12:02:15,2872.0,2873.0,GTERI,GTERI,ok,0.0
765,249.8,249.8,2025-06-12 12:02:15,2025-06-12 12:03:19,2873.0,2874.0,GTERI,GTIGF,ok,0.0
766,249.8,249.8,2025-06-12 12:03:19,2025-06-12 12:03:19,2874.0,2875.0,GTIGF,GTSTT,ok,0.0
767,249.8,249.8,2025-06-12 12:03:19,2025-06-12 12:03:19,2875.0,2876.0,GTSTT,GTERI,ok,0.0
768,249.8,249.8,2025-06-12 12:03:19,2025-06-12 12:03:19,2876.0,2877.0,GTERI,GTIGL,ok,0.0
769,249.8,249.8,2025-06-12 12:03:19,2025-06-12 12:03:54,2877.0,2878.0,GTIGL,GTSTT,ok,0.0
773,249.8,249.8,2025-06-12 12:03:54,2025-06-12 12:09:06,2878.0,2882.0,GTSTT,GTIGN,ok,0.0
774,249.8,249.8,2025-06-12 12:09:06,2025-06-12 12:09:06,2882.0,2883.0,GTIGN,GTSTT,ok,0.0
775,249.8,249.8,2025-06-12 12:09:06,2025-06-12 12:09:14,2883.0,2884.0,GTSTT,GTERI,ok,0.0
776,249.8,249.8,2025-06-12 12:09:14,2025-06-12 12:09:14,2884.0,2885.0,GTERI,GTIGL,ok,0.0
777,249.8,249.8,2025-06-12 12:09:14,2025-06-12 12:09:17,2885.0,2886.0,GTIGL,GTERI,ok,0.0
778,249.8,249.8,2025-06-12 12:09:17,2025-06-12 12:09:19,2886.0,2887.0,GTERI,GTERI,ok,0.0
779,249.8,249.8,2025-06-12 12:09:19,2025-06-12 12:09:23,2887.0,2888.0,GTERI,GTERI,ok,0.0
780,249.8,249.8,2025-06-12 12:09:23,2025-06-12 12:09:25,2888.0,2889.0,GTERI,GTERI,ok,0.0
783,249.8,251.5,2025-06-12 12:09:25,2025-06-12 12:12:15,2889.0,2892.0,GTERI,GTERI,ok,1.6999999999999886
784,251.5,251.5,2025-06-12 12:12:15,2025-06-12 12:12:48,2892.0,2893.0,GTERI,GTERI,ok,0.0
785,251.5,251.5,2025-06-12 12:12:48,2025-06-12 12:12:50,2893.0,2894.0,GTERI,GTERI,ok,0.0
787,251.5,252.6,2025-06-12 12:12:50,2025-06-12 12:15:02,2894.0,2896.0,GTERI,GTERI,ok,1.0999999999999943
788,252.6,252.6,2025-06-12 12:15:02,2025-06-12 12:15:04,2896.0,2897.0,GTERI,GTERI,ok,0.0
789,252.6,252.6,2025-06-12 12:15:04,2025-06-12 12:15:15,2897.0,2898.0,GTERI,GTERI,ok,0.0
790,252.6,252.6,2025-06-12 12:15:15,2025-06-12 12:15:17,2898.0,2899.0,GTERI,GTERI,ok,0.0
791,252.6,252.6,2025-06-12 12:15:17,2025-06-12 12:15:18,2899.0,2900.0,GTERI,GTERI,ok,0.0
792,252.6,252.7,2025-06-12 12:15:18,2025-06-12 12:15:32,2900.0,2901.0,GTERI,GTIGF,ok,0.09999999999999432
793,252.7,252.7,2025-06-12 12:15:32,2025-06-12 12:15:32,2901.0,2902.0,GTIGF,GTSTT,ok,0.0
794,252.7,252.7,2025-06-12 12:15:32,2025-06-12 12:15:32,2902.0,2903.0,GTSTT,GTERI,ok,0.0
795,252.7,252.7,2025-06-12 12:15:32,2025-06-12 12:15:32,2903.0,2904.0,GTERI,GTIGL,ok,0.0
797,252.7,252.7,2025-06-12 12:15:32,2025-06-12 12:17:31,2904.0,2906.0,GTIGL,GTSTT,ok,0.0
827,252.7,252.7,2025-06-12 12:17:31,2025-06-12 13:15:27,2906.0,2936.0,GTSTT,GTERI,ok,0.0
833,252.7,252.7,2025-06-12 13:15:27,2025-06-12 13:25:20,2936.0,2942.0,GTERI,GTIGN,ok,0.0
834,252.7,252.7,2025-06-12 13:25:20,2025-06-12 13:25:20,2942.0,2943.0,GTIGN,GTSTT,ok,0.0
835,252.7,252.7,2025-06-12 13:25:20,2025-06-12 13:25:27,2943.0,2944.0,GTSTT,GTERI,ok,0.0
836,252.7,252.7,2025-06-12 13:25:27,2025-06-12 13:25:27,2944.0,2945.0,GTERI,GTIGL,ok,0.0
837,252.7,252.7,2025-06-12 13:25:27,2025-06-12 13:25:32,2945.0,2946.0,GTIGL,GTERI,ok,0.0
838,252.7,252.7,2025-06-12 13:25:32,2025-06-12 13:25:35,2946.0,2947.0,GTERI,GTERI,ok,0.0
839,252.7,252.7,2025-06-12 13:25:35,2025-06-12 13:25:37,2947.0,2948.0,GTERI,GTERI,ok,0.0
840,252.7,252.8,2025-06-12 13:25:37,2025-06-12 13:25:48,2948.0,2949.0,GTERI,GTERI,ok,0.10000000000002274
841,252.8,252.8,2025-06-12 13:25:48,2025-06-12 13:25:50,2949.0,2950.0,GTERI,GTERI,ok,0.0
842,252.8,252.8,2025-06-12 13:25:50,2025-06-12 13:25:52,2950.0,2951.0,GTERI,GTERI,ok,0.0
844,252.8,253.7,2025-06-12 13:25:52,2025-06-12 13:27:33,2951.0,2953.0,GTERI,GTERI,ok,0.8999999999999773
845,253.7,253.7,2025-06-12 13:27:33,2025-06-12 13:27:35,2953.0,2954.0,GTERI,GTERI,ok,0.0
846,253.7,253.7,2025-06-12 13:27:35,2025-06-12 13:27:39,2954.0,2955.0,GTERI,GTERI,ok,0.0
847,253.7,253.7,2025-06-12 13:27:39,2025-06-12 13:27:40,2955.0,2956.0,GTERI,GTERI,ok,0.0
848,253.7,253.7,2025-06-12 13:27:40,2025-06-12 13:27:41,2956.0,2957.0,GTERI,GTERI,ok,0.0
849,253.7,253.7,2025-06-12 13:27:41,2025-06-12 13:27:46,2957.0,2958.0,GTERI,GTIGF,ok,0.0
850,253.7,253.7,2025-06-12 13:27:46,2025-06-12 13:27:46,2958.0,2959.0,GTIGF,GTSTT,ok,0.0
851,253.7,253.7,2025-06-12 13:27:46,2025-06-12 13:27:46,2959.0,2960.0,GTSTT,GTERI,ok,0.0
852,253.7,253.7,2025-06-12 13:27:46,2025-06-12 13:27:47,2960.0,2961.0,GTERI,GTIGL,ok,0.0
854,253.7,253.7,2025-06-12 13:27:47,2025-06-12 13:28:28,2961.0,2963.0,GTIGL,GTSTT,ok,0.0
878,253.7,253.7,2025-06-12 13:28:28,2025-06-12 14:14:18,2963.0,2987.0,GTSTT,GTIGN,ok,0.0
879,253.7,253.7,2025-06-12 14:14:18,2025-06-12 14:14:18,2987.0,2988.0,GTIGN,GTSTT,ok,0.0
880,253.7,253.7,2025-06-12 14:14:18,2025-06-12 14:14:27,2988.0,2989.0,GTSTT,GTERI,ok,0.0
881,253.7,253.7,2025-06-12 14:14:27,2025-06-12 14:14:27,2989.0,2990.0,GTERI,GTIGL,ok,0.0
882,253.7,253.7,2025-06-12 14:14:27,2025-06-12 14:14:43,2990.0,2991.0,GTIGL,GTERI,ok,0.0
883,253.7,253.7,2025-06-12 14:14:43,2025-06-12 14:14:56,2991.0,2992.0,GTERI,GTERI,ok,0.0
884,253.7,253.7,2025-06-12 14:14:56,2025-06-12 14:15:00,2992.0,2993.0,GTERI,GTERI,ok,0.0
885,253.7,253.7,2025-06-12 14:15:00,2025-06-12 14:15:07,2993.0,2994.0,GTERI,GTERI,ok,0.0
886,253.7,253.8,2025-06-12 14:15:07,2025-06-12 14:15:09,2994.0,2995.0,GTERI,GTERI,ok,0.10000000000002274
887,253.8,253.8,2025-06-12 14:15:09,2025-06-12 14:15:22,2995.0,2996.0,GTERI,GTERI,ok,0.0
888,253.8,253.8,2025-06-12 14:15:22,2025-06-12 14:15:24,2996.0,2997.0,GTERI,GTERI,ok,0.0
889,253.8,253.9,2025-06-12 14:15:24,2025-06-12 14:15:41,2997.0,2998.0,GTERI,GTERI,ok,0.09999999999999432
890,253.9,253.9,2025-06-12 14:15:41,2025-06-12 14:15:42,2998.0,2999.0,GTERI,GTERI,ok,0.0
891,253.9,254.0,2025-06-12 14:15:42,2025-06-12 14:15:53,2999.0,3000.0,GTERI,GTERI,ok,0.09999999999999432
892,254.0,254.0,2025-06-12 14:15:53,2025-06-12 14:15:55,3000.0,3001.0,GTERI,GTERI,ok,0.0
893,254.0,254.0,2025-06-12 14:15:55,2025-06-12 14:16:04,3001.0,3002.0,GTERI,GTERI,ok,0.0
894,254.0,254.0,2025-06-12 14:16:04,2025-06-12 14:16:10,3002.0,3003.0,GTERI,GTIGF,ok,0.0
895,254.0,254.0,2025-06-12 14:16:10,2025-06-12 14:16:10,3003.0,3004.0,GTIGF,GTSTT,ok,0.0
896,254.0,254.0,2025-06-12 14:16:10,2025-06-12 14:16:10,3004.0,3005.0,GTSTT,GTERI,ok,0.0
897,254.0,254.0,2025-06-12 14:16:10,2025-06-12 14:16:10,3005.0,3006.0,GTERI,GTIGL,ok,0.0
899,254.0,254.0,2025-06-12 14:16:10,2025-06-12 14:16:52,3006.0,3008.0,GTIGL,GTSTT,ok,0.0
909,254.0,254.0,2025-06-12 14:16:52,2025-06-12 14:34:46,3008.0,3018.0,GTSTT,GTIGN,ok,0.0
910,254.0,254.0,2025-06-12 14:34:46,2025-06-12 14:34:46,3018.0,3019.0,GTIGN,GTSTT,ok,0.0
911,254.0,254.0,2025-06-12 14:34:46,2025-06-12 14:34:54,3019.0,3020.0,GTSTT,GTERI,ok,0.0
912,254.0,254.0,2025-06-12 14:34:54,2025-06-12 14:34:54,3020.0,3021.0,GTERI,GTIGL,ok,0.0
913,254.0,254.0,2025-06-12 14:34:54,2025-06-12 14:34:59,3021.0,3022.0,GTIGL,GTERI,ok,0.0
914,254.0,254.1,2025-06-12 14:34:59,2025-06-12 14:35:09,3022.0,3023.0,GTERI,GTERI,ok,0.09999999999999432
915,254.1,254.1,2025-06-12 14:35:09,2025-06-12 14:35:11,3023.0,3024.0,GTERI,GTERI,ok,0.0
917,254.1,254.7,2025-06-12 14:35:11,2025-06-12 14:37:56,3024.0,3026.0,GTERI,GTERI,ok,0.5999999999999943
920,254.7,255.9,2025-06-12 14:37:56,2025-06-12 14:40:14,3026.0,3029.0,GTERI,GTERI,ok,1.200000000000017
921,255.9,256.0,2025-06-12 14:40:14,2025-06-12 14:40:22,3029.0,3030.0,GTERI,GTERI,ok,0.09999999999999432
922,256.0,256.0,2025-06-12 14:40:22,2025-06-12 14:40:24,3030.0,3031.0,GTERI,GTERI,ok,0.0
923,256.0,256.0,2025-06-12 14:40:24,2025-06-12 14:40:26,3031.0,3032.0,GTERI,GTERI,ok,0.0
924,256.0,256.4,2025-06-12 14:40:26,2025-06-12 14:40:56,3032.0,3033.0,GTERI,GTERI,ok,0.39999999999997726
927,256.4,259.9,2025-06-12 14:40:56,2025-06-12 14:43:56,3033.0,3036.0,GTERI,GTERI,ok,3.5
928,259.9,259.9,2025-06-12 14:43:56,2025-06-12 14:43:58,3036.0,3037.0,GTERI,GTERI,ok,0.0
929,259.9,259.9,2025-06-12 14:43:58,2025-06-12 14:44:00,3037.0,3038.0,GTERI,GTERI,ok,0.0
930,259.9,259.9,2025-06-12 14:44:00,2025-06-12 14:44:05,3038.0,3039.0,GTERI,GTERI,ok,0.0
931,259.9,259.9,2025-06-12 14:44:05,2025-06-12 14:44:08,3039.0,3040.0,GTERI,GTERI,ok,0.0
933,259.9,260.0,2025-06-12 14:44:08,2025-06-12 14:44:18,3040.0,3042.0,GTERI,GTERI,ok,0.10000000000002274
934,260.0,260.0,2025-06-12 14:44:18,2025-06-12 14:44:20,3042.0,3043.0,GTERI,GTERI,ok,0.0
935,260.0,260.0,2025-06-12 14:44:20,2025-06-12 14:44:22,3043.0,3044.0,GTERI,GTERI,ok,0.0
936,260.0,260.0,2025-06-12 14:44:22,2025-06-12 14:44:23,3044.0,3045.0,GTERI,GTERI,ok,0.0
937,260.0,260.0,2025-06-12 14:44:23,2025-06-12 14:44:25,3045.0,3046.0,GTERI,GTERI,ok,0.0
938,260.0,260.0,2025-06-12 14:44:25,2025-06-12 14:44:30,3046.0,3047.0,GTERI,GTERI,ok,0.0
939,260.0,260.0,2025-06-12 14:44:30,2025-06-12 14:45:17,3047.0,3048.0,GTERI,GTSTT,ok,0.0
940,260.0,260.0,2025-06-12 14:45:17,2025-06-12 14:45:17,3048.0,3048.0,GTSTT,GTSTT,ok,0.0
941,260.0,260.0,2025-06-12 14:45:17,2025-06-12 14:45:17,3048.0,3048.0,GTSTT,GTSTT,ok,0.0
942,260.0,260.0,2025-06-12 14:45:17,2025-06-12 14:45:17,3048.0,3048.0,GTSTT,GTSTT,ok,0.0
943,260.0,260.0,2025-06-12 14:45:17,2025-06-12 14:45:17,3048.0,3048.0,GTSTT,GTSTT,ok,0.0
945,260.0,260.0,2025-06-12 14:45:17,2025-06-12 14:45:17,3048.0,3048.0,GTSTT,GTSTT,ok,0.0
946,260.0,260.0,2025-06-12 14:45:17,2025-06-12 14:46:26,3048.0,3050.0,GTSTT,GTSTT,ok,0.0
947,260.0,260.0,2025-06-12 14:46:26,2025-06-12 14:46:56,3050.0,3051.0,GTSTT,GTERI,ok,0.0
948,260.0,260.0,2025-06-12 14:46:56,2025-06-12 14:47:52,3051.0,3052.0,GTERI,GTSTT,ok,0.0
949,260.0,260.0,2025-06-12 14:47:52,2025-06-12 14:48:13,3052.0,3053.0,GTSTT,GTSTT,ok,0.0
951,260.0,260.0,2025-06-12 14:48:13,2025-06-12 14:49:56,3053.0,3055.0,GTSTT,GTERI,ok,0.0
952,260.0,260.0,2025-06-12 14:49:56,2025-06-12 14:50:37,3055.0,3056.0,GTERI,GTSTT,ok,0.0
953,260.0,260.0,2025-06-12 14:50:37,2025-06-12 14:50:38,3056.0,3057.0,GTSTT,GTSTT,ok,0.0
955,260.0,260.0,2025-06-12 14:50:38,2025-06-12 14:52:45,3057.0,3059.0,GTSTT,GTSTT,ok,0.0
956,260.0,260.0,2025-06-12 14:52:45,2025-06-12 14:52:56,3059.0,3060.0,GTSTT,GTERI,ok,0.0
958,260.0,260.0,2025-06-12 14:52:56,2025-06-12 14:54:06,3060.0,3062.0,GTERI,GTSTT,ok,0.0
959,260.0,260.0,2025-06-12 14:54:06,2025-06-12 14:54:40,3062.0,3063.0,GTSTT,GTIGF,ok,0.0
960,260.0,260.0,2025-06-12 14:54:40,2025-06-12 14:54:40,3063.0,3064.0,GTIGF,GTSTT,ok,0.0
961,260.0,260.0,2025-06-12 14:54:40,2025-06-12 14:54:40,3064.0,3065.0,GTSTT,GTERI,ok,0.0
962,260.0,260.0,2025-06-12 14:54:40,2025-06-12 14:54:40,3065.0,3066.0,GTERI,GTIGL,ok,0.0
963,260.0,260.0,2025-06-12 14:54:40,2025-06-12 14:55:15,3066.0,3067.0,GTIGL,GTSTT,ok,0.0
994,260.0,260.0,2025-06-12 14:55:15,2025-06-12 15:54:36,3067.0,3098.0,GTSTT,GTERI,ok,0.0
1003,260.0,260.0,2025-06-12 15:54:36,2025-06-12 16:10:02,3098.0,3107.0,GTERI,GTPDP,ok,0.0
1004,260.0,260.0,2025-06-12 16:10:02,2025-06-12 16:11:32,3107.0,3108.0,GTPDP,GTIGN,ok,0.0
1005,260.0,260.0,2025-06-12 16:11:32,2025-06-12 16:11:32,3108.0,3109.0,GTIGN,GTSTT,ok,0.0
1006,260.0,260.0,2025-06-12 16:11:32,2025-06-12 16:11:40,3109.0,3110.0,GTSTT,GTERI,ok,0.0
1007,260.0,260.0,2025-06-12 16:11:40,2025-06-12 16:11:40,3110.0,3111.0,GTERI,GTIGL,ok,0.0
1008,260.0,260.0,2025-06-12 16:11:40,2025-06-12 16:11:44,3111.0,3112.0,GTIGL,GTERI,ok,0.0
1009,260.0,260.0,2025-06-12 16:11:44,2025-06-12 16:11:45,3112.0,3113.0,GTERI,GTERI,ok,0.0
1010,260.0,260.0,2025-06-12 16:11:45,2025-06-12 16:11:49,3113.0,3114.0,GTERI,GTERI,ok,0.0
1011,260.0,260.1,2025-06-12 16:11:49,2025-06-12 16:12:03,3114.0,3115.0,GTERI,GTERI,ok,0.10000000000002274
1012,260.1,260.1,2025-06-12 16:12:03,2025-06-12 16:12:10,3115.0,3116.0,GTERI,GTERI,ok,0.0
1013,260.1,260.1,2025-06-12 16:12:10,2025-06-12 16:12:25,3116.0,3117.0,GTERI,GTERI,ok,0.0
1014,260.1,260.1,2025-06-12 16:12:25,2025-06-12 16:12:29,3117.0,3118.0,GTERI,GTERI,ok,0.0
1016,260.1,263.0,2025-06-12 16:12:29,2025-06-12 16:14:42,3118.0,3120.0,GTERI,GTERI,ok,2.8999999999999773
1018,263.0,264.0,2025-06-12 16:14:42,2025-06-12 16:15:31,3120.0,3122.0,GTERI,GTERI,ok,1.0
1019,264.0,264.0,2025-06-12 16:15:31,2025-06-12 16:15:33,3122.0,3123.0,GTERI,GTERI,ok,0.0
1021,264.0,265.2,2025-06-12 16:15:33,2025-06-12 16:17:42,3123.0,3125.0,GTERI,GTERI,ok,1.1999999999999886
1023,265.2,265.7,2025-06-12 16:17:42,2025-06-12 16:19:27,3125.0,3127.0,GTERI,GTERI,ok,0.5
1024,265.7,266.5,2025-06-12 16:19:27,2025-06-12 16:20:42,3127.0,3128.0,GTERI,GTERI,ok,0.8000000000000114
1026,266.5,266.8,2025-06-12 16:20:42,2025-06-12 16:21:25,3128.0,3130.0,GTERI,GTERI,ok,0.30000000000001137
1027,266.8,266.8,2025-06-12 16:21:25,2025-06-12 16:21:27,3130.0,3131.0,GTERI,GTERI,ok,0.0
1028,266.8,266.8,2025-06-12 16:21:27,2025-06-12 16:21:34,3131.0,3132.0,GTERI,GTERI,ok,0.0
1029,266.8,267.9,2025-06-12 16:21:34,2025-06-12 16:23:02,3132.0,3133.0,GTERI,GTERI,ok,1.099999999999966
1031,267.9,268.4,2025-06-12 16:23:02,2025-06-12 16:23:42,3133.0,3135.0,GTERI,GTERI,ok,0.5
1032,268.4,268.5,2025-06-12 16:23:42,2025-06-12 16:23:51,3135.0,3136.0,GTERI,GTERI,ok,0.10000000000002274
1033,268.5,268.5,2025-06-12 16:23:51,2025-06-12 16:23:53,3136.0,3137.0,GTERI,GTERI,ok,0.0
1034,268.5,268.7,2025-06-12 16:23:53,2025-06-12 16:24:29,3137.0,3138.0,GTERI,GTERI,ok,0.19999999999998863
1035,268.7,268.8,2025-06-12 16:24:29,2025-06-12 16:24:53,3138.0,3139.0,GTERI,GTIGF,ok,0.10000000000002274
1036,268.8,268.8,2025-06-12 16:24:53,2025-06-12 16:24:53,3139.0,3139.0,GTIGF,GTIGF,ok,0.0
1038,268.8,268.8,2025-06-12 16:24:53,2025-06-12 16:24:53,3139.0,3140.0,GTIGF,GTSTT,ok,0.0
1039,268.8,268.8,2025-06-12 16:24:53,2025-06-12 16:24:53,3140.0,3141.0,GTSTT,GTERI,ok,0.0
1040,268.8,268.8,2025-06-12 16:24:53,2025-06-12 16:24:53,3141.0,3142.0,GTERI,GTIGL,ok,0.0
1041,268.8,268.8,2025-06-12 16:24:53,2025-06-12 16:25:37,3142.0,3144.0,GTIGL,GTSTT,ok,0.0
1071,268.8,268.8,2025-06-12 16:25:37,2025-06-12 17:24:49,3144.0,3174.0,GTSTT,GTERI,ok,0.0
1073,268.8,268.8,2025-06-12 17:24:49,2025-06-12 17:26:55,3174.0,3176.0,GTERI,GTIGN,ok,0.0
1074,268.8,268.8,2025-06-12 17:26:55,2025-06-12 17:26:55,3176.0,3177.0,GTIGN,GTSTT,ok,0.0
1075,268.8,268.8,2025-06-12 17:26:55,2025-06-12 17:27:03,3177.0,3178.0,GTSTT,GTERI,ok,0.0
1076,268.8,268.8,2025-06-12 17:27:03,2025-06-12 17:27:03,3178.0,3179.0,GTERI,GTIGL,ok,0.0
1077,268.8,268.8,2025-06-12 17:27:03,2025-06-12 17:27:06,3179.0,3180.0,GTIGL,GTERI,ok,0.0
1078,268.8,268.8,2025-06-12 17:27:06,2025-06-12 17:27:09,3180.0,3181.0,GTERI,GTERI,ok,0.0
1081,268.8,269.0,2025-06-12 17:27:09,2025-06-12 17:27:58,3181.0,3183.0,GTERI,GTERI,ok,0.19999999999998863
1080,269.0,269.1,2025-06-12 17:27:58,2025-06-12 17:28:03,3183.0,3184.0,GTERI,GTPDP,ok,0.10000000000002274
1082,269.1,269.1,2025-06-12 17:28:03,2025-06-12 17:28:05,3184.0,3185.0,GTPDP,GTERI,ok,0.0
1083,269.1,269.1,2025-06-12 17:28:05,2025-06-12 17:28:08,3185.0,3186.0,GTERI,GTERI,ok,0.0
1084,269.1,269.6,2025-06-12 17:28:08,2025-06-12 17:29:13,3186.0,3187.0,GTERI,GTERI,ok,0.5
1085,269.6,270.2,2025-06-12 17:29:13,2025-06-12 17:30:05,3187.0,3188.0,GTERI,GTERI,ok,0.5999999999999659
1086,270.2,270.7,2025-06-12 17:30:05,2025-06-12 17:30:50,3188.0,3189.0,GTERI,GTERI,ok,0.5
1087,270.7,270.7,2025-06-12 17:30:50,2025-06-12 17:30:53,3189.0,3190.0,GTERI,GTERI,ok,0.0
1088,270.7,270.7,2025-06-12 17:30:53,2025-06-12 17:30:59,3190.0,3191.0,GTERI,GTERI,ok,0.0
1089,270.7,270.7,2025-06-12 17:30:59,2025-06-12 17:31:00,3191.0,3192.0,GTERI,GTERI,ok,0.0
1091,270.7,271.7,2025-06-12 17:31:00,2025-06-12 17:32:47,3192.0,3194.0,GTERI,GTERI,ok,1.0
1092,271.7,271.7,2025-06-12 17:32:47,2025-06-12 17:32:49,3194.0,3195.0,GTERI,GTERI,ok,0.0
1093,271.7,271.8,2025-06-12 17:32:49,2025-06-12 17:33:02,3195.0,3196.0,GTERI,GTERI,ok,0.10000000000002274
1095,271.8,271.8,2025-06-12 17:33:02,2025-06-12 17:33:05,3196.0,3198.0,GTERI,GTERI,ok,0.0
1096,271.8,271.9,2025-06-12 17:33:05,2025-06-12 17:33:24,3198.0,3199.0,GTERI,GTERI,ok,0.0999999999999659
1097,271.9,271.9,2025-06-12 17:33:24,2025-06-12 17:33:26,3199.0,3200.0,GTERI,GTERI,ok,0.0
1099,271.9,273.2,2025-06-12 17:33:26,2025-06-12 17:36:05,3200.0,3202.0,GTERI,GTERI,ok,1.3000000000000114
1100,273.2,273.5,2025-06-12 17:36:05,2025-06-12 17:36:34,3202.0,3203.0,GTERI,GTERI,ok,0.30000000000001137
1101,273.5,273.6,2025-06-12 17:36:34,2025-06-12 17:36:41,3203.0,3204.0,GTERI,GTERI,ok,0.10000000000002274
1102,273.6,273.6,2025-06-12 17:36:41,2025-06-12 17:36:43,3204.0,3205.0,GTERI,GTERI,ok,0.0
1103,273.6,273.6,2025-06-12 17:36:43,2025-06-12 17:36:45,3205.0,3206.0,GTERI,GTERI,ok,0.0
1106,273.6,276.5,2025-06-12 17:36:45,2025-06-12 17:39:05,3206.0,3209.0,GTERI,GTERI,ok,2.8999999999999773
1107,276.5,277.5,2025-06-12 17:39:05,2025-06-12 17:39:55,3209.0,3210.0,GTERI,GTERI,ok,1.0
1108,277.5,277.5,2025-06-12 17:39:55,2025-06-12 17:39:57,3210.0,3211.0,GTERI,GTERI,ok,0.0
1109,277.5,277.5,2025-06-12 17:39:57,2025-06-12 17:40:01,3211.0,3212.0,GTERI,GTERI,ok,0.0
1110,277.5,277.6,2025-06-12 17:40:01,2025-06-12 17:40:16,3212.0,3213.0,GTERI,GTERI,ok,0.10000000000002274
1111,277.6,277.6,2025-06-12 17:40:16,2025-06-12 17:40:18,3213.0,3214.0,GTERI,GTERI,ok,0.0
1112,277.6,277.6,2025-06-12 17:40:18,2025-06-12 17:40:20,3214.0,3215.0,GTERI,GTERI,ok,0.0
1113,277.6,277.6,2025-06-12 17:40:20,2025-06-12 17:40:21,3215.0,3216.0,GTERI,GTERI,ok,0.0
1114,277.6,277.6,2025-06-12 17:40:21,2025-06-12 17:40:25,3216.0,3217.0,GTERI,GTERI,ok,0.0
1115,277.6,277.6,2025-06-12 17:40:25,2025-06-12 17:40:31,3217.0,3218.0,GTERI,GTIGF,ok,0.0
1116,277.6,277.6,2025-06-12 17:40:31,2025-06-12 17:40:31,3218.0,3219.0,GTIGF,GTSTT,ok,0.0
1117,277.6,277.6,2025-06-12 17:40:31,2025-06-12 17:40:31,3219.0,3220.0,GTSTT,GTERI,ok,0.0
1118,277.6,277.6,2025-06-12 17:40:31,2025-06-12 17:40:31,3220.0,3221.0,GTERI,GTIGL,ok,0.0
1120,277.6,277.6,2025-06-12 17:40:31,2025-06-12 17:41:11,3221.0,3223.0,GTIGL,GTSTT,ok,0.0
1125,277.6,277.6,2025-06-12 17:41:11,2025-06-12 17:50:12,3223.0,3228.0,GTSTT,GTIGN,ok,0.0
1126,277.6,277.6,2025-06-12 17:50:12,2025-06-12 17:50:12,3228.0,3229.0,GTIGN,GTSTT,ok,0.0
1127,277.6,277.6,2025-06-12 17:50:12,2025-06-12 17:50:20,3229.0,3230.0,GTSTT,GTERI,ok,0.0
1128,277.6,277.6,2025-06-12 17:50:20,2025-06-12 17:50:20,3230.0,3231.0,GTERI,GTIGL,ok,0.0
1129,277.6,277.6,2025-06-12 17:50:20,2025-06-12 17:50:22,3231.0,3232.0,GTIGL,GTERI,ok,0.0
1130,277.6,277.7,2025-06-12 17:50:22,2025-06-12 17:50:32,3232.0,3233.0,GTERI,GTERI,ok,0.0999999999999659
1131,277.7,277.7,2025-06-12 17:50:32,2025-06-12 17:50:37,3233.0,3234.0,GTERI,GTERI,ok,0.0
1132,277.7,277.7,2025-06-12 17:50:37,2025-06-12 17:50:40,3234.0,3235.0,GTERI,GTERI,ok,0.0
1133,277.7,277.7,2025-06-12 17:50:40,2025-06-12 17:50:43,3235.0,3236.0,GTERI,GTERI,ok,0.0
1136,277.7,281.1,2025-06-12 17:50:43,2025-06-12 17:53:18,3236.0,3239.0,GTERI,GTERI,ok,3.400000000000034
1137,281.1,281.6,2025-06-12 17:53:18,2025-06-12 17:53:41,3239.0,3240.0,GTERI,GTERI,ok,0.5
1138,281.6,281.6,2025-06-12 17:53:41,2025-06-12 17:53:43,3240.0,3241.0,GTERI,GTERI,ok,0.0
1140,281.6,282.9,2025-06-12 17:53:43,2025-06-12 17:56:18,3241.0,3243.0,GTERI,GTERI,ok,1.2999999999999545
1142,282.9,283.3,2025-06-12 17:56:18,2025-06-12 17:57:49,3243.0,3245.0,GTERI,GTERI,ok,0.4000000000000341
1144,283.3,283.9,2025-06-12 17:57:49,2025-06-12 17:59:18,3245.0,3247.0,GTERI,GTERI,ok,0.5999999999999659
1145,283.9,284.4,2025-06-12 17:59:18,2025-06-12 18:00:27,3247.0,3248.0,GTERI,GTERI,ok,0.5
1146,284.4,284.4,2025-06-12 18:00:27,2025-06-12 18:00:29,3248.0,3249.0,GTERI,GTERI,ok,0.0
1147,284.4,284.5,2025-06-12 18:00:29,2025-06-12 18:00:38,3249.0,3250.0,GTERI,GTERI,ok,0.10000000000002274
1148,284.5,284.5,2025-06-12 18:00:38,2025-06-12 18:00:40,3250.0,3251.0,GTERI,GTERI,ok,0.0
1149,284.5,284.5,2025-06-12 18:00:40,2025-06-12 18:00:43,3251.0,3252.0,GTERI,GTERI,ok,0.0
1151,284.5,284.5,2025-06-12 18:00:43,2025-06-12 18:01:14,3252.0,3254.0,GTERI,GTIGF,ok,0.0
1152,284.5,284.5,2025-06-12 18:01:14,2025-06-12 18:01:14,3254.0,3255.0,GTIGF,GTSTT,ok,0.0
1153,284.5,284.5,2025-06-12 18:01:14,2025-06-12 18:01:15,3255.0,3256.0,GTSTT,GTERI,ok,0.0
1154,284.5,284.5,2025-06-12 18:01:15,2025-06-12 18:01:15,3256.0,3257.0,GTERI,GTIGL,ok,0.0
1155,284.5,284.5,2025-06-12 18:01:15,2025-06-12 18:02:03,3257.0,3258.0,GTIGL,GTSTT,ok,0.0
1186,284.5,284.5,2025-06-12 18:02:03,2025-06-12 19:01:10,3258.0,3289.0,GTSTT,GTERI,ok,0.0
1216,284.5,284.5,2025-06-12 19:01:10,2025-06-12 20:01:10,3289.0,3319.0,GTERI,GTERI,ok,0.0
1247,284.5,284.5,2025-06-12 20:01:10,2025-06-12 21:01:10,3319.0,3350.0,GTERI,GTERI,ok,0.0
1262,284.5,284.5,2025-06-12 21:01:10,2025-06-12 21:27:46,3350.0,3365.0,GTERI,GTPDP,ok,0.0
1279,284.5,284.5,2025-06-12 21:27:46,2025-06-12 22:01:10,3365.0,3382.0,GTPDP,GTERI,ok,0.0
1284,284.5,284.5,2025-06-12 22:01:10,2025-06-12 22:09:18,3382.0,3387.0,GTERI,GTPDP,ok,0.0
1310,284.5,284.5,2025-06-12 22:09:18,2025-06-12 23:01:10,3387.0,3413.0,GTPDP,GTERI,ok,0.0
1340,284.5,284.5,2025-06-12 23:01:10,2025-06-12 23:58:54,3413.0,3443.0,GTERI,GTPDP,ok,0.0
1341,284.5,284.5,2025-06-12 23:58:54,2025-06-13 00:01:10,3443.0,3444.0,GTPDP,GTERI,ok,0.0
1359,284.5,284.5,2025-06-13 00:01:10,2025-06-13 00:34:25,3444.0,3462.0,GTERI,GTPDP,ok,0.0
1368,284.5,284.5,2025-06-13 00:34:25,2025-06-13 00:51:56,3462.0,3471.0,GTPDP,GTPDP,ok,0.0
1373,284.5,284.5,2025-06-13 00:51:56,2025-06-13 01:01:10,3471.0,3476.0,GTPDP,GTERI,ok,0.0
1404,284.5,284.5,2025-06-13 01:01:10,2025-06-13 02:01:10,3476.0,3507.0,GTERI,GTERI,ok,0.0
1417,284.5,284.5,2025-06-13 02:01:10,2025-06-13 02:23:32,3507.0,3519.0,GTERI,GTPDP,ok,0.0
1436,284.5,284.5,2025-06-13 02:23:32,2025-06-13 03:01:10,3519.0,3538.0,GTPDP,GTERI,ok,0.0
1461,284.5,284.5,2025-06-13 03:01:10,2025-06-13 03:50:27,3538.0,3563.0,GTERI,GTPDP,ok,0.0
1466,284.5,284.5,2025-06-13 03:50:27,2025-06-13 04:01:10,3563.0,3568.0,GTPDP,GTERI,ok,0.0
1497,284.5,284.5,2025-06-13 04:01:10,2025-06-13 05:01:10,3568.0,3599.0,GTERI,GTERI,ok,0.0
1509,284.5,284.5,2025-06-13 05:01:10,2025-06-13 05:23:22,3599.0,3611.0,GTERI,GTPDP,ok,0.0
1528,284.5,284.5,2025-06-13 05:23:22,2025-06-13 06:01:10,3611.0,3630.0,GTPDP,GTERI,ok,0.0
1559,284.5,284.5,2025-06-13 06:01:10,2025-06-13 07:01:10,3630.0,3661.0,GTERI,GTERI,ok,0.0
1579,284.5,284.5,2025-06-13 07:01:10,2025-06-13 07:38:59,3661.0,3681.0,GTERI,GTPDP,ok,0.0
1580,284.5,284.5,2025-06-13 07:38:59,2025-06-13 07:41:23,3681.0,3682.0,GTPDP,GTIGN,ok,0.0
1581,284.5,284.5,2025-06-13 07:41:23,2025-06-13 07:41:23,3682.0,3683.0,GTIGN,GTSTT,ok,0.0
1583,284.5,284.6,2025-06-13 07:41:23,2025-06-13 07:42:04,3683.0,3685.0,GTSTT,GTERI,ok,0.10000000000002274
1584,284.6,284.6,2025-06-13 07:42:04,2025-06-13 07:42:04,3685.0,3686.0,GTERI,GTIGL,ok,0.0
1586,284.6,285.6,2025-06-13 07:42:04,2025-06-13 07:44:05,3686.0,3688.0,GTIGL,GTERI,ok,1.0
1587,285.6,285.6,2025-06-13 07:44:05,2025-06-13 07:44:07,3688.0,3689.0,GTERI,GTERI,ok,0.0
1588,285.6,285.7,2025-06-13 07:44:07,2025-06-13 07:44:20,3689.0,3690.0,GTERI,GTERI,ok,0.0999999999999659
1589,285.7,285.8,2025-06-13 07:44:20,2025-06-13 07:44:31,3690.0,3691.0,GTERI,GTERI,ok,0.10000000000002274
1590,285.8,285.8,2025-06-13 07:44:31,2025-06-13 07:44:36,3691.0,3692.0,GTERI,GTERI,ok,0.0
1591,285.8,285.8,2025-06-13 07:44:36,2025-06-13 07:44:38,3692.0,3693.0,GTERI,GTERI,ok,0.0
1593,285.8,287.2,2025-06-13 07:44:38,2025-06-13 07:47:31,3693.0,3695.0,GTERI,GTERI,ok,1.3999999999999773
1595,287.2,287.5,2025-06-13 07:47:31,2025-06-13 07:48:01,3695.0,3697.0,GTERI,GTERI,ok,0.30000000000001137
1596,287.5,287.5,2025-06-13 07:48:01,2025-06-13 07:48:03,3697.0,3698.0,GTERI,GTERI,ok,0.0
1598,287.5,290.2,2025-06-13 07:48:03,2025-06-13 07:50:31,3698.0,3700.0,GTERI,GTERI,ok,2.6999999999999886
1599,290.2,291.4,2025-06-13 07:50:31,2025-06-13 07:51:34,3700.0,3701.0,GTERI,GTERI,ok,1.1999999999999886
1600,291.4,291.4,2025-06-13 07:51:34,2025-06-13 07:51:36,3701.0,3702.0,GTERI,GTERI,ok,0.0
1601,291.4,291.4,2025-06-13 07:51:36,2025-06-13 07:51:40,3702.0,3703.0,GTERI,GTERI,ok,0.0
1602,291.4,291.4,2025-06-13 07:51:40,2025-06-13 07:51:43,3703.0,3704.0,GTERI,GTERI,ok,0.0
1605,291.4,291.5,2025-06-13 07:51:43,2025-06-13 07:52:03,3704.0,3706.0,GTERI,GTERI,ok,0.10000000000002274
1606,291.5,291.5,2025-06-13 07:52:03,2025-06-13 07:52:06,3706.0,3707.0,GTERI,GTERI,ok,0.0
1607,291.5,291.5,2025-06-13 07:52:06,2025-06-13 07:52:09,3707.0,3708.0,GTERI,GTERI,ok,0.0
1608,291.5,291.5,2025-06-13 07:52:09,2025-06-13 07:52:11,3708.0,3709.0,GTERI,GTERI,ok,0.0
1609,291.5,291.5,2025-06-13 07:52:11,2025-06-13 07:52:36,3709.0,3710.0,GTERI,GTIGF,ok,0.0
1610,291.5,291.5,2025-06-13 07:52:36,2025-06-13 07:52:36,3710.0,3711.0,GTIGF,GTSTT,ok,0.0
1611,291.5,291.5,2025-06-13 07:52:36,2025-06-13 07:52:36,3711.0,3712.0,GTSTT,GTERI,ok,0.0
1612,291.5,291.5,2025-06-13 07:52:36,2025-06-13 07:52:36,3712.0,3713.0,GTERI,GTIGL,ok,0.0
1613,291.5,291.5,2025-06-13 07:52:36,2025-06-13 07:53:18,3713.0,3714.0,GTIGL,GTSTT,ok,0.0
1629,291.5,291.5,2025-06-13 07:53:18,2025-06-13 08:24:41,3714.0,3731.0,GTSTT,GTPDP,ok,0.0
1643,291.5,291.5,2025-06-13 08:24:41,2025-06-13 08:52:32,3731.0,3745.0,GTPDP,GTERI,ok,0.0
1673,291.5,291.5,2025-06-13 08:52:32,2025-06-13 09:51:27,3745.0,3775.0,GTERI,GTIGN,ok,0.0
1674,291.5,291.5,2025-06-13 09:51:27,2025-06-13 09:51:27,3775.0,3776.0,GTIGN,GTSTT,ok,0.0
1675,291.5,291.5,2025-06-13 09:51:27,2025-06-13 09:51:34,3776.0,3777.0,GTSTT,GTERI,ok,0.0
1676,291.5,291.5,2025-06-13 09:51:34,2025-06-13 09:51:34,3777.0,3778.0,GTERI,GTIGL,ok,0.0
1677,291.5,291.5,2025-06-13 09:51:34,2025-06-13 09:51:38,3778.0,3779.0,GTIGL,GTERI,ok,0.0
1678,291.5,291.5,2025-06-13 09:51:38,2025-06-13 09:51:41,3779.0,3780.0,GTERI,GTERI,ok,0.0
1680,291.5,291.6,2025-06-13 09:51:41,2025-06-13 09:51:52,3780.0,3782.0,GTERI,GTERI,ok,0.10000000000002274
1681,291.6,291.6,2025-06-13 09:51:52,2025-06-13 09:51:58,3782.0,3783.0,GTERI,GTERI,ok,0.0
1682,291.6,291.6,2025-06-13 09:51:58,2025-06-13 09:52:11,3783.0,3784.0,GTERI,GTERI,ok,0.0
1683,291.6,291.6,2025-06-13 09:52:11,2025-06-13 09:52:13,3784.0,3785.0,GTERI,GTERI,ok,0.0
1685,291.6,294.1,2025-06-13 09:52:13,2025-06-13 09:54:16,3785.0,3787.0,GTERI,GTPDP,ok,2.5
1686,294.1,294.3,2025-06-13 09:54:16,2025-06-13 09:54:33,3787.0,3788.0,GTPDP,GTERI,ok,0.19999999999998863
1687,294.3,295.5,2025-06-13 09:54:33,2025-06-13 09:55:38,3788.0,3789.0,GTERI,GTERI,ok,1.1999999999999886
1688,295.5,295.5,2025-06-13 09:55:38,2025-06-13 09:55:40,3789.0,3790.0,GTERI,GTERI,ok,0.0
1689,295.5,296.3,2025-06-13 09:55:40,2025-06-13 09:57:14,3790.0,3791.0,GTERI,GTERI,ok,0.8000000000000114
1691,296.3,296.3,2025-06-13 09:57:14,2025-06-13 09:57:16,3791.0,3793.0,GTERI,GTERI,ok,0.0
1692,296.3,296.4,2025-06-13 09:57:16,2025-06-13 09:57:33,3793.0,3794.0,GTERI,GTERI,ok,0.0999999999999659
1693,296.4,296.7,2025-06-13 09:57:33,2025-06-13 09:58:15,3794.0,3795.0,GTERI,GTERI,ok,0.30000000000001137
1694,296.7,296.7,2025-06-13 09:58:15,2025-06-13 09:58:18,3795.0,3796.0,GTERI,GTIGF,ok,0.0
1695,296.7,296.7,2025-06-13 09:58:18,2025-06-13 09:58:18,3796.0,3797.0,GTIGF,GTSTT,ok,0.0
1696,296.7,296.7,2025-06-13 09:58:18,2025-06-13 09:58:19,3797.0,3798.0,GTSTT,GTERI,ok,0.0
1697,296.7,296.7,2025-06-13 09:58:19,2025-06-13 09:58:19,3798.0,3799.0,GTERI,GTIGL,ok,0.0
1698,296.7,296.7,2025-06-13 09:58:19,2025-06-13 09:59:02,3799.0,3800.0,GTIGL,GTSTT,ok,0.0
1706,296.7,296.7,2025-06-13 09:59:02,2025-06-13 10:11:18,3800.0,3808.0,GTSTT,GTIGN,ok,0.0
1707,296.7,296.7,2025-06-13 10:11:18,2025-06-13 10:11:18,3808.0,3809.0,GTIGN,GTSTT,ok,0.0
1708,296.7,296.7,2025-06-13 10:11:18,2025-06-13 10:11:26,3809.0,3810.0,GTSTT,GTERI,ok,0.0
1709,296.7,296.7,2025-06-13 10:11:26,2025-06-13 10:11:26,3810.0,3811.0,GTERI,GTIGL,ok,0.0
1710,296.7,296.7,2025-06-13 10:11:26,2025-06-13 10:11:30,3811.0,3812.0,GTIGL,GTERI,ok,0.0
1711,296.7,296.7,2025-06-13 10:11:30,2025-06-13 10:11:32,3812.0,3813.0,GTERI,GTERI,ok,0.0
1712,296.7,296.7,2025-06-13 10:11:32,2025-06-13 10:11:34,3813.0,3814.0,GTERI,GTERI,ok,0.0
1713,296.7,296.7,2025-06-13 10:11:34,2025-06-13 10:11:36,3814.0,3815.0,GTERI,GTERI,ok,0.0
1715,296.7,297.1,2025-06-13 10:11:36,2025-06-13 10:13:31,3815.0,3817.0,GTERI,GTERI,ok,0.4000000000000341
1716,297.1,297.1,2025-06-13 10:13:31,2025-06-13 10:13:33,3817.0,3818.0,GTERI,GTERI,ok,0.0
1717,297.1,297.5,2025-06-13 10:13:33,2025-06-13 10:14:25,3818.0,3819.0,GTERI,GTERI,ok,0.39999999999997726
1719,297.5,298.2,2025-06-13 10:14:25,2025-06-13 10:15:49,3819.0,3821.0,GTERI,GTERI,ok,0.6999999999999886
1720,298.2,298.2,2025-06-13 10:15:49,2025-06-13 10:15:51,3821.0,3822.0,GTERI,GTERI,ok,0.0
1722,298.2,299.3,2025-06-13 10:15:51,2025-06-13 10:17:25,3822.0,3824.0,GTERI,GTERI,ok,1.1000000000000227
1723,299.3,299.5,2025-06-13 10:17:25,2025-06-13 10:17:41,3824.0,3825.0,GTERI,GTERI,ok,0.19999999999998863
1724,299.5,299.5,2025-06-13 10:17:41,2025-06-13 10:17:42,3825.0,3826.0,GTERI,GTIGF,ok,0.0
1725,299.5,299.5,2025-06-13 10:17:42,2025-06-13 10:17:42,3826.0,3827.0,GTIGF,GTSTT,ok,0.0
1726,299.5,299.5,2025-06-13 10:17:42,2025-06-13 10:17:42,3827.0,3828.0,GTSTT,GTERI,ok,0.0
1727,299.5,299.5,2025-06-13 10:17:42,2025-06-13 10:17:42,3828.0,3829.0,GTERI,GTIGL,ok,0.0
1728,299.5,299.5,2025-06-13 10:17:42,2025-06-13 10:18:24,3829.0,3830.0,GTIGL,GTSTT,ok,0.0
1742,299.5,299.5,2025-06-13 10:18:24,2025-06-13 10:44:52,3830.0,3844.0,GTSTT,GTIGN,ok,0.0
1743,299.5,299.5,2025-06-13 10:44:52,2025-06-13 10:44:52,3844.0,3845.0,GTIGN,GTSTT,ok,0.0
1744,299.5,299.5,2025-06-13 10:44:52,2025-06-13 10:44:53,3845.0,3846.0,GTSTT,GTSTT,ok,0.0
1745,299.5,299.5,2025-06-13 10:44:53,2025-06-13 10:45:00,3846.0,3847.0,GTSTT,GTERI,ok,0.0
1746,299.5,299.5,2025-06-13 10:45:00,2025-06-13 10:45:00,3847.0,3848.0,GTERI,GTIGL,ok,0.0
1747,299.5,299.5,2025-06-13 10:45:00,2025-06-13 10:45:02,3848.0,3849.0,GTIGL,GTERI,ok,0.0
1748,299.5,299.5,2025-06-13 10:45:02,2025-06-13 10:45:03,3849.0,3850.0,GTERI,GTERI,ok,0.0
1749,299.5,299.5,2025-06-13 10:45:03,2025-06-13 10:45:04,3850.0,3851.0,GTERI,GTERI,ok,0.0
1751,299.5,300.7,2025-06-13 10:45:04,2025-06-13 10:46:46,3851.0,3853.0,GTERI,GTERI,ok,1.1999999999999886
1752,300.7,300.8,2025-06-13 10:46:46,2025-06-13 10:47:00,3853.0,3854.0,GTERI,GTERI,ok,0.10000000000002274
1753,300.8,300.8,2025-06-13 10:47:00,2025-06-13 10:47:02,3854.0,3855.0,GTERI,GTERI,ok,0.0
1755,300.8,301.1,2025-06-13 10:47:02,2025-06-13 10:47:59,3855.0,3857.0,GTERI,GTERI,ok,0.30000000000001137
1757,301.1,302.6,2025-06-13 10:47:59,2025-06-13 10:50:59,3857.0,3859.0,GTERI,GTERI,ok,1.5
1758,302.6,302.8,2025-06-13 10:50:59,2025-06-13 10:51:13,3859.0,3860.0,GTERI,GTERI,ok,0.19999999999998863
1759,302.8,302.8,2025-06-13 10:51:13,2025-06-13 10:51:16,3860.0,3861.0,GTERI,GTERI,ok,0.0
1761,302.8,303.1,2025-06-13 10:51:16,2025-06-13 10:51:41,3861.0,3863.0,GTERI,GTERI,ok,0.30000000000001137
1762,303.1,303.1,2025-06-13 10:51:41,2025-06-13 10:51:46,3863.0,3864.0,GTERI,GTERI,ok,0.0
1763,303.1,303.2,2025-06-13 10:51:46,2025-06-13 10:52:03,3864.0,3865.0,GTERI,GTERI,ok,0.0999999999999659
1764,303.2,303.2,2025-06-13 10:52:03,2025-06-13 10:52:06,3865.0,3866.0,GTERI,GTERI,ok,0.0
1765,303.2,303.2,2025-06-13 10:52:06,2025-06-13 10:52:08,3866.0,3867.0,GTERI,GTERI,ok,0.0
1766,303.2,303.2,2025-06-13 10:52:08,2025-06-13 10:52:11,3867.0,3868.0,GTERI,GTERI,ok,0.0
1767,303.2,303.5,2025-06-13 10:52:11,2025-06-13 10:53:01,3868.0,3869.0,GTERI,GTERI,ok,0.30000000000001137
1768,303.5,303.6,2025-06-13 10:53:01,2025-06-13 10:53:08,3869.0,3870.0,GTERI,GTERI,ok,0.10000000000002274
1770,303.6,303.6,2025-06-13 10:53:08,2025-06-13 10:53:27,3870.0,3872.0,GTERI,GTERI,ok,0.0
1771,303.6,303.8,2025-06-13 10:53:27,2025-06-13 10:53:59,3872.0,3873.0,GTERI,GTERI,ok,0.19999999999998863
1773,303.8,305.4,2025-06-13 10:53:59,2025-06-13 10:56:59,3873.0,3875.0,GTERI,GTERI,ok,1.599999999999966
1774,305.4,305.4,2025-06-13 10:56:59,2025-06-13 10:56:59,3875.0,3876.0,GTERI,GTERI,ok,0.0
1777,305.4,306.4,2025-06-13 10:56:59,2025-06-13 10:59:20,3876.0,3879.0,GTERI,GTERI,ok,1.0
1778,306.4,306.4,2025-06-13 10:59:20,2025-06-13 10:59:22,3879.0,3880.0,GTERI,GTERI,ok,0.0
1779,306.4,306.5,2025-06-13 10:59:22,2025-06-13 10:59:43,3880.0,3881.0,GTERI,GTERI,ok,0.10000000000002274
1780,306.5,306.5,2025-06-13 10:59:43,2025-06-13 10:59:47,3881.0,3882.0,GTERI,GTERI,ok,0.0
1781,306.5,306.5,2025-06-13 10:59:47,2025-06-13 10:59:59,3882.0,3883.0,GTERI,GTERI,ok,0.0
1782,306.5,306.5,2025-06-13 10:59:59,2025-06-13 11:00:00,3883.0,3884.0,GTERI,GTIGF,ok,0.0
1783,306.5,306.5,2025-06-13 11:00:00,2025-06-13 11:00:00,3884.0,3885.0,GTIGF,GTSTT,ok,0.0
1784,306.5,306.5,2025-06-13 11:00:00,2025-06-13 11:00:01,3885.0,3886.0,GTSTT,GTERI,ok,0.0
1785,306.5,306.5,2025-06-13 11:00:01,2025-06-13 11:00:01,3886.0,3887.0,GTERI,GTIGL,ok,0.0
1786,306.5,306.5,2025-06-13 11:00:01,2025-06-13 11:00:38,3887.0,3888.0,GTIGL,GTSTT,ok,0.0
1789,306.5,306.5,2025-06-13 11:00:38,2025-06-13 11:03:57,3888.0,3891.0,GTSTT,GTSTT,ok,0.0
1790,306.5,306.5,2025-06-13 11:03:57,2025-06-13 11:03:59,3891.0,3892.0,GTSTT,GTSTT,ok,0.0
1791,306.5,306.5,2025-06-13 11:03:59,2025-06-13 11:05:12,3892.0,3893.0,GTSTT,GTIGN,ok,0.0
1792,306.5,306.5,2025-06-13 11:05:12,2025-06-13 11:05:12,3893.0,3894.0,GTIGN,GTSTT,ok,0.0
1793,306.5,306.5,2025-06-13 11:05:12,2025-06-13 11:05:19,3894.0,3895.0,GTSTT,GTERI,ok,0.0
1794,306.5,306.5,2025-06-13 11:05:19,2025-06-13 11:05:19,3895.0,3896.0,GTERI,GTIGL,ok,0.0
1796,306.5,306.6,2025-06-13 11:05:19,2025-06-13 11:06:12,3896.0,3898.0,GTIGL,GTERI,ok,0.10000000000002274
1797,306.6,306.6,2025-06-13 11:06:12,2025-06-13 11:06:22,3898.0,3899.0,GTERI,GTIGF,ok,0.0
1798,306.6,306.6,2025-06-13 11:06:22,2025-06-13 11:06:22,3899.0,3900.0,GTIGF,GTSTT,ok,0.0
1799,306.6,306.6,2025-06-13 11:06:22,2025-06-13 11:06:22,3900.0,3901.0,GTSTT,GTERI,ok,0.0
1800,306.6,306.6,2025-06-13 11:06:22,2025-06-13 11:06:22,3901.0,3902.0,GTERI,GTIGL,ok,0.0
1801,306.6,306.6,2025-06-13 11:06:22,2025-06-13 11:07:09,3902.0,3903.0,GTIGL,GTSTT,ok,0.0
1832,306.6,306.6,2025-06-13 11:07:09,2025-06-13 12:06:18,3903.0,3934.0,GTSTT,GTERI,ok,0.0
1863,306.6,306.6,2025-06-13 12:06:18,2025-06-13 13:06:18,3934.0,3965.0,GTERI,GTERI,ok,0.0
1874,306.6,306.6,2025-06-13 13:06:18,2025-06-13 13:26:38,3965.0,3976.0,GTERI,GTIGN,ok,0.0
1875,306.6,306.6,2025-06-13 13:26:38,2025-06-13 13:26:38,3976.0,3977.0,GTIGN,GTSTT,ok,0.0
1876,306.6,306.6,2025-06-13 13:26:38,2025-06-13 13:26:45,3977.0,3978.0,GTSTT,GTERI,ok,0.0
1877,306.6,306.6,2025-06-13 13:26:45,2025-06-13 13:26:45,3978.0,3979.0,GTERI,GTIGL,ok,0.0
1878,306.6,306.6,2025-06-13 13:26:45,2025-06-13 13:26:49,3979.0,3980.0,GTIGL,GTERI,ok,0.0
1879,306.6,306.6,2025-06-13 13:26:49,2025-06-13 13:26:53,3980.0,3981.0,GTERI,GTERI,ok,0.0
1880,306.6,306.6,2025-06-13 13:26:53,2025-06-13 13:26:55,3981.0,3982.0,GTERI,GTERI,ok,0.0
1881,306.6,306.6,2025-06-13 13:26:55,2025-06-13 13:26:57,3982.0,3983.0,GTERI,GTERI,ok,0.0
1882,306.6,306.7,2025-06-13 13:26:57,2025-06-13 13:27:10,3983.0,3984.0,GTERI,GTERI,ok,0.0999999999999659
1883,306.7,306.7,2025-06-13 13:27:10,2025-06-13 13:27:15,3984.0,3985.0,GTERI,GTERI,ok,0.0
1884,306.7,306.7,2025-06-13 13:27:15,2025-06-13 13:27:18,3985.0,3986.0,GTERI,GTERI,ok,0.0
1886,306.7,307.8,2025-06-13 13:27:18,2025-06-13 13:29:23,3986.0,3988.0,GTERI,GTERI,ok,1.1000000000000227
1887,307.8,307.8,2025-06-13 13:29:23,2025-06-13 13:29:25,3988.0,3989.0,GTERI,GTERI,ok,0.0
1889,307.8,307.8,2025-06-13 13:29:25,2025-06-13 13:29:38,3989.0,3991.0,GTERI,GTERI,ok,0.0
1890,307.8,307.9,2025-06-13 13:29:38,2025-06-13 13:29:44,3991.0,3992.0,GTERI,GTERI,ok,0.0999999999999659
1891,307.9,307.9,2025-06-13 13:29:44,2025-06-13 13:29:58,3992.0,3993.0,GTERI,GTERI,ok,0.0
1892,307.9,307.9,2025-06-13 13:29:58,2025-06-13 13:30:00,3993.0,3994.0,GTERI,GTERI,ok,0.0
1894,307.9,309.4,2025-06-13 13:30:00,2025-06-13 13:32:44,3994.0,3996.0,GTERI,GTERI,ok,1.5
1895,309.4,309.6,2025-06-13 13:32:44,2025-06-13 13:32:58,3996.0,3997.0,GTERI,GTERI,ok,0.20000000000004547
1896,309.6,309.6,2025-06-13 13:32:58,2025-06-13 13:33:00,3997.0,3998.0,GTERI,GTERI,ok,0.0
1897,309.6,309.6,2025-06-13 13:33:00,2025-06-13 13:33:02,3998.0,3999.0,GTERI,GTERI,ok,0.0
1899,309.6,311.9,2025-06-13 13:33:02,2025-06-13 13:34:52,3999.0,4001.0,GTERI,GTERI,ok,2.2999999999999545
1901,311.9,313.2,2025-06-13 13:34:52,2025-06-13 13:35:44,4001.0,4003.0,GTERI,GTERI,ok,1.3000000000000114
1902,313.2,313.5,2025-06-13 13:35:44,2025-06-13 13:36:02,4003.0,4004.0,GTERI,GTERI,ok,0.30000000000001137
1903,313.5,313.5,2025-06-13 13:36:02,2025-06-13 13:36:04,4004.0,4005.0,GTERI,GTERI,ok,0.0
1904,313.5,313.5,2025-06-13 13:36:04,2025-06-13 13:36:09,4005.0,4006.0,GTERI,GTERI,ok,0.0
1905,313.5,313.5,2025-06-13 13:36:09,2025-06-13 13:36:13,4006.0,4007.0,GTERI,GTERI,ok,0.0
1906,313.5,313.6,2025-06-13 13:36:13,2025-06-13 13:36:30,4007.0,4008.0,GTERI,GTERI,ok,0.10000000000002274
1907,313.6,313.6,2025-06-13 13:36:30,2025-06-13 13:36:30,4008.0,4008.0,GTERI,GTERI,ok,0.0
1908,313.6,313.6,2025-06-13 13:36:30,2025-06-13 13:36:30,4008.0,4008.0,GTERI,GTERI,ok,0.0
1909,313.6,313.6,2025-06-13 13:36:30,2025-06-13 13:36:32,4008.0,4009.0,GTERI,GTERI,ok,0.0
1910,313.6,313.6,2025-06-13 13:36:32,2025-06-13 13:36:34,4009.0,4010.0,GTERI,GTERI,ok,0.0
1911,313.6,313.6,2025-06-13 13:36:34,2025-06-13 13:36:36,4010.0,4011.0,GTERI,GTERI,ok,0.0
1912,313.6,313.6,2025-06-13 13:36:36,2025-06-13 13:36:37,4011.0,4012.0,GTERI,GTERI,ok,0.0
1913,313.6,313.6,2025-06-13 13:36:37,2025-06-13 13:36:42,4012.0,4013.0,GTERI,GTERI,ok,0.0
1914,313.6,313.6,2025-06-13 13:36:42,2025-06-13 13:37:01,4013.0,4014.0,GTERI,GTIGF,ok,0.0
1915,313.6,313.6,2025-06-13 13:37:01,2025-06-13 13:37:01,4014.0,4015.0,GTIGF,GTSTT,ok,0.0
1916,313.6,313.6,2025-06-13 13:37:01,2025-06-13 13:37:01,4015.0,4016.0,GTSTT,GTERI,ok,0.0
1917,313.6,313.6,2025-06-13 13:37:01,2025-06-13 13:37:01,4016.0,4017.0,GTERI,GTIGL,ok,0.0
1919,313.6,313.6,2025-06-13 13:37:01,2025-06-13 13:38:35,4017.0,4019.0,GTIGL,GTSTT,ok,0.0
1949,313.6,313.6,2025-06-13 13:38:35,2025-06-13 14:36:57,4019.0,4049.0,GTSTT,GTERI,ok,0.0
1980,313.6,313.6,2025-06-13 14:36:57,2025-06-13 15:36:57,4049.0,4080.0,GTERI,GTERI,ok,0.0
1996,313.6,313.6,2025-06-13 15:36:57,2025-06-13 16:06:26,4080.0,4096.0,GTERI,GTPDP,ok,0.0
1999,313.6,313.6,2025-06-13 16:06:26,2025-06-13 16:11:56,4096.0,4099.0,GTPDP,GTPDP,ok,0.0
2003,313.6,313.6,2025-06-13 16:11:56,2025-06-13 16:19:26,4099.0,4103.0,GTPDP,GTPDP,ok,0.0
2012,313.6,313.6,2025-06-13 16:19:26,2025-06-13 16:36:57,4103.0,4112.0,GTPDP,GTERI,ok,0.0
2023,313.6,313.6,2025-06-13 16:36:57,2025-06-13 16:57:19,4112.0,4123.0,GTERI,GTIGN,ok,0.0
2024,313.6,313.6,2025-06-13 16:57:19,2025-06-13 16:57:19,4123.0,4124.0,GTIGN,GTSTT,ok,0.0
2025,313.6,313.6,2025-06-13 16:57:19,2025-06-13 16:57:38,4124.0,4125.0,GTSTT,GTERI,ok,0.0
2026,313.6,313.6,2025-06-13 16:57:38,2025-06-13 16:57:38,4125.0,4126.0,GTERI,GTIGL,ok,0.0
2027,313.6,313.7,2025-06-13 16:57:38,2025-06-13 16:57:52,4126.0,4127.0,GTIGL,GTERI,ok,0.0999999999999659
2028,313.7,313.7,2025-06-13 16:57:52,2025-06-13 16:57:54,4127.0,4128.0,GTERI,GTERI,ok,0.0
2029,313.7,313.7,2025-06-13 16:57:54,2025-06-13 16:58:05,4128.0,4129.0,GTERI,GTERI,ok,0.0
2030,313.7,313.7,2025-06-13 16:58:05,2025-06-13 16:58:07,4129.0,4130.0,GTERI,GTERI,ok,0.0
2031,313.7,313.8,2025-06-13 16:58:07,2025-06-13 16:58:09,4130.0,4131.0,GTERI,GTERI,ok,0.10000000000002274
2033,313.8,316.7,2025-06-13 16:58:09,2025-06-13 17:00:28,4131.0,4133.0,GTERI,GTERI,ok,2.8999999999999773
2035,316.7,317.6,2025-06-13 17:00:28,2025-06-13 17:01:11,4133.0,4135.0,GTERI,GTERI,ok,0.9000000000000341
2036,317.6,317.6,2025-06-13 17:01:11,2025-06-13 17:01:14,4135.0,4136.0,GTERI,GTERI,ok,0.0
2038,317.6,318.5,2025-06-13 17:01:14,2025-06-13 17:02:40,4136.0,4138.0,GTERI,GTERI,ok,0.8999999999999773
2039,318.5,318.5,2025-06-13 17:02:40,2025-06-13 17:02:42,4138.0,4139.0,GTERI,GTERI,ok,0.0
2040,318.5,318.7,2025-06-13 17:02:42,2025-06-13 17:03:28,4139.0,4140.0,GTERI,GTERI,ok,0.19999999999998863
2041,318.7,318.7,2025-06-13 17:03:28,2025-06-13 17:03:31,4140.0,4141.0,GTERI,GTERI,ok,0.0
2042,318.7,318.7,2025-06-13 17:03:31,2025-06-13 17:03:33,4141.0,4142.0,GTERI,GTERI,ok,0.0
2043,318.7,319.2,2025-06-13 17:03:33,2025-06-13 17:04:23,4142.0,4143.0,GTERI,GTERI,ok,0.5
2044,319.2,319.3,2025-06-13 17:04:23,2025-06-13 17:04:27,4143.0,4144.0,GTERI,GTERI,ok,0.10000000000002274
2046,319.3,319.5,2025-06-13 17:04:27,2025-06-13 17:05:07,4144.0,4146.0,GTERI,GTERI,ok,0.19999999999998863
2047,319.5,319.5,2025-06-13 17:05:07,2025-06-13 17:05:08,4146.0,4147.0,GTERI,GTERI,ok,0.0
2048,319.5,319.8,2025-06-13 17:05:08,2025-06-13 17:05:32,4147.0,4148.0,GTERI,GTERI,ok,0.30000000000001137
2049,319.8,319.8,2025-06-13 17:05:32,2025-06-13 17:05:34,4148.0,4149.0,GTERI,GTERI,ok,0.0
2050,319.8,319.8,2025-06-13 17:05:34,2025-06-13 17:05:36,4149.0,4150.0,GTERI,GTERI,ok,0.0
2051,319.8,321.0,2025-06-13 17:05:36,2025-06-13 17:06:28,4150.0,4151.0,GTERI,GTERI,ok,1.1999999999999886
2054,321.0,325.6,2025-06-13 17:06:28,2025-06-13 17:09:28,4151.0,4154.0,GTERI,GTERI,ok,4.600000000000023
2055,325.6,326.7,2025-06-13 17:09:28,2025-06-13 17:10:20,4154.0,4155.0,GTERI,GTERI,ok,1.099999999999966
2056,326.7,326.7,2025-06-13 17:10:20,2025-06-13 17:10:21,4155.0,4156.0,GTERI,GTERI,ok,0.0
2057,326.7,326.7,2025-06-13 17:10:21,2025-06-13 17:10:22,4156.0,4157.0,GTERI,GTERI,ok,0.0
2058,326.7,326.7,2025-06-13 17:10:22,2025-06-13 17:10:23,4157.0,4158.0,GTERI,GTERI,ok,0.0
2059,326.7,326.7,2025-06-13 17:10:23,2025-06-13 17:10:26,4158.0,4159.0,GTERI,GTERI,ok,0.0
2061,326.7,326.8,2025-06-13 17:10:26,2025-06-13 17:10:46,4159.0,4161.0,GTERI,GTERI,ok,0.10000000000002274
2062,326.8,326.8,2025-06-13 17:10:46,2025-06-13 17:10:49,4161.0,4162.0,GTERI,GTERI,ok,0.0
2063,326.8,326.9,2025-06-13 17:10:49,2025-06-13 17:10:56,4162.0,4163.0,GTERI,GTERI,ok,0.0999999999999659
2064,326.9,326.9,2025-06-13 17:10:56,2025-06-13 17:10:59,4163.0,4164.0,GTERI,GTERI,ok,0.0
2065,326.9,326.9,2025-06-13 17:10:59,2025-06-13 17:11:08,4164.0,4165.0,GTERI,GTERI,ok,0.0
2066,326.9,327.0,2025-06-13 17:11:08,2025-06-13 17:11:13,4165.0,4166.0,GTERI,GTERI,ok,0.10000000000002274
2067,327.0,327.0,2025-06-13 17:11:13,2025-06-13 17:11:16,4166.0,4167.0,GTERI,GTIGF,ok,0.0
2068,327.0,327.0,2025-06-13 17:11:16,2025-06-13 17:11:16,4167.0,4168.0,GTIGF,GTSTT,ok,0.0
2069,327.0,327.0,2025-06-13 17:11:16,2025-06-13 17:11:16,4168.0,4169.0,GTSTT,GTERI,ok,0.0
2070,327.0,327.0,2025-06-13 17:11:16,2025-06-13 17:11:16,4169.0,4170.0,GTERI,GTIGL,ok,0.0
2071,327.0,327.0,2025-06-13 17:11:16,2025-06-13 17:12:26,4170.0,4171.0,GTIGL,GTSTT,ok,0.0
2074,327.0,327.0,2025-06-13 17:12:26,2025-06-13 17:14:32,4171.0,4174.0,GTSTT,GTSTT,ok,0.0
2075,327.0,327.0,2025-06-13 17:14:32,2025-06-13 17:15:01,4174.0,4175.0,GTSTT,GTSTT,ok,0.0
2076,327.0,327.0,2025-06-13 17:15:01,2025-06-13 17:16:21,4175.0,4176.0,GTSTT,GTIGN,ok,0.0
2077,327.0,327.0,2025-06-13 17:16:21,2025-06-13 17:16:21,4176.0,4177.0,GTIGN,GTSTT,ok,0.0
2078,327.0,327.0,2025-06-13 17:16:21,2025-06-13 17:16:21,4177.0,4178.0,GTSTT,GTSTT,ok,0.0
2079,327.0,327.0,2025-06-13 17:16:21,2025-06-13 17:16:28,4178.0,4179.0,GTSTT,GTERI,ok,0.0
2080,327.0,327.0,2025-06-13 17:16:28,2025-06-13 17:16:28,4179.0,4180.0,GTERI,GTIGL,ok,0.0
2082,327.0,327.0,2025-06-13 17:16:28,2025-06-13 17:16:33,4180.0,4182.0,GTIGL,GTERI,ok,0.0
2083,327.0,327.0,2025-06-13 17:16:33,2025-06-13 17:16:35,4182.0,4183.0,GTERI,GTERI,ok,0.0
2084,327.0,327.0,2025-06-13 17:16:35,2025-06-13 17:16:37,4183.0,4184.0,GTERI,GTERI,ok,0.0
2085,327.0,327.0,2025-06-13 17:16:37,2025-06-13 17:16:46,4184.0,4185.0,GTERI,GTERI,ok,0.0
2086,327.0,327.0,2025-06-13 17:16:46,2025-06-13 17:16:49,4185.0,4186.0,GTERI,GTERI,ok,0.0
2087,327.0,327.1,2025-06-13 17:16:49,2025-06-13 17:16:56,4186.0,4187.0,GTERI,GTERI,ok,0.10000000000002274
2088,327.1,327.1,2025-06-13 17:16:56,2025-06-13 17:17:00,4187.0,4188.0,GTERI,GTERI,ok,0.0
2091,327.1,327.1,2025-06-13 17:17:00,2025-06-13 17:17:03,4188.0,4189.0,GTERI,GTERI,ok,0.0
2092,327.1,327.3,2025-06-13 17:17:03,2025-06-13 17:17:21,4189.0,4190.0,GTERI,GTERI,ok,0.19999999999998863
2093,327.3,327.3,2025-06-13 17:17:21,2025-06-13 17:17:23,4190.0,4191.0,GTERI,GTERI,ok,0.0
2094,327.3,327.3,2025-06-13 17:17:23,2025-06-13 17:17:38,4191.0,4192.0,GTERI,GTERI,ok,0.0
2095,327.3,327.3,2025-06-13 17:17:38,2025-06-13 17:17:41,4192.0,4193.0,GTERI,GTERI,ok,0.0
2090,327.3,327.4,2025-06-13 17:17:41,2025-06-13 17:17:53,4193.0,4195.0,GTERI,GTPDP,ok,0.0999999999999659
2096,327.4,329.4,2025-06-13 17:17:53,2025-06-13 17:19:28,4195.0,4196.0,GTPDP,GTERI,ok,2.0
2098,329.4,333.7,2025-06-13 17:19:28,2025-06-13 17:22:28,4196.0,4198.0,GTERI,GTERI,ok,4.300000000000011
2101,333.7,337.8,2025-06-13 17:22:28,2025-06-13 17:25:28,4198.0,4201.0,GTERI,GTERI,ok,4.100000000000023
2102,337.8,339.5,2025-06-13 17:25:28,2025-06-13 17:26:42,4201.0,4202.0,GTERI,GTERI,ok,1.6999999999999886
2103,339.5,339.5,2025-06-13 17:26:42,2025-06-13 17:26:46,4202.0,4203.0,GTERI,GTERI,ok,0.0
2105,339.5,340.0,2025-06-13 17:26:46,2025-06-13 17:27:24,4203.0,4205.0,GTERI,GTERI,ok,0.5
2106,340.0,341.1,2025-06-13 17:27:24,2025-06-13 17:28:28,4205.0,4206.0,GTERI,GTERI,ok,1.1000000000000227
2108,341.1,342.7,2025-06-13 17:28:28,2025-06-13 17:30:08,4206.0,4208.0,GTERI,GTERI,ok,1.599999999999966
2109,342.7,342.7,2025-06-13 17:30:08,2025-06-13 17:30:11,4208.0,4209.0,GTERI,GTERI,ok,0.0
2111,342.7,342.7,2025-06-13 17:30:11,2025-06-13 17:31:25,4209.0,4211.0,GTERI,GTERI,ok,0.0
2112,342.7,342.7,2025-06-13 17:31:25,2025-06-13 17:31:28,4211.0,4212.0,GTERI,GTERI,ok,0.0
2113,342.7,342.9,2025-06-13 17:31:28,2025-06-13 17:31:51,4212.0,4213.0,GTERI,GTERI,ok,0.19999999999998863
2114,342.9,343.1,2025-06-13 17:31:51,2025-06-13 17:32:07,4213.0,4214.0,GTERI,GTERI,ok,0.20000000000004547
2115,343.1,343.4,2025-06-13 17:32:07,2025-06-13 17:32:44,4214.0,4215.0,GTERI,GTERI,ok,0.2999999999999545
2116,343.4,343.5,2025-06-13 17:32:44,2025-06-13 17:32:53,4215.0,4216.0,GTERI,GTERI,ok,0.10000000000002274
2118,343.5,343.6,2025-06-13 17:32:53,2025-06-13 17:34:28,4216.0,4218.0,GTERI,GTERI,ok,0.10000000000002274
2121,343.6,343.7,2025-06-13 17:34:28,2025-06-13 17:37:04,4218.0,4221.0,GTERI,GTERI,ok,0.0999999999999659
2122,343.7,343.8,2025-06-13 17:37:04,2025-06-13 17:37:28,4221.0,4222.0,GTERI,GTERI,ok,0.10000000000002274
2123,343.8,343.9,2025-06-13 17:37:28,2025-06-13 17:38:46,4222.0,4223.0,GTERI,GTERI,ok,0.0999999999999659
2125,343.9,344.2,2025-06-13 17:38:46,2025-06-13 17:39:32,4223.0,4225.0,GTERI,GTERI,ok,0.30000000000001137
2126,344.2,344.2,2025-06-13 17:39:32,2025-06-13 17:39:40,4225.0,4226.0,GTERI,GTIGF,ok,0.0
2127,344.2,344.2,2025-06-13 17:39:40,2025-06-13 17:39:40,4226.0,4227.0,GTIGF,GTSTT,ok,0.0
2128,344.2,344.2,2025-06-13 17:39:40,2025-06-13 17:39:40,4227.0,4228.0,GTSTT,GTERI,ok,0.0
2129,344.2,344.2,2025-06-13 17:39:40,2025-06-13 17:39:40,4228.0,4229.0,GTERI,GTIGL,ok,0.0
2132,344.2,344.2,2025-06-13 17:39:40,2025-06-13 17:40:20,4229.0,4230.0,GTIGL,GTSTT,ok,0.0
2131,344.2,344.2,2025-06-13 17:40:20,2025-06-13 17:40:50,4230.0,4232.0,GTSTT,GTPDP,ok,0.0
2140,344.2,344.2,2025-06-13 17:40:50,2025-06-13 17:57:20,4232.0,4240.0,GTPDP,GTIGN,ok,0.0
2141,344.2,344.2,2025-06-13 17:57:20,2025-06-13 17:57:20,4240.0,4241.0,GTIGN,GTSTT,ok,0.0
2142,344.2,344.2,2025-06-13 17:57:20,2025-06-13 17:57:27,4241.0,4242.0,GTSTT,GTERI,ok,0.0
2143,344.2,344.2,2025-06-13 17:57:27,2025-06-13 17:57:27,4242.0,4243.0,GTERI,GTIGL,ok,0.0
2144,344.2,344.2,2025-06-13 17:57:27,2025-06-13 17:57:44,4243.0,4244.0,GTIGL,GTERI,ok,0.0
2145,344.2,344.2,2025-06-13 17:57:44,2025-06-13 17:57:48,4244.0,4245.0,GTERI,GTERI,ok,0.0
2149,344.2,344.6,2025-06-13 17:57:48,2025-06-13 17:58:38,4245.0,4247.0,GTERI,GTERI,ok,0.4000000000000341
2150,344.6,344.8,2025-06-13 17:58:38,2025-06-13 17:59:00,4247.0,4248.0,GTERI,GTERI,ok,0.19999999999998863
2148,344.8,344.8,2025-06-13 17:59:00,2025-06-13 17:59:08,4248.0,4250.0,GTERI,GTPDP,ok,0.0
2151,344.8,344.9,2025-06-13 17:59:08,2025-06-13 17:59:20,4250.0,4251.0,GTPDP,GTERI,ok,0.0999999999999659
2152,344.9,344.9,2025-06-13 17:59:20,2025-06-13 17:59:26,4251.0,4252.0,GTERI,GTERI,ok,0.0
2153,344.9,344.9,2025-06-13 17:59:26,2025-06-13 17:59:29,4252.0,4253.0,GTERI,GTERI,ok,0.0
2154,344.9,345.0,2025-06-13 17:59:29,2025-06-13 17:59:38,4253.0,4254.0,GTERI,GTERI,ok,0.10000000000002274
2155,345.0,345.4,2025-06-13 17:59:38,2025-06-13 18:00:11,4254.0,4255.0,GTERI,GTERI,ok,0.39999999999997726
2156,345.4,345.4,2025-06-13 18:00:11,2025-06-13 18:00:16,4255.0,4256.0,GTERI,GTERI,ok,0.0
2157,345.4,345.5,2025-06-13 18:00:16,2025-06-13 18:00:21,4256.0,4257.0,GTERI,GTERI,ok,0.10000000000002274
2158,345.5,345.5,2025-06-13 18:00:21,2025-06-13 18:00:27,4257.0,4258.0,GTERI,GTERI,ok,0.0
2159,345.5,345.5,2025-06-13 18:00:27,2025-06-13 18:00:36,4258.0,4259.0,GTERI,GTERI,ok,0.0
2160,345.5,345.6,2025-06-13 18:00:36,2025-06-13 18:00:41,4259.0,4260.0,GTERI,GTERI,ok,0.10000000000002274
2161,345.6,345.7,2025-06-13 18:00:41,2025-06-13 18:01:08,4260.0,4261.0,GTERI,GTERI,ok,0.0999999999999659
2163,345.7,345.7,2025-06-13 18:01:08,2025-06-13 18:02:36,4261.0,4263.0,GTERI,GTERI,ok,0.0
2164,345.7,346.4,2025-06-13 18:02:36,2025-06-13 18:03:27,4263.0,4264.0,GTERI,GTERI,ok,0.6999999999999886
2166,346.4,348.6,2025-06-13 18:03:27,2025-06-13 18:05:43,4264.0,4266.0,GTERI,GTERI,ok,2.2000000000000455
2168,348.6,349.0,2025-06-13 18:05:43,2025-06-13 18:06:10,4266.0,4268.0,GTERI,GTERI,ok,0.39999999999997726
2169,349.0,349.0,2025-06-13 18:06:10,2025-06-13 18:06:19,4268.0,4269.0,GTERI,GTERI,ok,0.0
2170,349.0,349.1,2025-06-13 18:06:19,2025-06-13 18:06:27,4269.0,4270.0,GTERI,GTERI,ok,0.10000000000002274
2172,349.1,353.0,2025-06-13 18:06:27,2025-06-13 18:09:27,4270.0,4272.0,GTERI,GTERI,ok,3.8999999999999773
2174,353.0,354.3,2025-06-13 18:09:27,2025-06-13 18:10:48,4272.0,4274.0,GTERI,GTERI,ok,1.3000000000000114
2175,354.3,354.3,2025-06-13 18:10:48,2025-06-13 18:10:50,4274.0,4275.0,GTERI,GTERI,ok,0.0
2177,354.3,355.2,2025-06-13 18:10:50,2025-06-13 18:12:27,4275.0,4277.0,GTERI,GTERI,ok,0.8999999999999773
2178,355.2,355.2,2025-06-13 18:12:27,2025-06-13 18:12:46,4277.0,4278.0,GTERI,GTERI,ok,0.0
2179,355.2,355.6,2025-06-13 18:12:46,2025-06-13 18:13:47,4278.0,4279.0,GTERI,GTERI,ok,0.4000000000000341
2180,355.6,355.6,2025-06-13 18:13:47,2025-06-13 18:13:50,4279.0,4280.0,GTERI,GTERI,ok,0.0
2181,355.6,355.6,2025-06-13 18:13:50,2025-06-13 18:13:55,4280.0,4281.0,GTERI,GTIGF,ok,0.0
2182,355.6,355.6,2025-06-13 18:13:55,2025-06-13 18:13:55,4281.0,4282.0,GTIGF,GTSTT,ok,0.0
2183,355.6,355.6,2025-06-13 18:13:55,2025-06-13 18:13:55,4282.0,4283.0,GTSTT,GTERI,ok,0.0
2184,355.6,355.6,2025-06-13 18:13:55,2025-06-13 18:13:55,4283.0,4284.0,GTERI,GTIGL,ok,0.0
2186,355.6,355.6,2025-06-13 18:13:55,2025-06-13 18:14:45,4284.0,4286.0,GTIGL,GTSTT,ok,0.0
2187,355.6,355.6,2025-06-13 18:14:45,2025-06-13 18:15:20,4286.0,4287.0,GTSTT,GTIGN,ok,0.0
2188,355.6,355.6,2025-06-13 18:15:20,2025-06-13 18:15:20,4287.0,4288.0,GTIGN,GTSTT,ok,0.0
2189,355.6,355.6,2025-06-13 18:15:20,2025-06-13 18:15:20,4288.0,4289.0,GTSTT,GTIGL,ok,0.0
2190,355.6,355.6,2025-06-13 18:15:20,2025-06-13 18:15:24,4289.0,4290.0,GTIGL,GTERI,ok,0.0
2191,355.6,355.6,2025-06-13 18:15:24,2025-06-13 18:15:31,4290.0,4291.0,GTERI,GTERI,ok,0.0
2192,355.6,355.6,2025-06-13 18:15:31,2025-06-13 18:15:33,4291.0,4292.0,GTERI,GTERI,ok,0.0
2194,355.6,355.8,2025-06-13 18:15:33,2025-06-13 18:16:09,4292.0,4294.0,GTERI,GTERI,ok,0.19999999999998863
2195,355.8,355.8,2025-06-13 18:16:09,2025-06-13 18:16:11,4294.0,4295.0,GTERI,GTERI,ok,0.0
2196,355.8,356.0,2025-06-13 18:16:11,2025-06-13 18:16:34,4295.0,4296.0,GTERI,GTERI,ok,0.19999999999998863
2197,356.0,356.0,2025-06-13 18:16:34,2025-06-13 18:16:37,4296.0,4297.0,GTERI,GTERI,ok,0.0
2198,356.0,356.0,2025-06-13 18:16:37,2025-06-13 18:16:44,4297.0,4298.0,GTERI,GTERI,ok,0.0
2199,356.0,356.0,2025-06-13 18:16:44,2025-06-13 18:16:47,4298.0,4299.0,GTERI,GTIGF,ok,0.0
2200,356.0,356.0,2025-06-13 18:16:47,2025-06-13 18:16:47,4299.0,4300.0,GTIGF,GTSTT,ok,0.0
2201,356.0,356.0,2025-06-13 18:16:47,2025-06-13 18:16:47,4300.0,4301.0,GTSTT,GTERI,ok,0.0
2202,356.0,356.0,2025-06-13 18:16:47,2025-06-13 18:16:48,4301.0,4302.0,GTERI,GTIGL,ok,0.0
2203,356.0,356.0,2025-06-13 18:16:48,2025-06-13 18:17:26,4302.0,4303.0,GTIGL,GTSTT,ok,0.0
2207,356.0,356.0,2025-06-13 18:17:26,2025-06-13 18:22:33,4303.0,4307.0,GTSTT,GTIGN,ok,0.0
2208,356.0,356.0,2025-06-13 18:22:33,2025-06-13 18:22:33,4307.0,4308.0,GTIGN,GTSTT,ok,0.0
2209,356.0,356.0,2025-06-13 18:22:33,2025-06-13 18:22:40,4308.0,4309.0,GTSTT,GTERI,ok,0.0
2210,356.0,356.0,2025-06-13 18:22:40,2025-06-13 18:22:40,4309.0,4310.0,GTERI,GTIGL,ok,0.0
2211,356.0,356.1,2025-06-13 18:22:40,2025-06-13 18:23:12,4310.0,4311.0,GTIGL,GTERI,ok,0.10000000000002274
2212,356.1,356.1,2025-06-13 18:23:12,2025-06-13 18:23:14,4311.0,4312.0,GTERI,GTERI,ok,0.0
2214,356.1,356.8,2025-06-13 18:23:14,2025-06-13 18:24:36,4312.0,4314.0,GTERI,GTERI,ok,0.6999999999999886
2215,356.8,356.9,2025-06-13 18:24:36,2025-06-13 18:25:23,4314.0,4315.0,GTERI,GTERI,ok,0.0999999999999659
2216,356.9,357.0,2025-06-13 18:25:23,2025-06-13 18:25:39,4315.0,4316.0,GTERI,GTERI,ok,0.10000000000002274
2218,357.0,357.9,2025-06-13 18:25:39,2025-06-13 18:27:17,4316.0,4318.0,GTERI,GTERI,ok,0.8999999999999773
2219,357.9,357.9,2025-06-13 18:27:17,2025-06-13 18:27:18,4318.0,4319.0,GTERI,GTERI,ok,0.0
2220,357.9,357.9,2025-06-13 18:27:18,2025-06-13 18:27:29,4319.0,4320.0,GTERI,GTERI,ok,0.0
2221,357.9,358.0,2025-06-13 18:27:29,2025-06-13 18:27:41,4320.0,4321.0,GTERI,GTIGF,ok,0.10000000000002274
2222,358.0,358.0,2025-06-13 18:27:41,2025-06-13 18:27:41,4321.0,4322.0,GTIGF,GTSTT,ok,0.0
2223,358.0,358.0,2025-06-13 18:27:41,2025-06-13 18:27:42,4322.0,4323.0,GTSTT,GTERI,ok,0.0
2224,358.0,358.0,2025-06-13 18:27:42,2025-06-13 18:27:42,4323.0,4324.0,GTERI,GTIGL,ok,0.0
2226,358.0,358.0,2025-06-13 18:27:42,2025-06-13 18:28:22,4324.0,4326.0,GTIGL,GTSTT,ok,0.0
2256,358.0,358.0,2025-06-13 18:28:22,2025-06-13 19:27:37,4326.0,4356.0,GTSTT,GTERI,ok,0.0
2287,358.0,358.0,2025-06-13 19:27:37,2025-06-13 20:27:37,4356.0,4387.0,GTERI,GTERI,ok,0.0
2318,358.0,358.0,2025-06-13 20:27:37,2025-06-13 21:27:37,4387.0,4418.0,GTERI,GTERI,ok,0.0
2349,358.0,358.0,2025-06-13 21:27:37,2025-06-13 22:27:37,4418.0,4449.0,GTERI,GTERI,ok,0.0
2380,358.0,358.0,2025-06-13 22:27:37,2025-06-13 23:27:37,4449.0,4480.0,GTERI,GTERI,ok,0.0
2411,358.0,358.0,2025-06-13 23:27:37,2025-06-14 00:27:37,4480.0,4511.0,GTERI,GTERI,ok,0.0
2442,358.0,358.0,2025-06-14 00:27:37,2025-06-14 01:27:37,4511.0,4542.0,GTERI,GTERI,ok,0.0
2473,358.0,358.0,2025-06-14 01:27:37,2025-06-14 02:27:37,4542.0,4573.0,GTERI,GTERI,ok,0.0
2504,358.0,358.0,2025-06-14 02:27:37,2025-06-14 03:27:37,4573.0,4604.0,GTERI,GTERI,ok,0.0
2535,358.0,358.0,2025-06-14 03:27:37,2025-06-14 04:27:37,4604.0,4635.0,GTERI,GTERI,ok,0.0
2566,358.0,358.0,2025-06-14 04:27:37,2025-06-14 05:27:37,4635.0,4666.0,GTERI,GTERI,ok,0.0
2597,358.0,358.0,2025-06-14 05:27:37,2025-06-14 06:27:37,4666.0,4697.0,GTERI,GTERI,ok,0.0
2628,358.0,358.0,2025-06-14 06:27:37,2025-06-14 07:27:37,4697.0,4728.0,GTERI,GTERI,ok,0.0
2659,358.0,358.0,2025-06-14 07:27:37,2025-06-14 08:27:37,4728.0,4759.0,GTERI,GTERI,ok,0.0
2690,358.0,358.0,2025-06-14 08:27:37,2025-06-14 09:27:37,4759.0,4790.0,GTERI,GTERI,ok,0.0
2721,358.0,358.0,2025-06-14 09:27:37,2025-06-14 10:27:37,4790.0,4821.0,GTERI,GTERI,ok,0.0
2740,358.0,358.0,2025-06-14 10:27:37,2025-06-14 11:04:06,4821.0,4840.0,GTERI,GTIGN,ok,0.0
2741,358.0,358.0,2025-06-14 11:04:06,2025-06-14 11:04:06,4840.0,4841.0,GTIGN,GTSTT,ok,0.0
2742,358.0,358.1,2025-06-14 11:04:06,2025-06-14 11:04:34,4841.0,4842.0,GTSTT,GTERI,ok,0.10000000000002274
2743,358.1,358.1,2025-06-14 11:04:34,2025-06-14 11:04:34,4842.0,4843.0,GTERI,GTIGL,ok,0.0
2744,358.1,358.1,2025-06-14 11:04:34,2025-06-14 11:04:38,4843.0,4844.0,GTIGL,GTERI,ok,0.0
2745,358.1,358.1,2025-06-14 11:04:38,2025-06-14 11:04:40,4844.0,4845.0,GTERI,GTERI,ok,0.0
2747,358.1,359.0,2025-06-14 11:04:40,2025-06-14 11:06:34,4845.0,4847.0,GTERI,GTERI,ok,0.8999999999999773
2748,359.0,359.0,2025-06-14 11:06:34,2025-06-14 11:06:35,4847.0,4848.0,GTERI,GTERI,ok,0.0
2749,359.0,359.0,2025-06-14 11:06:35,2025-06-14 11:06:37,4848.0,4849.0,GTERI,GTERI,ok,0.0
2750,359.0,359.2,2025-06-14 11:06:37,2025-06-14 11:07:01,4849.0,4850.0,GTERI,GTERI,ok,0.19999999999998863
2752,359.2,359.2,2025-06-14 11:07:01,2025-06-14 11:07:03,4850.0,4852.0,GTERI,GTERI,ok,0.0
2753,359.2,359.3,2025-06-14 11:07:03,2025-06-14 11:07:13,4852.0,4853.0,GTERI,GTERI,ok,0.10000000000002274
2754,359.3,359.9,2025-06-14 11:07:13,2025-06-14 11:08:13,4853.0,4854.0,GTERI,GTERI,ok,0.5999999999999659
2755,359.9,360.0,2025-06-14 11:08:13,2025-06-14 11:08:15,4854.0,4855.0,GTERI,GTERI,ok,0.10000000000002274
2756,360.0,360.0,2025-06-14 11:08:15,2025-06-14 11:08:37,4855.0,4856.0,GTERI,GTERI,ok,0.0
2757,360.0,360.0,2025-06-14 11:08:37,2025-06-14 11:08:39,4856.0,4857.0,GTERI,GTERI,ok,0.0
2758,360.0,360.0,2025-06-14 11:08:39,2025-06-14 11:08:47,4857.0,4858.0,GTERI,GTIGF,ok,0.0
2759,360.0,360.0,2025-06-14 11:08:47,2025-06-14 11:08:47,4858.0,4859.0,GTIGF,GTSTT,ok,0.0
2760,360.0,360.0,2025-06-14 11:08:47,2025-06-14 11:08:47,4859.0,4860.0,GTSTT,GTERI,ok,0.0
2761,360.0,360.0,2025-06-14 11:08:47,2025-06-14 11:08:47,4860.0,4861.0,GTERI,GTIGL,ok,0.0
2763,360.0,360.0,2025-06-14 11:08:47,2025-06-14 11:09:22,4861.0,4863.0,GTIGL,GTSTT,ok,0.0
2793,360.0,360.0,2025-06-14 11:09:22,2025-06-14 12:08:43,4863.0,4893.0,GTSTT,GTERI,ok,0.0
2824,360.0,360.0,2025-06-14 12:08:43,2025-06-14 13:08:43,4893.0,4924.0,GTERI,GTERI,ok,0.0
2846,360.0,360.0,2025-06-14 13:08:43,2025-06-14 13:49:19,4924.0,4946.0,GTERI,GTIGN,ok,0.0
2847,360.0,360.0,2025-06-14 13:49:19,2025-06-14 13:49:19,4946.0,4947.0,GTIGN,GTSTT,ok,0.0
2848,360.0,360.0,2025-06-14 13:49:19,2025-06-14 13:49:29,4947.0,4948.0,GTSTT,GTERI,ok,0.0
2849,360.0,360.0,2025-06-14 13:49:29,2025-06-14 13:49:29,4948.0,4949.0,GTERI,GTIGL,ok,0.0
2850,360.0,360.0,2025-06-14 13:49:29,2025-06-14 13:49:45,4949.0,4950.0,GTIGL,GTERI,ok,0.0
2851,360.0,360.1,2025-06-14 13:49:45,2025-06-14 13:49:57,4950.0,4951.0,GTERI,GTERI,ok,0.10000000000002274
2852,360.1,360.1,2025-06-14 13:49:57,2025-06-14 13:49:58,4951.0,4952.0,GTERI,GTERI,ok,0.0
2853,360.1,360.1,2025-06-14 13:49:58,2025-06-14 13:49:59,4952.0,4953.0,GTERI,GTERI,ok,0.0
2854,360.1,360.2,2025-06-14 13:49:59,2025-06-14 13:50:06,4953.0,4954.0,GTERI,GTERI,ok,0.0999999999999659
2855,360.2,360.2,2025-06-14 13:50:06,2025-06-14 13:50:08,4954.0,4955.0,GTERI,GTERI,ok,0.0
2856,360.2,360.2,2025-06-14 13:50:08,2025-06-14 13:50:17,4955.0,4956.0,GTERI,GTERI,ok,0.0
2857,360.2,360.3,2025-06-14 13:50:17,2025-06-14 13:50:19,4956.0,4957.0,GTERI,GTERI,ok,0.10000000000002274
2858,360.3,360.3,2025-06-14 13:50:19,2025-06-14 13:50:34,4957.0,4958.0,GTERI,GTIGF,ok,0.0
2859,360.3,360.3,2025-06-14 13:50:34,2025-06-14 13:50:34,4958.0,4959.0,GTIGF,GTSTT,ok,0.0
2860,360.3,360.3,2025-06-14 13:50:34,2025-06-14 13:50:34,4959.0,4960.0,GTSTT,GTERI,ok,0.0
2861,360.3,360.3,2025-06-14 13:50:34,2025-06-14 13:50:34,4960.0,4961.0,GTERI,GTIGL,ok,0.0
2863,360.3,360.3,2025-06-14 13:50:34,2025-06-14 13:51:17,4961.0,4963.0,GTIGL,GTSTT,ok,0.0
2866,360.3,360.3,2025-06-14 13:51:17,2025-06-14 13:55:42,4963.0,4966.0,GTSTT,GTPDP,ok,0.0
2893,360.3,360.3,2025-06-14 13:55:42,2025-06-14 14:50:29,4966.0,4993.0,GTPDP,GTERI,ok,0.0
2924,360.3,360.3,2025-06-14 14:50:29,2025-06-14 15:50:29,4993.0,5024.0,GTERI,GTERI,ok,0.0
2955,360.3,360.3,2025-06-14 15:50:29,2025-06-14 16:50:29,5024.0,5055.0,GTERI,GTERI,ok,0.0
2986,360.3,360.3,2025-06-14 16:50:29,2025-06-14 17:50:29,5055.0,5086.0,GTERI,GTERI,ok,0.0
3017,360.3,360.3,2025-06-14 17:50:29,2025-06-14 18:50:29,5086.0,5117.0,GTERI,GTERI,ok,0.0
3048,360.3,360.3,2025-06-14 18:50:29,2025-06-14 19:50:29,5117.0,5148.0,GTERI,GTERI,ok,0.0
3079,360.3,360.3,2025-06-14 19:50:29,2025-06-14 20:50:29,5148.0,5179.0,GTERI,GTERI,ok,0.0
3110,360.3,360.3,2025-06-14 20:50:29,2025-06-14 21:50:29,5179.0,5210.0,GTERI,GTERI,ok,0.0
3141,360.3,360.3,2025-06-14 21:50:29,2025-06-14 22:50:29,5210.0,5241.0,GTERI,GTERI,ok,0.0
3172,360.3,360.3,2025-06-14 22:50:29,2025-06-14 23:50:29,5241.0,5272.0,GTERI,GTERI,ok,0.0
3203,360.3,360.3,2025-06-14 23:50:29,2025-06-15 00:50:29,5272.0,5303.0,GTERI,GTERI,ok,0.0
3234,360.3,360.3,2025-06-15 00:50:29,2025-06-15 01:50:29,5303.0,5334.0,GTERI,GTERI,ok,0.0
3265,360.3,360.3,2025-06-15 01:50:29,2025-06-15 02:50:29,5334.0,5365.0,GTERI,GTERI,ok,0.0
3296,360.3,360.3,2025-06-15 02:50:29,2025-06-15 03:50:29,5365.0,5396.0,GTERI,GTERI,ok,0.0
3327,360.3,360.3,2025-06-15 03:50:29,2025-06-15 04:50:29,5396.0,5427.0,GTERI,GTERI,ok,0.0
3358,360.3,360.3,2025-06-15 04:50:29,2025-06-15 05:50:29,5427.0,5458.0,GTERI,GTERI,ok,0.0
3389,360.3,360.3,2025-06-15 05:50:29,2025-06-15 06:50:29,5458.0,5489.0,GTERI,GTERI,ok,0.0
3420,360.3,360.3,2025-06-15 06:50:29,2025-06-15 07:50:29,5489.0,5520.0,GTERI,GTERI,ok,0.0
3440,360.3,360.3,2025-06-15 07:50:29,2025-06-15 08:28:11,5520.0,5540.0,GTERI,GTPDP,ok,0.0
3451,360.3,360.3,2025-06-15 08:28:11,2025-06-15 08:49:42,5540.0,5551.0,GTPDP,GTPDP,ok,0.0
3452,360.3,360.3,2025-06-15 08:49:42,2025-06-15 08:50:29,5551.0,5552.0,GTPDP,GTERI,ok,0.0
3476,360.3,360.3,2025-06-15 08:50:29,2025-06-15 09:36:56,5552.0,5576.0,GTERI,GTIGN,ok,0.0
3477,360.3,360.3,2025-06-15 09:36:56,2025-06-15 09:36:56,5576.0,5577.0,GTIGN,GTSTT,ok,0.0
3478,360.3,360.3,2025-06-15 09:36:56,2025-06-15 09:37:07,5577.0,5578.0,GTSTT,GTERI,ok,0.0
3479,360.3,360.3,2025-06-15 09:37:07,2025-06-15 09:37:07,5578.0,5579.0,GTERI,GTIGL,ok,0.0
3480,360.3,360.3,2025-06-15 09:37:07,2025-06-15 09:37:11,5579.0,5580.0,GTIGL,GTERI,ok,0.0
3481,360.3,360.3,2025-06-15 09:37:11,2025-06-15 09:37:13,5580.0,5581.0,GTERI,GTERI,ok,0.0
3482,360.3,360.4,2025-06-15 09:37:13,2025-06-15 09:37:28,5581.0,5582.0,GTERI,GTERI,ok,0.0999999999999659
3483,360.4,360.4,2025-06-15 09:37:28,2025-06-15 09:37:30,5582.0,5583.0,GTERI,GTERI,ok,0.0
3484,360.4,360.4,2025-06-15 09:37:30,2025-06-15 09:37:32,5583.0,5584.0,GTERI,GTERI,ok,0.0
3486,360.4,361.2,2025-06-15 09:37:32,2025-06-15 09:39:09,5584.0,5586.0,GTERI,GTERI,ok,0.8000000000000114
3487,361.2,361.2,2025-06-15 09:39:09,2025-06-15 09:39:11,5586.0,5587.0,GTERI,GTERI,ok,0.0
3488,361.2,361.2,2025-06-15 09:39:11,2025-06-15 09:39:13,5587.0,5588.0,GTERI,GTERI,ok,0.0
3489,361.2,361.2,2025-06-15 09:39:13,2025-06-15 09:39:14,5588.0,5589.0,GTERI,GTERI,ok,0.0
3490,361.2,361.3,2025-06-15 09:39:14,2025-06-15 09:39:26,5589.0,5590.0,GTERI,GTERI,ok,0.10000000000002274
3491,361.3,361.3,2025-06-15 09:39:26,2025-06-15 09:39:27,5590.0,5591.0,GTERI,GTERI,ok,0.0
3492,361.3,361.4,2025-06-15 09:39:27,2025-06-15 09:39:41,5591.0,5592.0,GTERI,GTERI,ok,0.0999999999999659
3493,361.4,361.4,2025-06-15 09:39:41,2025-06-15 09:39:43,5592.0,5593.0,GTERI,GTERI,ok,0.0
3494,361.4,361.5,2025-06-15 09:39:43,2025-06-15 09:39:54,5593.0,5594.0,GTERI,GTERI,ok,0.10000000000002274
3495,361.5,361.5,2025-06-15 09:39:54,2025-06-15 09:39:56,5594.0,5595.0,GTERI,GTERI,ok,0.0
3496,361.5,361.6,2025-06-15 09:39:56,2025-06-15 09:40:05,5595.0,5596.0,GTERI,GTERI,ok,0.10000000000002274
3498,361.6,361.8,2025-06-15 09:40:05,2025-06-15 09:40:50,5596.0,5598.0,GTERI,GTERI,ok,0.19999999999998863
3499,361.8,361.8,2025-06-15 09:40:50,2025-06-15 09:40:51,5598.0,5599.0,GTERI,GTERI,ok,0.0
3500,361.8,361.8,2025-06-15 09:40:51,2025-06-15 09:41:02,5599.0,5600.0,GTERI,GTERI,ok,0.0
3501,361.8,361.8,2025-06-15 09:41:02,2025-06-15 09:41:04,5600.0,5601.0,GTERI,GTERI,ok,0.0
3502,361.8,361.9,2025-06-15 09:41:04,2025-06-15 09:41:13,5601.0,5602.0,GTERI,GTERI,ok,0.0999999999999659
3503,361.9,361.9,2025-06-15 09:41:13,2025-06-15 09:41:15,5602.0,5603.0,GTERI,GTERI,ok,0.0
3505,361.9,362.6,2025-06-15 09:41:15,2025-06-15 09:43:05,5603.0,5605.0,GTERI,GTERI,ok,0.7000000000000455
3506,362.6,362.8,2025-06-15 09:43:05,2025-06-15 09:43:52,5605.0,5606.0,GTERI,GTERI,ok,0.19999999999998863
3507,362.8,362.9,2025-06-15 09:43:52,2025-06-15 09:44:11,5606.0,5607.0,GTERI,GTERI,ok,0.0999999999999659
3508,362.9,362.9,2025-06-15 09:44:11,2025-06-15 09:44:12,5607.0,5608.0,GTERI,GTERI,ok,0.0
3509,362.9,362.9,2025-06-15 09:44:12,2025-06-15 09:44:14,5608.0,5609.0,GTERI,GTIGF,ok,0.0
3510,362.9,362.9,2025-06-15 09:44:14,2025-06-15 09:44:14,5609.0,5610.0,GTIGF,GTSTT,ok,0.0
3511,362.9,362.9,2025-06-15 09:44:14,2025-06-15 09:44:14,5610.0,5611.0,GTSTT,GTERI,ok,0.0
3512,362.9,362.9,2025-06-15 09:44:14,2025-06-15 09:44:14,5611.0,5612.0,GTERI,GTIGL,ok,0.0
3514,362.9,362.9,2025-06-15 09:44:14,2025-06-15 09:44:58,5612.0,5614.0,GTIGL,GTIGN,ok,0.0
3515,362.9,362.9,2025-06-15 09:44:58,2025-06-15 09:44:58,5614.0,5615.0,GTIGN,GTSTT,ok,0.0
3516,362.9,362.9,2025-06-15 09:44:58,2025-06-15 09:44:59,5615.0,5616.0,GTSTT,GTIGL,ok,0.0
3517,362.9,362.9,2025-06-15 09:44:59,2025-06-15 09:45:03,5616.0,5617.0,GTIGL,GTERI,ok,0.0
3518,362.9,362.9,2025-06-15 09:45:03,2025-06-15 09:45:04,5617.0,5618.0,GTERI,GTERI,ok,0.0
3519,362.9,362.9,2025-06-15 09:45:04,2025-06-15 09:45:05,5618.0,5619.0,GTERI,GTERI,ok,0.0
3520,362.9,362.9,2025-06-15 09:45:05,2025-06-15 09:45:09,5619.0,5620.0,GTERI,GTERI,ok,0.0
3521,362.9,362.9,2025-06-15 09:45:09,2025-06-15 09:45:12,5620.0,5621.0,GTERI,GTERI,ok,0.0
3522,362.9,362.9,2025-06-15 09:45:12,2025-06-15 09:45:31,5621.0,5622.0,GTERI,GTERI,ok,0.0
3523,362.9,363.0,2025-06-15 09:45:31,2025-06-15 09:45:35,5622.0,5623.0,GTERI,GTERI,ok,0.10000000000002274
3524,363.0,363.2,2025-06-15 09:45:35,2025-06-15 09:46:12,5623.0,5624.0,GTERI,GTERI,ok,0.19999999999998863
3525,363.2,363.2,2025-06-15 09:46:12,2025-06-15 09:46:14,5624.0,5625.0,GTERI,GTERI,ok,0.0
3526,363.2,363.4,2025-06-15 09:46:14,2025-06-15 09:46:38,5625.0,5626.0,GTERI,GTERI,ok,0.19999999999998863
3527,363.4,363.4,2025-06-15 09:46:38,2025-06-15 09:46:44,5626.0,5627.0,GTERI,GTERI,ok,0.0
3529,363.4,363.4,2025-06-15 09:46:44,2025-06-15 09:47:01,5627.0,5629.0,GTERI,GTIGF,ok,0.0
3530,363.4,363.4,2025-06-15 09:47:01,2025-06-15 09:47:01,5629.0,5630.0,GTIGF,GTSTT,ok,0.0
3531,363.4,363.4,2025-06-15 09:47:01,2025-06-15 09:47:02,5630.0,5631.0,GTSTT,GTERI,ok,0.0
3532,363.4,363.4,2025-06-15 09:47:02,2025-06-15 09:47:02,5631.0,5632.0,GTERI,GTIGL,ok,0.0
3533,363.4,363.4,2025-06-15 09:47:02,2025-06-15 09:47:43,5632.0,5633.0,GTIGL,GTSTT,ok,0.0
3534,363.4,363.4,2025-06-15 09:47:43,2025-06-15 09:48:37,5633.0,5634.0,GTSTT,GTIGN,ok,0.0
3535,363.4,363.4,2025-06-15 09:48:37,2025-06-15 09:48:37,5634.0,5635.0,GTIGN,GTSTT,ok,0.0
3536,363.4,363.4,2025-06-15 09:48:37,2025-06-15 09:48:38,5635.0,5636.0,GTSTT,GTIGL,ok,0.0
3537,363.4,363.4,2025-06-15 09:48:38,2025-06-15 09:48:42,5636.0,5637.0,GTIGL,GTERI,ok,0.0
3539,363.4,363.4,2025-06-15 09:48:42,2025-06-15 09:49:01,5637.0,5639.0,GTERI,GTERI,ok,0.0
3540,363.4,363.4,2025-06-15 09:49:01,2025-06-15 09:49:03,5639.0,5640.0,GTERI,GTERI,ok,0.0
3541,363.4,363.6,2025-06-15 09:49:03,2025-06-15 09:49:26,5640.0,5641.0,GTERI,GTERI,ok,0.20000000000004547
3542,363.6,363.6,2025-06-15 09:49:26,2025-06-15 09:49:32,5641.0,5642.0,GTERI,GTERI,ok,0.0
3543,363.6,363.7,2025-06-15 09:49:32,2025-06-15 09:49:53,5642.0,5643.0,GTERI,GTERI,ok,0.0999999999999659
3544,363.7,363.7,2025-06-15 09:49:53,2025-06-15 09:49:55,5643.0,5644.0,GTERI,GTERI,ok,0.0
3545,363.7,363.7,2025-06-15 09:49:55,2025-06-15 09:49:57,5644.0,5645.0,GTERI,GTERI,ok,0.0
3546,363.7,363.7,2025-06-15 09:49:57,2025-06-15 09:49:59,5645.0,5646.0,GTERI,GTERI,ok,0.0
3547,363.7,363.7,2025-06-15 09:49:59,2025-06-15 09:50:35,5646.0,5647.0,GTERI,GTSTT,ok,0.0
3549,363.7,363.7,2025-06-15 09:50:35,2025-06-15 09:50:55,5647.0,5649.0,GTSTT,GTSTT,ok,0.0
3550,363.7,363.7,2025-06-15 09:50:55,2025-06-15 09:51:17,5649.0,5650.0,GTSTT,GTIGF,ok,0.0
3551,363.7,363.7,2025-06-15 09:51:17,2025-06-15 09:51:17,5650.0,5651.0,GTIGF,GTSTT,ok,0.0
3552,363.7,363.7,2025-06-15 09:51:17,2025-06-15 09:51:17,5651.0,5652.0,GTSTT,GTERI,ok,0.0
3553,363.7,363.7,2025-06-15 09:51:17,2025-06-15 09:51:17,5652.0,5653.0,GTERI,GTIGL,ok,0.0
3554,363.7,363.7,2025-06-15 09:51:17,2025-06-15 09:52:02,5653.0,5654.0,GTIGL,GTSTT,ok,0.0
3559,363.7,363.7,2025-06-15 09:52:02,2025-06-15 09:59:57,5654.0,5659.0,GTSTT,GTIGN,ok,0.0
3560,363.7,363.7,2025-06-15 09:59:57,2025-06-15 09:59:57,5659.0,5660.0,GTIGN,GTSTT,ok,0.0
3561,363.7,363.7,2025-06-15 09:59:57,2025-06-15 10:00:07,5660.0,5661.0,GTSTT,GTERI,ok,0.0
3562,363.7,363.7,2025-06-15 10:00:07,2025-06-15 10:00:07,5661.0,5662.0,GTERI,GTIGL,ok,0.0
3563,363.7,363.7,2025-06-15 10:00:07,2025-06-15 10:00:45,5662.0,5663.0,GTIGL,GTSTT,ok,0.0
3565,363.7,363.7,2025-06-15 10:00:45,2025-06-15 10:01:34,5663.0,5665.0,GTSTT,GTSTT,ok,0.0
3566,363.7,363.7,2025-06-15 10:01:34,2025-06-15 10:01:47,5665.0,5666.0,GTSTT,GTERI,ok,0.0
3567,363.7,363.7,2025-06-15 10:01:47,2025-06-15 10:01:49,5666.0,5667.0,GTERI,GTERI,ok,0.0
3569,363.7,364.1,2025-06-15 10:01:49,2025-06-15 10:02:56,5667.0,5669.0,GTERI,GTERI,ok,0.4000000000000341
3570,364.1,364.1,2025-06-15 10:02:56,2025-06-15 10:02:58,5669.0,5670.0,GTERI,GTERI,ok,0.0
3571,364.1,364.2,2025-06-15 10:02:58,2025-06-15 10:03:03,5670.0,5671.0,GTERI,GTERI,ok,0.0999999999999659
3572,364.2,365.0,2025-06-15 10:03:03,2025-06-15 10:04:42,5671.0,5672.0,GTERI,GTERI,ok,0.8000000000000114
3573,365.0,365.0,2025-06-15 10:04:42,2025-06-15 10:04:43,5672.0,5673.0,GTERI,GTERI,ok,0.0
3574,365.0,365.0,2025-06-15 10:04:43,2025-06-15 10:04:44,5673.0,5674.0,GTERI,GTERI,ok,0.0
3575,365.0,365.0,2025-06-15 10:04:44,2025-06-15 10:04:45,5674.0,5675.0,GTERI,GTERI,ok,0.0
3577,365.0,365.0,2025-06-15 10:04:45,2025-06-15 10:04:47,5675.0,5677.0,GTERI,GTERI,ok,0.0
3578,365.0,365.0,2025-06-15 10:04:47,2025-06-15 10:04:58,5677.0,5678.0,GTERI,GTIGF,ok,0.0
3579,365.0,365.0,2025-06-15 10:04:58,2025-06-15 10:04:58,5678.0,5679.0,GTIGF,GTSTT,ok,0.0
3580,365.0,365.0,2025-06-15 10:04:58,2025-06-15 10:04:58,5679.0,5680.0,GTSTT,GTERI,ok,0.0
3581,365.0,365.0,2025-06-15 10:04:58,2025-06-15 10:04:59,5680.0,5681.0,GTERI,GTIGL,ok,0.0
3582,365.0,365.0,2025-06-15 10:04:59,2025-06-15 10:05:39,5681.0,5682.0,GTIGL,GTSTT,ok,0.0
3584,365.0,365.0,2025-06-15 10:05:39,2025-06-15 10:07:55,5682.0,5684.0,GTSTT,GTIGN,ok,0.0
3585,365.0,365.0,2025-06-15 10:07:55,2025-06-15 10:07:55,5684.0,5685.0,GTIGN,GTSTT,ok,0.0
3586,365.0,365.0,2025-06-15 10:07:55,2025-06-15 10:07:55,5685.0,5686.0,GTSTT,GTIGL,ok,0.0
3587,365.0,365.0,2025-06-15 10:07:55,2025-06-15 10:07:59,5686.0,5687.0,GTIGL,GTERI,ok,0.0
3588,365.0,365.0,2025-06-15 10:07:59,2025-06-15 10:08:05,5687.0,5688.0,GTERI,GTERI,ok,0.0
3589,365.0,365.0,2025-06-15 10:08:05,2025-06-15 10:08:06,5688.0,5689.0,GTERI,GTERI,ok,0.0
3590,365.0,365.0,2025-06-15 10:08:06,2025-06-15 10:08:08,5689.0,5690.0,GTERI,GTERI,ok,0.0
3591,365.0,365.0,2025-06-15 10:08:08,2025-06-15 10:08:13,5690.0,5691.0,GTERI,GTERI,ok,0.0
3592,365.0,365.2,2025-06-15 10:08:13,2025-06-15 10:08:31,5691.0,5692.0,GTERI,GTERI,ok,0.19999999999998863
3593,365.2,365.2,2025-06-15 10:08:31,2025-06-15 10:08:32,5692.0,5693.0,GTERI,GTERI,ok,0.0
3595,365.2,365.5,2025-06-15 10:08:32,2025-06-15 10:09:02,5693.0,5695.0,GTERI,GTERI,ok,0.30000000000001137
3596,365.5,365.6,2025-06-15 10:09:02,2025-06-15 10:09:10,5695.0,5696.0,GTERI,GTIGF,ok,0.10000000000002274
3597,365.6,365.6,2025-06-15 10:09:10,2025-06-15 10:09:10,5696.0,5697.0,GTIGF,GTSTT,ok,0.0
3598,365.6,365.6,2025-06-15 10:09:10,2025-06-15 10:09:10,5697.0,5698.0,GTSTT,GTERI,ok,0.0
3599,365.6,365.6,2025-06-15 10:09:10,2025-06-15 10:09:10,5698.0,5699.0,GTERI,GTIGL,ok,0.0
3600,365.6,365.6,2025-06-15 10:09:10,2025-06-15 10:09:50,5699.0,5700.0,GTIGL,GTSTT,ok,0.0
3602,365.6,365.6,2025-06-15 10:09:50,2025-06-15 10:12:36,5700.0,5702.0,GTSTT,GTIGN,ok,0.0
3603,365.6,365.6,2025-06-15 10:12:36,2025-06-15 10:12:36,5702.0,5703.0,GTIGN,GTSTT,ok,0.0
3604,365.6,365.6,2025-06-15 10:12:36,2025-06-15 10:12:37,5703.0,5704.0,GTSTT,GTIGL,ok,0.0
3605,365.6,365.6,2025-06-15 10:12:37,2025-06-15 10:12:40,5704.0,5705.0,GTIGL,GTERI,ok,0.0
3607,365.6,366.3,2025-06-15 10:12:40,2025-06-15 10:14:10,5705.0,5707.0,GTERI,GTERI,ok,0.6999999999999886
3608,366.3,366.3,2025-06-15 10:14:10,2025-06-15 10:14:12,5707.0,5708.0,GTERI,GTERI,ok,0.0
3610,366.3,366.4,2025-06-15 10:14:12,2025-06-15 10:14:54,5708.0,5710.0,GTERI,GTERI,ok,0.0999999999999659
3611,366.4,366.4,2025-06-15 10:14:54,2025-06-15 10:14:56,5710.0,5711.0,GTERI,GTERI,ok,0.0
3612,366.4,366.5,2025-06-15 10:14:56,2025-06-15 10:15:10,5711.0,5712.0,GTERI,GTERI,ok,0.10000000000002274
3613,366.5,366.5,2025-06-15 10:15:10,2025-06-15 10:15:12,5712.0,5713.0,GTERI,GTERI,ok,0.0
3614,366.5,366.5,2025-06-15 10:15:12,2025-06-15 10:15:23,5713.0,5714.0,GTERI,GTIGF,ok,0.0
3615,366.5,366.5,2025-06-15 10:15:23,2025-06-15 10:15:23,5714.0,5715.0,GTIGF,GTSTT,ok,0.0
3616,366.5,366.5,2025-06-15 10:15:23,2025-06-15 10:15:23,5715.0,5716.0,GTSTT,GTERI,ok,0.0
3617,366.5,366.5,2025-06-15 10:15:23,2025-06-15 10:15:23,5716.0,5717.0,GTERI,GTIGL,ok,0.0
3618,366.5,366.5,2025-06-15 10:15:23,2025-06-15 10:16:03,5717.0,5718.0,GTIGL,GTSTT,ok,0.0
3623,366.5,366.5,2025-06-15 10:16:03,2025-06-15 10:23:13,5718.0,5723.0,GTSTT,GTIGN,ok,0.0
3624,366.5,366.5,2025-06-15 10:23:13,2025-06-15 10:23:13,5723.0,5724.0,GTIGN,GTSTT,ok,0.0
3625,366.5,366.5,2025-06-15 10:23:13,2025-06-15 10:23:20,5724.0,5725.0,GTSTT,GTERI,ok,0.0
3626,366.5,366.5,2025-06-15 10:23:20,2025-06-15 10:23:20,5725.0,5726.0,GTERI,GTIGL,ok,0.0
3627,366.5,366.6,2025-06-15 10:23:20,2025-06-15 10:23:49,5726.0,5727.0,GTIGL,GTERI,ok,0.10000000000002274
3628,366.6,366.6,2025-06-15 10:23:49,2025-06-15 10:23:51,5727.0,5728.0,GTERI,GTERI,ok,0.0
3629,366.6,366.6,2025-06-15 10:23:51,2025-06-15 10:23:54,5728.0,5729.0,GTERI,GTERI,ok,0.0
3630,366.6,366.7,2025-06-15 10:23:54,2025-06-15 10:24:06,5729.0,5730.0,GTERI,GTERI,ok,0.0999999999999659
3631,366.7,366.7,2025-06-15 10:24:06,2025-06-15 10:24:08,5730.0,5731.0,GTERI,GTERI,ok,0.0
3632,366.7,366.7,2025-06-15 10:24:08,2025-06-15 10:24:19,5731.0,5732.0,GTERI,GTERI,ok,0.0
3633,366.7,366.7,2025-06-15 10:24:19,2025-06-15 10:24:26,5732.0,5733.0,GTERI,GTERI,ok,0.0
3634,366.7,366.8,2025-06-15 10:24:26,2025-06-15 10:24:37,5733.0,5734.0,GTERI,GTIGF,ok,0.10000000000002274
3635,366.8,366.8,2025-06-15 10:24:37,2025-06-15 10:24:37,5734.0,5735.0,GTIGF,GTSTT,ok,0.0
3636,366.8,366.8,2025-06-15 10:24:37,2025-06-15 10:24:37,5735.0,5736.0,GTSTT,GTERI,ok,0.0
3637,366.8,366.8,2025-06-15 10:24:37,2025-06-15 10:24:37,5736.0,5737.0,GTERI,GTIGL,ok,0.0
3639,366.8,366.8,2025-06-15 10:24:37,2025-06-15 10:25:13,5737.0,5739.0,GTIGL,GTSTT,ok,0.0
3642,366.8,366.8,2025-06-15 10:25:13,2025-06-15 10:30:17,5739.0,5742.0,GTSTT,GTIGN,ok,0.0
3643,366.8,366.8,2025-06-15 10:30:17,2025-06-15 10:30:17,5742.0,5743.0,GTIGN,GTSTT,ok,0.0
3644,366.8,366.8,2025-06-15 10:30:17,2025-06-15 10:30:18,5743.0,5744.0,GTSTT,GTSTT,ok,0.0
3645,366.8,366.8,2025-06-15 10:30:18,2025-06-15 10:30:25,5744.0,5745.0,GTSTT,GTERI,ok,0.0
3646,366.8,366.8,2025-06-15 10:30:25,2025-06-15 10:30:25,5745.0,5746.0,GTERI,GTIGL,ok,0.0
3647,366.8,366.8,2025-06-15 10:30:25,2025-06-15 10:30:29,5746.0,5747.0,GTIGL,GTERI,ok,0.0
3648,366.8,366.8,2025-06-15 10:30:29,2025-06-15 10:30:30,5747.0,5748.0,GTERI,GTERI,ok,0.0
3650,366.8,366.8,2025-06-15 10:30:30,2025-06-15 10:31:28,5748.0,5750.0,GTERI,GTERI,ok,0.0
3651,366.8,366.8,2025-06-15 10:31:28,2025-06-15 10:31:29,5750.0,5751.0,GTERI,GTIGF,ok,0.0
3652,366.8,366.8,2025-06-15 10:31:29,2025-06-15 10:31:29,5751.0,5752.0,GTIGF,GTSTT,ok,0.0
3653,366.8,366.8,2025-06-15 10:31:29,2025-06-15 10:31:29,5752.0,5753.0,GTSTT,GTERI,ok,0.0
3654,366.8,366.8,2025-06-15 10:31:29,2025-06-15 10:31:29,5753.0,5754.0,GTERI,GTIGL,ok,0.0
3655,366.8,366.8,2025-06-15 10:31:29,2025-06-15 10:32:01,5754.0,5755.0,GTIGL,GTIGN,ok,0.0
3656,366.8,366.8,2025-06-15 10:32:01,2025-06-15 10:32:01,5755.0,5756.0,GTIGN,GTSTT,ok,0.0
3657,366.8,366.8,2025-06-15 10:32:01,2025-06-15 10:32:02,5756.0,5757.0,GTSTT,GTIGL,ok,0.0
3658,366.8,366.8,2025-06-15 10:32:02,2025-06-15 10:32:06,5757.0,5758.0,GTIGL,GTERI,ok,0.0
3660,366.8,366.8,2025-06-15 10:32:06,2025-06-15 10:32:51,5758.0,5760.0,GTERI,GTIGF,ok,0.0
3661,366.8,366.8,2025-06-15 10:32:51,2025-06-15 10:32:51,5760.0,5761.0,GTIGF,GTSTT,ok,0.0
3662,366.8,366.8,2025-06-15 10:32:51,2025-06-15 10:32:51,5761.0,5762.0,GTSTT,GTERI,ok,0.0
3663,366.8,366.8,2025-06-15 10:32:51,2025-06-15 10:32:52,5762.0,5763.0,GTERI,GTIGL,ok,0.0
3665,366.8,366.8,2025-06-15 10:32:52,2025-06-15 10:35:17,5763.0,5765.0,GTIGL,GTIGN,ok,0.0
3666,366.8,366.8,2025-06-15 10:35:17,2025-06-15 10:35:17,5765.0,5766.0,GTIGN,GTSTT,ok,0.0
3667,366.8,366.8,2025-06-15 10:35:17,2025-06-15 10:35:18,5766.0,5767.0,GTSTT,GTIGL,ok,0.0
3668,366.8,366.8,2025-06-15 10:35:18,2025-06-15 10:35:22,5767.0,5768.0,GTIGL,GTERI,ok,0.0
3669,366.8,366.8,2025-06-15 10:35:22,2025-06-15 10:35:44,5768.0,5769.0,GTERI,GTERI,ok,0.0
3670,366.8,366.8,2025-06-15 10:35:44,2025-06-15 10:35:46,5769.0,5770.0,GTERI,GTERI,ok,0.0
3672,366.8,366.8,2025-06-15 10:35:46,2025-06-15 10:36:49,5770.0,5772.0,GTERI,GTERI,ok,0.0
3673,366.8,366.8,2025-06-15 10:36:49,2025-06-15 10:37:09,5772.0,5773.0,GTERI,GTIGF,ok,0.0
3674,366.8,366.8,2025-06-15 10:37:09,2025-06-15 10:37:09,5773.0,5774.0,GTIGF,GTSTT,ok,0.0
3675,366.8,366.8,2025-06-15 10:37:09,2025-06-15 10:37:09,5774.0,5775.0,GTSTT,GTERI,ok,0.0
3676,366.8,366.8,2025-06-15 10:37:09,2025-06-15 10:37:10,5775.0,5776.0,GTERI,GTIGL,ok,0.0
3677,366.8,366.8,2025-06-15 10:37:10,2025-06-15 10:37:55,5776.0,5777.0,GTIGL,GTSTT,ok,0.0
3708,366.8,366.8,2025-06-15 10:37:55,2025-06-15 11:37:04,5777.0,5808.0,GTSTT,GTERI,ok,0.0
3739,366.8,366.8,2025-06-15 11:37:04,2025-06-15 12:37:04,5808.0,5839.0,GTERI,GTERI,ok,0.0
3770,366.8,366.8,2025-06-15 12:37:04,2025-06-15 13:37:04,5839.0,5870.0,GTERI,GTERI,ok,0.0
3801,366.8,366.8,2025-06-15 13:37:04,2025-06-15 14:37:04,5870.0,5901.0,GTERI,GTERI,ok,0.0
3831,366.8,366.8,2025-06-15 14:37:04,2025-06-15 15:37:04,5901.0,5931.0,GTERI,GTERI,ok,0.0
3862,366.8,366.8,2025-06-15 15:37:04,2025-06-15 16:37:04,5931.0,5962.0,GTERI,GTERI,ok,0.0
3893,366.8,366.8,2025-06-15 16:37:04,2025-06-15 17:37:04,5962.0,5993.0,GTERI,GTERI,ok,0.0
3924,366.8,366.8,2025-06-15 17:37:04,2025-06-15 18:37:04,5993.0,6024.0,GTERI,GTERI,ok,0.0
3955,366.8,366.8,2025-06-15 18:37:04,2025-06-15 19:37:04,6024.0,6055.0,GTERI,GTERI,ok,0.0
3986,366.8,366.8,2025-06-15 19:37:04,2025-06-15 20:37:04,6055.0,6086.0,GTERI,GTERI,ok,0.0
4017,366.8,366.8,2025-06-15 20:37:04,2025-06-15 21:37:04,6086.0,6117.0,GTERI,GTERI,ok,0.0
4048,366.8,366.8,2025-06-15 21:37:04,2025-06-15 22:37:04,6117.0,6148.0,GTERI,GTERI,ok,0.0
4059,366.8,366.8,2025-06-15 22:37:04,2025-06-15 22:55:57,6148.0,6159.0,GTERI,GTPDP,ok,0.0
4073,366.8,366.8,2025-06-15 22:55:57,2025-06-15 23:23:29,6159.0,6173.0,GTPDP,GTPDP,ok,0.0
4080,366.8,366.8,2025-06-15 23:23:29,2025-06-15 23:37:04,6173.0,6180.0,GTPDP,GTERI,ok,0.0
4087,366.8,366.8,2025-06-15 23:37:04,2025-06-15 23:49:00,6180.0,6187.0,GTERI,GTPDP,ok,0.0
4111,366.8,366.8,2025-06-15 23:49:00,2025-06-16 00:37:04,6187.0,6211.0,GTPDP,GTERI,ok,0.0
4133,366.8,366.8,2025-06-16 00:37:04,2025-06-16 01:18:35,6211.0,6233.0,GTERI,GTPDP,ok,0.0
4142,366.8,366.8,2025-06-16 01:18:35,2025-06-16 01:37:04,6233.0,6242.0,GTPDP,GTERI,ok,0.0
4158,366.8,366.8,2025-06-16 01:37:04,2025-06-16 02:06:50,6242.0,6258.0,GTERI,GTPDP,ok,0.0
4170,366.8,366.8,2025-06-16 02:06:50,2025-06-16 02:31:31,6258.0,6271.0,GTPDP,GTPDP,ok,0.0
4172,366.8,366.8,2025-06-16 02:31:31,2025-06-16 02:35:01,6271.0,6273.0,GTPDP,GTPDP,ok,0.0
4173,366.8,366.8,2025-06-16 02:35:01,2025-06-16 02:37:04,6273.0,6274.0,GTPDP,GTERI,ok,0.0
4178,366.8,366.8,2025-06-16 02:37:04,2025-06-16 02:44:32,6274.0,6279.0,GTERI,GTPDP,ok,0.0
4181,366.8,366.8,2025-06-16 02:44:32,2025-06-16 02:50:02,6279.0,6282.0,GTPDP,GTPDP,ok,0.0
4192,366.8,366.8,2025-06-16 02:50:02,2025-06-16 03:11:33,6282.0,6293.0,GTPDP,GTPDP,ok,0.0
4196,366.8,366.8,2025-06-16 03:11:33,2025-06-16 03:19:03,6293.0,6297.0,GTPDP,GTPDP,ok,0.0
4205,366.8,366.8,2025-06-16 03:19:03,2025-06-16 03:37:04,6297.0,6306.0,GTPDP,GTERI,ok,0.0
4208,366.8,366.8,2025-06-16 03:37:04,2025-06-16 03:40:55,6306.0,6309.0,GTERI,GTPDP,ok,0.0
4215,366.8,366.8,2025-06-16 03:40:55,2025-06-16 03:54:26,6309.0,6316.0,GTPDP,GTPDP,ok,0.0
4227,366.8,366.8,2025-06-16 03:54:26,2025-06-16 04:17:57,6316.0,6328.0,GTPDP,GTPDP,ok,0.0
4237,366.8,366.8,2025-06-16 04:17:57,2025-06-16 04:37:04,6328.0,6338.0,GTPDP,GTERI,ok,0.0
4252,366.8,366.8,2025-06-16 04:37:04,2025-06-16 05:05:29,6338.0,6353.0,GTERI,GTPDP,ok,0.0
4259,366.8,366.8,2025-06-16 05:05:29,2025-06-16 05:19:00,6353.0,6360.0,GTPDP,GTPDP,ok,0.0
4268,366.8,366.8,2025-06-16 05:19:00,2025-06-16 05:37:04,6360.0,6369.0,GTPDP,GTERI,ok,0.0
4289,366.8,366.8,2025-06-16 05:37:04,2025-06-16 06:16:33,6369.0,6390.0,GTERI,GTPDP,ok,0.0
4299,366.8,366.8,2025-06-16 06:16:33,2025-06-16 06:37:04,6390.0,6400.0,GTPDP,GTERI,ok,0.0
4304,366.8,366.8,2025-06-16 06:37:04,2025-06-16 06:44:04,6400.0,6405.0,GTERI,GTPDP,ok,0.0
4306,366.8,366.8,2025-06-16 06:44:04,2025-06-16 06:48:58,6405.0,6407.0,GTPDP,GTIGN,ok,0.0
4307,366.8,366.8,2025-06-16 06:48:58,2025-06-16 06:48:58,6407.0,6408.0,GTIGN,GTSTT,ok,0.0
4309,366.8,366.8,2025-06-16 06:48:58,2025-06-16 06:49:08,6408.0,6410.0,GTSTT,GTERI,ok,0.0
4310,366.8,366.8,2025-06-16 06:49:08,2025-06-16 06:49:08,6410.0,6411.0,GTERI,GTIGL,ok,0.0
4311,366.8,366.8,2025-06-16 06:49:08,2025-06-16 06:49:12,6411.0,6412.0,GTIGL,GTERI,ok,0.0
4312,366.8,366.9,2025-06-16 06:49:12,2025-06-16 06:49:28,6412.0,6413.0,GTERI,GTERI,ok,0.0999999999999659
4313,366.9,366.9,2025-06-16 06:49:28,2025-06-16 06:49:30,6413.0,6414.0,GTERI,GTERI,ok,0.0
4314,366.9,366.9,2025-06-16 06:49:30,2025-06-16 06:49:45,6414.0,6415.0,GTERI,GTERI,ok,0.0
4316,366.9,367.0,2025-06-16 06:49:45,2025-06-16 06:49:47,6415.0,6416.0,GTERI,GTERI,ok,0.10000000000002274
4320,367.0,367.9,2025-06-16 06:49:47,2025-06-16 06:51:58,6416.0,6418.0,GTERI,GTERI,ok,0.8999999999999773
4321,367.9,368.0,2025-06-16 06:51:58,2025-06-16 06:52:00,6418.0,6419.0,GTERI,GTERI,ok,0.10000000000002274
4322,368.0,368.0,2025-06-16 06:52:00,2025-06-16 06:52:05,6419.0,6420.0,GTERI,GTERI,ok,0.0
4323,368.0,368.0,2025-06-16 06:52:05,2025-06-16 06:52:09,6420.0,6421.0,GTERI,GTERI,ok,0.0
4324,368.0,368.0,2025-06-16 06:52:09,2025-06-16 06:52:11,6421.0,6422.0,GTERI,GTERI,ok,0.0
4325,368.0,368.1,2025-06-16 06:52:11,2025-06-16 06:52:24,6422.0,6423.0,GTERI,GTERI,ok,0.10000000000002274
4326,368.1,368.1,2025-06-16 06:52:24,2025-06-16 06:52:26,6423.0,6424.0,GTERI,GTERI,ok,0.0
4319,368.1,368.1,2025-06-16 06:52:26,2025-06-16 06:52:28,6424.0,6426.0,GTERI,GTPDP,ok,0.0
4329,368.1,369.7,2025-06-16 06:52:28,2025-06-16 06:55:05,6426.0,6427.0,GTPDP,GTERI,ok,1.599999999999966
4330,369.7,369.8,2025-06-16 06:55:05,2025-06-16 06:55:17,6427.0,6428.0,GTERI,GTERI,ok,0.10000000000002274
4331,369.8,369.8,2025-06-16 06:55:17,2025-06-16 06:55:19,6428.0,6429.0,GTERI,GTERI,ok,0.0
4328,369.8,370.0,2025-06-16 06:55:19,2025-06-16 06:55:35,6429.0,6431.0,GTERI,GTPDP,ok,0.19999999999998863
4332,370.0,373.1,2025-06-16 06:55:35,2025-06-16 06:58:05,6431.0,6432.0,GTPDP,GTERI,ok,3.1000000000000227
4335,373.1,377.1,2025-06-16 06:58:05,2025-06-16 07:01:05,6432.0,6435.0,GTERI,GTERI,ok,4.0
4337,377.1,382.0,2025-06-16 07:01:05,2025-06-16 07:04:05,6435.0,6438.0,GTERI,GTERI,ok,4.899999999999977
4339,382.0,383.7,2025-06-16 07:04:05,2025-06-16 07:05:06,6438.0,6440.0,GTERI,GTPDP,ok,1.6999999999999886
4340,383.7,386.9,2025-06-16 07:05:06,2025-06-16 07:07:05,6440.0,6441.0,GTPDP,GTERI,ok,3.1999999999999886
4342,386.9,391.8,2025-06-16 07:07:05,2025-06-16 07:10:05,6441.0,6443.0,GTERI,GTERI,ok,4.900000000000034
4345,391.8,395.8,2025-06-16 07:10:05,2025-06-16 07:12:36,6443.0,6446.0,GTERI,GTPDP,ok,4.0
4346,395.8,396.6,2025-06-16 07:12:36,2025-06-16 07:13:05,6446.0,6447.0,GTPDP,GTERI,ok,0.8000000000000114
4348,396.6,401.3,2025-06-16 07:13:05,2025-06-16 07:16:05,6447.0,6449.0,GTERI,GTERI,ok,4.699999999999989
4350,401.3,405.9,2025-06-16 07:16:05,2025-06-16 07:19:05,6449.0,6451.0,GTERI,GTERI,ok,4.599999999999966
4352,405.9,409.8,2025-06-16 07:19:05,2025-06-16 07:21:27,6451.0,6453.0,GTERI,GTPDP,ok,3.900000000000034
4353,409.8,410.9,2025-06-16 07:21:27,2025-06-16 07:22:05,6453.0,6454.0,GTPDP,GTERI,ok,1.099999999999966
4355,410.9,415.9,2025-06-16 07:22:05,2025-06-16 07:25:05,6454.0,6456.0,GTERI,GTERI,ok,5.0
4357,415.9,420.8,2025-06-16 07:25:05,2025-06-16 07:28:05,6456.0,6458.0,GTERI,GTERI,ok,4.900000000000034
4359,420.8,424.2,2025-06-16 07:28:05,2025-06-16 07:30:10,6458.0,6460.0,GTERI,GTERI,ok,3.3999999999999773
4361,424.2,425.7,2025-06-16 07:30:10,2025-06-16 07:31:05,6460.0,6462.0,GTERI,GTERI,ok,1.5
4364,425.7,430.1,2025-06-16 07:31:05,2025-06-16 07:34:05,6462.0,6464.0,GTERI,GTERI,ok,4.400000000000034
4367,430.1,434.4,2025-06-16 07:34:05,2025-06-16 07:37:05,6464.0,6469.0,GTERI,GTERI,ok,4.2999999999999545
4368,434.4,439.1,2025-06-16 07:37:05,2025-06-16 07:40:05,6469.0,6470.0,GTERI,GTERI,ok,4.7000000000000455
4369,439.1,439.1,2025-06-16 07:40:05,2025-06-16 07:40:05,6470.0,6470.0,GTERI,GTERI,ok,0.0
4371,439.1,443.5,2025-06-16 07:40:05,2025-06-16 07:43:05,6470.0,6473.0,GTERI,GTERI,ok,4.399999999999977
4373,443.5,448.5,2025-06-16 07:43:05,2025-06-16 07:46:05,6473.0,6475.0,GTERI,GTERI,ok,5.0
4376,448.5,452.0,2025-06-16 07:46:05,2025-06-16 07:48:40,6475.0,6478.0,GTERI,GTERI,ok,3.5
4377,452.0,452.0,2025-06-16 07:48:40,2025-06-16 07:48:42,6478.0,6479.0,GTERI,GTERI,ok,0.0
4378,452.0,452.0,2025-06-16 07:48:42,2025-06-16 07:48:44,6479.0,6480.0,GTERI,GTERI,ok,0.0
4379,452.0,452.0,2025-06-16 07:48:44,2025-06-16 07:49:00,6480.0,6481.0,GTERI,GTERI,ok,0.0
4380,452.0,452.1,2025-06-16 07:49:00,2025-06-16 07:49:05,6481.0,6482.0,GTERI,GTERI,ok,0.10000000000002274
4381,452.1,452.9,2025-06-16 07:49:05,2025-06-16 07:49:54,6482.0,6483.0,GTERI,GTERI,ok,0.7999999999999545
4382,452.9,452.9,2025-06-16 07:49:54,2025-06-16 07:49:56,6483.0,6484.0,GTERI,GTERI,ok,0.0
4383,452.9,452.9,2025-06-16 07:49:56,2025-06-16 07:50:01,6484.0,6485.0,GTERI,GTERI,ok,0.0
4384,452.9,453.0,2025-06-16 07:50:01,2025-06-16 07:50:09,6485.0,6486.0,GTERI,GTERI,ok,0.10000000000002274
4385,453.0,453.0,2025-06-16 07:50:09,2025-06-16 07:50:12,6486.0,6487.0,GTERI,GTERI,ok,0.0
4386,453.0,453.0,2025-06-16 07:50:12,2025-06-16 07:50:15,6487.0,6488.0,GTERI,GTERI,ok,0.0
4388,453.0,453.0,2025-06-16 07:50:15,2025-06-16 07:50:18,6488.0,6490.0,GTERI,GTERI,ok,0.0
4389,453.0,453.0,2025-06-16 07:50:18,2025-06-16 07:50:26,6490.0,6491.0,GTERI,GTERI,ok,0.0
4390,453.0,453.1,2025-06-16 07:50:26,2025-06-16 07:50:30,6491.0,6492.0,GTERI,GTERI,ok,0.10000000000002274
4391,453.1,453.1,2025-06-16 07:50:30,2025-06-16 07:50:32,6492.0,6493.0,GTERI,GTERI,ok,0.0
4392,453.1,453.1,2025-06-16 07:50:32,2025-06-16 07:50:35,6493.0,6494.0,GTERI,GTERI,ok,0.0
4393,453.1,453.1,2025-06-16 07:50:35,2025-06-16 07:50:39,6494.0,6495.0,GTERI,GTERI,ok,0.0
4394,453.1,453.1,2025-06-16 07:50:39,2025-06-16 07:50:46,6495.0,6496.0,GTERI,GTIGF,ok,0.0
4395,453.1,453.1,2025-06-16 07:50:46,2025-06-16 07:50:46,6496.0,6497.0,GTIGF,GTSTT,ok,0.0
4396,453.1,453.1,2025-06-16 07:50:46,2025-06-16 07:50:46,6497.0,6498.0,GTSTT,GTERI,ok,0.0
4397,453.1,453.1,2025-06-16 07:50:46,2025-06-16 07:50:46,6498.0,6499.0,GTERI,GTIGL,ok,0.0
4398,453.1,453.1,2025-06-16 07:50:46,2025-06-16 07:52:00,6499.0,6500.0,GTIGL,GTSTT,ok,0.0
4429,453.1,453.1,2025-06-16 07:52:00,2025-06-16 08:50:41,6500.0,6531.0,GTSTT,GTERI,ok,0.0
4460,453.1,453.1,2025-06-16 08:50:41,2025-06-16 09:50:41,6531.0,6562.0,GTERI,GTERI,ok,0.0
4491,453.1,453.1,2025-06-16 09:50:41,2025-06-16 10:50:41,6562.0,6593.0,GTERI,GTERI,ok,0.0
4522,453.1,453.1,2025-06-16 10:50:41,2025-06-16 11:50:41,6593.0,6624.0,GTERI,GTERI,ok,0.0
4523,453.1,453.1,2025-06-16 11:50:41,2025-06-16 11:50:57,6624.0,6625.0,GTERI,GTIGN,ok,0.0
4524,453.1,453.1,2025-06-16 11:50:57,2025-06-16 11:50:57,6625.0,6626.0,GTIGN,GTSTT,ok,0.0
4525,453.1,453.1,2025-06-16 11:50:57,2025-06-16 11:51:06,6626.0,6627.0,GTSTT,GTERI,ok,0.0
4526,453.1,453.1,2025-06-16 11:51:06,2025-06-16 11:51:06,6627.0,6628.0,GTERI,GTIGL,ok,0.0
4527,453.1,453.1,2025-06-16 11:51:06,2025-06-16 11:51:13,6628.0,6629.0,GTIGL,GTERI,ok,0.0
4528,453.1,453.1,2025-06-16 11:51:13,2025-06-16 11:51:17,6629.0,6630.0,GTERI,GTERI,ok,0.0
4529,453.1,453.1,2025-06-16 11:51:17,2025-06-16 11:51:22,6630.0,6631.0,GTERI,GTERI,ok,0.0
4530,453.1,453.2,2025-06-16 11:51:22,2025-06-16 11:51:27,6631.0,6632.0,GTERI,GTERI,ok,0.0999999999999659
4531,453.2,453.2,2025-06-16 11:51:27,2025-06-16 11:51:45,6632.0,6633.0,GTERI,GTERI,ok,0.0
4532,453.2,453.2,2025-06-16 11:51:45,2025-06-16 11:51:47,6633.0,6634.0,GTERI,GTERI,ok,0.0
4533,453.2,453.7,2025-06-16 11:51:47,2025-06-16 11:52:21,6634.0,6635.0,GTERI,GTERI,ok,0.5
4535,453.7,454.1,2025-06-16 11:52:21,2025-06-16 11:52:40,6635.0,6637.0,GTERI,GTERI,ok,0.4000000000000341
4536,454.1,454.1,2025-06-16 11:52:40,2025-06-16 11:52:44,6637.0,6638.0,GTERI,GTERI,ok,0.0
4537,454.1,454.1,2025-06-16 11:52:44,2025-06-16 11:52:46,6638.0,6639.0,GTERI,GTERI,ok,0.0
4538,454.1,455.6,2025-06-16 11:52:46,2025-06-16 11:54:07,6639.0,6640.0,GTERI,GTERI,ok,1.5
4540,455.6,458.0,2025-06-16 11:54:07,2025-06-16 11:55:55,6640.0,6642.0,GTERI,GTERI,ok,2.3999999999999773
4542,458.0,459.7,2025-06-16 11:55:55,2025-06-16 11:57:07,6642.0,6644.0,GTERI,GTERI,ok,1.6999999999999886
4543,459.7,460.0,2025-06-16 11:57:07,2025-06-16 11:57:21,6644.0,6645.0,GTERI,GTERI,ok,0.30000000000001137
4544,460.0,460.0,2025-06-16 11:57:21,2025-06-16 11:57:24,6645.0,6646.0,GTERI,GTERI,ok,0.0
4545,460.0,460.2,2025-06-16 11:57:24,2025-06-16 11:57:36,6646.0,6647.0,GTERI,GTERI,ok,0.19999999999998863
4547,460.2,462.5,2025-06-16 11:57:36,2025-06-16 12:00:07,6647.0,6649.0,GTERI,GTERI,ok,2.3000000000000114
4548,462.5,462.7,2025-06-16 12:00:07,2025-06-16 12:00:24,6649.0,6650.0,GTERI,GTERI,ok,0.19999999999998863
4549,462.7,462.7,2025-06-16 12:00:24,2025-06-16 12:00:25,6650.0,6651.0,GTERI,GTERI,ok,0.0
4551,462.7,463.2,2025-06-16 12:00:25,2025-06-16 12:01:18,6651.0,6653.0,GTERI,GTERI,ok,0.5
4552,463.2,463.2,2025-06-16 12:01:18,2025-06-16 12:01:20,6653.0,6654.0,GTERI,GTERI,ok,0.0
4553,463.2,463.2,2025-06-16 12:01:20,2025-06-16 12:01:26,6654.0,6655.0,GTERI,GTERI,ok,0.0
4554,463.2,464.0,2025-06-16 12:01:26,2025-06-16 12:02:17,6655.0,6656.0,GTERI,GTIGF,ok,0.8000000000000114
4555,464.0,464.0,2025-06-16 12:02:17,2025-06-16 12:02:17,6656.0,6657.0,GTIGF,GTSTT,ok,0.0
4556,464.0,464.0,2025-06-16 12:02:17,2025-06-16 12:02:18,6657.0,6658.0,GTSTT,GTERI,ok,0.0
4557,464.0,464.0,2025-06-16 12:02:18,2025-06-16 12:02:18,6658.0,6659.0,GTERI,GTIGL,ok,0.0
4559,464.0,464.0,2025-06-16 12:02:18,2025-06-16 12:03:06,6659.0,6661.0,GTIGL,GTSTT,ok,0.0
4589,464.0,464.0,2025-06-16 12:03:06,2025-06-16 13:02:13,6661.0,6691.0,GTSTT,GTERI,ok,0.0
4610,464.0,464.0,2025-06-16 13:02:13,2025-06-16 13:41:54,6691.0,6712.0,GTERI,GTIGN,ok,0.0
4611,464.0,464.0,2025-06-16 13:41:54,2025-06-16 13:41:54,6712.0,6713.0,GTIGN,GTSTT,ok,0.0
4612,464.0,464.0,2025-06-16 13:41:54,2025-06-16 13:42:02,6713.0,6714.0,GTSTT,GTERI,ok,0.0
4613,464.0,464.0,2025-06-16 13:42:02,2025-06-16 13:42:02,6714.0,6715.0,GTERI,GTIGL,ok,0.0
4615,464.0,464.1,2025-06-16 13:42:02,2025-06-16 13:42:42,6715.0,6717.0,GTIGL,GTERI,ok,0.10000000000002274
4616,464.1,464.1,2025-06-16 13:42:42,2025-06-16 13:42:46,6717.0,6718.0,GTERI,GTERI,ok,0.0
4617,464.1,464.1,2025-06-16 13:42:46,2025-06-16 13:42:47,6718.0,6719.0,GTERI,GTERI,ok,0.0
4618,464.1,464.1,2025-06-16 13:42:47,2025-06-16 13:42:48,6719.0,6720.0,GTERI,GTERI,ok,0.0
4619,464.1,464.1,2025-06-16 13:42:48,2025-06-16 13:42:50,6720.0,6721.0,GTERI,GTERI,ok,0.0
4620,464.1,465.1,2025-06-16 13:42:50,2025-06-16 13:43:46,6721.0,6722.0,GTERI,GTERI,ok,1.0
4621,465.1,465.1,2025-06-16 13:43:46,2025-06-16 13:43:56,6722.0,6723.0,GTERI,GTERI,ok,0.0
4623,465.1,465.6,2025-06-16 13:43:56,2025-06-16 13:44:36,6723.0,6725.0,GTERI,GTERI,ok,0.5
4624,465.6,465.6,2025-06-16 13:44:36,2025-06-16 13:44:39,6725.0,6726.0,GTERI,GTERI,ok,0.0
4625,465.6,465.8,2025-06-16 13:44:39,2025-06-16 13:44:59,6726.0,6727.0,GTERI,GTERI,ok,0.19999999999998863
4626,465.8,466.2,2025-06-16 13:44:59,2025-06-16 13:45:22,6727.0,6728.0,GTERI,GTERI,ok,0.39999999999997726
4628,466.2,468.4,2025-06-16 13:45:22,2025-06-16 13:47:45,6728.0,6730.0,GTERI,GTERI,ok,2.1999999999999886
4629,468.4,468.5,2025-06-16 13:47:45,2025-06-16 13:47:48,6730.0,6731.0,GTERI,GTERI,ok,0.10000000000002274
4630,468.5,468.5,2025-06-16 13:47:48,2025-06-16 13:47:50,6731.0,6732.0,GTERI,GTERI,ok,0.0
4631,468.5,468.5,2025-06-16 13:47:50,2025-06-16 13:47:52,6732.0,6733.0,GTERI,GTERI,ok,0.0
4632,468.5,468.5,2025-06-16 13:47:52,2025-06-16 13:47:55,6733.0,6734.0,GTERI,GTERI,ok,0.0
4633,468.5,468.6,2025-06-16 13:47:55,2025-06-16 13:47:59,6734.0,6735.0,GTERI,GTERI,ok,0.10000000000002274
4634,468.6,468.6,2025-06-16 13:47:59,2025-06-16 13:48:00,6735.0,6736.0,GTERI,GTERI,ok,0.0
4636,468.6,471.3,2025-06-16 13:48:00,2025-06-16 13:49:57,6736.0,6738.0,GTERI,GTERI,ok,2.6999999999999886
4638,471.3,472.7,2025-06-16 13:49:57,2025-06-16 13:50:59,6738.0,6740.0,GTERI,GTERI,ok,1.3999999999999773
4640,472.7,475.0,2025-06-16 13:50:59,2025-06-16 13:53:05,6740.0,6742.0,GTERI,GTERI,ok,2.3000000000000114
4641,475.0,475.6,2025-06-16 13:53:05,2025-06-16 13:53:38,6742.0,6743.0,GTERI,GTERI,ok,0.6000000000000227
4642,475.6,475.6,2025-06-16 13:53:38,2025-06-16 13:53:42,6743.0,6744.0,GTERI,GTERI,ok,0.0
4643,475.6,475.7,2025-06-16 13:53:42,2025-06-16 13:53:52,6744.0,6745.0,GTERI,GTERI,ok,0.0999999999999659
4644,475.7,475.7,2025-06-16 13:53:52,2025-06-16 13:53:59,6745.0,6746.0,GTERI,GTERI,ok,0.0
4645,475.7,475.7,2025-06-16 13:53:59,2025-06-16 13:54:03,6746.0,6747.0,GTERI,GTERI,ok,0.0
4646,475.7,475.7,2025-06-16 13:54:03,2025-06-16 13:54:35,6747.0,6748.0,GTERI,GTERI,ok,0.0
4648,475.7,475.7,2025-06-16 13:54:35,2025-06-16 13:55:02,6748.0,6750.0,GTERI,GTIGF,ok,0.0
4649,475.7,475.7,2025-06-16 13:55:02,2025-06-16 13:55:02,6750.0,6751.0,GTIGF,GTSTT,ok,0.0
4650,475.7,475.7,2025-06-16 13:55:02,2025-06-16 13:55:02,6751.0,6752.0,GTSTT,GTERI,ok,0.0
4651,475.7,475.7,2025-06-16 13:55:02,2025-06-16 13:55:02,6752.0,6753.0,GTERI,GTIGL,ok,0.0
4652,475.7,475.7,2025-06-16 13:55:02,2025-06-16 13:55:47,6753.0,6754.0,GTIGL,GTSTT,ok,0.0
4683,475.7,475.7,2025-06-16 13:55:47,2025-06-16 14:54:57,6754.0,6785.0,GTSTT,GTERI,ok,0.0
4714,475.7,475.7,2025-06-16 14:54:57,2025-06-16 15:54:57,6785.0,6816.0,GTERI,GTERI,ok,0.0
4745,475.7,475.7,2025-06-16 15:54:57,2025-06-16 16:54:57,6816.0,6847.0,GTERI,GTERI,ok,0.0
4770,475.7,475.7,2025-06-16 16:54:57,2025-06-16 17:44:19,6847.0,6872.0,GTERI,GTIGN,ok,0.0
4771,475.7,475.7,2025-06-16 17:44:19,2025-06-16 17:44:19,6872.0,6873.0,GTIGN,GTSTT,ok,0.0
4773,475.7,475.7,2025-06-16 17:44:19,2025-06-16 17:44:51,6873.0,6875.0,GTSTT,GTERI,ok,0.0
4774,475.7,475.7,2025-06-16 17:44:51,2025-06-16 17:44:51,6875.0,6876.0,GTERI,GTIGL,ok,0.0
4775,475.7,475.8,2025-06-16 17:44:51,2025-06-16 17:44:56,6876.0,6877.0,GTIGL,GTERI,ok,0.10000000000002274
4776,475.8,475.8,2025-06-16 17:44:56,2025-06-16 17:45:04,6877.0,6878.0,GTERI,GTERI,ok,0.0
4777,475.8,475.8,2025-06-16 17:45:04,2025-06-16 17:45:07,6878.0,6879.0,GTERI,GTERI,ok,0.0
4778,475.8,475.8,2025-06-16 17:45:07,2025-06-16 17:45:09,6879.0,6880.0,GTERI,GTERI,ok,0.0
4779,475.8,476.1,2025-06-16 17:45:09,2025-06-16 17:45:51,6880.0,6881.0,GTERI,GTERI,ok,0.30000000000001137
4780,476.1,476.3,2025-06-16 17:45:51,2025-06-16 17:46:29,6881.0,6882.0,GTERI,GTERI,ok,0.19999999999998863
4781,476.3,476.3,2025-06-16 17:46:29,2025-06-16 17:46:31,6882.0,6883.0,GTERI,GTERI,ok,0.0
4782,476.3,476.3,2025-06-16 17:46:31,2025-06-16 17:46:33,6883.0,6884.0,GTERI,GTERI,ok,0.0
4783,476.3,476.3,2025-06-16 17:46:33,2025-06-16 17:46:35,6884.0,6885.0,GTERI,GTERI,ok,0.0
4785,476.3,476.5,2025-06-16 17:46:35,2025-06-16 17:46:55,6885.0,6887.0,GTERI,GTERI,ok,0.19999999999998863
4786,476.5,476.9,2025-06-16 17:46:55,2025-06-16 17:47:28,6887.0,6888.0,GTERI,GTERI,ok,0.39999999999997726
4787,476.9,477.0,2025-06-16 17:47:28,2025-06-16 17:47:43,6888.0,6889.0,GTERI,GTERI,ok,0.10000000000002274
4788,477.0,477.0,2025-06-16 17:47:43,2025-06-16 17:47:45,6889.0,6890.0,GTERI,GTERI,ok,0.0
4789,477.0,477.0,2025-06-16 17:47:45,2025-06-16 17:47:52,6890.0,6891.0,GTERI,GTIGF,ok,0.0
4790,477.0,477.0,2025-06-16 17:47:52,2025-06-16 17:47:52,6891.0,6892.0,GTIGF,GTSTT,ok,0.0
4791,477.0,477.0,2025-06-16 17:47:52,2025-06-16 17:47:52,6892.0,6893.0,GTSTT,GTERI,ok,0.0
4792,477.0,477.0,2025-06-16 17:47:52,2025-06-16 17:47:53,6893.0,6894.0,GTERI,GTIGL,ok,0.0
4793,477.0,477.0,2025-06-16 17:47:53,2025-06-16 17:48:35,6894.0,6895.0,GTIGL,GTSTT,ok,0.0
4796,477.0,477.0,2025-06-16 17:48:35,2025-06-16 17:51:27,6895.0,6898.0,GTSTT,GTIGN,ok,0.0
4797,477.0,477.0,2025-06-16 17:51:27,2025-06-16 17:51:27,6898.0,6899.0,GTIGN,GTSTT,ok,0.0
4798,477.0,477.0,2025-06-16 17:51:27,2025-06-16 17:51:28,6899.0,6900.0,GTSTT,GTIGL,ok,0.0
4799,477.0,477.0,2025-06-16 17:51:28,2025-06-16 17:51:32,6900.0,6901.0,GTIGL,GTERI,ok,0.0
4800,477.0,477.0,2025-06-16 17:51:32,2025-06-16 17:51:49,6901.0,6902.0,GTERI,GTERI,ok,0.0
4801,477.0,477.0,2025-06-16 17:51:49,2025-06-16 17:51:54,6902.0,6903.0,GTERI,GTERI,ok,0.0
4802,477.0,477.0,2025-06-16 17:51:54,2025-06-16 17:52:01,6903.0,6904.0,GTERI,GTERI,ok,0.0
4803,477.0,477.0,2025-06-16 17:52:01,2025-06-16 17:52:07,6904.0,6905.0,GTERI,GTERI,ok,0.0
4804,477.0,477.3,2025-06-16 17:52:07,2025-06-16 17:52:43,6905.0,6906.0,GTERI,GTERI,ok,0.30000000000001137
4806,477.3,477.4,2025-06-16 17:52:43,2025-06-16 17:53:09,6906.0,6908.0,GTERI,GTERI,ok,0.0999999999999659
4807,477.4,477.5,2025-06-16 17:53:09,2025-06-16 17:53:12,6908.0,6909.0,GTERI,GTERI,ok,0.10000000000002274
4808,477.5,477.5,2025-06-16 17:53:12,2025-06-16 17:53:24,6909.0,6910.0,GTERI,GTERI,ok,0.0
4809,477.5,477.5,2025-06-16 17:53:24,2025-06-16 17:53:26,6910.0,6911.0,GTERI,GTERI,ok,0.0
4810,477.5,477.5,2025-06-16 17:53:26,2025-06-16 17:53:28,6911.0,6912.0,GTERI,GTERI,ok,0.0
4811,477.5,477.5,2025-06-16 17:53:28,2025-06-16 17:53:31,6912.0,6913.0,GTERI,GTERI,ok,0.0
4812,477.5,478.0,2025-06-16 17:53:31,2025-06-16 17:53:58,6913.0,6914.0,GTERI,GTERI,ok,0.5
4813,478.0,478.1,2025-06-16 17:53:58,2025-06-16 17:54:06,6914.0,6915.0,GTERI,GTERI,ok,0.10000000000002274
4814,478.1,478.1,2025-06-16 17:54:06,2025-06-16 17:54:08,6915.0,6916.0,GTERI,GTERI,ok,0.0
4815,478.1,478.1,2025-06-16 17:54:08,2025-06-16 17:54:10,6916.0,6917.0,GTERI,GTERI,ok,0.0
4816,478.1,478.1,2025-06-16 17:54:10,2025-06-16 17:54:33,6917.0,6918.0,GTERI,GTERI,ok,0.0
4817,478.1,478.1,2025-06-16 17:54:33,2025-06-16 17:54:44,6918.0,6919.0,GTERI,GTERI,ok,0.0
4819,478.1,479.0,2025-06-16 17:54:44,2025-06-16 17:55:38,6919.0,6921.0,GTERI,GTERI,ok,0.8999999999999773
4820,479.0,479.0,2025-06-16 17:55:38,2025-06-16 17:55:41,6921.0,6922.0,GTERI,GTERI,ok,0.0
4821,479.0,479.1,2025-06-16 17:55:41,2025-06-16 17:55:54,6922.0,6923.0,GTERI,GTERI,ok,0.10000000000002274
4822,479.1,479.1,2025-06-16 17:55:54,2025-06-16 17:56:00,6923.0,6924.0,GTERI,GTERI,ok,0.0
4823,479.1,479.1,2025-06-16 17:56:00,2025-06-16 17:56:05,6924.0,6925.0,GTERI,GTERI,ok,0.0
4824,479.1,479.1,2025-06-16 17:56:05,2025-06-16 17:56:11,6925.0,6926.0,GTERI,GTERI,ok,0.0
4825,479.1,479.1,2025-06-16 17:56:11,2025-06-16 17:56:13,6926.0,6927.0,GTERI,GTERI,ok,0.0
4826,479.1,479.1,2025-06-16 17:56:13,2025-06-16 17:56:18,6927.0,6928.0,GTERI,GTERI,ok,0.0
4827,479.1,479.1,2025-06-16 17:56:18,2025-06-16 17:56:20,6928.0,6929.0,GTERI,GTERI,ok,0.0
4828,479.1,479.1,2025-06-16 17:56:20,2025-06-16 17:56:28,6929.0,6930.0,GTERI,GTIGF,ok,0.0
4829,479.1,479.1,2025-06-16 17:56:28,2025-06-16 17:56:28,6930.0,6931.0,GTIGF,GTSTT,ok,0.0
4830,479.1,479.1,2025-06-16 17:56:28,2025-06-16 17:56:29,6931.0,6932.0,GTSTT,GTERI,ok,0.0
4831,479.1,479.1,2025-06-16 17:56:29,2025-06-16 17:56:29,6932.0,6933.0,GTERI,GTIGL,ok,0.0
4833,479.1,479.1,2025-06-16 17:56:29,2025-06-16 17:57:15,6933.0,6935.0,GTIGL,GTSTT,ok,0.0
4838,479.1,479.1,2025-06-16 17:57:15,2025-06-16 18:06:18,6935.0,6940.0,GTSTT,GTIGN,ok,0.0
4839,479.1,479.1,2025-06-16 18:06:18,2025-06-16 18:06:18,6940.0,6941.0,GTIGN,GTSTT,ok,0.0
4840,479.1,479.1,2025-06-16 18:06:18,2025-06-16 18:06:25,6941.0,6942.0,GTSTT,GTERI,ok,0.0
4841,479.1,479.1,2025-06-16 18:06:25,2025-06-16 18:06:25,6942.0,6943.0,GTERI,GTIGL,ok,0.0
4842,479.1,479.1,2025-06-16 18:06:25,2025-06-16 18:06:43,6943.0,6944.0,GTIGL,GTERI,ok,0.0
4843,479.1,479.1,2025-06-16 18:06:43,2025-06-16 18:06:46,6944.0,6945.0,GTERI,GTERI,ok,0.0
4845,479.1,479.1,2025-06-16 18:06:46,2025-06-16 18:06:55,6945.0,6947.0,GTERI,GTERI,ok,0.0
4846,479.1,479.1,2025-06-16 18:06:55,2025-06-16 18:07:01,6947.0,6948.0,GTERI,GTERI,ok,0.0
4847,479.1,479.2,2025-06-16 18:07:01,2025-06-16 18:07:22,6948.0,6949.0,GTERI,GTERI,ok,0.0999999999999659
4849,479.2,479.3,2025-06-16 18:07:22,2025-06-16 18:08:55,6949.0,6951.0,GTERI,GTERI,ok,0.10000000000002274
4850,479.3,479.3,2025-06-16 18:08:55,2025-06-16 18:08:57,6951.0,6952.0,GTERI,GTERI,ok,0.0
4851,479.3,479.6,2025-06-16 18:08:57,2025-06-16 18:09:25,6952.0,6953.0,GTERI,GTERI,ok,0.30000000000001137
4853,479.6,480.0,2025-06-16 18:09:25,2025-06-16 18:12:25,6953.0,6955.0,GTERI,GTERI,ok,0.39999999999997726
4855,480.0,480.1,2025-06-16 18:12:25,2025-06-16 18:12:56,6955.0,6957.0,GTERI,GTERI,ok,0.10000000000002274
4856,480.1,480.2,2025-06-16 18:12:56,2025-06-16 18:13:11,6957.0,6958.0,GTERI,GTERI,ok,0.0999999999999659
4857,480.2,480.2,2025-06-16 18:13:11,2025-06-16 18:13:17,6958.0,6959.0,GTERI,GTERI,ok,0.0
4859,480.2,481.9,2025-06-16 18:13:17,2025-06-16 18:15:25,6959.0,6961.0,GTERI,GTERI,ok,1.6999999999999886
4861,481.9,484.1,2025-06-16 18:15:25,2025-06-16 18:17:17,6961.0,6963.0,GTERI,GTERI,ok,2.2000000000000455
4862,484.1,485.3,2025-06-16 18:17:17,2025-06-16 18:18:25,6963.0,6964.0,GTERI,GTERI,ok,1.1999999999999886
4864,485.3,486.0,2025-06-16 18:18:25,2025-06-16 18:19:09,6964.0,6966.0,GTERI,GTERI,ok,0.6999999999999886
4865,486.0,486.1,2025-06-16 18:19:09,2025-06-16 18:19:15,6966.0,6967.0,GTERI,GTERI,ok,0.10000000000002274
4866,486.1,486.1,2025-06-16 18:19:15,2025-06-16 18:19:24,6967.0,6968.0,GTERI,GTERI,ok,0.0
4867,486.1,486.2,2025-06-16 18:19:24,2025-06-16 18:19:30,6968.0,6969.0,GTERI,GTERI,ok,0.0999999999999659
4868,486.2,486.3,2025-06-16 18:19:30,2025-06-16 18:19:36,6969.0,6970.0,GTERI,GTERI,ok,0.10000000000002274
4870,486.3,487.5,2025-06-16 18:19:36,2025-06-16 18:21:25,6970.0,6972.0,GTERI,GTERI,ok,1.1999999999999886
4872,487.5,487.8,2025-06-16 18:21:25,2025-06-16 18:24:25,6972.0,6974.0,GTERI,GTERI,ok,0.30000000000001137
4875,487.8,488.2,2025-06-16 18:24:25,2025-06-16 18:27:01,6974.0,6977.0,GTERI,GTERI,ok,0.39999999999997726
4876,488.2,488.3,2025-06-16 18:27:01,2025-06-16 18:27:25,6977.0,6978.0,GTERI,GTERI,ok,0.10000000000002274
4878,488.3,488.6,2025-06-16 18:27:25,2025-06-16 18:30:25,6978.0,6980.0,GTERI,GTERI,ok,0.30000000000001137
4879,488.6,488.6,2025-06-16 18:30:25,2025-06-16 18:30:47,6980.0,6981.0,GTERI,GTERI,ok,0.0
4881,488.6,488.7,2025-06-16 18:30:47,2025-06-16 18:30:53,6981.0,6983.0,GTERI,GTERI,ok,0.0999999999999659
4882,488.7,488.7,2025-06-16 18:30:53,2025-06-16 18:30:55,6983.0,6984.0,GTERI,GTERI,ok,0.0
4883,488.7,488.7,2025-06-16 18:30:55,2025-06-16 18:30:57,6984.0,6985.0,GTERI,GTERI,ok,0.0
4884,488.7,489.2,2025-06-16 18:30:57,2025-06-16 18:32:02,6985.0,6986.0,GTERI,GTERI,ok,0.5
4885,489.2,489.2,2025-06-16 18:32:02,2025-06-16 18:32:04,6986.0,6987.0,GTERI,GTERI,ok,0.0
4886,489.2,489.2,2025-06-16 18:32:04,2025-06-16 18:32:06,6987.0,6988.0,GTERI,GTERI,ok,0.0
4887,489.2,489.2,2025-06-16 18:32:06,2025-06-16 18:32:10,6988.0,6989.0,GTERI,GTERI,ok,0.0
4888,489.2,489.3,2025-06-16 18:32:10,2025-06-16 18:32:16,6989.0,6990.0,GTERI,GTERI,ok,0.10000000000002274
4890,489.3,490.0,2025-06-16 18:32:16,2025-06-16 18:33:25,6990.0,6992.0,GTERI,GTERI,ok,0.6999999999999886
4891,490.0,490.0,2025-06-16 18:33:25,2025-06-16 18:33:30,6992.0,6993.0,GTERI,GTERI,ok,0.0
4892,490.0,490.0,2025-06-16 18:33:30,2025-06-16 18:33:31,6993.0,6994.0,GTERI,GTERI,ok,0.0
4893,490.0,490.0,2025-06-16 18:33:31,2025-06-16 18:33:46,6994.0,6995.0,GTERI,GTERI,ok,0.0
4894,490.0,490.0,2025-06-16 18:33:46,2025-06-16 18:33:49,6995.0,6996.0,GTERI,GTERI,ok,0.0
4895,490.0,490.0,2025-06-16 18:33:49,2025-06-16 18:34:08,6996.0,6997.0,GTERI,GTIGF,ok,0.0
4896,490.0,490.0,2025-06-16 18:34:08,2025-06-16 18:34:08,6997.0,6998.0,GTIGF,GTSTT,ok,0.0
4897,490.0,490.0,2025-06-16 18:34:08,2025-06-16 18:34:09,6998.0,6999.0,GTSTT,GTERI,ok,0.0
4898,490.0,490.0,2025-06-16 18:34:09,2025-06-16 18:34:09,6999.0,7000.0,GTERI,GTIGL,ok,0.0
4899,490.0,490.0,2025-06-16 18:34:09,2025-06-16 18:34:43,7000.0,7001.0,GTIGL,GTSTT,ok,0.0
4930,490.0,490.0,2025-06-16 18:34:43,2025-06-16 19:34:04,7001.0,7032.0,GTSTT,GTERI,ok,0.0
4961,490.0,490.0,2025-06-16 19:34:04,2025-06-16 20:34:04,7032.0,7063.0,GTERI,GTERI,ok,0.0
4992,490.0,490.0,2025-06-16 20:34:04,2025-06-16 21:34:04,7063.0,7094.0,GTERI,GTERI,ok,0.0
5000,490.0,490.0,2025-06-16 21:34:04,2025-06-16 21:47:21,7094.0,7102.0,GTERI,GTIGN,ok,0.0
5001,490.0,490.0,2025-06-16 21:47:21,2025-06-16 21:47:21,7102.0,7103.0,GTIGN,GTSTT,ok,0.0
5002,490.0,490.0,2025-06-16 21:47:21,2025-06-16 21:47:30,7103.0,7104.0,GTSTT,GTERI,ok,0.0
5003,490.0,490.0,2025-06-16 21:47:30,2025-06-16 21:47:30,7104.0,7105.0,GTERI,GTIGL,ok,0.0
5004,490.0,490.0,2025-06-16 21:47:30,2025-06-16 21:47:44,7105.0,7106.0,GTIGL,GTERI,ok,0.0
5005,490.0,490.2,2025-06-16 21:47:44,2025-06-16 21:48:01,7106.0,7107.0,GTERI,GTERI,ok,0.19999999999998863
5006,490.2,490.2,2025-06-16 21:48:01,2025-06-16 21:48:02,7107.0,7108.0,GTERI,GTERI,ok,0.0
5007,490.2,490.2,2025-06-16 21:48:02,2025-06-16 21:48:02,7108.0,7108.0,GTERI,GTERI,ok,0.0
5008,490.2,490.2,2025-06-16 21:48:02,2025-06-16 21:48:03,7108.0,7109.0,GTERI,GTERI,ok,0.0
5009,490.2,490.2,2025-06-16 21:48:03,2025-06-16 21:48:05,7109.0,7110.0,GTERI,GTERI,ok,0.0
5010,490.2,491.1,2025-06-16 21:48:05,2025-06-16 21:48:53,7110.0,7111.0,GTERI,GTERI,ok,0.9000000000000341
5011,491.1,491.2,2025-06-16 21:48:53,2025-06-16 21:48:58,7111.0,7112.0,GTERI,GTERI,ok,0.0999999999999659
5012,491.2,491.2,2025-06-16 21:48:58,2025-06-16 21:49:01,7112.0,7113.0,GTERI,GTERI,ok,0.0
5014,491.2,491.6,2025-06-16 21:49:01,2025-06-16 21:49:40,7113.0,7115.0,GTERI,GTERI,ok,0.4000000000000341
5015,491.6,491.7,2025-06-16 21:49:40,2025-06-16 21:49:42,7115.0,7116.0,GTERI,GTERI,ok,0.0999999999999659
5016,491.7,492.4,2025-06-16 21:49:42,2025-06-16 21:50:30,7116.0,7117.0,GTERI,GTERI,ok,0.6999999999999886
5018,492.4,493.5,2025-06-16 21:50:30,2025-06-16 21:51:41,7117.0,7119.0,GTERI,GTERI,ok,1.1000000000000227
5019,493.5,493.5,2025-06-16 21:51:41,2025-06-16 21:51:44,7119.0,7120.0,GTERI,GTERI,ok,0.0
5020,493.5,494.1,2025-06-16 21:51:44,2025-06-16 21:52:18,7120.0,7121.0,GTERI,GTERI,ok,0.6000000000000227
5022,494.1,495.1,2025-06-16 21:52:18,2025-06-16 21:53:30,7121.0,7123.0,GTERI,GTERI,ok,1.0
5024,495.1,497.4,2025-06-16 21:53:30,2025-06-16 21:56:30,7123.0,7125.0,GTERI,GTERI,ok,2.2999999999999545
5025,497.4,497.5,2025-06-16 21:56:30,2025-06-16 21:56:35,7125.0,7126.0,GTERI,GTERI,ok,0.10000000000002274
5027,497.5,498.1,2025-06-16 21:56:35,2025-06-16 21:57:10,7126.0,7128.0,GTERI,GTERI,ok,0.6000000000000227
5028,498.1,498.8,2025-06-16 21:57:10,2025-06-16 21:57:40,7128.0,7129.0,GTERI,GTERI,ok,0.6999999999999886
5029,498.8,499.5,2025-06-16 21:57:40,2025-06-16 21:58:16,7129.0,7130.0,GTERI,GTERI,ok,0.6999999999999886
5031,499.5,500.6,2025-06-16 21:58:16,2025-06-16 21:59:30,7130.0,7132.0,GTERI,GTERI,ok,1.1000000000000227
5032,500.6,500.6,2025-06-16 21:59:30,2025-06-16 21:59:34,7132.0,7133.0,GTERI,GTERI,ok,0.0
5033,500.6,500.6,2025-06-16 21:59:34,2025-06-16 21:59:36,7133.0,7134.0,GTERI,GTERI,ok,0.0
5034,500.6,500.9,2025-06-16 21:59:36,2025-06-16 22:00:07,7134.0,7135.0,GTERI,GTERI,ok,0.2999999999999545
5036,500.9,501.6,2025-06-16 22:00:07,2025-06-16 22:01:24,7135.0,7137.0,GTERI,GTERI,ok,0.7000000000000455
5037,501.6,501.8,2025-06-16 22:01:24,2025-06-16 22:01:47,7137.0,7138.0,GTERI,GTERI,ok,0.19999999999998863
5038,501.8,501.9,2025-06-16 22:01:47,2025-06-16 22:02:05,7138.0,7139.0,GTERI,GTERI,ok,0.0999999999999659
5039,501.9,502.0,2025-06-16 22:02:05,2025-06-16 22:02:18,7139.0,7140.0,GTERI,GTERI,ok,0.10000000000002274
5040,502.0,502.0,2025-06-16 22:02:18,2025-06-16 22:02:30,7140.0,7141.0,GTERI,GTERI,ok,0.0
5041,502.0,502.1,2025-06-16 22:02:30,2025-06-16 22:02:50,7141.0,7142.0,GTERI,GTERI,ok,0.10000000000002274
5043,502.1,502.6,2025-06-16 22:02:50,2025-06-16 22:04:14,7142.0,7144.0,GTERI,GTERI,ok,0.5
5044,502.6,502.9,2025-06-16 22:04:14,2025-06-16 22:04:35,7144.0,7145.0,GTERI,GTERI,ok,0.2999999999999545
5045,502.9,502.9,2025-06-16 22:04:35,2025-06-16 22:04:36,7145.0,7146.0,GTERI,GTERI,ok,0.0
5046,502.9,503.0,2025-06-16 22:04:36,2025-06-16 22:04:48,7146.0,7147.0,GTERI,GTERI,ok,0.10000000000002274
5047,503.0,503.0,2025-06-16 22:04:48,2025-06-16 22:04:50,7147.0,7148.0,GTERI,GTERI,ok,0.0
5048,503.0,503.1,2025-06-16 22:04:50,2025-06-16 22:05:00,7148.0,7149.0,GTERI,GTERI,ok,0.10000000000002274
5049,503.1,503.1,2025-06-16 22:05:00,2025-06-16 22:05:02,7149.0,7150.0,GTERI,GTERI,ok,0.0
5051,503.1,503.1,2025-06-16 22:05:02,2025-06-16 22:05:04,7150.0,7152.0,GTERI,GTERI,ok,0.0
5052,503.1,503.5,2025-06-16 22:05:04,2025-06-16 22:05:30,7152.0,7153.0,GTERI,GTERI,ok,0.39999999999997726
5054,503.5,507.4,2025-06-16 22:05:30,2025-06-16 22:08:30,7153.0,7155.0,GTERI,GTERI,ok,3.8999999999999773
5056,507.4,508.7,2025-06-16 22:08:30,2025-06-16 22:09:22,7155.0,7157.0,GTERI,GTERI,ok,1.3000000000000114
5057,508.7,510.1,2025-06-16 22:09:22,2025-06-16 22:10:23,7157.0,7158.0,GTERI,GTERI,ok,1.400000000000034
5058,510.1,510.3,2025-06-16 22:10:23,2025-06-16 22:10:37,7158.0,7159.0,GTERI,GTERI,ok,0.19999999999998863
5060,510.3,511.3,2025-06-16 22:10:37,2025-06-16 22:11:30,7159.0,7161.0,GTERI,GTERI,ok,1.0
5061,511.3,512.4,2025-06-16 22:11:30,2025-06-16 22:12:31,7161.0,7162.0,GTERI,GTERI,ok,1.099999999999966
5063,512.4,512.8,2025-06-16 22:12:31,2025-06-16 22:13:14,7162.0,7164.0,GTERI,GTERI,ok,0.39999999999997726
5064,512.8,512.8,2025-06-16 22:13:14,2025-06-16 22:13:16,7164.0,7165.0,GTERI,GTERI,ok,0.0
5065,512.8,513.3,2025-06-16 22:13:16,2025-06-16 22:13:55,7165.0,7166.0,GTERI,GTERI,ok,0.5
5066,513.3,513.3,2025-06-16 22:13:55,2025-06-16 22:13:57,7166.0,7167.0,GTERI,GTERI,ok,0.0
5067,513.3,513.4,2025-06-16 22:13:57,2025-06-16 22:14:01,7167.0,7168.0,GTERI,GTERI,ok,0.10000000000002274
5068,513.4,513.4,2025-06-16 22:14:01,2025-06-16 22:14:07,7168.0,7169.0,GTERI,GTERI,ok,0.0
5069,513.4,513.7,2025-06-16 22:14:07,2025-06-16 22:14:30,7169.0,7170.0,GTERI,GTERI,ok,0.3000000000000682
5070,513.7,514.1,2025-06-16 22:14:30,2025-06-16 22:15:01,7170.0,7171.0,GTERI,GTERI,ok,0.39999999999997726
5072,514.1,514.1,2025-06-16 22:15:01,2025-06-16 22:15:04,7171.0,7173.0,GTERI,GTERI,ok,0.0
5073,514.1,514.1,2025-06-16 22:15:04,2025-06-16 22:16:37,7173.0,7174.0,GTERI,GTERI,ok,0.0
5076,514.1,514.1,2025-06-16 22:16:37,2025-06-16 22:16:43,7174.0,7175.0,GTERI,GTERI,ok,0.0
5077,514.1,514.1,2025-06-16 22:16:43,2025-06-16 22:16:49,7175.0,7176.0,GTERI,GTERI,ok,0.0
5078,514.1,514.2,2025-06-16 22:16:49,2025-06-16 22:16:55,7176.0,7177.0,GTERI,GTERI,ok,0.10000000000002274
5079,514.2,514.2,2025-06-16 22:16:55,2025-06-16 22:16:58,7177.0,7178.0,GTERI,GTIGF,ok,0.0
5080,514.2,514.2,2025-06-16 22:16:58,2025-06-16 22:16:58,7178.0,7179.0,GTIGF,GTSTT,ok,0.0
5081,514.2,514.2,2025-06-16 22:16:58,2025-06-16 22:16:59,7179.0,7180.0,GTSTT,GTERI,ok,0.0
5082,514.2,514.2,2025-06-16 22:16:59,2025-06-16 22:16:59,7180.0,7181.0,GTERI,GTIGL,ok,0.0
5075,514.2,514.2,2025-06-16 22:16:59,2025-06-16 22:17:09,7181.0,7183.0,GTIGL,GTPDP,ok,0.0
5083,514.2,514.2,2025-06-16 22:17:09,2025-06-16 22:17:58,7183.0,7184.0,GTPDP,GTSTT,ok,0.0
5113,514.2,514.2,2025-06-16 22:17:58,2025-06-16 23:16:54,7184.0,7214.0,GTSTT,GTERI,ok,0.0
5144,514.2,514.2,2025-06-16 23:16:54,2025-06-17 00:16:54,7214.0,7245.0,GTERI,GTERI,ok,0.0
5175,514.2,514.2,2025-06-17 00:16:54,2025-06-17 01:16:54,7245.0,7276.0,GTERI,GTERI,ok,0.0
5206,514.2,514.2,2025-06-17 01:16:54,2025-06-17 02:16:54,7276.0,7307.0,GTERI,GTERI,ok,0.0
5237,514.2,514.2,2025-06-17 02:16:54,2025-06-17 03:16:54,7307.0,7338.0,GTERI,GTERI,ok,0.0
5268,514.2,514.2,2025-06-17 03:16:54,2025-06-17 04:16:54,7338.0,7369.0,GTERI,GTERI,ok,0.0
5299,514.2,514.2,2025-06-17 04:16:54,2025-06-17 05:16:54,7369.0,7400.0,GTERI,GTERI,ok,0.0
5330,514.2,514.2,2025-06-17 05:16:54,2025-06-17 06:16:54,7400.0,7431.0,GTERI,GTERI,ok,0.0
5334,514.2,514.2,2025-06-17 06:16:54,2025-06-17 06:24:09,7431.0,7435.0,GTERI,GTIGN,ok,0.0
5335,514.2,514.2,2025-06-17 06:24:09,2025-06-17 06:24:09,7435.0,7436.0,GTIGN,GTSTT,ok,0.0
5337,514.2,514.2,2025-06-17 06:24:09,2025-06-17 06:26:37,7436.0,7438.0,GTSTT,GTERI,ok,0.0
5338,514.2,514.2,2025-06-17 06:26:37,2025-06-17 06:26:37,7438.0,7439.0,GTERI,GTIGL,ok,0.0
5340,514.2,514.4,2025-06-17 06:26:37,2025-06-17 06:26:57,7439.0,7441.0,GTIGL,GTERI,ok,0.1999999999999318
5341,514.4,514.4,2025-06-17 06:26:57,2025-06-17 06:26:58,7441.0,7442.0,GTERI,GTERI,ok,0.0
5342,514.4,514.4,2025-06-17 06:26:58,2025-06-17 06:26:59,7442.0,7443.0,GTERI,GTERI,ok,0.0
5343,514.4,514.4,2025-06-17 06:26:59,2025-06-17 06:27:01,7443.0,7444.0,GTERI,GTERI,ok,0.0
5344,514.4,514.5,2025-06-17 06:27:01,2025-06-17 06:27:15,7444.0,7445.0,GTERI,GTERI,ok,0.10000000000002274
5345,514.5,515.3,2025-06-17 06:27:15,2025-06-17 06:27:55,7445.0,7446.0,GTERI,GTERI,ok,0.7999999999999545
5346,515.3,515.4,2025-06-17 06:27:55,2025-06-17 06:28:05,7446.0,7447.0,GTERI,GTERI,ok,0.10000000000002274
5347,515.4,515.8,2025-06-17 06:28:05,2025-06-17 06:28:41,7447.0,7448.0,GTERI,GTERI,ok,0.39999999999997726
5348,515.8,515.8,2025-06-17 06:28:41,2025-06-17 06:28:49,7448.0,7449.0,GTERI,GTERI,ok,0.0
5349,515.8,515.8,2025-06-17 06:28:49,2025-06-17 06:28:51,7449.0,7450.0,GTERI,GTERI,ok,0.0
5351,515.8,517.1,2025-06-17 06:28:51,2025-06-17 06:30:15,7450.0,7452.0,GTERI,GTERI,ok,1.3000000000000682
5353,517.1,517.7,2025-06-17 06:30:15,2025-06-17 06:31:00,7452.0,7454.0,GTERI,GTERI,ok,0.6000000000000227
5354,517.7,517.7,2025-06-17 06:31:00,2025-06-17 06:31:03,7454.0,7455.0,GTERI,GTERI,ok,0.0
5355,517.7,518.2,2025-06-17 06:31:03,2025-06-17 06:32:13,7455.0,7456.0,GTERI,GTERI,ok,0.5
5357,518.2,519.1,2025-06-17 06:32:13,2025-06-17 06:33:15,7456.0,7458.0,GTERI,GTERI,ok,0.8999999999999773
5359,519.1,521.1,2025-06-17 06:33:15,2025-06-17 06:36:15,7458.0,7460.0,GTERI,GTERI,ok,2.0
5360,521.1,521.6,2025-06-17 06:36:15,2025-06-17 06:36:40,7460.0,7461.0,GTERI,GTERI,ok,0.5
5362,521.6,522.2,2025-06-17 06:36:40,2025-06-17 06:37:18,7461.0,7463.0,GTERI,GTERI,ok,0.6000000000000227
5363,522.2,523.2,2025-06-17 06:37:18,2025-06-17 06:38:11,7463.0,7464.0,GTERI,GTERI,ok,1.0
5364,523.2,523.7,2025-06-17 06:38:11,2025-06-17 06:38:35,7464.0,7465.0,GTERI,GTERI,ok,0.5
5366,523.7,524.4,2025-06-17 06:38:35,2025-06-17 06:39:15,7465.0,7467.0,GTERI,GTERI,ok,0.6999999999999318
5367,524.4,524.8,2025-06-17 06:39:15,2025-06-17 06:39:58,7467.0,7468.0,GTERI,GTERI,ok,0.39999999999997726
5368,524.8,524.8,2025-06-17 06:39:58,2025-06-17 06:40:00,7468.0,7469.0,GTERI,GTERI,ok,0.0
5369,524.8,525.1,2025-06-17 06:40:00,2025-06-17 06:40:36,7469.0,7470.0,GTERI,GTERI,ok,0.3000000000000682
5371,525.1,525.8,2025-06-17 06:40:36,2025-06-17 06:41:45,7470.0,7472.0,GTERI,GTERI,ok,0.6999999999999318
5372,525.8,526.0,2025-06-17 06:41:45,2025-06-17 06:42:10,7472.0,7473.0,GTERI,GTERI,ok,0.20000000000004547
5373,526.0,526.0,2025-06-17 06:42:10,2025-06-17 06:42:12,7473.0,7474.0,GTERI,GTERI,ok,0.0
5374,526.0,526.0,2025-06-17 06:42:12,2025-06-17 06:42:15,7474.0,7475.0,GTERI,GTERI,ok,0.0
5375,526.0,526.1,2025-06-17 06:42:15,2025-06-17 06:42:19,7475.0,7476.0,GTERI,GTERI,ok,0.10000000000002274
5376,526.1,526.1,2025-06-17 06:42:19,2025-06-17 06:42:25,7476.0,7477.0,GTERI,GTERI,ok,0.0
5377,526.1,526.2,2025-06-17 06:42:25,2025-06-17 06:42:33,7477.0,7478.0,GTERI,GTERI,ok,0.10000000000002274
5379,526.2,526.3,2025-06-17 06:42:33,2025-06-17 06:43:30,7478.0,7480.0,GTERI,GTERI,ok,0.09999999999990905
5380,526.3,526.8,2025-06-17 06:43:30,2025-06-17 06:44:18,7480.0,7481.0,GTERI,GTERI,ok,0.5
5381,526.8,526.8,2025-06-17 06:44:18,2025-06-17 06:44:20,7481.0,7482.0,GTERI,GTERI,ok,0.0
5382,526.8,526.8,2025-06-17 06:44:20,2025-06-17 06:44:30,7482.0,7483.0,GTERI,GTERI,ok,0.0
5383,526.8,526.8,2025-06-17 06:44:30,2025-06-17 06:44:32,7483.0,7484.0,GTERI,GTERI,ok,0.0
5385,526.8,527.2,2025-06-17 06:44:32,2025-06-17 06:45:11,7484.0,7486.0,GTERI,GTERI,ok,0.40000000000009095
5386,527.2,527.2,2025-06-17 06:45:11,2025-06-17 06:45:13,7486.0,7487.0,GTERI,GTERI,ok,0.0
5387,527.2,527.3,2025-06-17 06:45:13,2025-06-17 06:45:15,7487.0,7488.0,GTERI,GTERI,ok,0.09999999999990905
5389,527.3,529.0,2025-06-17 06:45:15,2025-06-17 06:47:12,7488.0,7490.0,GTERI,GTERI,ok,1.7000000000000455
5390,529.0,529.1,2025-06-17 06:47:12,2025-06-17 06:47:21,7490.0,7491.0,GTERI,GTERI,ok,0.10000000000002274
5391,529.1,529.1,2025-06-17 06:47:21,2025-06-17 06:47:24,7491.0,7492.0,GTERI,GTERI,ok,0.0
5392,529.1,529.1,2025-06-17 06:47:24,2025-06-17 06:47:27,7492.0,7493.0,GTERI,GTERI,ok,0.0
5393,529.1,529.1,2025-06-17 06:47:27,2025-06-17 06:47:33,7493.0,7494.0,GTERI,GTERI,ok,0.0
5394,529.1,529.1,2025-06-17 06:47:33,2025-06-17 06:47:39,7494.0,7495.0,GTERI,GTERI,ok,0.0
5395,529.1,529.2,2025-06-17 06:47:39,2025-06-17 06:48:15,7495.0,7496.0,GTERI,GTERI,ok,0.10000000000002274
5397,529.2,529.2,2025-06-17 06:48:15,2025-06-17 06:48:58,7496.0,7498.0,GTERI,GTSTT,ok,0.0
5398,529.2,529.2,2025-06-17 06:48:58,2025-06-17 06:49:00,7498.0,7499.0,GTSTT,GTSTT,ok,0.0
5399,529.2,529.2,2025-06-17 06:49:00,2025-06-17 06:50:23,7499.0,7500.0,GTSTT,GTERI,ok,0.0
5400,529.2,529.2,2025-06-17 06:50:23,2025-06-17 06:50:25,7500.0,7501.0,GTERI,GTERI,ok,0.0
5401,529.2,529.2,2025-06-17 06:50:25,2025-06-17 06:50:27,7501.0,7502.0,GTERI,GTERI,ok,0.0
5402,529.2,529.2,2025-06-17 06:50:27,2025-06-17 06:50:31,7502.0,7503.0,GTERI,GTERI,ok,0.0
5403,529.2,529.3,2025-06-17 06:50:31,2025-06-17 06:50:41,7503.0,7504.0,GTERI,GTERI,ok,0.09999999999990905
5404,529.3,529.3,2025-06-17 06:50:41,2025-06-17 06:50:43,7504.0,7505.0,GTERI,GTERI,ok,0.0
5405,529.3,529.4,2025-06-17 06:50:43,2025-06-17 06:50:53,7505.0,7506.0,GTERI,GTERI,ok,0.10000000000002274
5407,529.4,529.4,2025-06-17 06:50:53,2025-06-17 06:50:56,7506.0,7508.0,GTERI,GTERI,ok,0.0
5408,529.4,529.7,2025-06-17 06:50:56,2025-06-17 06:51:15,7508.0,7509.0,GTERI,GTERI,ok,0.3000000000000682
5410,529.7,533.2,2025-06-17 06:51:15,2025-06-17 06:54:04,7509.0,7511.0,GTERI,GTERI,ok,3.5
5411,533.2,533.5,2025-06-17 06:54:04,2025-06-17 06:54:15,7511.0,7512.0,GTERI,GTERI,ok,0.2999999999999545
5413,533.5,534.6,2025-06-17 06:54:15,2025-06-17 06:55:13,7512.0,7514.0,GTERI,GTERI,ok,1.1000000000000227
5414,534.6,534.8,2025-06-17 06:55:13,2025-06-17 06:55:26,7514.0,7515.0,GTERI,GTERI,ok,0.1999999999999318
5415,534.8,534.9,2025-06-17 06:55:26,2025-06-17 06:55:30,7515.0,7516.0,GTERI,GTERI,ok,0.10000000000002274
5417,534.9,536.6,2025-06-17 06:55:30,2025-06-17 06:57:15,7516.0,7518.0,GTERI,GTERI,ok,1.7000000000000455
5418,536.6,536.9,2025-06-17 06:57:15,2025-06-17 06:57:32,7518.0,7519.0,GTERI,GTERI,ok,0.2999999999999545
5419,536.9,537.3,2025-06-17 06:57:32,2025-06-17 06:58:21,7519.0,7520.0,GTERI,GTERI,ok,0.39999999999997726
5420,537.3,537.3,2025-06-17 06:58:21,2025-06-17 06:58:26,7520.0,7521.0,GTERI,GTERI,ok,0.0
5421,537.3,537.4,2025-06-17 06:58:26,2025-06-17 06:58:28,7521.0,7522.0,GTERI,GTERI,ok,0.10000000000002274
5422,537.4,537.4,2025-06-17 06:58:28,2025-06-17 06:58:30,7522.0,7523.0,GTERI,GTERI,ok,0.0
5424,537.4,537.8,2025-06-17 06:58:30,2025-06-17 06:59:13,7523.0,7525.0,GTERI,GTERI,ok,0.39999999999997726
5425,537.8,537.9,2025-06-17 06:59:13,2025-06-17 06:59:22,7525.0,7526.0,GTERI,GTERI,ok,0.10000000000002274
5426,537.9,538.7,2025-06-17 06:59:22,2025-06-17 07:00:13,7526.0,7527.0,GTERI,GTERI,ok,0.8000000000000682
5427,538.7,538.7,2025-06-17 07:00:13,2025-06-17 07:00:15,7527.0,7528.0,GTERI,GTERI,ok,0.0
5429,538.7,538.7,2025-06-17 07:00:15,2025-06-17 07:01:20,7528.0,7530.0,GTERI,GTERI,ok,0.0
5430,538.7,538.7,2025-06-17 07:01:20,2025-06-17 07:01:25,7530.0,7531.0,GTERI,GTIGF,ok,0.0
5431,538.7,538.7,2025-06-17 07:01:25,2025-06-17 07:01:25,7531.0,7532.0,GTIGF,GTSTT,ok,0.0
5432,538.7,538.7,2025-06-17 07:01:25,2025-06-17 07:01:26,7532.0,7533.0,GTSTT,GTERI,ok,0.0
5433,538.7,538.7,2025-06-17 07:01:26,2025-06-17 07:01:26,7533.0,7534.0,GTERI,GTIGL,ok,0.0
5434,538.7,538.7,2025-06-17 07:01:26,2025-06-17 07:02:08,7534.0,7535.0,GTIGL,GTSTT,ok,0.0
5465,538.7,538.7,2025-06-17 07:02:08,2025-06-17 08:01:21,7535.0,7566.0,GTSTT,GTERI,ok,0.0
5496,538.7,538.7,2025-06-17 08:01:21,2025-06-17 09:01:21,7566.0,7597.0,GTERI,GTERI,ok,0.0
5527,538.7,538.7,2025-06-17 09:01:21,2025-06-17 10:01:21,7597.0,7628.0,GTERI,GTERI,ok,0.0
5558,538.7,538.7,2025-06-17 10:01:21,2025-06-17 11:01:21,7628.0,7659.0,GTERI,GTERI,ok,0.0
5589,538.7,538.7,2025-06-17 11:01:21,2025-06-17 12:01:21,7659.0,7690.0,GTERI,GTERI,ok,0.0
5621,538.7,538.7,2025-06-17 12:01:21,2025-06-17 13:01:21,7690.0,7721.0,GTERI,GTERI,ok,0.0
5637,538.7,538.7,2025-06-17 13:01:21,2025-06-17 13:32:08,7721.0,7737.0,GTERI,GTIGN,ok,0.0
5638,538.7,538.7,2025-06-17 13:32:08,2025-06-17 13:32:08,7737.0,7738.0,GTIGN,GTSTT,ok,0.0
5639,538.7,538.8,2025-06-17 13:32:08,2025-06-17 13:33:07,7738.0,7739.0,GTSTT,GTERI,ok,0.09999999999990905
5640,538.8,538.8,2025-06-17 13:33:07,2025-06-17 13:33:07,7739.0,7740.0,GTERI,GTIGL,ok,0.0
5641,538.8,538.8,2025-06-17 13:33:07,2025-06-17 13:33:10,7740.0,7741.0,GTIGL,GTERI,ok,0.0
5642,538.8,538.8,2025-06-17 13:33:10,2025-06-17 13:33:12,7741.0,7742.0,GTERI,GTERI,ok,0.0
5644,538.8,538.9,2025-06-17 13:33:12,2025-06-17 13:33:29,7742.0,7744.0,GTERI,GTERI,ok,0.10000000000002274
5645,538.9,538.9,2025-06-17 13:33:29,2025-06-17 13:33:30,7744.0,7745.0,GTERI,GTERI,ok,0.0
5646,538.9,538.9,2025-06-17 13:33:30,2025-06-17 13:33:32,7745.0,7746.0,GTERI,GTERI,ok,0.0
5647,538.9,538.9,2025-06-17 13:33:32,2025-06-17 13:33:33,7746.0,7747.0,GTERI,GTERI,ok,0.0
5648,538.9,539.8,2025-06-17 13:33:33,2025-06-17 13:34:27,7747.0,7748.0,GTERI,GTERI,ok,0.8999999999999773
5649,539.8,539.9,2025-06-17 13:34:27,2025-06-17 13:34:35,7748.0,7749.0,GTERI,GTERI,ok,0.10000000000002274
5650,539.9,540.4,2025-06-17 13:34:35,2025-06-17 13:35:09,7749.0,7750.0,GTERI,GTERI,ok,0.5
5651,540.4,540.4,2025-06-17 13:35:09,2025-06-17 13:35:12,7750.0,7751.0,GTERI,GTERI,ok,0.0
5653,540.4,540.5,2025-06-17 13:35:12,2025-06-17 13:35:17,7751.0,7753.0,GTERI,GTERI,ok,0.10000000000002274
5654,540.5,541.0,2025-06-17 13:35:17,2025-06-17 13:35:45,7753.0,7754.0,GTERI,GTERI,ok,0.5
5656,541.0,543.2,2025-06-17 13:35:45,2025-06-17 13:37:51,7754.0,7756.0,GTERI,GTERI,ok,2.2000000000000455
5657,543.2,543.2,2025-06-17 13:37:51,2025-06-17 13:37:54,7756.0,7757.0,GTERI,GTERI,ok,0.0
5658,543.2,543.3,2025-06-17 13:37:54,2025-06-17 13:37:57,7757.0,7758.0,GTERI,GTERI,ok,0.09999999999990905
5659,543.3,543.3,2025-06-17 13:37:57,2025-06-17 13:38:00,7758.0,7759.0,GTERI,GTERI,ok,0.0
5660,543.3,543.3,2025-06-17 13:38:00,2025-06-17 13:38:03,7759.0,7760.0,GTERI,GTERI,ok,0.0
5661,543.3,543.4,2025-06-17 13:38:03,2025-06-17 13:38:06,7760.0,7761.0,GTERI,GTERI,ok,0.10000000000002274
5662,543.4,543.4,2025-06-17 13:38:06,2025-06-17 13:38:10,7761.0,7762.0,GTERI,GTERI,ok,0.0
5663,543.4,543.5,2025-06-17 13:38:10,2025-06-17 13:38:17,7762.0,7763.0,GTERI,GTERI,ok,0.10000000000002274
5665,543.5,546.2,2025-06-17 13:38:17,2025-06-17 13:40:07,7763.0,7765.0,GTERI,GTERI,ok,2.7000000000000455
5667,546.2,547.9,2025-06-17 13:40:07,2025-06-17 13:41:17,7765.0,7767.0,GTERI,GTERI,ok,1.6999999999999318
5668,547.9,549.5,2025-06-17 13:41:17,2025-06-17 13:42:41,7767.0,7768.0,GTERI,GTERI,ok,1.6000000000000227
5670,549.5,551.0,2025-06-17 13:42:41,2025-06-17 13:44:19,7768.0,7770.0,GTERI,GTERI,ok,1.5
5673,551.0,555.4,2025-06-17 13:44:19,2025-06-17 13:47:19,7770.0,7773.0,GTERI,GTERI,ok,4.399999999999977
5675,555.4,560.1,2025-06-17 13:47:19,2025-06-17 13:50:19,7773.0,7775.0,GTERI,GTERI,ok,4.7000000000000455
5677,560.1,564.4,2025-06-17 13:50:19,2025-06-17 13:53:19,7775.0,7777.0,GTERI,GTERI,ok,4.2999999999999545
5680,564.4,569.1,2025-06-17 13:53:19,2025-06-17 13:56:19,7777.0,7780.0,GTERI,GTERI,ok,4.7000000000000455
5682,569.1,574.0,2025-06-17 13:56:19,2025-06-17 13:59:19,7780.0,7782.0,GTERI,GTERI,ok,4.899999999999977
5685,574.0,578.8,2025-06-17 13:59:19,2025-06-17 14:02:19,7782.0,7785.0,GTERI,GTERI,ok,4.7999999999999545
5687,578.8,583.6,2025-06-17 14:02:19,2025-06-17 14:05:19,7785.0,7787.0,GTERI,GTERI,ok,4.800000000000068
5690,583.6,588.1,2025-06-17 14:05:19,2025-06-17 14:08:19,7787.0,7790.0,GTERI,GTERI,ok,4.5
5692,588.1,592.9,2025-06-17 14:08:19,2025-06-17 14:11:19,7790.0,7792.0,GTERI,GTERI,ok,4.7999999999999545
5695,592.9,597.7,2025-06-17 14:11:19,2025-06-17 14:14:19,7792.0,7795.0,GTERI,GTERI,ok,4.800000000000068
5697,597.7,602.6,2025-06-17 14:14:19,2025-06-17 14:17:19,7795.0,7797.0,GTERI,GTERI,ok,4.899999999999977
5700,602.6,607.3,2025-06-17 14:17:19,2025-06-17 14:20:19,7797.0,7800.0,GTERI,GTERI,ok,4.699999999999932
5702,607.3,612.2,2025-06-17 14:20:19,2025-06-17 14:23:19,7800.0,7802.0,GTERI,GTERI,ok,4.900000000000091
5705,612.2,617.0,2025-06-17 14:23:19,2025-06-17 14:26:19,7802.0,7805.0,GTERI,GTERI,ok,4.7999999999999545
5707,617.0,621.3,2025-06-17 14:26:19,2025-06-17 14:29:19,7805.0,7807.0,GTERI,GTERI,ok,4.2999999999999545
5710,621.3,625.9,2025-06-17 14:29:19,2025-06-17 14:32:19,7807.0,7810.0,GTERI,GTERI,ok,4.600000000000023
5712,625.9,627.8,2025-06-17 14:32:19,2025-06-17 14:33:52,7810.0,7812.0,GTERI,GTERI,ok,1.8999999999999773
5713,627.8,627.8,2025-06-17 14:33:52,2025-06-17 14:34:02,7812.0,7813.0,GTERI,GTERI,ok,0.0
5714,627.8,627.9,2025-06-17 14:34:02,2025-06-17 14:34:18,7813.0,7814.0,GTERI,GTERI,ok,0.10000000000002274
5715,627.9,627.9,2025-06-17 14:34:18,2025-06-17 14:34:20,7814.0,7815.0,GTERI,GTERI,ok,0.0
5716,627.9,627.9,2025-06-17 14:34:20,2025-06-17 14:34:22,7815.0,7816.0,GTERI,GTERI,ok,0.0
5717,627.9,627.9,2025-06-17 14:34:22,2025-06-17 14:34:23,7816.0,7817.0,GTERI,GTERI,ok,0.0
5718,627.9,627.9,2025-06-17 14:34:23,2025-06-17 14:34:25,7817.0,7818.0,GTERI,GTERI,ok,0.0
5719,627.9,627.9,2025-06-17 14:34:25,2025-06-17 14:34:29,7818.0,7819.0,GTERI,GTERI,ok,0.0
5720,627.9,627.9,2025-06-17 14:34:29,2025-06-17 14:34:56,7819.0,7820.0,GTERI,GTIGF,ok,0.0
5721,627.9,627.9,2025-06-17 14:34:56,2025-06-17 14:34:56,7820.0,7821.0,GTIGF,GTSTT,ok,0.0
5722,627.9,627.9,2025-06-17 14:34:56,2025-06-17 14:34:57,7821.0,7822.0,GTSTT,GTERI,ok,0.0
5723,627.9,627.9,2025-06-17 14:34:57,2025-06-17 14:34:57,7822.0,7823.0,GTERI,GTIGL,ok,0.0
5725,627.9,627.9,2025-06-17 14:34:57,2025-06-17 14:36:22,7823.0,7825.0,GTIGL,GTSTT,ok,0.0
5755,627.9,627.9,2025-06-17 14:36:22,2025-06-17 15:34:51,7825.0,7855.0,GTSTT,GTERI,ok,0.0
5779,627.9,627.9,2025-06-17 15:34:51,2025-06-17 16:21:20,7855.0,7879.0,GTERI,GTIGN,ok,0.0
5780,627.9,627.9,2025-06-17 16:21:20,2025-06-17 16:21:20,7879.0,7880.0,GTIGN,GTSTT,ok,0.0
5782,627.9,627.9,2025-06-17 16:21:20,2025-06-17 16:21:29,7880.0,7882.0,GTSTT,GTERI,ok,0.0
5783,627.9,627.9,2025-06-17 16:21:29,2025-06-17 16:21:29,7882.0,7883.0,GTERI,GTIGL,ok,0.0
5784,627.9,627.9,2025-06-17 16:21:29,2025-06-17 16:21:34,7883.0,7884.0,GTIGL,GTERI,ok,0.0
5785,627.9,628.0,2025-06-17 16:21:34,2025-06-17 16:21:40,7884.0,7885.0,GTERI,GTERI,ok,0.10000000000002274
5786,628.0,628.0,2025-06-17 16:21:40,2025-06-17 16:21:42,7885.0,7886.0,GTERI,GTERI,ok,0.0
5787,628.0,628.0,2025-06-17 16:21:42,2025-06-17 16:21:48,7886.0,7887.0,GTERI,GTERI,ok,0.0
5788,628.0,628.0,2025-06-17 16:21:48,2025-06-17 16:21:51,7887.0,7888.0,GTERI,GTERI,ok,0.0
5790,628.0,631.3,2025-06-17 16:21:51,2025-06-17 16:24:27,7888.0,7890.0,GTERI,GTERI,ok,3.2999999999999545
5791,631.3,631.9,2025-06-17 16:24:27,2025-06-17 16:24:59,7890.0,7891.0,GTERI,GTERI,ok,0.6000000000000227
5792,631.9,631.9,2025-06-17 16:24:59,2025-06-17 16:25:02,7891.0,7892.0,GTERI,GTERI,ok,0.0
5794,631.9,633.0,2025-06-17 16:25:02,2025-06-17 16:26:53,7892.0,7894.0,GTERI,GTERI,ok,1.1000000000000227
5795,633.0,633.0,2025-06-17 16:26:53,2025-06-17 16:26:55,7894.0,7895.0,GTERI,GTERI,ok,0.0
5796,633.0,633.0,2025-06-17 16:26:55,2025-06-17 16:26:57,7895.0,7896.0,GTERI,GTERI,ok,0.0
5797,633.0,633.0,2025-06-17 16:26:57,2025-06-17 16:27:16,7896.0,7897.0,GTERI,GTERI,ok,0.0
5798,633.0,633.1,2025-06-17 16:27:16,2025-06-17 16:27:23,7897.0,7898.0,GTERI,GTERI,ok,0.10000000000002274
5799,633.1,633.1,2025-06-17 16:27:23,2025-06-17 16:27:27,7898.0,7899.0,GTERI,GTERI,ok,0.0
5801,633.1,633.2,2025-06-17 16:27:27,2025-06-17 16:27:39,7899.0,7901.0,GTERI,GTERI,ok,0.10000000000002274
5802,633.2,633.2,2025-06-17 16:27:39,2025-06-17 16:27:41,7901.0,7902.0,GTERI,GTERI,ok,0.0
5803,633.2,633.5,2025-06-17 16:27:41,2025-06-17 16:28:28,7902.0,7903.0,GTERI,GTERI,ok,0.2999999999999545
5804,633.5,633.5,2025-06-17 16:28:28,2025-06-17 16:28:30,7903.0,7904.0,GTERI,GTIGF,ok,0.0
5805,633.5,633.5,2025-06-17 16:28:30,2025-06-17 16:28:30,7904.0,7905.0,GTIGF,GTSTT,ok,0.0
5806,633.5,633.5,2025-06-17 16:28:30,2025-06-17 16:28:30,7905.0,7906.0,GTSTT,GTERI,ok,0.0
5807,633.5,633.5,2025-06-17 16:28:30,2025-06-17 16:28:30,7906.0,7907.0,GTERI,GTIGL,ok,0.0
5808,633.5,633.5,2025-06-17 16:28:30,2025-06-17 16:29:15,7907.0,7908.0,GTIGL,GTSTT,ok,0.0
5815,633.5,633.5,2025-06-17 16:29:15,2025-06-17 16:40:19,7908.0,7915.0,GTSTT,GTIGN,ok,0.0
5816,633.5,633.5,2025-06-17 16:40:19,2025-06-17 16:40:19,7915.0,7916.0,GTIGN,GTSTT,ok,0.0
5817,633.5,633.5,2025-06-17 16:40:19,2025-06-17 16:40:27,7916.0,7917.0,GTSTT,GTERI,ok,0.0
5818,633.5,633.5,2025-06-17 16:40:27,2025-06-17 16:40:27,7917.0,7918.0,GTERI,GTIGL,ok,0.0
5819,633.5,633.5,2025-06-17 16:40:27,2025-06-17 16:40:39,7918.0,7919.0,GTIGL,GTERI,ok,0.0
5821,633.5,633.9,2025-06-17 16:40:39,2025-06-17 16:41:49,7919.0,7921.0,GTERI,GTERI,ok,0.39999999999997726
5822,633.9,633.9,2025-06-17 16:41:49,2025-06-17 16:41:51,7921.0,7922.0,GTERI,GTERI,ok,0.0
5823,633.9,634.5,2025-06-17 16:41:51,2025-06-17 16:43:26,7922.0,7923.0,GTERI,GTERI,ok,0.6000000000000227
5825,634.5,635.0,2025-06-17 16:43:26,2025-06-17 16:45:00,7923.0,7925.0,GTERI,GTERI,ok,0.5
5826,635.0,635.0,2025-06-17 16:45:00,2025-06-17 16:45:02,7925.0,7926.0,GTERI,GTERI,ok,0.0
5828,635.0,635.2,2025-06-17 16:45:02,2025-06-17 16:46:20,7926.0,7928.0,GTERI,GTSTT,ok,0.20000000000004547
5829,635.2,635.2,2025-06-17 16:46:20,2025-06-17 16:46:26,7928.0,7929.0,GTSTT,GTERI,ok,0.0
5830,635.2,635.2,2025-06-17 16:46:26,2025-06-17 16:46:39,7929.0,7930.0,GTERI,GTSTT,ok,0.0
5832,635.2,636.3,2025-06-17 16:46:39,2025-06-17 16:48:54,7930.0,7932.0,GTSTT,GTERI,ok,1.099999999999909
5833,636.3,636.3,2025-06-17 16:48:54,2025-06-17 16:48:55,7932.0,7933.0,GTERI,GTIGF,ok,0.0
5834,636.3,636.3,2025-06-17 16:48:55,2025-06-17 16:48:55,7933.0,7934.0,GTIGF,GTSTT,ok,0.0
5835,636.3,636.3,2025-06-17 16:48:55,2025-06-17 16:48:56,7934.0,7935.0,GTSTT,GTERI,ok,0.0
5836,636.3,636.3,2025-06-17 16:48:56,2025-06-17 16:48:56,7935.0,7936.0,GTERI,GTIGL,ok,0.0
5838,636.3,636.3,2025-06-17 16:48:56,2025-06-17 16:49:45,7936.0,7938.0,GTIGL,GTSTT,ok,0.0
5846,636.3,636.3,2025-06-17 16:49:45,2025-06-17 17:04:53,7938.0,7946.0,GTSTT,GTIGN,ok,0.0
5847,636.3,636.3,2025-06-17 17:04:53,2025-06-17 17:04:53,7946.0,7947.0,GTIGN,GTSTT,ok,0.0
5848,636.3,636.3,2025-06-17 17:04:53,2025-06-17 17:05:01,7947.0,7948.0,GTSTT,GTERI,ok,0.0
5849,636.3,636.3,2025-06-17 17:05:01,2025-06-17 17:05:01,7948.0,7949.0,GTERI,GTIGL,ok,0.0
5850,636.3,636.3,2025-06-17 17:05:01,2025-06-17 17:05:04,7949.0,7950.0,GTIGL,GTIGF,ok,0.0
5851,636.3,636.3,2025-06-17 17:05:04,2025-06-17 17:05:04,7950.0,7951.0,GTIGF,GTSTT,ok,0.0
5852,636.3,636.3,2025-06-17 17:05:04,2025-06-17 17:05:04,7951.0,7952.0,GTSTT,GTIGN,ok,0.0
5853,636.3,636.3,2025-06-17 17:05:04,2025-06-17 17:05:04,7952.0,7953.0,GTIGN,GTSTT,ok,0.0
5854,636.3,636.3,2025-06-17 17:05:04,2025-06-17 17:05:05,7953.0,7954.0,GTSTT,GTIGL,ok,0.0
5855,636.3,636.3,2025-06-17 17:05:05,2025-06-17 17:05:05,7954.0,7955.0,GTIGL,GTIGL,ok,0.0
5856,636.3,636.3,2025-06-17 17:05:05,2025-06-17 17:05:09,7955.0,7956.0,GTIGL,GTERI,ok,0.0
5857,636.3,636.3,2025-06-17 17:05:09,2025-06-17 17:05:10,7956.0,7957.0,GTERI,GTERI,ok,0.0
5858,636.3,636.3,2025-06-17 17:05:10,2025-06-17 17:05:17,7957.0,7958.0,GTERI,GTERI,ok,0.0
5860,636.3,637.6,2025-06-17 17:05:17,2025-06-17 17:07:04,7958.0,7960.0,GTERI,GTERI,ok,1.3000000000000682
5861,637.6,637.6,2025-06-17 17:07:04,2025-06-17 17:07:06,7960.0,7961.0,GTERI,GTERI,ok,0.0
5862,637.6,637.7,2025-06-17 17:07:06,2025-06-17 17:07:28,7961.0,7962.0,GTERI,GTERI,ok,0.10000000000002274
5863,637.7,637.7,2025-06-17 17:07:28,2025-06-17 17:07:30,7962.0,7963.0,GTERI,GTERI,ok,0.0
5865,637.7,637.9,2025-06-17 17:07:30,2025-06-17 17:07:44,7963.0,7965.0,GTERI,GTERI,ok,0.1999999999999318
5866,637.9,637.9,2025-06-17 17:07:44,2025-06-17 17:07:45,7965.0,7966.0,GTERI,GTERI,ok,0.0
5867,637.9,637.9,2025-06-17 17:07:45,2025-06-17 17:07:47,7966.0,7967.0,GTERI,GTERI,ok,0.0
5868,637.9,637.9,2025-06-17 17:07:47,2025-06-17 17:08:00,7967.0,7968.0,GTERI,GTERI,ok,0.0
5869,637.9,638.0,2025-06-17 17:08:00,2025-06-17 17:08:02,7968.0,7969.0,GTERI,GTERI,ok,0.10000000000002274
5870,638.0,638.0,2025-06-17 17:08:02,2025-06-17 17:08:10,7969.0,7970.0,GTERI,GTERI,ok,0.0
5872,638.0,638.9,2025-06-17 17:08:10,2025-06-17 17:09:42,7970.0,7972.0,GTERI,GTERI,ok,0.8999999999999773
5873,638.9,638.9,2025-06-17 17:09:42,2025-06-17 17:09:44,7972.0,7973.0,GTERI,GTERI,ok,0.0
5874,638.9,639.0,2025-06-17 17:09:44,2025-06-17 17:09:53,7973.0,7974.0,GTERI,GTERI,ok,0.10000000000002274
5875,639.0,639.0,2025-06-17 17:09:53,2025-06-17 17:10:02,7974.0,7975.0,GTERI,GTIGF,ok,0.0
5876,639.0,639.0,2025-06-17 17:10:02,2025-06-17 17:10:02,7975.0,7976.0,GTIGF,GTSTT,ok,0.0
5877,639.0,639.0,2025-06-17 17:10:02,2025-06-17 17:10:03,7976.0,7977.0,GTSTT,GTERI,ok,0.0
5878,639.0,639.0,2025-06-17 17:10:03,2025-06-17 17:10:03,7977.0,7978.0,GTERI,GTIGL,ok,0.0
5879,639.0,639.0,2025-06-17 17:10:03,2025-06-17 17:10:45,7978.0,7979.0,GTIGL,GTSTT,ok,0.0
5910,639.0,639.0,2025-06-17 17:10:45,2025-06-17 18:09:58,7979.0,8010.0,GTSTT,GTERI,ok,0.0
5941,639.0,639.0,2025-06-17 18:09:58,2025-06-17 19:09:58,8010.0,8041.0,GTERI,GTERI,ok,0.0
5972,639.0,639.0,2025-06-17 19:09:58,2025-06-17 20:09:58,8041.0,8072.0,GTERI,GTERI,ok,0.0
6003,639.0,639.0,2025-06-17 20:09:58,2025-06-17 21:09:58,8072.0,8103.0,GTERI,GTERI,ok,0.0
6034,639.0,639.0,2025-06-17 21:09:58,2025-06-17 22:09:58,8103.0,8134.0,GTERI,GTERI,ok,0.0
6065,639.0,639.0,2025-06-17 22:09:58,2025-06-17 23:09:58,8134.0,8165.0,GTERI,GTERI,ok,0.0
6096,639.0,639.0,2025-06-17 23:09:58,2025-06-18 00:09:58,8165.0,8196.0,GTERI,GTERI,ok,0.0
6127,639.0,639.0,2025-06-18 00:09:58,2025-06-18 01:09:58,8196.0,8227.0,GTERI,GTERI,ok,0.0
6157,639.0,639.0,2025-06-18 01:09:58,2025-06-18 02:09:58,8227.0,8257.0,GTERI,GTERI,ok,0.0
6188,639.0,639.0,2025-06-18 02:09:58,2025-06-18 03:09:58,8257.0,8288.0,GTERI,GTERI,ok,0.0
6219,639.0,639.0,2025-06-18 03:09:58,2025-06-18 04:09:58,8288.0,8319.0,GTERI,GTERI,ok,0.0
6250,639.0,639.0,2025-06-18 04:09:58,2025-06-18 05:09:58,8319.0,8350.0,GTERI,GTERI,ok,0.0
6281,639.0,639.0,2025-06-18 05:09:58,2025-06-18 06:09:58,8350.0,8381.0,GTERI,GTERI,ok,0.0
6299,639.0,639.0,2025-06-18 06:09:58,2025-06-18 06:43:41,8381.0,8399.0,GTERI,GTIGN,ok,0.0
6300,639.0,639.0,2025-06-18 06:43:41,2025-06-18 06:43:41,8399.0,8400.0,GTIGN,GTSTT,ok,0.0
6301,639.0,639.0,2025-06-18 06:43:41,2025-06-18 06:43:50,8400.0,8401.0,GTSTT,GTERI,ok,0.0
6302,639.0,639.0,2025-06-18 06:43:50,2025-06-18 06:43:50,8401.0,8402.0,GTERI,GTIGL,ok,0.0
6304,639.0,639.0,2025-06-18 06:43:50,2025-06-18 06:44:55,8402.0,8404.0,GTIGL,GTSTT,ok,0.0
6306,639.0,639.0,2025-06-18 06:44:55,2025-06-18 06:46:49,8404.0,8406.0,GTSTT,GTERI,ok,0.0
6308,639.0,639.0,2025-06-18 06:46:49,2025-06-18 06:49:29,8406.0,8408.0,GTERI,GTSTT,ok,0.0
6309,639.0,639.0,2025-06-18 06:49:29,2025-06-18 06:49:49,8408.0,8409.0,GTSTT,GTERI,ok,0.0
6310,639.0,639.0,2025-06-18 06:49:49,2025-06-18 06:50:01,8409.0,8410.0,GTERI,GTERI,ok,0.0
6311,639.0,639.0,2025-06-18 06:50:01,2025-06-18 06:50:03,8410.0,8411.0,GTERI,GTERI,ok,0.0
6313,639.0,639.1,2025-06-18 06:50:03,2025-06-18 06:50:17,8411.0,8413.0,GTERI,GTERI,ok,0.10000000000002274
6314,639.1,639.1,2025-06-18 06:50:17,2025-06-18 06:50:19,8413.0,8414.0,GTERI,GTERI,ok,0.0
6315,639.1,639.1,2025-06-18 06:50:19,2025-06-18 06:50:21,8414.0,8415.0,GTERI,GTERI,ok,0.0
6316,639.1,640.2,2025-06-18 06:50:21,2025-06-18 06:52:02,8415.0,8416.0,GTERI,GTERI,ok,1.1000000000000227
6317,640.2,640.2,2025-06-18 06:52:02,2025-06-18 06:52:04,8416.0,8417.0,GTERI,GTERI,ok,0.0
6318,640.2,640.2,2025-06-18 06:52:04,2025-06-18 06:52:15,8417.0,8418.0,GTERI,GTERI,ok,0.0
6320,640.2,640.3,2025-06-18 06:52:15,2025-06-18 06:52:28,8418.0,8420.0,GTERI,GTERI,ok,0.09999999999990905
6321,640.3,640.6,2025-06-18 06:52:28,2025-06-18 06:52:49,8420.0,8421.0,GTERI,GTERI,ok,0.3000000000000682
6323,640.6,642.0,2025-06-18 06:52:49,2025-06-18 06:55:02,8421.0,8423.0,GTERI,GTERI,ok,1.3999999999999773
6324,642.0,642.0,2025-06-18 06:55:02,2025-06-18 06:55:16,8423.0,8424.0,GTERI,GTERI,ok,0.0
6325,642.0,642.0,2025-06-18 06:55:16,2025-06-18 06:55:18,8424.0,8425.0,GTERI,GTERI,ok,0.0
6326,642.0,642.0,2025-06-18 06:55:18,2025-06-18 06:55:20,8425.0,8426.0,GTERI,GTERI,ok,0.0
6327,642.0,642.6,2025-06-18 06:55:20,2025-06-18 06:55:49,8426.0,8427.0,GTERI,GTERI,ok,0.6000000000000227
6330,642.6,647.1,2025-06-18 06:55:49,2025-06-18 06:58:49,8427.0,8430.0,GTERI,GTERI,ok,4.5
6332,647.1,652.0,2025-06-18 06:58:49,2025-06-18 07:01:49,8430.0,8432.0,GTERI,GTERI,ok,4.899999999999977
6335,652.0,656.8,2025-06-18 07:01:49,2025-06-18 07:04:49,8432.0,8435.0,GTERI,GTERI,ok,4.7999999999999545
6337,656.8,661.6,2025-06-18 07:04:49,2025-06-18 07:07:49,8435.0,8437.0,GTERI,GTERI,ok,4.800000000000068
6340,661.6,666.2,2025-06-18 07:07:49,2025-06-18 07:10:49,8437.0,8440.0,GTERI,GTERI,ok,4.600000000000023
6342,666.2,671.2,2025-06-18 07:10:49,2025-06-18 07:13:49,8440.0,8442.0,GTERI,GTERI,ok,5.0
6345,671.2,675.7,2025-06-18 07:13:49,2025-06-18 07:16:49,8442.0,8445.0,GTERI,GTERI,ok,4.5
6347,675.7,680.8,2025-06-18 07:16:49,2025-06-18 07:19:49,8445.0,8447.0,GTERI,GTERI,ok,5.099999999999909
6350,680.8,685.8,2025-06-18 07:19:49,2025-06-18 07:22:49,8447.0,8450.0,GTERI,GTERI,ok,5.0
6352,685.8,690.3,2025-06-18 07:22:49,2025-06-18 07:25:36,8450.0,8452.0,GTERI,GTERI,ok,4.5
6353,690.3,690.4,2025-06-18 07:25:36,2025-06-18 07:25:44,8452.0,8453.0,GTERI,GTERI,ok,0.10000000000002274
6354,690.4,690.4,2025-06-18 07:25:44,2025-06-18 07:25:46,8453.0,8454.0,GTERI,GTERI,ok,0.0
6355,690.4,690.4,2025-06-18 07:25:46,2025-06-18 07:25:49,8454.0,8455.0,GTERI,GTERI,ok,0.0
6358,690.4,694.7,2025-06-18 07:25:49,2025-06-18 07:28:34,8455.0,8458.0,GTERI,GTERI,ok,4.300000000000068
6359,694.7,695.2,2025-06-18 07:28:34,2025-06-18 07:28:49,8458.0,8459.0,GTERI,GTERI,ok,0.5
6361,695.2,700.0,2025-06-18 07:28:49,2025-06-18 07:31:49,8459.0,8461.0,GTERI,GTERI,ok,4.7999999999999545
6364,700.0,701.0,2025-06-18 07:31:49,2025-06-18 07:32:27,8461.0,8463.0,GTERI,GTERI,ok,1.0
6365,701.0,701.2,2025-06-18 07:32:27,2025-06-18 07:32:38,8463.0,8464.0,GTERI,GTERI,ok,0.20000000000004547
6363,701.2,701.8,2025-06-18 07:32:38,2025-06-18 07:33:19,8464.0,8465.0,GTERI,GTPDP,ok,0.599999999999909
6366,701.8,702.7,2025-06-18 07:33:19,2025-06-18 07:34:42,8465.0,8466.0,GTPDP,GTERI,ok,0.900000000000091
6367,702.7,702.8,2025-06-18 07:34:42,2025-06-18 07:34:49,8466.0,8467.0,GTERI,GTERI,ok,0.09999999999990905
6368,702.8,703.1,2025-06-18 07:34:49,2025-06-18 07:35:07,8467.0,8468.0,GTERI,GTERI,ok,0.3000000000000682
6369,703.1,703.4,2025-06-18 07:35:07,2025-06-18 07:35:25,8468.0,8469.0,GTERI,GTERI,ok,0.2999999999999545
6370,703.4,703.5,2025-06-18 07:35:25,2025-06-18 07:35:32,8469.0,8470.0,GTERI,GTERI,ok,0.10000000000002274
6371,703.5,703.6,2025-06-18 07:35:32,2025-06-18 07:35:49,8470.0,8471.0,GTERI,GTERI,ok,0.10000000000002274
6373,703.6,705.5,2025-06-18 07:35:49,2025-06-18 07:37:49,8471.0,8473.0,GTERI,GTERI,ok,1.8999999999999773
6374,705.5,705.7,2025-06-18 07:37:49,2025-06-18 07:38:02,8473.0,8474.0,GTERI,GTERI,ok,0.20000000000004547
6377,705.7,709.8,2025-06-18 07:38:02,2025-06-18 07:40:49,8474.0,8477.0,GTERI,GTERI,ok,4.099999999999909
6381,709.8,713.4,2025-06-18 07:40:49,2025-06-18 07:42:58,8477.0,8479.0,GTERI,GTPDP,ok,3.6000000000000227
6382,713.4,714.8,2025-06-18 07:42:58,2025-06-18 07:43:49,8479.0,8480.0,GTPDP,GTERI,ok,1.3999999999999773
6384,714.8,717.1,2025-06-18 07:43:49,2025-06-18 07:45:11,8480.0,8482.0,GTERI,GTPDP,ok,2.300000000000068
6385,717.1,718.9,2025-06-18 07:45:11,2025-06-18 07:46:14,8482.0,8484.0,GTPDP,GTERI,ok,1.7999999999999545
6386,718.9,718.9,2025-06-18 07:46:14,2025-06-18 07:46:22,8484.0,8485.0,GTERI,GTERI,ok,0.0
6387,718.9,718.9,2025-06-18 07:46:22,2025-06-18 07:46:24,8485.0,8486.0,GTERI,GTERI,ok,0.0
6388,718.9,719.5,2025-06-18 07:46:24,2025-06-18 07:46:50,8486.0,8487.0,GTERI,GTERI,ok,0.6000000000000227
6391,719.5,723.3,2025-06-18 07:46:50,2025-06-18 07:49:03,8487.0,8489.0,GTERI,GTPDP,ok,3.7999999999999545
6392,723.3,724.6,2025-06-18 07:49:03,2025-06-18 07:49:50,8489.0,8491.0,GTPDP,GTERI,ok,1.3000000000000682
6393,724.6,729.7,2025-06-18 07:49:50,2025-06-18 07:52:50,8491.0,8492.0,GTERI,GTERI,ok,5.100000000000023
6394,729.7,731.6,2025-06-18 07:52:50,2025-06-18 07:54:05,8492.0,8493.0,GTERI,GTERI,ok,1.8999999999999773
6395,731.6,732.6,2025-06-18 07:54:05,2025-06-18 07:54:48,8493.0,8494.0,GTERI,GTERI,ok,1.0
6397,732.6,734.1,2025-06-18 07:54:48,2025-06-18 07:55:44,8494.0,8495.0,GTERI,GTPDP,ok,1.5
6398,734.1,734.2,2025-06-18 07:55:44,2025-06-18 07:55:50,8495.0,8496.0,GTPDP,GTERI,ok,0.10000000000002274
6399,734.2,734.9,2025-06-18 07:55:50,2025-06-18 07:56:15,8496.0,8497.0,GTERI,GTERI,ok,0.6999999999999318
6400,734.9,735.5,2025-06-18 07:56:15,2025-06-18 07:56:37,8497.0,8498.0,GTERI,GTERI,ok,0.6000000000000227
6401,735.5,737.8,2025-06-18 07:56:37,2025-06-18 07:58:05,8498.0,8500.0,GTERI,GTERI,ok,2.2999999999999545
6402,737.8,737.8,2025-06-18 07:58:05,2025-06-18 07:58:05,8500.0,8500.0,GTERI,GTERI,ok,0.0
6403,737.8,738.5,2025-06-18 07:58:05,2025-06-18 07:58:32,8500.0,8501.0,GTERI,GTERI,ok,0.7000000000000455
6404,738.5,739.0,2025-06-18 07:58:32,2025-06-18 07:58:50,8501.0,8502.0,GTERI,GTERI,ok,0.5
6405,739.0,739.7,2025-06-18 07:58:50,2025-06-18 07:59:15,8502.0,8503.0,GTERI,GTERI,ok,0.7000000000000455
6407,739.7,740.3,2025-06-18 07:59:15,2025-06-18 07:59:36,8503.0,8505.0,GTERI,GTERI,ok,0.599999999999909
6410,740.3,743.1,2025-06-18 07:59:36,2025-06-18 08:01:22,8505.0,8506.0,GTERI,GTERI,ok,2.800000000000068
6411,743.1,743.9,2025-06-18 08:01:22,2025-06-18 08:01:50,8506.0,8508.0,GTERI,GTERI,ok,0.7999999999999545
6409,743.9,743.9,2025-06-18 08:01:50,2025-06-18 08:01:52,8508.0,8509.0,GTERI,GTPDP,ok,0.0
6414,743.9,747.0,2025-06-18 08:01:52,2025-06-18 08:03:49,8509.0,8510.0,GTPDP,GTERI,ok,3.1000000000000227
6413,747.0,747.9,2025-06-18 08:03:49,2025-06-18 08:04:19,8510.0,8512.0,GTERI,GTPDP,ok,0.8999999999999773
6416,747.9,748.7,2025-06-18 08:04:19,2025-06-18 08:04:50,8512.0,8513.0,GTPDP,GTERI,ok,0.8000000000000682
6417,748.7,749.1,2025-06-18 08:04:50,2025-06-18 08:05:03,8513.0,8514.0,GTERI,GTERI,ok,0.39999999999997726
6418,749.1,751.5,2025-06-18 08:05:03,2025-06-18 08:06:32,8514.0,8515.0,GTERI,GTERI,ok,2.3999999999999773
6419,751.5,751.7,2025-06-18 08:06:32,2025-06-18 08:06:39,8515.0,8516.0,GTERI,GTERI,ok,0.20000000000004547
6420,751.7,752.4,2025-06-18 08:06:39,2025-06-18 08:07:04,8516.0,8518.0,GTERI,GTERI,ok,0.6999999999999318
6421,752.4,753.6,2025-06-18 08:07:04,2025-06-18 08:07:50,8518.0,8520.0,GTERI,GTERI,ok,1.2000000000000455
6422,753.6,753.6,2025-06-18 08:07:50,2025-06-18 08:07:50,8520.0,8520.0,GTERI,GTERI,ok,0.0
6425,753.6,753.6,2025-06-18 08:07:50,2025-06-18 08:07:50,8520.0,8520.0,GTERI,GTERI,ok,0.0
6426,753.6,754.3,2025-06-18 08:07:50,2025-06-18 08:08:20,8520.0,8521.0,GTERI,GTERI,ok,0.6999999999999318
6424,754.3,754.4,2025-06-18 08:08:20,2025-06-18 08:08:24,8521.0,8522.0,GTERI,GTPDP,ok,0.10000000000002274
6427,754.4,758.3,2025-06-18 08:08:24,2025-06-18 08:10:50,8522.0,8524.0,GTPDP,GTERI,ok,3.8999999999999773
6428,758.3,759.6,2025-06-18 08:10:50,2025-06-18 08:11:38,8524.0,8525.0,GTERI,GTERI,ok,1.3000000000000682
6429,759.6,760.0,2025-06-18 08:11:38,2025-06-18 08:11:55,8525.0,8526.0,GTERI,GTERI,ok,0.39999999999997726
6430,760.0,760.5,2025-06-18 08:11:55,2025-06-18 08:12:15,8526.0,8527.0,GTERI,GTERI,ok,0.5
6432,760.5,762.8,2025-06-18 08:12:15,2025-06-18 08:13:50,8527.0,8529.0,GTERI,GTERI,ok,2.2999999999999545
6433,762.8,763.2,2025-06-18 08:13:50,2025-06-18 08:14:06,8529.0,8530.0,GTERI,GTERI,ok,0.40000000000009095
6435,763.2,766.4,2025-06-18 08:14:06,2025-06-18 08:16:25,8530.0,8532.0,GTERI,GTERI,ok,3.199999999999932
6436,766.4,766.4,2025-06-18 08:16:25,2025-06-18 08:16:27,8532.0,8533.0,GTERI,GTERI,ok,0.0
6438,766.4,766.6,2025-06-18 08:16:27,2025-06-18 08:16:50,8533.0,8535.0,GTERI,GTERI,ok,0.20000000000004547
6439,766.6,766.9,2025-06-18 08:16:50,2025-06-18 08:17:24,8535.0,8536.0,GTERI,GTERI,ok,0.2999999999999545
6440,766.9,766.9,2025-06-18 08:17:24,2025-06-18 08:17:26,8536.0,8537.0,GTERI,GTERI,ok,0.0
6441,766.9,766.9,2025-06-18 08:17:26,2025-06-18 08:17:28,8537.0,8538.0,GTERI,GTERI,ok,0.0
6442,766.9,766.9,2025-06-18 08:17:28,2025-06-18 08:17:36,8538.0,8539.0,GTERI,GTERI,ok,0.0
6443,766.9,766.9,2025-06-18 08:17:36,2025-06-18 08:17:38,8539.0,8540.0,GTERI,GTERI,ok,0.0
6444,766.9,766.9,2025-06-18 08:17:38,2025-06-18 08:17:40,8540.0,8541.0,GTERI,GTERI,ok,0.0
6445,766.9,766.9,2025-06-18 08:17:40,2025-06-18 08:17:43,8541.0,8542.0,GTERI,GTERI,ok,0.0
6446,766.9,766.9,2025-06-18 08:17:43,2025-06-18 08:17:44,8542.0,8543.0,GTERI,GTERI,ok,0.0
6447,766.9,766.9,2025-06-18 08:17:44,2025-06-18 08:17:55,8543.0,8544.0,GTERI,GTIGF,ok,0.0
6448,766.9,766.9,2025-06-18 08:17:55,2025-06-18 08:17:55,8544.0,8545.0,GTIGF,GTSTT,ok,0.0
6449,766.9,766.9,2025-06-18 08:17:55,2025-06-18 08:17:56,8545.0,8546.0,GTSTT,GTERI,ok,0.0
6450,766.9,766.9,2025-06-18 08:17:56,2025-06-18 08:17:56,8546.0,8547.0,GTERI,GTIGL,ok,0.0
6452,766.9,766.9,2025-06-18 08:17:56,2025-06-18 08:19:18,8547.0,8549.0,GTIGL,GTSTT,ok,0.0
6468,766.9,766.9,2025-06-18 08:19:18,2025-06-18 08:50:05,8549.0,8565.0,GTSTT,GTIGN,ok,0.0
6469,766.9,766.9,2025-06-18 08:50:05,2025-06-18 08:50:05,8565.0,8566.0,GTIGN,GTSTT,ok,0.0
6470,766.9,766.9,2025-06-18 08:50:05,2025-06-18 08:50:12,8566.0,8567.0,GTSTT,GTERI,ok,0.0
6471,766.9,766.9,2025-06-18 08:50:12,2025-06-18 08:50:12,8567.0,8568.0,GTERI,GTIGL,ok,0.0
6472,766.9,766.9,2025-06-18 08:50:12,2025-06-18 08:50:18,8568.0,8569.0,GTIGL,GTERI,ok,0.0
6473,766.9,766.9,2025-06-18 08:50:18,2025-06-18 08:50:22,8569.0,8570.0,GTERI,GTERI,ok,0.0
6474,766.9,766.9,2025-06-18 08:50:22,2025-06-18 08:50:27,8570.0,8571.0,GTERI,GTERI,ok,0.0
6475,766.9,767.0,2025-06-18 08:50:27,2025-06-18 08:50:30,8571.0,8572.0,GTERI,GTERI,ok,0.10000000000002274
6476,767.0,767.0,2025-06-18 08:50:30,2025-06-18 08:50:34,8572.0,8573.0,GTERI,GTERI,ok,0.0
6478,767.0,767.5,2025-06-18 08:50:34,2025-06-18 08:51:24,8573.0,8575.0,GTERI,GTERI,ok,0.5
6479,767.5,767.5,2025-06-18 08:51:24,2025-06-18 08:51:27,8575.0,8576.0,GTERI,GTERI,ok,0.0
6480,767.5,767.8,2025-06-18 08:51:27,2025-06-18 08:52:13,8576.0,8577.0,GTERI,GTERI,ok,0.2999999999999545
6481,767.8,767.8,2025-06-18 08:52:13,2025-06-18 08:52:25,8577.0,8578.0,GTERI,GTERI,ok,0.0
6482,767.8,768.0,2025-06-18 08:52:25,2025-06-18 08:52:41,8578.0,8579.0,GTERI,GTERI,ok,0.20000000000004547
6483,768.0,768.0,2025-06-18 08:52:41,2025-06-18 08:52:43,8579.0,8580.0,GTERI,GTERI,ok,0.0
6485,768.0,768.1,2025-06-18 08:52:43,2025-06-18 08:53:05,8580.0,8582.0,GTERI,GTERI,ok,0.10000000000002274
6486,768.1,768.1,2025-06-18 08:53:05,2025-06-18 08:53:07,8582.0,8583.0,GTERI,GTERI,ok,0.0
6487,768.1,768.1,2025-06-18 08:53:07,2025-06-18 08:53:08,8583.0,8584.0,GTERI,GTIGF,ok,0.0
6488,768.1,768.1,2025-06-18 08:53:08,2025-06-18 08:53:08,8584.0,8585.0,GTIGF,GTSTT,ok,0.0
6489,768.1,768.1,2025-06-18 08:53:08,2025-06-18 08:53:09,8585.0,8586.0,GTSTT,GTERI,ok,0.0
6490,768.1,768.1,2025-06-18 08:53:09,2025-06-18 08:53:09,8586.0,8587.0,GTERI,GTIGL,ok,0.0
6491,768.1,768.1,2025-06-18 08:53:09,2025-06-18 08:53:55,8587.0,8588.0,GTIGL,GTSTT,ok,0.0
6496,768.1,768.1,2025-06-18 08:53:55,2025-06-18 09:01:24,8588.0,8593.0,GTSTT,GTIGN,ok,0.0
6497,768.1,768.1,2025-06-18 09:01:24,2025-06-18 09:01:24,8593.0,8594.0,GTIGN,GTSTT,ok,0.0
6498,768.1,768.1,2025-06-18 09:01:24,2025-06-18 09:01:32,8594.0,8595.0,GTSTT,GTERI,ok,0.0
6499,768.1,768.1,2025-06-18 09:01:32,2025-06-18 09:01:32,8595.0,8596.0,GTERI,GTIGL,ok,0.0
6500,768.1,768.1,2025-06-18 09:01:32,2025-06-18 09:02:07,8596.0,8597.0,GTIGL,GTERI,ok,0.0
6501,768.1,768.3,2025-06-18 09:02:07,2025-06-18 09:02:33,8597.0,8598.0,GTERI,GTERI,ok,0.1999999999999318
6502,768.3,768.3,2025-06-18 09:02:33,2025-06-18 09:02:35,8598.0,8599.0,GTERI,GTERI,ok,0.0
6504,768.3,768.5,2025-06-18 09:02:35,2025-06-18 09:03:02,8599.0,8601.0,GTERI,GTERI,ok,0.20000000000004547
6505,768.5,769.1,2025-06-18 09:03:02,2025-06-18 09:04:10,8601.0,8602.0,GTERI,GTERI,ok,0.6000000000000227
6506,769.1,769.1,2025-06-18 09:04:10,2025-06-18 09:04:12,8602.0,8603.0,GTERI,GTERI,ok,0.0
6507,769.1,769.2,2025-06-18 09:04:12,2025-06-18 09:04:26,8603.0,8604.0,GTERI,GTERI,ok,0.10000000000002274
6508,769.2,769.2,2025-06-18 09:04:26,2025-06-18 09:04:30,8604.0,8605.0,GTERI,GTERI,ok,0.0
6509,769.2,769.2,2025-06-18 09:04:30,2025-06-18 09:04:30,8605.0,8606.0,GTERI,GTERI,ok,0.0
6510,769.2,769.3,2025-06-18 09:04:30,2025-06-18 09:04:42,8606.0,8607.0,GTERI,GTERI,ok,0.09999999999990905
6512,769.3,769.5,2025-06-18 09:04:42,2025-06-18 09:05:01,8607.0,8609.0,GTERI,GTERI,ok,0.20000000000004547
6513,769.5,769.5,2025-06-18 09:05:01,2025-06-18 09:05:03,8609.0,8610.0,GTERI,GTERI,ok,0.0
6514,769.5,769.5,2025-06-18 09:05:03,2025-06-18 09:05:14,8610.0,8611.0,GTERI,GTERI,ok,0.0
6515,769.5,769.5,2025-06-18 09:05:14,2025-06-18 09:05:16,8611.0,8612.0,GTERI,GTERI,ok,0.0
6516,769.5,769.5,2025-06-18 09:05:16,2025-06-18 09:05:19,8612.0,8613.0,GTERI,GTIGF,ok,0.0
6517,769.5,769.5,2025-06-18 09:05:19,2025-06-18 09:05:19,8613.0,8614.0,GTIGF,GTSTT,ok,0.0
6518,769.5,769.5,2025-06-18 09:05:19,2025-06-18 09:05:19,8614.0,8615.0,GTSTT,GTERI,ok,0.0
6519,769.5,769.5,2025-06-18 09:05:19,2025-06-18 09:05:19,8615.0,8616.0,GTERI,GTIGL,ok,0.0
6520,769.5,769.5,2025-06-18 09:05:19,2025-06-18 09:06:05,8616.0,8617.0,GTIGL,GTIGN,ok,0.0
6521,769.5,769.5,2025-06-18 09:06:05,2025-06-18 09:06:05,8617.0,8618.0,GTIGN,GTSTT,ok,0.0
6522,769.5,769.5,2025-06-18 09:06:05,2025-06-18 09:06:06,8618.0,8619.0,GTSTT,GTIGL,ok,0.0
6523,769.5,769.5,2025-06-18 09:06:06,2025-06-18 09:06:10,8619.0,8620.0,GTIGL,GTERI,ok,0.0
6524,769.5,769.5,2025-06-18 09:06:10,2025-06-18 09:06:22,8620.0,8621.0,GTERI,GTERI,ok,0.0
6525,769.5,769.5,2025-06-18 09:06:22,2025-06-18 09:06:24,8621.0,8622.0,GTERI,GTERI,ok,0.0
6527,769.5,769.6,2025-06-18 09:06:24,2025-06-18 09:06:58,8622.0,8624.0,GTERI,GTERI,ok,0.10000000000002274
6528,769.6,769.7,2025-06-18 09:06:58,2025-06-18 09:07:00,8624.0,8625.0,GTERI,GTERI,ok,0.10000000000002274
6529,769.7,770.0,2025-06-18 09:07:00,2025-06-18 09:07:34,8625.0,8626.0,GTERI,GTERI,ok,0.2999999999999545
6530,770.0,770.0,2025-06-18 09:07:34,2025-06-18 09:07:36,8626.0,8627.0,GTERI,GTERI,ok,0.0
6531,770.0,770.0,2025-06-18 09:07:36,2025-06-18 09:07:45,8627.0,8628.0,GTERI,GTERI,ok,0.0
6532,770.0,770.1,2025-06-18 09:07:45,2025-06-18 09:07:47,8628.0,8629.0,GTERI,GTERI,ok,0.10000000000002274
6533,770.1,770.1,2025-06-18 09:07:47,2025-06-18 09:07:54,8629.0,8630.0,GTERI,GTERI,ok,0.0
6534,770.1,770.1,2025-06-18 09:07:54,2025-06-18 09:08:09,8630.0,8631.0,GTERI,GTERI,ok,0.0
6535,770.1,770.1,2025-06-18 09:08:09,2025-06-18 09:08:12,8631.0,8632.0,GTERI,GTERI,ok,0.0
6537,770.1,770.6,2025-06-18 09:08:12,2025-06-18 09:08:48,8632.0,8634.0,GTERI,GTERI,ok,0.5
6538,770.6,770.7,2025-06-18 09:08:48,2025-06-18 09:08:51,8634.0,8635.0,GTERI,GTERI,ok,0.10000000000002274
6539,770.7,770.8,2025-06-18 09:08:51,2025-06-18 09:09:10,8635.0,8636.0,GTERI,GTERI,ok,0.09999999999990905
6540,770.8,771.1,2025-06-18 09:09:10,2025-06-18 09:09:47,8636.0,8637.0,GTERI,GTERI,ok,0.3000000000000682
6541,771.1,771.2,2025-06-18 09:09:47,2025-06-18 09:09:49,8637.0,8638.0,GTERI,GTERI,ok,0.10000000000002274
6542,771.2,771.2,2025-06-18 09:09:49,2025-06-18 09:09:51,8638.0,8639.0,GTERI,GTERI,ok,0.0
6543,771.2,771.2,2025-06-18 09:09:51,2025-06-18 09:09:57,8639.0,8640.0,GTERI,GTERI,ok,0.0
6544,771.2,771.2,2025-06-18 09:09:57,2025-06-18 09:09:59,8640.0,8641.0,GTERI,GTERI,ok,0.0
6545,771.2,771.2,2025-06-18 09:09:59,2025-06-18 09:10:03,8641.0,8642.0,GTERI,GTERI,ok,0.0
6546,771.2,771.2,2025-06-18 09:10:03,2025-06-18 09:10:05,8642.0,8643.0,GTERI,GTERI,ok,0.0
6547,771.2,771.2,2025-06-18 09:10:05,2025-06-18 09:10:14,8643.0,8644.0,GTERI,GTIGF,ok,0.0
6548,771.2,771.2,2025-06-18 09:10:14,2025-06-18 09:10:14,8644.0,8645.0,GTIGF,GTSTT,ok,0.0
6549,771.2,771.2,2025-06-18 09:10:14,2025-06-18 09:10:14,8645.0,8646.0,GTSTT,GTERI,ok,0.0
6550,771.2,771.2,2025-06-18 09:10:14,2025-06-18 09:10:14,8646.0,8647.0,GTERI,GTIGL,ok,0.0
6552,771.2,771.2,2025-06-18 09:10:14,2025-06-18 09:11:02,8647.0,8649.0,GTIGL,GTSTT,ok,0.0
6582,771.2,771.2,2025-06-18 09:11:02,2025-06-18 10:10:10,8649.0,8679.0,GTSTT,GTERI,ok,0.0
6613,771.2,771.2,2025-06-18 10:10:10,2025-06-18 11:10:10,8679.0,8710.0,GTERI,GTERI,ok,0.0
6644,771.2,771.2,2025-06-18 11:10:10,2025-06-18 12:10:10,8710.0,8741.0,GTERI,GTERI,ok,0.0
6675,771.2,771.2,2025-06-18 12:10:10,2025-06-18 13:10:10,8741.0,8772.0,GTERI,GTERI,ok,0.0
6706,771.2,771.2,2025-06-18 13:10:10,2025-06-18 14:10:10,8772.0,8803.0,GTERI,GTERI,ok,0.0
6737,771.2,771.2,2025-06-18 14:10:10,2025-06-18 15:10:10,8803.0,8834.0,GTERI,GTERI,ok,0.0
6768,771.2,771.2,2025-06-18 15:10:10,2025-06-18 16:10:10,8834.0,8865.0,GTERI,GTERI,ok,0.0
6789,771.2,771.2,2025-06-18 16:10:10,2025-06-18 16:50:52,8865.0,8886.0,GTERI,GTIGN,ok,0.0
6790,771.2,771.2,2025-06-18 16:50:52,2025-06-18 16:50:52,8886.0,8887.0,GTIGN,GTSTT,ok,0.0
6792,771.2,771.3,2025-06-18 16:50:52,2025-06-18 16:51:22,8887.0,8889.0,GTSTT,GTERI,ok,0.09999999999990905
6793,771.3,771.3,2025-06-18 16:51:22,2025-06-18 16:51:22,8889.0,8890.0,GTERI,GTIGL,ok,0.0
6794,771.3,771.7,2025-06-18 16:51:22,2025-06-18 16:52:23,8890.0,8891.0,GTIGL,GTERI,ok,0.40000000000009095
6795,771.7,771.7,2025-06-18 16:52:23,2025-06-18 16:52:28,8891.0,8892.0,GTERI,GTERI,ok,0.0
6796,771.7,771.7,2025-06-18 16:52:28,2025-06-18 16:52:30,8892.0,8893.0,GTERI,GTERI,ok,0.0
6797,771.7,771.7,2025-06-18 16:52:30,2025-06-18 16:52:32,8893.0,8894.0,GTERI,GTERI,ok,0.0
6798,771.7,771.8,2025-06-18 16:52:32,2025-06-18 16:52:34,8894.0,8895.0,GTERI,GTERI,ok,0.09999999999990905
6799,771.8,771.9,2025-06-18 16:52:34,2025-06-18 16:52:46,8895.0,8896.0,GTERI,GTERI,ok,0.10000000000002274
6801,771.9,773.0,2025-06-18 16:52:46,2025-06-18 16:54:01,8896.0,8898.0,GTERI,GTERI,ok,1.1000000000000227
6803,773.0,777.1,2025-06-18 16:54:01,2025-06-18 16:57:01,8898.0,8900.0,GTERI,GTERI,ok,4.100000000000023
6805,777.1,777.7,2025-06-18 16:57:01,2025-06-18 16:57:28,8900.0,8902.0,GTERI,GTERI,ok,0.6000000000000227
6806,777.7,778.8,2025-06-18 16:57:28,2025-06-18 16:58:20,8902.0,8903.0,GTERI,GTERI,ok,1.099999999999909
6808,778.8,781.3,2025-06-18 16:58:20,2025-06-18 17:00:01,8903.0,8905.0,GTERI,GTERI,ok,2.5
6809,781.3,782.2,2025-06-18 17:00:01,2025-06-18 17:00:37,8905.0,8906.0,GTERI,GTERI,ok,0.900000000000091
6811,782.2,785.2,2025-06-18 17:00:37,2025-06-18 17:02:37,8906.0,8908.0,GTERI,GTERI,ok,3.0
6812,785.2,785.8,2025-06-18 17:02:37,2025-06-18 17:03:01,8908.0,8909.0,GTERI,GTERI,ok,0.599999999999909
6814,785.8,786.0,2025-06-18 17:03:01,2025-06-18 17:03:12,8909.0,8911.0,GTERI,GTERI,ok,0.20000000000004547
6815,786.0,786.7,2025-06-18 17:03:12,2025-06-18 17:03:38,8911.0,8912.0,GTERI,GTERI,ok,0.7000000000000455
6816,786.7,787.1,2025-06-18 17:03:38,2025-06-18 17:03:55,8912.0,8913.0,GTERI,GTERI,ok,0.39999999999997726
6818,787.1,789.2,2025-06-18 17:03:55,2025-06-18 17:05:23,8913.0,8915.0,GTERI,GTERI,ok,2.1000000000000227
6819,789.2,790.1,2025-06-18 17:05:23,2025-06-18 17:06:01,8915.0,8916.0,GTERI,GTERI,ok,0.8999999999999773
6821,790.1,792.6,2025-06-18 17:06:01,2025-06-18 17:07:49,8916.0,8918.0,GTERI,GTERI,ok,2.5
6822,792.6,794.5,2025-06-18 17:07:49,2025-06-18 17:09:01,8918.0,8919.0,GTERI,GTERI,ok,1.8999999999999773
6823,794.5,794.5,2025-06-18 17:09:01,2025-06-18 17:09:01,8919.0,8919.0,GTERI,GTERI,ok,0.0
6824,794.5,794.5,2025-06-18 17:09:01,2025-06-18 17:09:01,8919.0,8919.0,GTERI,GTERI,ok,0.0
6827,794.5,794.5,2025-06-18 17:09:01,2025-06-18 17:09:01,8919.0,8919.0,GTERI,GTERI,ok,0.0
6825,794.5,795.7,2025-06-18 17:09:01,2025-06-18 17:09:45,8919.0,8921.0,GTERI,GTPDP,ok,1.2000000000000455
6828,795.7,795.9,2025-06-18 17:09:45,2025-06-18 17:09:52,8921.0,8922.0,GTPDP,GTERI,ok,0.1999999999999318
6829,795.9,798.4,2025-06-18 17:09:52,2025-06-18 17:11:37,8922.0,8923.0,GTERI,GTERI,ok,2.5
6830,798.4,798.4,2025-06-18 17:11:37,2025-06-18 17:11:37,8923.0,8923.0,GTERI,GTERI,ok,0.0
6831,798.4,798.4,2025-06-18 17:11:37,2025-06-18 17:11:37,8923.0,8923.0,GTERI,GTERI,ok,0.0
6834,798.4,798.4,2025-06-18 17:11:37,2025-06-18 17:11:37,8923.0,8923.0,GTERI,GTERI,ok,0.0
6835,798.4,799.0,2025-06-18 17:11:37,2025-06-18 17:12:01,8923.0,8924.0,GTERI,GTERI,ok,0.6000000000000227
6832,799.0,799.6,2025-06-18 17:12:01,2025-06-18 17:12:23,8924.0,8925.0,GTERI,GTPDP,ok,0.6000000000000227
6836,799.6,799.8,2025-06-18 17:12:23,2025-06-18 17:12:31,8925.0,8927.0,GTPDP,GTERI,ok,0.1999999999999318
6838,799.8,803.8,2025-06-18 17:12:31,2025-06-18 17:15:02,8927.0,8929.0,GTERI,GTERI,ok,4.0
6839,803.8,804.1,2025-06-18 17:15:02,2025-06-18 17:15:15,8929.0,8931.0,GTERI,GTERI,ok,0.3000000000000682
6840,804.1,805.6,2025-06-18 17:15:15,2025-06-18 17:16:18,8931.0,8932.0,GTERI,GTERI,ok,1.5
6844,805.6,806.6,2025-06-18 17:16:18,2025-06-18 17:17:03,8932.0,8933.0,GTERI,GTERI,ok,1.0
6845,806.6,806.6,2025-06-18 17:17:03,2025-06-18 17:17:15,8933.0,8934.0,GTERI,GTERI,ok,0.0
6846,806.6,806.6,2025-06-18 17:17:15,2025-06-18 17:17:17,8934.0,8935.0,GTERI,GTERI,ok,0.0
6847,806.6,806.6,2025-06-18 17:17:17,2025-06-18 17:17:20,8935.0,8936.0,GTERI,GTERI,ok,0.0
6841,806.6,806.8,2025-06-18 17:17:20,2025-06-18 17:17:31,8936.0,8937.0,GTERI,GTPDP,ok,0.1999999999999318
6842,806.8,806.8,2025-06-18 17:17:31,2025-06-18 17:17:31,8937.0,8937.0,GTPDP,GTPDP,ok,0.0
6848,806.8,807.7,2025-06-18 17:17:31,2025-06-18 17:18:03,8937.0,8939.0,GTPDP,GTERI,ok,0.900000000000091
6849,807.7,810.4,2025-06-18 17:18:03,2025-06-18 17:19:43,8939.0,8940.0,GTERI,GTERI,ok,2.699999999999932
6850,810.4,812.5,2025-06-18 17:19:43,2025-06-18 17:21:03,8940.0,8941.0,GTERI,GTERI,ok,2.1000000000000227
6851,812.5,817.1,2025-06-18 17:21:03,2025-06-18 17:24:03,8941.0,8942.0,GTERI,GTERI,ok,4.600000000000023
6852,817.1,819.2,2025-06-18 17:24:03,2025-06-18 17:25:36,8942.0,8944.0,GTERI,GTERI,ok,2.1000000000000227
6853,819.2,819.2,2025-06-18 17:25:36,2025-06-18 17:25:38,8944.0,8945.0,GTERI,GTERI,ok,0.0
6854,819.2,821.2,2025-06-18 17:25:38,2025-06-18 17:27:03,8945.0,8946.0,GTERI,GTERI,ok,2.0
6856,821.2,824.6,2025-06-18 17:27:03,2025-06-18 17:29:13,8946.0,8947.0,GTERI,GTPDP,ok,3.3999999999999773
6857,824.6,825.8,2025-06-18 17:29:13,2025-06-18 17:30:03,8947.0,8949.0,GTPDP,GTERI,ok,1.1999999999999318
6858,825.8,827.1,2025-06-18 17:30:03,2025-06-18 17:30:54,8949.0,8950.0,GTERI,GTERI,ok,1.3000000000000682
6862,827.1,830.2,2025-06-18 17:30:54,2025-06-18 17:33:03,8950.0,8952.0,GTERI,GTERI,ok,3.1000000000000227
6861,830.2,831.0,2025-06-18 17:33:03,2025-06-18 17:33:33,8952.0,8954.0,GTERI,GTPDP,ok,0.7999999999999545
6863,831.0,831.5,2025-06-18 17:33:33,2025-06-18 17:33:58,8954.0,8955.0,GTPDP,GTERI,ok,0.5
6864,831.5,832.5,2025-06-18 17:33:58,2025-06-18 17:34:55,8955.0,8956.0,GTERI,GTERI,ok,1.0
6865,832.5,832.9,2025-06-18 17:34:55,2025-06-18 17:35:22,8956.0,8957.0,GTERI,GTERI,ok,0.39999999999997726
6866,832.9,833.5,2025-06-18 17:35:22,2025-06-18 17:36:04,8957.0,8958.0,GTERI,GTERI,ok,0.6000000000000227
6868,833.5,834.3,2025-06-18 17:36:04,2025-06-18 17:37:16,8958.0,8960.0,GTERI,GTERI,ok,0.7999999999999545
6869,834.3,834.3,2025-06-18 17:37:16,2025-06-18 17:37:19,8960.0,8961.0,GTERI,GTERI,ok,0.0
6871,834.3,835.3,2025-06-18 17:37:19,2025-06-18 17:39:04,8961.0,8963.0,GTERI,GTERI,ok,1.0
6872,835.3,835.7,2025-06-18 17:39:04,2025-06-18 17:39:41,8963.0,8964.0,GTERI,GTERI,ok,0.40000000000009095
6873,835.7,835.7,2025-06-18 17:39:41,2025-06-18 17:40:03,8964.0,8965.0,GTERI,GTERI,ok,0.0
6875,835.7,836.8,2025-06-18 17:40:03,2025-06-18 17:41:38,8965.0,8967.0,GTERI,GTERI,ok,1.099999999999909
6876,836.8,836.9,2025-06-18 17:41:38,2025-06-18 17:41:46,8967.0,8968.0,GTERI,GTERI,ok,0.10000000000002274
6877,836.9,837.3,2025-06-18 17:41:46,2025-06-18 17:42:04,8968.0,8969.0,GTERI,GTERI,ok,0.39999999999997726
6880,837.3,841.4,2025-06-18 17:42:04,2025-06-18 17:45:04,8969.0,8972.0,GTERI,GTERI,ok,4.100000000000023
6881,841.4,843.3,2025-06-18 17:45:04,2025-06-18 17:46:21,8972.0,8973.0,GTERI,GTERI,ok,1.8999999999999773
6885,843.3,845.8,2025-06-18 17:46:21,2025-06-18 17:48:04,8973.0,8975.0,GTERI,GTERI,ok,2.5
6884,845.8,846.4,2025-06-18 17:48:04,2025-06-18 17:48:34,8975.0,8977.0,GTERI,GTPDP,ok,0.6000000000000227
6886,846.4,847.4,2025-06-18 17:48:34,2025-06-18 17:49:22,8977.0,8978.0,GTPDP,GTERI,ok,1.0
6887,847.4,847.4,2025-06-18 17:49:22,2025-06-18 17:49:25,8978.0,8979.0,GTERI,GTERI,ok,0.0
6888,847.4,847.4,2025-06-18 17:49:25,2025-06-18 17:49:28,8979.0,8980.0,GTERI,GTERI,ok,0.0
6889,847.4,849.6,2025-06-18 17:49:28,2025-06-18 17:51:04,8980.0,8981.0,GTERI,GTERI,ok,2.2000000000000455
6892,849.6,854.1,2025-06-18 17:51:04,2025-06-18 17:54:04,8981.0,8984.0,GTERI,GTERI,ok,4.5
6894,854.1,858.4,2025-06-18 17:54:04,2025-06-18 17:57:04,8984.0,8986.0,GTERI,GTERI,ok,4.2999999999999545
6898,858.4,862.7,2025-06-18 17:57:04,2025-06-18 18:00:04,8986.0,8989.0,GTERI,GTERI,ok,4.300000000000068
6897,862.7,862.7,2025-06-18 18:00:04,2025-06-18 18:00:04,8989.0,8990.0,GTERI,GTPDP,ok,0.0
6899,862.7,867.1,2025-06-18 18:00:04,2025-06-18 18:03:04,8990.0,8991.0,GTPDP,GTERI,ok,4.399999999999977
6902,867.1,870.7,2025-06-18 18:03:04,2025-06-18 18:06:04,8991.0,8994.0,GTERI,GTERI,ok,3.6000000000000227
6904,870.7,875.3,2025-06-18 18:06:04,2025-06-18 18:09:04,8994.0,8996.0,GTERI,GTERI,ok,4.599999999999909
6907,875.3,880.0,2025-06-18 18:09:04,2025-06-18 18:12:04,8996.0,8999.0,GTERI,GTERI,ok,4.7000000000000455
6909,880.0,884.4,2025-06-18 18:12:04,2025-06-18 18:15:04,8999.0,9001.0,GTERI,GTERI,ok,4.399999999999977
6912,884.4,885.3,2025-06-18 18:15:04,2025-06-18 18:15:42,9001.0,9003.0,GTERI,GTPDP,ok,0.8999999999999773
6913,885.3,888.9,2025-06-18 18:15:42,2025-06-18 18:18:04,9003.0,9005.0,GTPDP,GTERI,ok,3.6000000000000227
6914,888.9,888.9,2025-06-18 18:18:04,2025-06-18 18:18:04,9005.0,9005.0,GTERI,GTERI,ok,0.0
6918,888.9,892.9,2025-06-18 18:18:04,2025-06-18 18:21:04,9005.0,9008.0,GTERI,GTERI,ok,4.0
6917,892.9,893.1,2025-06-18 18:21:04,2025-06-18 18:21:14,9008.0,9009.0,GTERI,GTPDP,ok,0.20000000000004547
6921,893.1,895.7,2025-06-18 18:21:14,2025-06-18 18:23:32,9009.0,9010.0,GTPDP,GTERI,ok,2.6000000000000227
6922,895.7,895.7,2025-06-18 18:23:32,2025-06-18 18:23:34,9010.0,9011.0,GTERI,GTERI,ok,0.0
6920,895.7,896.0,2025-06-18 18:23:34,2025-06-18 18:24:02,9011.0,9013.0,GTERI,GTPDP,ok,0.2999999999999545
6923,896.0,896.0,2025-06-18 18:24:02,2025-06-18 18:24:05,9013.0,9014.0,GTPDP,GTERI,ok,0.0
6925,896.0,897.4,2025-06-18 18:24:05,2025-06-18 18:27:05,9014.0,9016.0,GTERI,GTERI,ok,1.3999999999999773
6926,897.4,897.4,2025-06-18 18:27:05,2025-06-18 18:27:06,9016.0,9017.0,GTERI,GTERI,ok,0.0
6928,897.4,898.5,2025-06-18 18:27:06,2025-06-18 18:29:33,9017.0,9019.0,GTERI,GTERI,ok,1.1000000000000227
6929,898.5,898.5,2025-06-18 18:29:33,2025-06-18 18:29:35,9019.0,9020.0,GTERI,GTERI,ok,0.0
6930,898.5,898.6,2025-06-18 18:29:35,2025-06-18 18:29:51,9020.0,9021.0,GTERI,GTERI,ok,0.10000000000002274
6931,898.6,898.6,2025-06-18 18:29:51,2025-06-18 18:29:54,9021.0,9022.0,GTERI,GTERI,ok,0.0
6932,898.6,898.6,2025-06-18 18:29:54,2025-06-18 18:30:05,9022.0,9023.0,GTERI,GTERI,ok,0.0
6933,898.6,898.6,2025-06-18 18:30:05,2025-06-18 18:30:09,9023.0,9024.0,GTERI,GTIGF,ok,0.0
6934,898.6,898.6,2025-06-18 18:30:09,2025-06-18 18:30:09,9024.0,9025.0,GTIGF,GTSTT,ok,0.0
6935,898.6,898.6,2025-06-18 18:30:09,2025-06-18 18:30:10,9025.0,9026.0,GTSTT,GTERI,ok,0.0
6936,898.6,898.6,2025-06-18 18:30:10,2025-06-18 18:30:10,9026.0,9027.0,GTERI,GTIGL,ok,0.0
6938,898.6,898.6,2025-06-18 18:30:10,2025-06-18 18:31:06,9027.0,9029.0,GTIGL,GTSTT,ok,0.0
6969,898.6,898.6,2025-06-18 18:31:06,2025-06-18 19:30:04,9029.0,9059.0,GTSTT,GTERI,ok,0.0
7000,898.6,898.6,2025-06-18 19:30:04,2025-06-18 20:30:04,9059.0,9090.0,GTERI,GTERI,ok,0.0
7031,898.6,898.6,2025-06-18 20:30:04,2025-06-18 21:30:04,9090.0,9121.0,GTERI,GTERI,ok,0.0
7034,898.6,898.6,2025-06-18 21:30:04,2025-06-18 21:35:52,9121.0,9125.0,GTERI,GTPDP,ok,0.0
7061,898.6,898.6,2025-06-18 21:35:52,2025-06-18 22:30:04,9125.0,9152.0,GTPDP,GTERI,ok,0.0
7092,898.6,898.6,2025-06-18 22:30:04,2025-06-18 23:30:04,9152.0,9183.0,GTERI,GTERI,ok,0.0
7123,898.6,898.6,2025-06-18 23:30:04,2025-06-19 00:30:04,9183.0,9214.0,GTERI,GTERI,ok,0.0
7154,898.6,898.6,2025-06-19 00:30:04,2025-06-19 01:30:04,9214.0,9245.0,GTERI,GTERI,ok,0.0
7185,898.6,898.6,2025-06-19 01:30:04,2025-06-19 02:30:04,9245.0,9276.0,GTERI,GTERI,ok,0.0
7216,898.6,898.6,2025-06-19 02:30:04,2025-06-19 03:30:04,9276.0,9307.0,GTERI,GTERI,ok,0.0
7247,898.6,898.6,2025-06-19 03:30:04,2025-06-19 04:30:04,9307.0,9338.0,GTERI,GTERI,ok,0.0
7278,898.6,898.6,2025-06-19 04:30:04,2025-06-19 05:30:04,9338.0,9369.0,GTERI,GTERI,ok,0.0
7309,898.6,898.6,2025-06-19 05:30:04,2025-06-19 06:30:04,9369.0,9400.0,GTERI,GTERI,ok,0.0
7340,898.6,898.6,2025-06-19 06:30:04,2025-06-19 07:30:04,9400.0,9431.0,GTERI,GTERI,ok,0.0
7366,898.6,898.6,2025-06-19 07:30:04,2025-06-19 08:21:16,9431.0,9457.0,GTERI,GTIGN,ok,0.0
7367,898.6,898.6,2025-06-19 08:21:16,2025-06-19 08:21:16,9457.0,9458.0,GTIGN,GTSTT,ok,0.0
7368,898.6,898.6,2025-06-19 08:21:16,2025-06-19 08:21:24,9458.0,9459.0,GTSTT,GTIGF,ok,0.0
7369,898.6,898.6,2025-06-19 08:21:24,2025-06-19 08:21:24,9459.0,9460.0,GTIGF,GTSTT,ok,0.0
7370,898.6,898.6,2025-06-19 08:21:24,2025-06-19 08:21:24,9460.0,9461.0,GTSTT,GTERI,ok,0.0
7371,898.6,898.6,2025-06-19 08:21:24,2025-06-19 08:21:24,9461.0,9462.0,GTERI,GTIGL,ok,0.0
7372,898.6,898.6,2025-06-19 08:21:24,2025-06-19 08:21:24,9462.0,9463.0,GTIGL,GTIGL,ok,0.0
7374,898.6,898.6,2025-06-19 08:21:24,2025-06-19 08:22:03,9463.0,9465.0,GTIGL,GTSTT,ok,0.0
7399,898.6,898.6,2025-06-19 08:22:03,2025-06-19 09:10:00,9465.0,9490.0,GTSTT,GTPDP,ok,0.0
7406,898.6,898.6,2025-06-19 09:10:00,2025-06-19 09:21:19,9490.0,9496.0,GTPDP,GTERI,ok,0.0
7405,898.6,898.6,2025-06-19 09:21:19,2025-06-19 09:21:31,9496.0,9497.0,GTERI,GTPDP,ok,0.0
7410,898.6,898.6,2025-06-19 09:21:31,2025-06-19 09:29:01,9497.0,9501.0,GTPDP,GTPDP,ok,0.0
7418,898.6,898.6,2025-06-19 09:29:01,2025-06-19 09:44:32,9501.0,9509.0,GTPDP,GTPDP,ok,0.0
7422,898.6,898.6,2025-06-19 09:44:32,2025-06-19 09:52:02,9509.0,9513.0,GTPDP,GTPDP,ok,0.0
7437,898.6,898.6,2025-06-19 09:52:02,2025-06-19 10:21:19,9513.0,9528.0,GTPDP,GTERI,ok,0.0
7443,898.6,898.6,2025-06-19 10:21:19,2025-06-19 10:31:34,9528.0,9534.0,GTERI,GTPDP,ok,0.0
7468,898.6,898.6,2025-06-19 10:31:34,2025-06-19 11:21:19,9534.0,9559.0,GTPDP,GTERI,ok,0.0
7499,898.6,898.6,2025-06-19 11:21:19,2025-06-19 12:21:19,9559.0,9590.0,GTERI,GTERI,ok,0.0
7530,898.6,898.6,2025-06-19 12:21:19,2025-06-19 13:21:19,9590.0,9621.0,GTERI,GTERI,ok,0.0
7561,898.6,898.6,2025-06-19 13:21:19,2025-06-19 14:21:19,9621.0,9652.0,GTERI,GTERI,ok,0.0
7592,898.6,898.6,2025-06-19 14:21:19,2025-06-19 15:21:19,9652.0,9683.0,GTERI,GTERI,ok,0.0
7623,898.6,898.6,2025-06-19 15:21:19,2025-06-19 16:21:19,9683.0,9714.0,GTERI,GTERI,ok,0.0
7654,898.6,898.6,2025-06-19 16:21:19,2025-06-19 17:21:19,9714.0,9745.0,GTERI,GTERI,ok,0.0
7685,898.6,898.6,2025-06-19 17:21:19,2025-06-19 18:21:19,9745.0,9776.0,GTERI,GTERI,ok,0.0
7716,898.6,898.6,2025-06-19 18:21:19,2025-06-19 19:21:19,9776.0,9807.0,GTERI,GTERI,ok,0.0
7747,898.6,898.6,2025-06-19 19:21:19,2025-06-19 20:21:19,9807.0,9838.0,GTERI,GTERI,ok,0.0
7778,898.6,898.6,2025-06-19 20:21:19,2025-06-19 21:21:19,9838.0,9869.0,GTERI,GTERI,ok,0.0
7809,898.6,898.6,2025-06-19 21:21:19,2025-06-19 22:21:19,9869.0,9900.0,GTERI,GTERI,ok,0.0
7840,898.6,898.6,2025-06-19 22:21:19,2025-06-19 23:21:19,9900.0,9931.0,GTERI,GTERI,ok,0.0
7871,898.6,898.6,2025-06-19 23:21:19,2025-06-20 00:21:19,9931.0,9962.0,GTERI,GTERI,ok,0.0
7901,898.6,898.6,2025-06-20 00:21:19,2025-06-20 01:21:19,9962.0,9992.0,GTERI,GTERI,ok,0.0
7905,898.6,898.6,2025-06-20 01:21:19,2025-06-20 01:25:52,9992.0,9996.0,GTERI,GTPDP,ok,0.0
7933,898.6,898.6,2025-06-20 01:25:52,2025-06-20 02:21:19,9996.0,10024.0,GTPDP,GTERI,ok,0.0
7964,898.6,898.6,2025-06-20 02:21:19,2025-06-20 03:21:19,10024.0,10055.0,GTERI,GTERI,ok,0.0
7995,898.6,898.6,2025-06-20 03:21:19,2025-06-20 04:21:19,10055.0,10086.0,GTERI,GTERI,ok,0.0
8012,898.6,898.6,2025-06-20 04:21:19,2025-06-20 04:53:34,10086.0,10103.0,GTERI,GTPDP,ok,0.0
8026,898.6,898.6,2025-06-20 04:53:34,2025-06-20 05:21:19,10103.0,10117.0,GTPDP,GTERI,ok,0.0
8057,898.6,898.6,2025-06-20 05:21:19,2025-06-20 06:21:19,10117.0,10148.0,GTERI,GTERI,ok,0.0
8088,898.6,898.6,2025-06-20 06:21:19,2025-06-20 07:21:19,10148.0,10179.0,GTERI,GTERI,ok,0.0
8105,898.6,898.6,2025-06-20 07:21:19,2025-06-20 07:54:28,10179.0,10196.0,GTERI,GTIGN,ok,0.0
8106,898.6,898.6,2025-06-20 07:54:28,2025-06-20 07:54:28,10196.0,10197.0,GTIGN,GTSTT,ok,0.0
8107,898.6,898.6,2025-06-20 07:54:28,2025-06-20 07:54:39,10197.0,10198.0,GTSTT,GTERI,ok,0.0
8108,898.6,898.6,2025-06-20 07:54:39,2025-06-20 07:54:39,10198.0,10199.0,GTERI,GTIGL,ok,0.0
8110,898.6,898.6,2025-06-20 07:54:39,2025-06-20 07:54:51,10199.0,10201.0,GTIGL,GTERI,ok,0.0
8111,898.6,898.6,2025-06-20 07:54:51,2025-06-20 07:54:53,10201.0,10202.0,GTERI,GTERI,ok,0.0
8112,898.6,898.7,2025-06-20 07:54:53,2025-06-20 07:55:06,10202.0,10203.0,GTERI,GTERI,ok,0.10000000000002274
8113,898.7,898.7,2025-06-20 07:55:06,2025-06-20 07:55:09,10203.0,10204.0,GTERI,GTERI,ok,0.0
8114,898.7,898.7,2025-06-20 07:55:09,2025-06-20 07:55:11,10204.0,10205.0,GTERI,GTERI,ok,0.0
8116,898.7,899.8,2025-06-20 07:55:11,2025-06-20 07:57:12,10205.0,10207.0,GTERI,GTERI,ok,1.099999999999909
8117,899.8,899.8,2025-06-20 07:57:12,2025-06-20 07:57:14,10207.0,10208.0,GTERI,GTERI,ok,0.0
8118,899.8,899.9,2025-06-20 07:57:14,2025-06-20 07:57:24,10208.0,10209.0,GTERI,GTERI,ok,0.10000000000002274
8119,899.9,899.9,2025-06-20 07:57:24,2025-06-20 07:57:35,10209.0,10210.0,GTERI,GTERI,ok,0.0
8120,899.9,899.9,2025-06-20 07:57:35,2025-06-20 07:57:42,10210.0,10211.0,GTERI,GTERI,ok,0.0
8121,899.9,900.0,2025-06-20 07:57:42,2025-06-20 07:57:47,10211.0,10212.0,GTERI,GTERI,ok,0.10000000000002274
8123,900.0,901.6,2025-06-20 07:57:47,2025-06-20 08:00:35,10212.0,10214.0,GTERI,GTERI,ok,1.6000000000000227
8124,901.6,901.7,2025-06-20 08:00:35,2025-06-20 08:00:42,10214.0,10215.0,GTERI,GTERI,ok,0.10000000000002274
8126,901.7,901.7,2025-06-20 08:00:42,2025-06-20 08:00:44,10215.0,10217.0,GTERI,GTERI,ok,0.0
8127,901.7,901.7,2025-06-20 08:00:44,2025-06-20 08:00:46,10217.0,10218.0,GTERI,GTERI,ok,0.0
8129,901.7,905.1,2025-06-20 08:00:46,2025-06-20 08:03:35,10218.0,10220.0,GTERI,GTERI,ok,3.3999999999999773
8130,905.1,905.5,2025-06-20 08:03:35,2025-06-20 08:04:03,10220.0,10221.0,GTERI,GTERI,ok,0.39999999999997726
8131,905.5,905.5,2025-06-20 08:04:03,2025-06-20 08:04:05,10221.0,10222.0,GTERI,GTERI,ok,0.0
8132,905.5,905.6,2025-06-20 08:04:05,2025-06-20 08:04:07,10222.0,10223.0,GTERI,GTERI,ok,0.10000000000002274
8133,905.6,905.6,2025-06-20 08:04:07,2025-06-20 08:04:12,10223.0,10224.0,GTERI,GTERI,ok,0.0
8134,905.6,905.7,2025-06-20 08:04:12,2025-06-20 08:04:29,10224.0,10225.0,GTERI,GTERI,ok,0.10000000000002274
8137,905.7,905.7,2025-06-20 08:04:29,2025-06-20 08:04:32,10225.0,10226.0,GTERI,GTERI,ok,0.0
8138,905.7,905.7,2025-06-20 08:04:32,2025-06-20 08:04:33,10226.0,10227.0,GTERI,GTERI,ok,0.0
8139,905.7,905.7,2025-06-20 08:04:33,2025-06-20 08:04:35,10227.0,10228.0,GTERI,GTERI,ok,0.0
8140,905.7,905.7,2025-06-20 08:04:35,2025-06-20 08:04:36,10228.0,10229.0,GTERI,GTERI,ok,0.0
8141,905.7,905.7,2025-06-20 08:04:36,2025-06-20 08:04:39,10229.0,10230.0,GTERI,GTERI,ok,0.0
8142,905.7,905.7,2025-06-20 08:04:39,2025-06-20 08:04:40,10230.0,10231.0,GTERI,GTERI,ok,0.0
8143,905.7,905.7,2025-06-20 08:04:40,2025-06-20 08:04:58,10231.0,10233.0,GTERI,GTIGF,ok,0.0
8144,905.7,905.7,2025-06-20 08:04:58,2025-06-20 08:04:58,10233.0,10234.0,GTIGF,GTSTT,ok,0.0
8145,905.7,905.7,2025-06-20 08:04:58,2025-06-20 08:04:59,10234.0,10235.0,GTSTT,GTERI,ok,0.0
8146,905.7,905.7,2025-06-20 08:04:59,2025-06-20 08:04:59,10235.0,10236.0,GTERI,GTIGL,ok,0.0
8135,905.7,905.7,2025-06-20 08:04:59,2025-06-20 08:05:23,10236.0,10237.0,GTIGL,GTPDP,ok,0.0
8147,905.7,905.7,2025-06-20 08:05:23,2025-06-20 08:06:02,10237.0,10238.0,GTPDP,GTSTT,ok,0.0
8177,905.7,905.7,2025-06-20 08:06:02,2025-06-20 09:04:54,10238.0,10268.0,GTSTT,GTERI,ok,0.0
8208,905.7,905.7,2025-06-20 09:04:54,2025-06-20 10:04:54,10268.0,10299.0,GTERI,GTERI,ok,0.0
8239,905.7,905.7,2025-06-20 10:04:54,2025-06-20 11:04:54,10299.0,10330.0,GTERI,GTERI,ok,0.0
8258,905.7,905.7,2025-06-20 11:04:54,2025-06-20 11:40:50,10330.0,10349.0,GTERI,GTIGN,ok,0.0
8259,905.7,905.7,2025-06-20 11:40:50,2025-06-20 11:40:50,10349.0,10350.0,GTIGN,GTSTT,ok,0.0
8260,905.7,905.7,2025-06-20 11:40:50,2025-06-20 11:40:58,10350.0,10351.0,GTSTT,GTERI,ok,0.0
8261,905.7,905.7,2025-06-20 11:40:58,2025-06-20 11:40:58,10351.0,10352.0,GTERI,GTIGL,ok,0.0
8262,905.7,905.7,2025-06-20 11:40:58,2025-06-20 11:41:14,10352.0,10353.0,GTIGL,GTERI,ok,0.0
8263,905.7,905.7,2025-06-20 11:41:14,2025-06-20 11:41:15,10353.0,10354.0,GTERI,GTERI,ok,0.0
8264,905.7,905.7,2025-06-20 11:41:15,2025-06-20 11:41:18,10354.0,10355.0,GTERI,GTERI,ok,0.0
8265,905.7,905.7,2025-06-20 11:41:18,2025-06-20 11:41:21,10355.0,10356.0,GTERI,GTERI,ok,0.0
8266,905.7,905.7,2025-06-20 11:41:21,2025-06-20 11:41:29,10356.0,10357.0,GTERI,GTERI,ok,0.0
8267,905.7,905.8,2025-06-20 11:41:29,2025-06-20 11:41:34,10357.0,10358.0,GTERI,GTERI,ok,0.09999999999990905
8268,905.8,905.8,2025-06-20 11:41:34,2025-06-20 11:41:36,10358.0,10359.0,GTERI,GTERI,ok,0.0
8269,905.8,905.8,2025-06-20 11:41:36,2025-06-20 11:41:44,10359.0,10360.0,GTERI,GTERI,ok,0.0
8270,905.8,905.8,2025-06-20 11:41:44,2025-06-20 11:41:46,10360.0,10361.0,GTERI,GTERI,ok,0.0
8271,905.8,905.8,2025-06-20 11:41:46,2025-06-20 11:41:49,10361.0,10362.0,GTERI,GTERI,ok,0.0
8273,905.8,908.3,2025-06-20 11:41:49,2025-06-20 11:44:00,10362.0,10364.0,GTERI,GTERI,ok,2.5
8275,908.3,909.7,2025-06-20 11:44:00,2025-06-20 11:45:10,10364.0,10366.0,GTERI,GTERI,ok,1.400000000000091
8276,909.7,909.7,2025-06-20 11:45:10,2025-06-20 11:45:12,10366.0,10367.0,GTERI,GTERI,ok,0.0
8278,909.7,910.5,2025-06-20 11:45:12,2025-06-20 11:46:32,10367.0,10369.0,GTERI,GTERI,ok,0.7999999999999545
8279,910.5,910.5,2025-06-20 11:46:32,2025-06-20 11:46:34,10369.0,10370.0,GTERI,GTERI,ok,0.0
8280,910.5,910.7,2025-06-20 11:46:34,2025-06-20 11:47:00,10370.0,10371.0,GTERI,GTERI,ok,0.20000000000004547
8281,910.7,910.8,2025-06-20 11:47:00,2025-06-20 11:47:07,10371.0,10372.0,GTERI,GTERI,ok,0.09999999999990905
8282,910.8,910.8,2025-06-20 11:47:07,2025-06-20 11:47:14,10372.0,10373.0,GTERI,GTERI,ok,0.0
8283,910.8,910.9,2025-06-20 11:47:14,2025-06-20 11:47:18,10373.0,10374.0,GTERI,GTERI,ok,0.10000000000002274
8284,910.9,910.9,2025-06-20 11:47:18,2025-06-20 11:47:20,10374.0,10375.0,GTERI,GTERI,ok,0.0
8285,910.9,911.1,2025-06-20 11:47:20,2025-06-20 11:47:53,10375.0,10376.0,GTERI,GTERI,ok,0.20000000000004547
8286,911.1,911.1,2025-06-20 11:47:53,2025-06-20 11:47:55,10376.0,10377.0,GTERI,GTERI,ok,0.0
8288,911.1,911.8,2025-06-20 11:47:55,2025-06-20 11:49:33,10377.0,10379.0,GTERI,GTERI,ok,0.6999999999999318
8289,911.8,911.8,2025-06-20 11:49:33,2025-06-20 11:49:34,10379.0,10380.0,GTERI,GTERI,ok,0.0
8290,911.8,912.0,2025-06-20 11:49:34,2025-06-20 11:50:00,10380.0,10381.0,GTERI,GTERI,ok,0.20000000000004547
8292,912.0,912.9,2025-06-20 11:50:00,2025-06-20 11:51:23,10381.0,10383.0,GTERI,GTERI,ok,0.8999999999999773
8293,912.9,912.9,2025-06-20 11:51:23,2025-06-20 11:51:24,10383.0,10384.0,GTERI,GTERI,ok,0.0
8294,912.9,913.0,2025-06-20 11:51:24,2025-06-20 11:51:32,10384.0,10385.0,GTERI,GTERI,ok,0.10000000000002274
8295,913.0,913.0,2025-06-20 11:51:32,2025-06-20 11:51:34,10385.0,10386.0,GTERI,GTERI,ok,0.0
8296,913.0,913.0,2025-06-20 11:51:34,2025-06-20 11:51:40,10386.0,10387.0,GTERI,GTIGF,ok,0.0
8297,913.0,913.0,2025-06-20 11:51:40,2025-06-20 11:51:40,10387.0,10388.0,GTIGF,GTSTT,ok,0.0
8298,913.0,913.0,2025-06-20 11:51:40,2025-06-20 11:51:40,10388.0,10389.0,GTSTT,GTERI,ok,0.0
8299,913.0,913.0,2025-06-20 11:51:40,2025-06-20 11:51:40,10389.0,10390.0,GTERI,GTIGL,ok,0.0
8301,913.0,913.0,2025-06-20 11:51:40,2025-06-20 11:52:21,10390.0,10392.0,GTIGL,GTSTT,ok,0.0
8331,913.0,913.0,2025-06-20 11:52:21,2025-06-20 12:51:35,10392.0,10422.0,GTSTT,GTERI,ok,0.0
8351,913.0,913.0,2025-06-20 12:51:35,2025-06-20 13:28:57,10422.0,10442.0,GTERI,GTIGN,ok,0.0
8352,913.0,913.0,2025-06-20 13:28:57,2025-06-20 13:28:57,10442.0,10443.0,GTIGN,GTSTT,ok,0.0
8353,913.0,913.0,2025-06-20 13:28:57,2025-06-20 13:29:03,10443.0,10444.0,GTSTT,GTERI,ok,0.0
8354,913.0,913.0,2025-06-20 13:29:03,2025-06-20 13:29:03,10444.0,10445.0,GTERI,GTIGL,ok,0.0
8355,913.0,913.0,2025-06-20 13:29:03,2025-06-20 13:29:16,10445.0,10446.0,GTIGL,GTERI,ok,0.0
8356,913.0,913.0,2025-06-20 13:29:16,2025-06-20 13:29:18,10446.0,10447.0,GTERI,GTERI,ok,0.0
8357,913.0,913.1,2025-06-20 13:29:18,2025-06-20 13:29:29,10447.0,10448.0,GTERI,GTERI,ok,0.10000000000002274
8358,913.1,913.1,2025-06-20 13:29:29,2025-06-20 13:29:31,10448.0,10449.0,GTERI,GTERI,ok,0.0
8359,913.1,913.1,2025-06-20 13:29:31,2025-06-20 13:29:33,10449.0,10450.0,GTERI,GTERI,ok,0.0
8361,913.1,914.2,2025-06-20 13:29:33,2025-06-20 13:31:11,10450.0,10452.0,GTERI,GTERI,ok,1.1000000000000227
8362,914.2,914.2,2025-06-20 13:31:11,2025-06-20 13:31:13,10452.0,10453.0,GTERI,GTERI,ok,0.0
8363,914.2,914.3,2025-06-20 13:31:13,2025-06-20 13:31:25,10453.0,10454.0,GTERI,GTERI,ok,0.09999999999990905
8364,914.3,914.3,2025-06-20 13:31:25,2025-06-20 13:31:27,10454.0,10455.0,GTERI,GTERI,ok,0.0
8365,914.3,914.3,2025-06-20 13:31:27,2025-06-20 13:31:43,10455.0,10456.0,GTERI,GTERI,ok,0.0
8366,914.3,914.3,2025-06-20 13:31:43,2025-06-20 13:31:45,10456.0,10457.0,GTERI,GTERI,ok,0.0
8367,914.3,914.6,2025-06-20 13:31:45,2025-06-20 13:32:06,10457.0,10458.0,GTERI,GTERI,ok,0.3000000000000682
8370,914.6,916.0,2025-06-20 13:32:06,2025-06-20 13:34:35,10458.0,10461.0,GTERI,GTERI,ok,1.3999999999999773
8371,916.0,916.0,2025-06-20 13:34:35,2025-06-20 13:34:45,10461.0,10462.0,GTERI,GTERI,ok,0.0
8372,916.0,916.1,2025-06-20 13:34:45,2025-06-20 13:34:47,10462.0,10463.0,GTERI,GTERI,ok,0.10000000000002274
8373,916.1,916.1,2025-06-20 13:34:47,2025-06-20 13:34:49,10463.0,10464.0,GTERI,GTERI,ok,0.0
8374,916.1,916.2,2025-06-20 13:34:49,2025-06-20 13:35:06,10464.0,10465.0,GTERI,GTERI,ok,0.10000000000002274
8376,916.2,919.9,2025-06-20 13:35:06,2025-06-20 13:38:06,10465.0,10467.0,GTERI,GTERI,ok,3.699999999999932
8377,919.9,919.9,2025-06-20 13:38:06,2025-06-20 13:38:08,10467.0,10468.0,GTERI,GTERI,ok,0.0
8378,919.9,919.9,2025-06-20 13:38:08,2025-06-20 13:38:10,10468.0,10469.0,GTERI,GTERI,ok,0.0
8379,919.9,920.0,2025-06-20 13:38:10,2025-06-20 13:38:14,10469.0,10470.0,GTERI,GTERI,ok,0.10000000000002274
8380,920.0,920.0,2025-06-20 13:38:14,2025-06-20 13:38:18,10470.0,10471.0,GTERI,GTERI,ok,0.0
8382,920.0,920.1,2025-06-20 13:38:18,2025-06-20 13:38:34,10471.0,10473.0,GTERI,GTERI,ok,0.10000000000002274
8383,920.1,920.1,2025-06-20 13:38:34,2025-06-20 13:38:37,10473.0,10474.0,GTERI,GTERI,ok,0.0
8384,920.1,920.1,2025-06-20 13:38:37,2025-06-20 13:38:41,10474.0,10475.0,GTERI,GTERI,ok,0.0
8385,920.1,920.1,2025-06-20 13:38:41,2025-06-20 13:38:43,10475.0,10476.0,GTERI,GTERI,ok,0.0
8386,920.1,920.1,2025-06-20 13:38:43,2025-06-20 13:38:49,10476.0,10477.0,GTERI,GTERI,ok,0.0
8387,920.1,920.1,2025-06-20 13:38:49,2025-06-20 13:39:27,10477.0,10478.0,GTERI,GTSTT,ok,0.0
8388,920.1,920.1,2025-06-20 13:39:27,2025-06-20 13:39:35,10478.0,10479.0,GTSTT,GTSTT,ok,0.0
8389,920.1,920.1,2025-06-20 13:39:35,2025-06-20 13:39:35,10479.0,10480.0,GTSTT,GTIGF,ok,0.0
8390,920.1,920.1,2025-06-20 13:39:35,2025-06-20 13:39:35,10480.0,10481.0,GTIGF,GTSTT,ok,0.0
8391,920.1,920.1,2025-06-20 13:39:35,2025-06-20 13:39:35,10481.0,10482.0,GTSTT,GTERI,ok,0.0
8392,920.1,920.1,2025-06-20 13:39:35,2025-06-20 13:39:35,10482.0,10483.0,GTERI,GTIGL,ok,0.0
8393,920.1,920.1,2025-06-20 13:39:35,2025-06-20 13:40:18,10483.0,10484.0,GTIGL,GTSTT,ok,0.0
8424,920.1,920.1,2025-06-20 13:40:18,2025-06-20 14:39:31,10484.0,10515.0,GTSTT,GTERI,ok,0.0
8455,920.1,920.1,2025-06-20 14:39:31,2025-06-20 15:39:31,10515.0,10546.0,GTERI,GTERI,ok,0.0
8478,920.1,920.1,2025-06-20 15:39:31,2025-06-20 16:23:00,10546.0,10569.0,GTERI,GTPDP,ok,0.0
8485,920.1,920.1,2025-06-20 16:23:00,2025-06-20 16:36:35,10569.0,10576.0,GTPDP,GTIGN,ok,0.0
8486,920.1,920.1,2025-06-20 16:36:35,2025-06-20 16:36:35,10576.0,10577.0,GTIGN,GTSTT,ok,0.0
8487,920.1,920.1,2025-06-20 16:36:35,2025-06-20 16:36:56,10577.0,10578.0,GTSTT,GTERI,ok,0.0
8488,920.1,920.1,2025-06-20 16:36:56,2025-06-20 16:36:56,10578.0,10579.0,GTERI,GTIGL,ok,0.0
8489,920.1,920.1,2025-06-20 16:36:56,2025-06-20 16:37:21,10579.0,10580.0,GTIGL,GTERI,ok,0.0
8490,920.1,920.1,2025-06-20 16:37:21,2025-06-20 16:37:26,10580.0,10581.0,GTERI,GTERI,ok,0.0
8491,920.1,920.1,2025-06-20 16:37:26,2025-06-20 16:37:28,10581.0,10582.0,GTERI,GTERI,ok,0.0
8492,920.1,920.1,2025-06-20 16:37:28,2025-06-20 16:37:43,10582.0,10583.0,GTERI,GTERI,ok,0.0
8493,920.1,920.2,2025-06-20 16:37:43,2025-06-20 16:37:48,10583.0,10584.0,GTERI,GTERI,ok,0.10000000000002274
8494,920.2,920.2,2025-06-20 16:37:48,2025-06-20 16:37:56,10584.0,10585.0,GTERI,GTERI,ok,0.0
8495,920.2,920.2,2025-06-20 16:37:56,2025-06-20 16:37:59,10585.0,10586.0,GTERI,GTERI,ok,0.0
8497,920.2,922.5,2025-06-20 16:37:59,2025-06-20 16:39:42,10586.0,10588.0,GTERI,GTERI,ok,2.2999999999999545
8499,922.5,924.0,2025-06-20 16:39:42,2025-06-20 16:41:10,10588.0,10590.0,GTERI,GTERI,ok,1.5
8500,924.0,924.1,2025-06-20 16:41:10,2025-06-20 16:41:13,10590.0,10591.0,GTERI,GTERI,ok,0.10000000000002274
8502,924.1,924.9,2025-06-20 16:41:13,2025-06-20 16:42:20,10591.0,10593.0,GTERI,GTERI,ok,0.7999999999999545
8503,924.9,924.9,2025-06-20 16:42:20,2025-06-20 16:42:22,10593.0,10594.0,GTERI,GTERI,ok,0.0
8504,924.9,925.0,2025-06-20 16:42:22,2025-06-20 16:42:42,10594.0,10595.0,GTERI,GTERI,ok,0.10000000000002274
8505,925.0,925.3,2025-06-20 16:42:42,2025-06-20 16:43:20,10595.0,10596.0,GTERI,GTERI,ok,0.2999999999999545
8506,925.3,925.3,2025-06-20 16:43:20,2025-06-20 16:43:22,10596.0,10597.0,GTERI,GTIGF,ok,0.0
8507,925.3,925.3,2025-06-20 16:43:22,2025-06-20 16:43:22,10597.0,10598.0,GTIGF,GTSTT,ok,0.0
8508,925.3,925.3,2025-06-20 16:43:22,2025-06-20 16:43:22,10598.0,10599.0,GTSTT,GTERI,ok,0.0
8509,925.3,925.3,2025-06-20 16:43:22,2025-06-20 16:43:22,10599.0,10600.0,GTERI,GTIGL,ok,0.0
8511,925.3,925.3,2025-06-20 16:43:22,2025-06-20 16:44:13,10600.0,10602.0,GTIGL,GTSTT,ok,0.0
8515,925.3,925.3,2025-06-20 16:44:13,2025-06-20 16:52:01,10602.0,10606.0,GTSTT,GTIGN,ok,0.0
8516,925.3,925.3,2025-06-20 16:52:01,2025-06-20 16:52:01,10606.0,10607.0,GTIGN,GTSTT,ok,0.0
8518,925.3,925.3,2025-06-20 16:52:01,2025-06-20 16:52:08,10607.0,10609.0,GTSTT,GTERI,ok,0.0
8519,925.3,925.3,2025-06-20 16:52:08,2025-06-20 16:52:08,10609.0,10610.0,GTERI,GTIGL,ok,0.0
8520,925.3,925.3,2025-06-20 16:52:08,2025-06-20 16:52:15,10610.0,10611.0,GTIGL,GTERI,ok,0.0
8521,925.3,925.4,2025-06-20 16:52:15,2025-06-20 16:53:06,10611.0,10612.0,GTERI,GTERI,ok,0.10000000000002274
8522,925.4,925.4,2025-06-20 16:53:06,2025-06-20 16:53:08,10612.0,10613.0,GTERI,GTERI,ok,0.0
8523,925.4,925.6,2025-06-20 16:53:08,2025-06-20 16:53:35,10613.0,10614.0,GTERI,GTERI,ok,0.20000000000004547
8524,925.6,925.6,2025-06-20 16:53:35,2025-06-20 16:53:37,10614.0,10615.0,GTERI,GTERI,ok,0.0
8525,925.6,925.8,2025-06-20 16:53:37,2025-06-20 16:53:59,10615.0,10616.0,GTERI,GTERI,ok,0.1999999999999318
8526,925.8,925.8,2025-06-20 16:53:59,2025-06-20 16:54:01,10616.0,10617.0,GTERI,GTERI,ok,0.0
8528,925.8,925.8,2025-06-20 16:54:01,2025-06-20 16:54:05,10617.0,10619.0,GTERI,GTIGF,ok,0.0
8529,925.8,925.8,2025-06-20 16:54:05,2025-06-20 16:54:05,10619.0,10620.0,GTIGF,GTSTT,ok,0.0
8530,925.8,925.8,2025-06-20 16:54:05,2025-06-20 16:54:05,10620.0,10621.0,GTSTT,GTERI,ok,0.0
8531,925.8,925.8,2025-06-20 16:54:05,2025-06-20 16:54:05,10621.0,10622.0,GTERI,GTIGL,ok,0.0
8532,925.8,925.8,2025-06-20 16:54:05,2025-06-20 16:55:02,10622.0,10623.0,GTIGL,GTSTT,ok,0.0
8538,925.8,925.8,2025-06-20 16:55:02,2025-06-20 17:04:32,10623.0,10629.0,GTSTT,GTPDP,ok,0.0
8563,925.8,925.8,2025-06-20 17:04:32,2025-06-20 17:54:00,10629.0,10654.0,GTPDP,GTERI,ok,0.0
8588,925.8,925.8,2025-06-20 17:54:00,2025-06-20 18:43:22,10654.0,10679.0,GTERI,GTIGN,ok,0.0
8589,925.8,925.8,2025-06-20 18:43:22,2025-06-20 18:43:22,10679.0,10680.0,GTIGN,GTSTT,ok,0.0
8590,925.8,925.8,2025-06-20 18:43:22,2025-06-20 18:43:29,10680.0,10681.0,GTSTT,GTERI,ok,0.0
8591,925.8,925.8,2025-06-20 18:43:29,2025-06-20 18:43:29,10681.0,10682.0,GTERI,GTIGL,ok,0.0
8593,925.8,925.8,2025-06-20 18:43:29,2025-06-20 18:43:47,10682.0,10684.0,GTIGL,GTERI,ok,0.0
8594,925.8,925.8,2025-06-20 18:43:47,2025-06-20 18:43:49,10684.0,10685.0,GTERI,GTERI,ok,0.0
8595,925.8,925.9,2025-06-20 18:43:49,2025-06-20 18:44:19,10685.0,10686.0,GTERI,GTERI,ok,0.10000000000002274
8596,925.9,926.0,2025-06-20 18:44:19,2025-06-20 18:44:21,10686.0,10687.0,GTERI,GTERI,ok,0.10000000000002274
8597,926.0,926.2,2025-06-20 18:44:21,2025-06-20 18:44:49,10687.0,10688.0,GTERI,GTERI,ok,0.20000000000004547
8598,926.2,926.2,2025-06-20 18:44:49,2025-06-20 18:44:52,10688.0,10689.0,GTERI,GTERI,ok,0.0
8599,926.2,926.4,2025-06-20 18:44:52,2025-06-20 18:45:31,10689.0,10690.0,GTERI,GTERI,ok,0.1999999999999318
8601,926.4,926.6,2025-06-20 18:45:31,2025-06-20 18:46:01,10690.0,10692.0,GTERI,GTERI,ok,0.20000000000004547
8602,926.6,926.8,2025-06-20 18:46:01,2025-06-20 18:46:31,10692.0,10693.0,GTERI,GTERI,ok,0.1999999999999318
8603,926.8,927.0,2025-06-20 18:46:31,2025-06-20 18:47:05,10693.0,10694.0,GTERI,GTERI,ok,0.20000000000004547
8604,927.0,927.0,2025-06-20 18:47:05,2025-06-20 18:47:07,10694.0,10695.0,GTERI,GTERI,ok,0.0
8606,927.0,928.0,2025-06-20 18:47:07,2025-06-20 18:49:31,10695.0,10697.0,GTERI,GTERI,ok,1.0
8608,928.0,928.1,2025-06-20 18:49:31,2025-06-20 18:49:40,10697.0,10699.0,GTERI,GTERI,ok,0.10000000000002274
8609,928.1,928.1,2025-06-20 18:49:40,2025-06-20 18:49:42,10699.0,10700.0,GTERI,GTERI,ok,0.0
8610,928.1,928.2,2025-06-20 18:49:42,2025-06-20 18:49:57,10700.0,10701.0,GTERI,GTERI,ok,0.10000000000002274
8611,928.2,928.2,2025-06-20 18:49:57,2025-06-20 18:50:09,10701.0,10702.0,GTERI,GTIGF,ok,0.0
8612,928.2,928.2,2025-06-20 18:50:09,2025-06-20 18:50:09,10702.0,10703.0,GTIGF,GTSTT,ok,0.0
8613,928.2,928.2,2025-06-20 18:50:09,2025-06-20 18:50:09,10703.0,10704.0,GTSTT,GTERI,ok,0.0
8614,928.2,928.2,2025-06-20 18:50:09,2025-06-20 18:50:09,10704.0,10705.0,GTERI,GTIGL,ok,0.0
8615,928.2,928.2,2025-06-20 18:50:09,2025-06-20 18:51:01,10705.0,10706.0,GTIGL,GTSTT,ok,0.0
8622,928.2,928.2,2025-06-20 18:51:01,2025-06-20 19:02:08,10706.0,10713.0,GTSTT,GTPDP,ok,0.0
8639,928.2,928.2,2025-06-20 19:02:08,2025-06-20 19:35:40,10713.0,10730.0,GTPDP,GTPDP,ok,0.0
8646,928.2,928.2,2025-06-20 19:35:40,2025-06-20 19:50:04,10730.0,10737.0,GTPDP,GTERI,ok,0.0
8649,928.2,928.2,2025-06-20 19:50:04,2025-06-20 19:53:11,10737.0,10740.0,GTERI,GTPDP,ok,0.0
8677,928.2,928.2,2025-06-20 19:53:11,2025-06-20 20:50:04,10740.0,10768.0,GTPDP,GTERI,ok,0.0
8684,928.2,928.2,2025-06-20 20:50:04,2025-06-20 21:00:44,10768.0,10775.0,GTERI,GTPDP,ok,0.0
8709,928.2,928.2,2025-06-20 21:00:44,2025-06-20 21:50:04,10775.0,10800.0,GTPDP,GTERI,ok,0.0
8740,928.2,928.2,2025-06-20 21:50:04,2025-06-20 22:50:04,10800.0,10831.0,GTERI,GTERI,ok,0.0
8771,928.2,928.2,2025-06-20 22:50:04,2025-06-20 23:50:04,10831.0,10862.0,GTERI,GTERI,ok,0.0
8802,928.2,928.2,2025-06-20 23:50:04,2025-06-21 00:50:04,10862.0,10893.0,GTERI,GTERI,ok,0.0
8833,928.2,928.2,2025-06-21 00:50:04,2025-06-21 01:50:04,10893.0,10924.0,GTERI,GTERI,ok,0.0
8864,928.2,928.2,2025-06-21 01:50:04,2025-06-21 02:50:04,10924.0,10955.0,GTERI,GTERI,ok,0.0
8894,928.2,928.2,2025-06-21 02:50:04,2025-06-21 03:50:04,10955.0,10985.0,GTERI,GTERI,ok,0.0
8898,928.2,928.2,2025-06-21 03:50:04,2025-06-21 03:55:39,10985.0,10989.0,GTERI,GTPDP,ok,0.0
8901,928.2,928.2,2025-06-21 03:55:39,2025-06-21 04:01:09,10989.0,10992.0,GTPDP,GTPDP,ok,0.0
8905,928.2,928.2,2025-06-21 04:01:09,2025-06-21 04:08:39,10992.0,10996.0,GTPDP,GTPDP,ok,0.0
8912,928.2,928.2,2025-06-21 04:08:39,2025-06-21 04:22:09,10996.0,11003.0,GTPDP,GTPDP,ok,0.0
8914,928.2,928.2,2025-06-21 04:22:09,2025-06-21 04:25:39,11003.0,11005.0,GTPDP,GTPDP,ok,0.0
8921,928.2,928.2,2025-06-21 04:25:39,2025-06-21 04:39:10,11005.0,11012.0,GTPDP,GTPDP,ok,0.0
8926,928.2,928.2,2025-06-21 04:39:10,2025-06-21 04:50:04,11012.0,11017.0,GTPDP,GTERI,ok,0.0
8958,928.2,928.2,2025-06-21 04:50:04,2025-06-21 05:50:04,11017.0,11048.0,GTERI,GTERI,ok,0.0
8965,928.2,928.2,2025-06-21 05:50:04,2025-06-21 06:00:44,11048.0,11055.0,GTERI,GTPDP,ok,0.0
8972,928.2,928.2,2025-06-21 06:00:44,2025-06-21 06:13:55,11055.0,11062.0,GTPDP,GTPDP,ok,0.0
8978,928.2,928.2,2025-06-21 06:13:55,2025-06-21 06:25:26,11062.0,11068.0,GTPDP,GTPDP,ok,0.0
8990,928.2,928.2,2025-06-21 06:25:26,2025-06-21 06:50:04,11068.0,11080.0,GTPDP,GTERI,ok,0.0
8999,928.2,928.2,2025-06-21 06:50:04,2025-06-21 07:04:57,11080.0,11089.0,GTERI,GTPDP,ok,0.0
9003,928.2,928.2,2025-06-21 07:04:57,2025-06-21 07:12:28,11089.0,11093.0,GTPDP,GTPDP,ok,0.0
9016,928.2,928.2,2025-06-21 07:12:28,2025-06-21 07:38:45,11093.0,11106.0,GTPDP,GTPDP,ok,0.0
9022,928.2,928.2,2025-06-21 07:38:45,2025-06-21 07:50:04,11106.0,11112.0,GTPDP,GTERI,ok,0.0
9031,928.2,928.2,2025-06-21 07:50:04,2025-06-21 08:05:47,11112.0,11121.0,GTERI,GTPDP,ok,0.0
9048,928.2,928.2,2025-06-21 08:05:47,2025-06-21 08:37:18,11121.0,11137.0,GTPDP,GTPDP,ok,0.0
9049,928.2,928.2,2025-06-21 08:37:18,2025-06-21 08:37:23,11137.0,11138.0,GTPDP,GTIGN,ok,0.0
9050,928.2,928.2,2025-06-21 08:37:23,2025-06-21 08:37:23,11138.0,11139.0,GTIGN,GTSTT,ok,0.0
9051,928.2,928.2,2025-06-21 08:37:23,2025-06-21 08:37:33,11139.0,11140.0,GTSTT,GTERI,ok,0.0
9052,928.2,928.2,2025-06-21 08:37:33,2025-06-21 08:37:33,11140.0,11141.0,GTERI,GTIGL,ok,0.0
9053,928.2,928.2,2025-06-21 08:37:33,2025-06-21 08:37:36,11141.0,11142.0,GTIGL,GTERI,ok,0.0
9054,928.2,928.3,2025-06-21 08:37:36,2025-06-21 08:37:47,11142.0,11143.0,GTERI,GTERI,ok,0.09999999999990905
9055,928.3,928.3,2025-06-21 08:37:47,2025-06-21 08:37:50,11143.0,11144.0,GTERI,GTERI,ok,0.0
9056,928.3,928.3,2025-06-21 08:37:50,2025-06-21 08:37:51,11144.0,11145.0,GTERI,GTERI,ok,0.0
9057,928.3,928.4,2025-06-21 08:37:51,2025-06-21 08:37:55,11145.0,11146.0,GTERI,GTERI,ok,0.10000000000002274
9058,928.4,929.2,2025-06-21 08:37:55,2025-06-21 08:39:01,11146.0,11147.0,GTERI,GTERI,ok,0.8000000000000682
9059,929.2,929.2,2025-06-21 08:39:01,2025-06-21 08:39:03,11147.0,11148.0,GTERI,GTERI,ok,0.0
9060,929.2,929.5,2025-06-21 08:39:03,2025-06-21 08:39:34,11148.0,11149.0,GTERI,GTERI,ok,0.2999999999999545
9061,929.5,929.5,2025-06-21 08:39:34,2025-06-21 08:39:37,11149.0,11150.0,GTERI,GTERI,ok,0.0
9062,929.5,929.6,2025-06-21 08:39:37,2025-06-21 08:39:49,11150.0,11151.0,GTERI,GTERI,ok,0.10000000000002274
9063,929.6,929.6,2025-06-21 08:39:49,2025-06-21 08:39:50,11151.0,11152.0,GTERI,GTERI,ok,0.0
9064,929.6,929.6,2025-06-21 08:39:50,2025-06-21 08:39:59,11152.0,11153.0,GTERI,GTIGF,ok,0.0
9065,929.6,929.6,2025-06-21 08:39:59,2025-06-21 08:39:59,11153.0,11154.0,GTIGF,GTSTT,ok,0.0
9066,929.6,929.6,2025-06-21 08:39:59,2025-06-21 08:39:59,11154.0,11155.0,GTSTT,GTERI,ok,0.0
9067,929.6,929.6,2025-06-21 08:39:59,2025-06-21 08:39:59,11155.0,11156.0,GTERI,GTIGL,ok,0.0
9069,929.6,929.6,2025-06-21 08:39:59,2025-06-21 08:40:41,11156.0,11158.0,GTIGL,GTSTT,ok,0.0
9092,929.6,929.6,2025-06-21 08:40:41,2025-06-21 09:25:58,11158.0,11181.0,GTSTT,GTIGN,ok,0.0
9093,929.6,929.6,2025-06-21 09:25:58,2025-06-21 09:25:58,11181.0,11182.0,GTIGN,GTSTT,ok,0.0
9094,929.6,929.6,2025-06-21 09:25:58,2025-06-21 09:26:07,11182.0,11183.0,GTSTT,GTERI,ok,0.0
9095,929.6,929.6,2025-06-21 09:26:07,2025-06-21 09:26:07,11183.0,11184.0,GTERI,GTIGL,ok,0.0
9096,929.6,929.6,2025-06-21 09:26:07,2025-06-21 09:26:17,11184.0,11185.0,GTIGL,GTERI,ok,0.0
9098,929.6,929.9,2025-06-21 09:26:17,2025-06-21 09:27:15,11185.0,11187.0,GTERI,GTERI,ok,0.2999999999999545
9099,929.9,929.9,2025-06-21 09:27:15,2025-06-21 09:27:17,11187.0,11188.0,GTERI,GTERI,ok,0.0
9101,929.9,930.8,2025-06-21 09:27:17,2025-06-21 09:29:05,11188.0,11190.0,GTERI,GTERI,ok,0.8999999999999773
9102,930.8,930.8,2025-06-21 09:29:05,2025-06-21 09:29:13,11190.0,11191.0,GTERI,GTERI,ok,0.0
9103,930.8,930.8,2025-06-21 09:29:13,2025-06-21 09:29:15,11191.0,11192.0,GTERI,GTERI,ok,0.0
9104,930.8,930.9,2025-06-21 09:29:15,2025-06-21 09:29:31,11192.0,11193.0,GTERI,GTERI,ok,0.10000000000002274
9105,930.9,930.9,2025-06-21 09:29:31,2025-06-21 09:29:33,11193.0,11194.0,GTERI,GTERI,ok,0.0
9106,930.9,930.9,2025-06-21 09:29:33,2025-06-21 09:30:03,11194.0,11195.0,GTERI,GTIGF,ok,0.0
9107,930.9,930.9,2025-06-21 09:30:03,2025-06-21 09:30:03,11195.0,11196.0,GTIGF,GTSTT,ok,0.0
9108,930.9,930.9,2025-06-21 09:30:03,2025-06-21 09:30:04,11196.0,11197.0,GTSTT,GTERI,ok,0.0
9109,930.9,930.9,2025-06-21 09:30:04,2025-06-21 09:30:04,11197.0,11198.0,GTERI,GTIGL,ok,0.0
9112,930.9,930.9,2025-06-21 09:30:04,2025-06-21 09:32:56,11198.0,11201.0,GTIGL,GTSTT,ok,0.0
9114,930.9,930.9,2025-06-21 09:32:56,2025-06-21 09:35:42,11201.0,11203.0,GTSTT,GTIGN,ok,0.0
9115,930.9,930.9,2025-06-21 09:35:42,2025-06-21 09:35:42,11203.0,11204.0,GTIGN,GTSTT,ok,0.0
9116,930.9,930.9,2025-06-21 09:35:42,2025-06-21 09:35:49,11204.0,11205.0,GTSTT,GTERI,ok,0.0
9117,930.9,930.9,2025-06-21 09:35:49,2025-06-21 09:35:49,11205.0,11206.0,GTERI,GTIGL,ok,0.0
9118,930.9,930.9,2025-06-21 09:35:49,2025-06-21 09:35:52,11206.0,11207.0,GTIGL,GTERI,ok,0.0
9119,930.9,930.9,2025-06-21 09:35:52,2025-06-21 09:36:10,11207.0,11208.0,GTERI,GTERI,ok,0.0
9121,930.9,931.0,2025-06-21 09:36:10,2025-06-21 09:36:30,11208.0,11210.0,GTERI,GTERI,ok,0.10000000000002274
9122,931.0,931.0,2025-06-21 09:36:30,2025-06-21 09:36:32,11210.0,11211.0,GTERI,GTERI,ok,0.0
9123,931.0,931.0,2025-06-21 09:36:32,2025-06-21 09:36:34,11211.0,11212.0,GTERI,GTIGF,ok,0.0
9124,931.0,931.0,2025-06-21 09:36:34,2025-06-21 09:36:34,11212.0,11213.0,GTIGF,GTSTT,ok,0.0
9125,931.0,931.0,2025-06-21 09:36:34,2025-06-21 09:36:35,11213.0,11214.0,GTSTT,GTERI,ok,0.0
9126,931.0,931.0,2025-06-21 09:36:35,2025-06-21 09:36:35,11214.0,11215.0,GTERI,GTIGL,ok,0.0
9127,931.0,931.0,2025-06-21 09:36:35,2025-06-21 09:37:06,11215.0,11216.0,GTIGL,GTIGN,ok,0.0
9128,931.0,931.0,2025-06-21 09:37:06,2025-06-21 09:37:06,11216.0,11217.0,GTIGN,GTSTT,ok,0.0
9129,931.0,931.0,2025-06-21 09:37:06,2025-06-21 09:37:07,11217.0,11218.0,GTSTT,GTIGL,ok,0.0
9130,931.0,931.0,2025-06-21 09:37:07,2025-06-21 09:37:11,11218.0,11219.0,GTIGL,GTERI,ok,0.0
9131,931.0,931.0,2025-06-21 09:37:11,2025-06-21 09:37:30,11219.0,11220.0,GTERI,GTERI,ok,0.0
9132,931.0,931.1,2025-06-21 09:37:30,2025-06-21 09:37:47,11220.0,11221.0,GTERI,GTERI,ok,0.10000000000002274
9133,931.1,931.1,2025-06-21 09:37:47,2025-06-21 09:37:49,11221.0,11222.0,GTERI,GTERI,ok,0.0
9134,931.1,931.1,2025-06-21 09:37:49,2025-06-21 09:37:57,11222.0,11223.0,GTERI,GTERI,ok,0.0
9135,931.1,931.1,2025-06-21 09:37:57,2025-06-21 09:37:59,11223.0,11224.0,GTERI,GTERI,ok,0.0
9136,931.1,931.2,2025-06-21 09:37:59,2025-06-21 09:38:08,11224.0,11225.0,GTERI,GTERI,ok,0.10000000000002274
9137,931.2,931.2,2025-06-21 09:38:08,2025-06-21 09:38:11,11225.0,11226.0,GTERI,GTERI,ok,0.0
9138,931.2,931.2,2025-06-21 09:38:11,2025-06-21 09:38:16,11226.0,11227.0,GTERI,GTIGF,ok,0.0
9139,931.2,931.2,2025-06-21 09:38:16,2025-06-21 09:38:16,11227.0,11228.0,GTIGF,GTSTT,ok,0.0
9140,931.2,931.2,2025-06-21 09:38:16,2025-06-21 09:38:17,11228.0,11229.0,GTSTT,GTERI,ok,0.0
9141,931.2,931.2,2025-06-21 09:38:17,2025-06-21 09:38:17,11229.0,11230.0,GTERI,GTIGL,ok,0.0
9143,931.2,931.2,2025-06-21 09:38:17,2025-06-21 09:39:02,11230.0,11232.0,GTIGL,GTSTT,ok,0.0
9173,931.2,931.2,2025-06-21 09:39:02,2025-06-21 10:38:12,11232.0,11262.0,GTSTT,GTERI,ok,0.0
9196,931.2,931.2,2025-06-21 10:38:12,2025-06-21 11:21:24,11262.0,11285.0,GTERI,GTIGN,ok,0.0
9197,931.2,931.2,2025-06-21 11:21:24,2025-06-21 11:21:24,11285.0,11286.0,GTIGN,GTSTT,ok,0.0
9198,931.2,931.2,2025-06-21 11:21:24,2025-06-21 11:21:32,11286.0,11287.0,GTSTT,GTERI,ok,0.0
9199,931.2,931.2,2025-06-21 11:21:32,2025-06-21 11:21:32,11287.0,11288.0,GTERI,GTIGL,ok,0.0
9200,931.2,931.2,2025-06-21 11:21:32,2025-06-21 11:22:09,11288.0,11289.0,GTIGL,GTIGF,ok,0.0
9201,931.2,931.2,2025-06-21 11:22:09,2025-06-21 11:22:09,11289.0,11290.0,GTIGF,GTSTT,ok,0.0
9202,931.2,931.2,2025-06-21 11:22:09,2025-06-21 11:22:09,11290.0,11291.0,GTSTT,GTERI,ok,0.0
9203,931.2,931.2,2025-06-21 11:22:09,2025-06-21 11:22:09,11291.0,11292.0,GTERI,GTIGL,ok,0.0
9204,931.2,931.2,2025-06-21 11:22:09,2025-06-21 11:22:19,11292.0,11293.0,GTIGL,GTIGN,ok,0.0
9205,931.2,931.2,2025-06-21 11:22:19,2025-06-21 11:22:19,11293.0,11294.0,GTIGN,GTSTT,ok,0.0
9206,931.2,931.2,2025-06-21 11:22:19,2025-06-21 11:22:19,11294.0,11295.0,GTSTT,GTIGL,ok,0.0
9207,931.2,931.2,2025-06-21 11:22:19,2025-06-21 11:22:23,11295.0,11296.0,GTIGL,GTERI,ok,0.0
9209,931.2,931.2,2025-06-21 11:22:23,2025-06-21 11:22:33,11296.0,11298.0,GTERI,GTIGF,ok,0.0
9210,931.2,931.2,2025-06-21 11:22:33,2025-06-21 11:22:33,11298.0,11299.0,GTIGF,GTSTT,ok,0.0
9211,931.2,931.2,2025-06-21 11:22:33,2025-06-21 11:22:33,11299.0,11300.0,GTSTT,GTERI,ok,0.0
9212,931.2,931.2,2025-06-21 11:22:33,2025-06-21 11:22:33,11300.0,11301.0,GTERI,GTIGL,ok,0.0
9213,931.2,931.2,2025-06-21 11:22:33,2025-06-21 11:23:22,11301.0,11302.0,GTIGL,GTSTT,ok,0.0
9243,931.2,931.2,2025-06-21 11:23:22,2025-06-21 12:22:28,11302.0,11332.0,GTSTT,GTERI,ok,0.0
9274,931.2,931.2,2025-06-21 12:22:28,2025-06-21 13:22:28,11332.0,11363.0,GTERI,GTERI,ok,0.0
9305,931.2,931.2,2025-06-21 13:22:28,2025-06-21 14:22:28,11363.0,11394.0,GTERI,GTERI,ok,0.0
9336,931.2,931.2,2025-06-21 14:22:28,2025-06-21 15:22:28,11394.0,11425.0,GTERI,GTERI,ok,0.0
9367,931.2,931.2,2025-06-21 15:22:28,2025-06-21 16:22:28,11425.0,11456.0,GTERI,GTERI,ok,0.0
9398,931.2,931.2,2025-06-21 16:22:28,2025-06-21 17:22:28,11456.0,11487.0,GTERI,GTERI,ok,0.0
9429,931.2,931.2,2025-06-21 17:22:28,2025-06-21 18:22:28,11487.0,11518.0,GTERI,GTERI,ok,0.0
9460,931.2,931.2,2025-06-21 18:22:28,2025-06-21 19:22:28,11518.0,11549.0,GTERI,GTERI,ok,0.0
9491,931.2,931.2,2025-06-21 19:22:28,2025-06-21 20:22:28,11549.0,11580.0,GTERI,GTERI,ok,0.0
9522,931.2,931.2,2025-06-21 20:22:28,2025-06-21 21:22:28,11580.0,11611.0,GTERI,GTERI,ok,0.0
9553,931.2,931.2,2025-06-21 21:22:28,2025-06-21 22:22:28,11611.0,11642.0,GTERI,GTERI,ok,0.0
9584,931.2,931.2,2025-06-21 22:22:28,2025-06-21 23:22:28,11642.0,11673.0,GTERI,GTERI,ok,0.0
9615,931.2,931.2,2025-06-21 23:22:28,2025-06-22 00:22:28,11673.0,11704.0,GTERI,GTERI,ok,0.0
9646,931.2,931.2,2025-06-22 00:22:28,2025-06-22 01:22:28,11704.0,11735.0,GTERI,GTERI,ok,0.0
9677,931.2,931.2,2025-06-22 01:22:28,2025-06-22 02:22:28,11735.0,11766.0,GTERI,GTERI,ok,0.0
9690,931.2,931.2,2025-06-22 02:22:28,2025-06-22 02:45:46,11766.0,11779.0,GTERI,GTPDP,ok,0.0
9708,931.2,931.2,2025-06-22 02:45:46,2025-06-22 03:22:28,11779.0,11797.0,GTPDP,GTERI,ok,0.0
9739,931.2,931.2,2025-06-22 03:22:28,2025-06-22 04:22:28,11797.0,11828.0,GTERI,GTERI,ok,0.0
9770,931.2,931.2,2025-06-22 04:22:28,2025-06-22 05:22:28,11828.0,11859.0,GTERI,GTERI,ok,0.0
9801,931.2,931.2,2025-06-22 05:22:28,2025-06-22 06:22:28,11859.0,11890.0,GTERI,GTERI,ok,0.0
9832,931.2,931.2,2025-06-22 06:22:28,2025-06-22 07:22:28,11890.0,11921.0,GTERI,GTERI,ok,0.0
9863,931.2,931.2,2025-06-22 07:22:28,2025-06-22 08:22:28,11921.0,11952.0,GTERI,GTERI,ok,0.0
9894,931.2,931.2,2025-06-22 08:22:28,2025-06-22 09:22:28,11952.0,11983.0,GTERI,GTERI,ok,0.0
9925,931.2,931.2,2025-06-22 09:22:28,2025-06-22 10:22:28,11983.0,12014.0,GTERI,GTERI,ok,0.0
9956,931.2,931.2,2025-06-22 10:22:28,2025-06-22 11:22:28,12014.0,12045.0,GTERI,GTERI,ok,0.0
9982,931.2,931.2,2025-06-22 11:22:28,2025-06-22 12:12:50,12045.0,12071.0,GTERI,GTIGN,ok,0.0
9983,931.2,931.2,2025-06-22 12:12:50,2025-06-22 12:12:50,12071.0,12072.0,GTIGN,GTSTT,ok,0.0
9984,931.2,931.2,2025-06-22 12:12:50,2025-06-22 12:13:00,12072.0,12073.0,GTSTT,GTERI,ok,0.0
9985,931.2,931.2,2025-06-22 12:13:00,2025-06-22 12:13:00,12073.0,12074.0,GTERI,GTIGL,ok,0.0
9987,931.2,931.2,2025-06-22 12:13:00,2025-06-22 12:13:45,12074.0,12076.0,GTIGL,GTIGF,ok,0.0
9988,931.2,931.2,2025-06-22 12:13:45,2025-06-22 12:13:45,12076.0,12077.0,GTIGF,GTSTT,ok,0.0
9989,931.2,931.2,2025-06-22 12:13:45,2025-06-22 12:13:45,12077.0,12078.0,GTSTT,GTERI,ok,0.0
9990,931.2,931.2,2025-06-22 12:13:45,2025-06-22 12:13:45,12078.0,12079.0,GTERI,GTIGL,ok,0.0
9991,931.2,931.2,2025-06-22 12:13:45,2025-06-22 12:13:55,12079.0,12080.0,GTIGL,GTIGN,ok,0.0
9992,931.2,931.2,2025-06-22 12:13:55,2025-06-22 12:13:55,12080.0,12081.0,GTIGN,GTSTT,ok,0.0
9993,931.2,931.2,2025-06-22 12:13:55,2025-06-22 12:13:55,12081.0,12082.0,GTSTT,GTIGL,ok,0.0
9994,931.2,931.2,2025-06-22 12:13:55,2025-06-22 12:13:59,12082.0,12083.0,GTIGL,GTERI,ok,0.0
9996,931.2,931.3,2025-06-22 12:13:59,2025-06-22 12:15:22,12083.0,12085.0,GTERI,GTERI,ok,0.09999999999990905
9997,931.3,931.3,2025-06-22 12:15:22,2025-06-22 12:15:39,12085.0,12086.0,GTERI,GTIGF,ok,0.0
9998,931.3,931.3,2025-06-22 12:15:39,2025-06-22 12:15:39,12086.0,12087.0,GTIGF,GTSTT,ok,0.0
9999,931.3,931.3,2025-06-22 12:15:39,2025-06-22 12:15:40,12087.0,12088.0,GTSTT,GTERI,ok,0.0
10000,931.3,931.3,2025-06-22 12:15:40,2025-06-22 12:15:40,12088.0,12089.0,GTERI,GTIGL,ok,0.0
10001,931.3,931.3,2025-06-22 12:15:40,2025-06-22 12:16:15,12089.0,12090.0,GTIGL,GTSTT,ok,0.0
10007,931.3,931.3,2025-06-22 12:16:15,2025-06-22 12:25:47,12090.0,12096.0,GTSTT,GTPDP,ok,0.0
10032,931.3,931.3,2025-06-22 12:25:47,2025-06-22 13:15:35,12096.0,12121.0,GTPDP,GTERI,ok,0.0
10034,931.3,931.3,2025-06-22 13:15:35,2025-06-22 13:17:20,12121.0,12123.0,GTERI,GTPDP,ok,0.0
10040,931.3,931.3,2025-06-22 13:17:20,2025-06-22 13:28:50,12123.0,12129.0,GTPDP,GTPDP,ok,0.0
10042,931.3,931.3,2025-06-22 13:28:50,2025-06-22 13:32:20,12129.0,12131.0,GTPDP,GTPDP,ok,0.0
10064,931.3,931.3,2025-06-22 13:32:20,2025-06-22 14:15:35,12131.0,12153.0,GTPDP,GTERI,ok,0.0
10072,931.3,931.3,2025-06-22 14:15:35,2025-06-22 14:29:53,12153.0,12161.0,GTERI,GTPDP,ok,0.0
10095,931.3,931.3,2025-06-22 14:29:53,2025-06-22 15:15:35,12161.0,12184.0,GTPDP,GTERI,ok,0.0
10100,931.3,931.3,2025-06-22 15:15:35,2025-06-22 15:23:26,12184.0,12189.0,GTERI,GTPDP,ok,0.0
10124,931.3,931.3,2025-06-22 15:23:26,2025-06-22 16:10:58,12189.0,12213.0,GTPDP,GTPDP,ok,0.0
10126,931.3,931.3,2025-06-22 16:10:58,2025-06-22 16:15:35,12213.0,12215.0,GTPDP,GTERI,ok,0.0
10140,931.3,931.3,2025-06-22 16:15:35,2025-06-22 16:40:30,12215.0,12229.0,GTERI,GTPDP,ok,0.0
10158,931.3,931.3,2025-06-22 16:40:30,2025-06-22 17:15:35,12229.0,12247.0,GTPDP,GTERI,ok,0.0
10189,931.3,931.3,2025-06-22 17:15:35,2025-06-22 18:15:35,12247.0,12278.0,GTERI,GTERI,ok,0.0
10219,931.3,931.3,2025-06-22 18:15:35,2025-06-22 19:15:35,12278.0,12308.0,GTERI,GTERI,ok,0.0
10222,931.3,931.3,2025-06-22 19:15:35,2025-06-22 19:19:49,12308.0,12312.0,GTERI,GTPDP,ok,0.0
10250,931.3,931.3,2025-06-22 19:19:49,2025-06-22 20:15:35,12312.0,12340.0,GTPDP,GTERI,ok,0.0
10268,931.3,931.3,2025-06-22 20:15:35,2025-06-22 20:49:23,12340.0,12358.0,GTERI,GTPDP,ok,0.0
10281,931.3,931.3,2025-06-22 20:49:23,2025-06-22 21:15:35,12358.0,12371.0,GTPDP,GTERI,ok,0.0
10286,931.3,931.3,2025-06-22 21:15:35,2025-06-22 21:22:55,12371.0,12376.0,GTERI,GTPDP,ok,0.0
10310,931.3,931.3,2025-06-22 21:22:55,2025-06-22 22:10:27,12376.0,12400.0,GTPDP,GTPDP,ok,0.0
10313,931.3,931.3,2025-06-22 22:10:27,2025-06-22 22:15:35,12400.0,12403.0,GTPDP,GTERI,ok,0.0
10320,931.3,931.3,2025-06-22 22:15:35,2025-06-22 22:27:58,12403.0,12410.0,GTERI,GTPDP,ok,0.0
10323,931.3,931.3,2025-06-22 22:27:58,2025-06-22 22:33:28,12410.0,12413.0,GTPDP,GTPDP,ok,0.0
10325,931.3,931.3,2025-06-22 22:33:28,2025-06-22 22:36:58,12413.0,12415.0,GTPDP,GTPDP,ok,0.0
10337,931.3,931.3,2025-06-22 22:36:58,2025-06-22 23:00:29,12415.0,12427.0,GTPDP,GTPDP,ok,0.0
10345,931.3,931.3,2025-06-22 23:00:29,2025-06-22 23:15:35,12427.0,12435.0,GTPDP,GTERI,ok,0.0
10376,931.3,931.3,2025-06-22 23:15:35,2025-06-23 00:15:35,12435.0,12466.0,GTERI,GTERI,ok,0.0
10406,931.3,931.3,2025-06-23 00:15:35,2025-06-23 01:15:35,12466.0,12496.0,GTERI,GTERI,ok,0.0
10437,931.3,931.3,2025-06-23 01:15:35,2025-06-23 02:15:35,12496.0,12527.0,GTERI,GTERI,ok,0.0
10468,931.3,931.3,2025-06-23 02:15:35,2025-06-23 03:15:35,12527.0,12558.0,GTERI,GTERI,ok,0.0
10499,931.3,931.3,2025-06-23 03:15:35,2025-06-23 04:15:35,12558.0,12589.0,GTERI,GTERI,ok,0.0
10530,931.3,931.3,2025-06-23 04:15:35,2025-06-23 05:15:35,12589.0,12620.0,GTERI,GTERI,ok,0.0
10554,931.3,931.3,2025-06-23 05:15:35,2025-06-23 06:00:21,12620.0,12644.0,GTERI,GTPDP,ok,0.0
10562,931.3,931.3,2025-06-23 06:00:21,2025-06-23 06:15:35,12644.0,12652.0,GTPDP,GTERI,ok,0.0
10575,931.3,931.3,2025-06-23 06:15:35,2025-06-23 06:41:05,12652.0,12665.0,GTERI,GTIGN,ok,0.0
10576,931.3,931.3,2025-06-23 06:41:05,2025-06-23 06:41:05,12665.0,12666.0,GTIGN,GTSTT,ok,0.0
10577,931.3,931.3,2025-06-23 06:41:05,2025-06-23 06:41:14,12666.0,12667.0,GTSTT,GTERI,ok,0.0
10578,931.3,931.3,2025-06-23 06:41:14,2025-06-23 06:41:14,12667.0,12668.0,GTERI,GTIGL,ok,0.0
10579,931.3,931.3,2025-06-23 06:41:14,2025-06-23 06:41:22,12668.0,12669.0,GTIGL,GTERI,ok,0.0
10581,931.3,931.3,2025-06-23 06:41:22,2025-06-23 06:41:25,12669.0,12671.0,GTERI,GTERI,ok,0.0
10582,931.3,931.4,2025-06-23 06:41:25,2025-06-23 06:41:40,12671.0,12672.0,GTERI,GTERI,ok,0.10000000000002274
10583,931.4,931.4,2025-06-23 06:41:40,2025-06-23 06:41:43,12672.0,12673.0,GTERI,GTERI,ok,0.0
10585,931.4,932.4,2025-06-23 06:41:43,2025-06-23 06:43:40,12673.0,12675.0,GTERI,GTERI,ok,1.0
10586,932.4,932.4,2025-06-23 06:43:40,2025-06-23 06:43:42,12675.0,12676.0,GTERI,GTERI,ok,0.0
10587,932.4,932.4,2025-06-23 06:43:42,2025-06-23 06:43:55,12676.0,12677.0,GTERI,GTERI,ok,0.0
10588,932.4,932.5,2025-06-23 06:43:55,2025-06-23 06:43:58,12677.0,12678.0,GTERI,GTERI,ok,0.10000000000002274
10589,932.5,932.5,2025-06-23 06:43:58,2025-06-23 06:44:08,12678.0,12679.0,GTERI,GTERI,ok,0.0
10590,932.5,932.5,2025-06-23 06:44:08,2025-06-23 06:44:11,12679.0,12680.0,GTERI,GTERI,ok,0.0
10591,932.5,932.5,2025-06-23 06:44:11,2025-06-23 06:44:12,12680.0,12681.0,GTERI,GTERI,ok,0.0
10593,932.5,934.1,2025-06-23 06:44:12,2025-06-23 06:46:08,12681.0,12683.0,GTERI,GTERI,ok,1.6000000000000227
10594,934.1,934.1,2025-06-23 06:46:08,2025-06-23 06:46:10,12683.0,12684.0,GTERI,GTERI,ok,0.0
10595,934.1,934.1,2025-06-23 06:46:10,2025-06-23 06:46:15,12684.0,12685.0,GTERI,GTERI,ok,0.0
10596,934.1,934.1,2025-06-23 06:46:15,2025-06-23 06:46:21,12685.0,12686.0,GTERI,GTERI,ok,0.0
10597,934.1,934.1,2025-06-23 06:46:21,2025-06-23 06:47:11,12686.0,12687.0,GTERI,GTERI,ok,0.0
10599,934.1,934.1,2025-06-23 06:47:11,2025-06-23 06:47:29,12687.0,12689.0,GTERI,GTSTT,ok,0.0
10600,934.1,934.1,2025-06-23 06:47:29,2025-06-23 06:48:09,12689.0,12690.0,GTSTT,GTSTT,ok,0.0
10601,934.1,934.1,2025-06-23 06:48:09,2025-06-23 06:48:54,12690.0,12691.0,GTSTT,GTSTT,ok,0.0
10603,934.1,934.1,2025-06-23 06:48:54,2025-06-23 06:50:11,12691.0,12693.0,GTSTT,GTERI,ok,0.0
10605,934.1,934.1,2025-06-23 06:50:11,2025-06-23 06:51:36,12693.0,12695.0,GTERI,GTSTT,ok,0.0
10606,934.1,934.1,2025-06-23 06:51:36,2025-06-23 06:51:47,12695.0,12696.0,GTSTT,GTERI,ok,0.0
10607,934.1,934.1,2025-06-23 06:51:47,2025-06-23 06:51:48,12696.0,12697.0,GTERI,GTERI,ok,0.0
10608,934.1,934.1,2025-06-23 06:51:48,2025-06-23 06:51:51,12697.0,12698.0,GTERI,GTERI,ok,0.0
10609,934.1,934.1,2025-06-23 06:51:51,2025-06-23 06:51:53,12698.0,12699.0,GTERI,GTERI,ok,0.0
10610,934.1,934.2,2025-06-23 06:51:53,2025-06-23 06:51:58,12699.0,12700.0,GTERI,GTERI,ok,0.10000000000002274
10611,934.2,934.2,2025-06-23 06:51:58,2025-06-23 06:52:01,12700.0,12701.0,GTERI,GTERI,ok,0.0
10612,934.2,934.2,2025-06-23 06:52:01,2025-06-23 06:52:04,12701.0,12702.0,GTERI,GTERI,ok,0.0
10613,934.2,934.3,2025-06-23 06:52:04,2025-06-23 06:52:18,12702.0,12703.0,GTERI,GTERI,ok,0.09999999999990905
10614,934.3,934.3,2025-06-23 06:52:18,2025-06-23 06:52:20,12703.0,12704.0,GTERI,GTERI,ok,0.0
10615,934.3,935.0,2025-06-23 06:52:20,2025-06-23 06:52:54,12704.0,12705.0,GTERI,GTIGF,ok,0.7000000000000455
10616,935.0,935.0,2025-06-23 06:52:54,2025-06-23 06:52:54,12705.0,12706.0,GTIGF,GTSTT,ok,0.0
10617,935.0,935.0,2025-06-23 06:52:54,2025-06-23 06:52:54,12706.0,12707.0,GTSTT,GTERI,ok,0.0
10618,935.0,935.0,2025-06-23 06:52:54,2025-06-23 06:52:54,12707.0,12708.0,GTERI,GTIGL,ok,0.0
10619,935.0,935.0,2025-06-23 06:52:54,2025-06-23 06:52:55,12708.0,12709.0,GTIGL,GTIGN,ok,0.0
10620,935.0,935.0,2025-06-23 06:52:55,2025-06-23 06:52:55,12709.0,12710.0,GTIGN,GTSTT,ok,0.0
10621,935.0,935.0,2025-06-23 06:52:55,2025-06-23 06:52:56,12710.0,12711.0,GTSTT,GTIGL,ok,0.0
10622,935.0,935.0,2025-06-23 06:52:56,2025-06-23 06:53:00,12711.0,12712.0,GTIGL,GTERI,ok,0.0
10625,935.0,939.1,2025-06-23 06:53:00,2025-06-23 06:56:05,12712.0,12715.0,GTERI,GTERI,ok,4.100000000000023
10627,939.1,943.6,2025-06-23 06:56:05,2025-06-23 06:59:05,12715.0,12717.0,GTERI,GTERI,ok,4.5
10630,943.6,948.4,2025-06-23 06:59:05,2025-06-23 07:01:54,12717.0,12720.0,GTERI,GTPDP,ok,4.7999999999999545
10631,948.4,948.7,2025-06-23 07:01:54,2025-06-23 07:02:05,12720.0,12721.0,GTPDP,GTERI,ok,0.3000000000000682
10634,948.7,953.9,2025-06-23 07:02:05,2025-06-23 07:05:05,12721.0,12723.0,GTERI,GTERI,ok,5.199999999999932
10633,953.9,954.4,2025-06-23 07:05:05,2025-06-23 07:05:24,12723.0,12724.0,GTERI,GTPDP,ok,0.5
10637,954.4,958.9,2025-06-23 07:05:24,2025-06-23 07:08:05,12724.0,12725.0,GTPDP,GTERI,ok,4.5
10636,958.9,959.8,2025-06-23 07:08:05,2025-06-23 07:08:35,12725.0,12727.0,GTERI,GTPDP,ok,0.8999999999999773
10638,959.8,964.0,2025-06-23 07:08:35,2025-06-23 07:11:06,12727.0,12728.0,GTPDP,GTERI,ok,4.2000000000000455
10641,964.0,969.1,2025-06-23 07:11:06,2025-06-23 07:14:06,12728.0,12731.0,GTERI,GTERI,ok,5.100000000000023
10643,969.1,974.0,2025-06-23 07:14:06,2025-06-23 07:17:06,12731.0,12733.0,GTERI,GTERI,ok,4.899999999999977
10646,974.0,978.9,2025-06-23 07:17:06,2025-06-23 07:20:06,12733.0,12736.0,GTERI,GTERI,ok,4.899999999999977
10648,978.9,983.1,2025-06-23 07:20:06,2025-06-23 07:22:45,12736.0,12738.0,GTERI,GTERI,ok,4.2000000000000455
10649,983.1,983.7,2025-06-23 07:22:45,2025-06-23 07:23:06,12738.0,12739.0,GTERI,GTERI,ok,0.6000000000000227
10652,983.7,988.5,2025-06-23 07:23:06,2025-06-23 07:26:03,12739.0,12742.0,GTERI,GTERI,ok,4.7999999999999545
10653,988.5,988.6,2025-06-23 07:26:03,2025-06-23 07:26:06,12742.0,12743.0,GTERI,GTERI,ok,0.10000000000002274
10655,988.6,993.6,2025-06-23 07:26:06,2025-06-23 07:29:06,12743.0,12745.0,GTERI,GTERI,ok,5.0
10658,993.6,998.5,2025-06-23 07:29:06,2025-06-23 07:32:06,12745.0,12749.0,GTERI,GTERI,ok,4.899999999999977
10657,998.5,1002.5,2025-06-23 07:32:06,2025-06-23 07:34:38,12749.0,12750.0,GTERI,GTPDP,ok,4.0
10659,1002.5,1003.3,2025-06-23 07:34:38,2025-06-23 07:35:06,12750.0,12751.0,GTPDP,GTERI,ok,0.7999999999999545
10661,1003.3,1007.7,2025-06-23 07:35:06,2025-06-23 07:38:06,12751.0,12753.0,GTERI,GTERI,ok,4.400000000000091
10663,1007.7,1012.6,2025-06-23 07:38:06,2025-06-23 07:41:06,12753.0,12755.0,GTERI,GTERI,ok,4.899999999999977
10666,1012.6,1016.4,2025-06-23 07:41:06,2025-06-23 07:44:06,12755.0,12758.0,GTERI,GTERI,ok,3.7999999999999545
10667,1016.4,1016.5,2025-06-23 07:44:06,2025-06-23 07:44:13,12758.0,12759.0,GTERI,GTERI,ok,0.10000000000002274
10668,1016.5,1016.5,2025-06-23 07:44:13,2025-06-23 07:44:16,12759.0,12760.0,GTERI,GTERI,ok,0.0
10669,1016.5,1016.5,2025-06-23 07:44:16,2025-06-23 07:44:19,12760.0,12761.0,GTERI,GTERI,ok,0.0
10670,1016.5,1016.5,2025-06-23 07:44:19,2025-06-23 07:44:23,12761.0,12762.0,GTERI,GTERI,ok,0.0
10672,1016.5,1017.4,2025-06-23 07:44:23,2025-06-23 07:45:16,12762.0,12764.0,GTERI,GTERI,ok,0.8999999999999773
10673,1017.4,1017.4,2025-06-23 07:45:16,2025-06-23 07:45:20,12764.0,12765.0,GTERI,GTERI,ok,0.0
10674,1017.4,1017.5,2025-06-23 07:45:20,2025-06-23 07:45:33,12765.0,12766.0,GTERI,GTERI,ok,0.10000000000002274
10675,1017.5,1017.5,2025-06-23 07:45:33,2025-06-23 07:45:39,12766.0,12767.0,GTERI,GTERI,ok,0.0
10676,1017.5,1017.5,2025-06-23 07:45:39,2025-06-23 07:45:46,12767.0,12768.0,GTERI,GTERI,ok,0.0
10677,1017.5,1017.6,2025-06-23 07:45:46,2025-06-23 07:45:53,12768.0,12769.0,GTERI,GTERI,ok,0.10000000000002274
10678,1017.6,1017.6,2025-06-23 07:45:53,2025-06-23 07:45:55,12769.0,12770.0,GTERI,GTERI,ok,0.0
10679,1017.6,1017.6,2025-06-23 07:45:55,2025-06-23 07:46:18,12770.0,12771.0,GTERI,GTIGF,ok,0.0
10680,1017.6,1017.6,2025-06-23 07:46:18,2025-06-23 07:46:18,12771.0,12772.0,GTIGF,GTSTT,ok,0.0
10681,1017.6,1017.6,2025-06-23 07:46:18,2025-06-23 07:46:19,12772.0,12773.0,GTSTT,GTERI,ok,0.0
10682,1017.6,1017.6,2025-06-23 07:46:19,2025-06-23 07:46:19,12773.0,12774.0,GTERI,GTIGL,ok,0.0
10684,1017.6,1017.6,2025-06-23 07:46:19,2025-06-23 07:47:22,12774.0,12776.0,GTIGL,GTSTT,ok,0.0
10685,1017.6,1017.6,2025-06-23 07:47:22,2025-06-23 07:47:31,12776.0,12777.0,GTSTT,GTIGN,ok,0.0
10686,1017.6,1017.6,2025-06-23 07:47:31,2025-06-23 07:47:31,12777.0,12778.0,GTIGN,GTSTT,ok,0.0
10687,1017.6,1017.6,2025-06-23 07:47:31,2025-06-23 07:47:32,12778.0,12779.0,GTSTT,GTIGL,ok,0.0
10688,1017.6,1017.6,2025-06-23 07:47:32,2025-06-23 07:47:34,12779.0,12780.0,GTIGL,GTIGF,ok,0.0
10689,1017.6,1017.6,2025-06-23 07:47:34,2025-06-23 07:47:34,12780.0,12781.0,GTIGF,GTSTT,ok,0.0
10690,1017.6,1017.6,2025-06-23 07:47:34,2025-06-23 07:47:35,12781.0,12782.0,GTSTT,GTIGL,ok,0.0
10691,1017.6,1017.6,2025-06-23 07:47:35,2025-06-23 07:48:41,12782.0,12783.0,GTIGL,GTSTT,ok,0.0
10721,1017.6,1017.6,2025-06-23 07:48:41,2025-06-23 08:46:14,12783.0,12813.0,GTSTT,GTERI,ok,0.0
10752,1017.6,1017.6,2025-06-23 08:46:14,2025-06-23 09:46:14,12813.0,12844.0,GTERI,GTERI,ok,0.0
10783,1017.6,1017.6,2025-06-23 09:46:14,2025-06-23 10:46:14,12844.0,12875.0,GTERI,GTERI,ok,0.0
10814,1017.6,1017.6,2025-06-23 10:46:14,2025-06-23 11:46:14,12875.0,12906.0,GTERI,GTERI,ok,0.0
10845,1017.6,1017.6,2025-06-23 11:46:14,2025-06-23 12:46:14,12906.0,12937.0,GTERI,GTERI,ok,0.0
10876,1017.6,1017.6,2025-06-23 12:46:14,2025-06-23 13:46:14,12937.0,12968.0,GTERI,GTERI,ok,0.0
10907,1017.6,1017.6,2025-06-23 13:46:14,2025-06-23 14:46:14,12968.0,12999.0,GTERI,GTERI,ok,0.0
10938,1017.6,1017.6,2025-06-23 14:46:14,2025-06-23 15:46:14,12999.0,13030.0,GTERI,GTERI,ok,0.0
10954,1017.6,1017.6,2025-06-23 15:46:14,2025-06-23 16:15:40,13030.0,13046.0,GTERI,GTIGN,ok,0.0
10955,1017.6,1017.6,2025-06-23 16:15:40,2025-06-23 16:15:40,13046.0,13047.0,GTIGN,GTSTT,ok,0.0
10956,1017.6,1017.6,2025-06-23 16:15:40,2025-06-23 16:15:45,13047.0,13048.0,GTSTT,GTIGF,ok,0.0
10957,1017.6,1017.6,2025-06-23 16:15:45,2025-06-23 16:15:45,13048.0,13049.0,GTIGF,GTSTT,ok,0.0
10958,1017.6,1017.6,2025-06-23 16:15:45,2025-06-23 16:15:48,13049.0,13050.0,GTSTT,GTERI,ok,0.0
10959,1017.6,1017.6,2025-06-23 16:15:48,2025-06-23 16:15:48,13050.0,13051.0,GTERI,GTIGL,ok,0.0
10960,1017.6,1017.6,2025-06-23 16:15:48,2025-06-23 16:15:48,13051.0,13052.0,GTIGL,GTIGL,ok,0.0
10961,1017.6,1017.6,2025-06-23 16:15:48,2025-06-23 16:16:20,13052.0,13053.0,GTIGL,GTSTT,ok,0.0
10963,1017.6,1017.6,2025-06-23 16:16:20,2025-06-23 16:18:05,13053.0,13055.0,GTSTT,GTSTT,ok,0.0
10964,1017.6,1017.6,2025-06-23 16:18:05,2025-06-23 16:18:10,13055.0,13056.0,GTSTT,GTSTT,ok,0.0
10994,1017.6,1017.6,2025-06-23 16:18:10,2025-06-23 17:15:40,13056.0,13086.0,GTSTT,GTERI,ok,0.0
11020,1017.6,1017.6,2025-06-23 17:15:40,2025-06-23 18:06:22,13086.0,13112.0,GTERI,GTIGN,ok,0.0
11021,1017.6,1017.6,2025-06-23 18:06:22,2025-06-23 18:06:22,13112.0,13113.0,GTIGN,GTSTT,ok,0.0
11022,1017.6,1017.6,2025-06-23 18:06:22,2025-06-23 18:06:29,13113.0,13114.0,GTSTT,GTERI,ok,0.0
11023,1017.6,1017.6,2025-06-23 18:06:29,2025-06-23 18:06:29,13114.0,13115.0,GTERI,GTIGL,ok,0.0
11024,1017.6,1017.6,2025-06-23 18:06:29,2025-06-23 18:06:32,13115.0,13116.0,GTIGL,GTERI,ok,0.0
11025,1017.6,1017.6,2025-06-23 18:06:32,2025-06-23 18:06:36,13116.0,13117.0,GTERI,GTERI,ok,0.0
11026,1017.6,1017.7,2025-06-23 18:06:36,2025-06-23 18:07:03,13117.0,13118.0,GTERI,GTERI,ok,0.10000000000002274
11027,1017.7,1017.7,2025-06-23 18:07:03,2025-06-23 18:07:40,13118.0,13119.0,GTERI,GTERI,ok,0.0
11028,1017.7,1017.7,2025-06-23 18:07:40,2025-06-23 18:07:42,13119.0,13120.0,GTERI,GTERI,ok,0.0
11030,1017.7,1018.6,2025-06-23 18:07:42,2025-06-23 18:09:19,13120.0,13122.0,GTERI,GTERI,ok,0.8999999999999773
11031,1018.6,1018.7,2025-06-23 18:09:19,2025-06-23 18:09:31,13122.0,13123.0,GTERI,GTERI,ok,0.10000000000002274
11034,1018.7,1021.6,2025-06-23 18:09:31,2025-06-23 18:12:31,13123.0,13126.0,GTERI,GTERI,ok,2.8999999999999773
11035,1021.6,1022.5,2025-06-23 18:12:31,2025-06-23 18:13:11,13126.0,13127.0,GTERI,GTERI,ok,0.8999999999999773
11037,1022.5,1024.4,2025-06-23 18:13:11,2025-06-23 18:14:44,13127.0,13129.0,GTERI,GTERI,ok,1.900000000000091
11038,1024.4,1024.5,2025-06-23 18:14:44,2025-06-23 18:14:48,13129.0,13130.0,GTERI,GTERI,ok,0.09999999999990905
11039,1024.5,1024.7,2025-06-23 18:14:48,2025-06-23 18:15:03,13130.0,13131.0,GTERI,GTERI,ok,0.20000000000004547
11040,1024.7,1025.1,2025-06-23 18:15:03,2025-06-23 18:15:31,13131.0,13132.0,GTERI,GTERI,ok,0.3999999999998636
11043,1025.1,1026.1,2025-06-23 18:15:31,2025-06-23 18:18:31,13132.0,13135.0,GTERI,GTERI,ok,1.0
11045,1026.1,1026.6,2025-06-23 18:18:31,2025-06-23 18:21:19,13135.0,13137.0,GTERI,GTERI,ok,0.5
11046,1026.6,1026.7,2025-06-23 18:21:19,2025-06-23 18:21:31,13137.0,13138.0,GTERI,GTERI,ok,0.10000000000013642
11049,1026.7,1027.0,2025-06-23 18:21:31,2025-06-23 18:24:27,13138.0,13141.0,GTERI,GTERI,ok,0.2999999999999545
11050,1027.0,1027.0,2025-06-23 18:24:27,2025-06-23 18:24:31,13141.0,13142.0,GTERI,GTERI,ok,0.0
11051,1027.0,1027.0,2025-06-23 18:24:31,2025-06-23 18:24:32,13142.0,13143.0,GTERI,GTERI,ok,0.0
11052,1027.0,1027.0,2025-06-23 18:24:32,2025-06-23 18:24:33,13143.0,13144.0,GTERI,GTERI,ok,0.0
11053,1027.0,1027.1,2025-06-23 18:24:33,2025-06-23 18:24:35,13144.0,13145.0,GTERI,GTERI,ok,0.09999999999990905
11054,1027.1,1027.5,2025-06-23 18:24:35,2025-06-23 18:25:21,13145.0,13146.0,GTERI,GTERI,ok,0.40000000000009095
11055,1027.5,1027.5,2025-06-23 18:25:21,2025-06-23 18:25:29,13146.0,13147.0,GTERI,GTERI,ok,0.0
11056,1027.5,1027.5,2025-06-23 18:25:29,2025-06-23 18:25:31,13147.0,13148.0,GTERI,GTERI,ok,0.0
11057,1027.5,1027.7,2025-06-23 18:25:31,2025-06-23 18:25:39,13148.0,13149.0,GTERI,GTERI,ok,0.20000000000004547
11059,1027.7,1028.4,2025-06-23 18:25:39,2025-06-23 18:27:02,13149.0,13151.0,GTERI,GTIGF,ok,0.7000000000000455
11060,1028.4,1028.4,2025-06-23 18:27:02,2025-06-23 18:27:02,13151.0,13152.0,GTIGF,GTSTT,ok,0.0
11061,1028.4,1028.4,2025-06-23 18:27:02,2025-06-23 18:27:03,13152.0,13153.0,GTSTT,GTERI,ok,0.0
11062,1028.4,1028.4,2025-06-23 18:27:03,2025-06-23 18:27:03,13153.0,13154.0,GTERI,GTIGL,ok,0.0
11064,1028.4,1028.4,2025-06-23 18:27:03,2025-06-23 18:28:08,13154.0,13156.0,GTIGL,GTSTT,ok,0.0
11094,1028.4,1028.4,2025-06-23 18:28:08,2025-06-23 19:26:57,13156.0,13186.0,GTSTT,GTERI,ok,0.0
11125,1028.4,1028.4,2025-06-23 19:26:57,2025-06-23 20:26:57,13186.0,13217.0,GTERI,GTERI,ok,0.0
11156,1028.4,1028.4,2025-06-23 20:26:57,2025-06-23 21:26:57,13217.0,13248.0,GTERI,GTERI,ok,0.0
11187,1028.4,1028.4,2025-06-23 21:26:57,2025-06-23 22:26:57,13248.0,13279.0,GTERI,GTERI,ok,0.0
11218,1028.4,1028.4,2025-06-23 22:26:57,2025-06-23 23:26:57,13279.0,13310.0,GTERI,GTERI,ok,0.0
11249,1028.4,1028.4,2025-06-23 23:26:57,2025-06-24 00:26:57,13310.0,13341.0,GTERI,GTERI,ok,0.0
11280,1028.4,1028.4,2025-06-24 00:26:57,2025-06-24 01:26:57,13341.0,13372.0,GTERI,GTERI,ok,0.0
11311,1028.4,1028.4,2025-06-24 01:26:57,2025-06-24 02:26:57,13372.0,13403.0,GTERI,GTERI,ok,0.0
11342,1028.4,1028.4,2025-06-24 02:26:57,2025-06-24 03:26:57,13403.0,13434.0,GTERI,GTERI,ok,0.0
11373,1028.4,1028.4,2025-06-24 03:26:57,2025-06-24 04:26:57,13434.0,13465.0,GTERI,GTERI,ok,0.0
11404,1028.4,1028.4,2025-06-24 04:26:57,2025-06-24 05:26:57,13465.0,13496.0,GTERI,GTERI,ok,0.0
11435,1028.4,1028.4,2025-06-24 05:26:57,2025-06-24 06:26:57,13496.0,13527.0,GTERI,GTERI,ok,0.0
11445,1028.4,1028.4,2025-06-24 06:26:57,2025-06-24 06:45:13,13527.0,13537.0,GTERI,GTIGN,ok,0.0
11446,1028.4,1028.4,2025-06-24 06:45:13,2025-06-24 06:45:13,13537.0,13538.0,GTIGN,GTSTT,ok,0.0
11447,1028.4,1028.5,2025-06-24 06:45:13,2025-06-24 06:45:30,13538.0,13539.0,GTSTT,GTERI,ok,0.09999999999990905
11448,1028.5,1028.5,2025-06-24 06:45:30,2025-06-24 06:45:30,13539.0,13540.0,GTERI,GTIGL,ok,0.0
11449,1028.5,1028.5,2025-06-24 06:45:30,2025-06-24 06:45:36,13540.0,13541.0,GTIGL,GTERI,ok,0.0
11450,1028.5,1028.5,2025-06-24 06:45:36,2025-06-24 06:45:37,13541.0,13542.0,GTERI,GTERI,ok,0.0
11451,1028.5,1028.5,2025-06-24 06:45:37,2025-06-24 06:45:38,13542.0,13543.0,GTERI,GTERI,ok,0.0
11452,1028.5,1028.5,2025-06-24 06:45:38,2025-06-24 06:45:39,13543.0,13544.0,GTERI,GTERI,ok,0.0
11454,1028.5,1029.4,2025-06-24 06:45:39,2025-06-24 06:46:29,13544.0,13546.0,GTERI,GTERI,ok,0.900000000000091
11455,1029.4,1029.5,2025-06-24 06:46:29,2025-06-24 06:46:46,13546.0,13547.0,GTERI,GTERI,ok,0.09999999999990905
11456,1029.5,1029.9,2025-06-24 06:46:46,2025-06-24 06:47:31,13547.0,13548.0,GTERI,GTERI,ok,0.40000000000009095
11457,1029.9,1030.0,2025-06-24 06:47:31,2025-06-24 06:47:34,13548.0,13549.0,GTERI,GTERI,ok,0.09999999999990905
11458,1030.0,1030.6,2025-06-24 06:47:34,2025-06-24 06:48:18,13549.0,13550.0,GTERI,GTERI,ok,0.599999999999909
11460,1030.6,1032.8,2025-06-24 06:48:18,2025-06-24 06:50:23,13550.0,13552.0,GTERI,GTERI,ok,2.2000000000000455
11461,1032.8,1032.8,2025-06-24 06:50:23,2025-06-24 06:50:26,13552.0,13553.0,GTERI,GTERI,ok,0.0
11463,1032.8,1032.8,2025-06-24 06:50:26,2025-06-24 06:50:28,13553.0,13555.0,GTERI,GTERI,ok,0.0
11464,1032.8,1032.9,2025-06-24 06:50:28,2025-06-24 06:50:30,13555.0,13556.0,GTERI,GTERI,ok,0.10000000000013642
11465,1032.9,1032.9,2025-06-24 06:50:30,2025-06-24 06:50:32,13556.0,13557.0,GTERI,GTERI,ok,0.0
11466,1032.9,1032.9,2025-06-24 06:50:32,2025-06-24 06:50:34,13557.0,13558.0,GTERI,GTERI,ok,0.0
11467,1032.9,1033.0,2025-06-24 06:50:34,2025-06-24 06:50:36,13558.0,13559.0,GTERI,GTERI,ok,0.09999999999990905
11468,1033.0,1033.0,2025-06-24 06:50:36,2025-06-24 06:50:39,13559.0,13560.0,GTERI,GTERI,ok,0.0
11469,1033.0,1033.9,2025-06-24 06:50:39,2025-06-24 06:51:18,13560.0,13561.0,GTERI,GTERI,ok,0.900000000000091
11471,1033.9,1035.8,2025-06-24 06:51:18,2025-06-24 06:52:31,13561.0,13563.0,GTERI,GTERI,ok,1.8999999999998636
11472,1035.8,1038.4,2025-06-24 06:52:31,2025-06-24 06:54:18,13563.0,13564.0,GTERI,GTERI,ok,2.6000000000001364
11473,1038.4,1038.5,2025-06-24 06:54:18,2025-06-24 06:54:24,13564.0,13565.0,GTERI,GTERI,ok,0.09999999999990905
11475,1038.5,1038.5,2025-06-24 06:54:24,2025-06-24 06:54:27,13565.0,13567.0,GTERI,GTIGF,ok,0.0
11476,1038.5,1038.5,2025-06-24 06:54:27,2025-06-24 06:54:27,13567.0,13568.0,GTIGF,GTSTT,ok,0.0
11477,1038.5,1038.5,2025-06-24 06:54:27,2025-06-24 06:54:27,13568.0,13569.0,GTSTT,GTERI,ok,0.0
11478,1038.5,1038.5,2025-06-24 06:54:27,2025-06-24 06:54:27,13569.0,13570.0,GTERI,GTIGL,ok,0.0
11479,1038.5,1038.5,2025-06-24 06:54:27,2025-06-24 06:55:15,13570.0,13571.0,GTIGL,GTSTT,ok,0.0
11482,1038.5,1038.5,2025-06-24 06:55:15,2025-06-24 06:59:52,13571.0,13574.0,GTSTT,GTIGN,ok,0.0
11483,1038.5,1038.5,2025-06-24 06:59:52,2025-06-24 06:59:52,13574.0,13575.0,GTIGN,GTSTT,ok,0.0
11484,1038.5,1038.5,2025-06-24 06:59:52,2025-06-24 06:59:59,13575.0,13576.0,GTSTT,GTERI,ok,0.0
11485,1038.5,1038.5,2025-06-24 06:59:59,2025-06-24 06:59:59,13576.0,13577.0,GTERI,GTIGL,ok,0.0
11486,1038.5,1038.5,2025-06-24 06:59:59,2025-06-24 07:00:01,13577.0,13578.0,GTIGL,GTERI,ok,0.0
11487,1038.5,1038.5,2025-06-24 07:00:01,2025-06-24 07:00:05,13578.0,13579.0,GTERI,GTERI,ok,0.0
11489,1038.5,1039.1,2025-06-24 07:00:05,2025-06-24 07:00:55,13579.0,13581.0,GTERI,GTERI,ok,0.599999999999909
11491,1039.1,1041.5,2025-06-24 07:00:55,2025-06-24 07:02:58,13581.0,13583.0,GTERI,GTERI,ok,2.400000000000091
11493,1041.5,1043.7,2025-06-24 07:02:58,2025-06-24 07:05:58,13583.0,13585.0,GTERI,GTERI,ok,2.2000000000000455
11497,1043.7,1048.1,2025-06-24 07:05:58,2025-06-24 07:08:58,13585.0,13588.0,GTERI,GTERI,ok,4.399999999999864
11498,1048.1,1053.1,2025-06-24 07:08:58,2025-06-24 07:11:58,13588.0,13591.0,GTERI,GTERI,ok,5.0
11501,1053.1,1057.4,2025-06-24 07:11:58,2025-06-24 07:14:30,13591.0,13592.0,GTERI,GTPDP,ok,4.300000000000182
11502,1057.4,1058.2,2025-06-24 07:14:30,2025-06-24 07:14:58,13592.0,13593.0,GTPDP,GTERI,ok,0.7999999999999545
11503,1058.2,1063.3,2025-06-24 07:14:58,2025-06-24 07:17:58,13593.0,13595.0,GTERI,GTERI,ok,5.099999999999909
11506,1063.3,1068.3,2025-06-24 07:17:58,2025-06-24 07:20:58,13595.0,13598.0,GTERI,GTERI,ok,5.0
11508,1068.3,1073.1,2025-06-24 07:20:58,2025-06-24 07:23:58,13598.0,13600.0,GTERI,GTERI,ok,4.7999999999999545
11511,1073.1,1078.1,2025-06-24 07:23:58,2025-06-24 07:26:58,13600.0,13603.0,GTERI,GTERI,ok,5.0
11510,1078.1,1079.2,2025-06-24 07:26:58,2025-06-24 07:27:37,13603.0,13604.0,GTERI,GTPDP,ok,1.1000000000001364
11512,1079.2,1083.2,2025-06-24 07:27:37,2025-06-24 07:29:58,13604.0,13605.0,GTPDP,GTERI,ok,4.0
11513,1083.2,1088.3,2025-06-24 07:29:58,2025-06-24 07:32:58,13605.0,13606.0,GTERI,GTERI,ok,5.099999999999909
11514,1088.3,1090.5,2025-06-24 07:32:58,2025-06-24 07:34:18,13606.0,13607.0,GTERI,GTERI,ok,2.2000000000000455
11515,1090.5,1091.5,2025-06-24 07:34:18,2025-06-24 07:34:58,13607.0,13608.0,GTERI,GTERI,ok,1.0
11518,1091.5,1093.2,2025-06-24 07:34:58,2025-06-24 07:35:58,13608.0,13609.0,GTERI,GTPDP,ok,1.7000000000000455
11519,1093.2,1093.2,2025-06-24 07:35:58,2025-06-24 07:35:58,13609.0,13610.0,GTPDP,GTERI,ok,0.0
11520,1093.2,1093.9,2025-06-24 07:35:58,2025-06-24 07:36:22,13610.0,13611.0,GTERI,GTERI,ok,0.7000000000000455
11521,1093.9,1097.5,2025-06-24 07:36:22,2025-06-24 07:38:26,13611.0,13613.0,GTERI,GTERI,ok,3.599999999999909
11522,1097.5,1098.4,2025-06-24 07:38:26,2025-06-24 07:38:59,13613.0,13614.0,GTERI,GTERI,ok,0.900000000000091
11523,1098.4,1098.7,2025-06-24 07:38:59,2025-06-24 07:39:11,13614.0,13615.0,GTERI,GTERI,ok,0.2999999999999545
11524,1098.7,1099.6,2025-06-24 07:39:11,2025-06-24 07:39:42,13615.0,13616.0,GTERI,GTERI,ok,0.8999999999998636
11527,1099.6,1101.3,2025-06-24 07:39:42,2025-06-24 07:40:38,13616.0,13617.0,GTERI,GTERI,ok,1.7000000000000455
11528,1101.3,1103.5,2025-06-24 07:40:38,2025-06-24 07:41:59,13617.0,13618.0,GTERI,GTERI,ok,2.2000000000000455
11529,1103.5,1104.4,2025-06-24 07:41:59,2025-06-24 07:42:31,13618.0,13620.0,GTERI,GTERI,ok,0.900000000000091
11526,1104.4,1104.9,2025-06-24 07:42:31,2025-06-24 07:42:49,13620.0,13621.0,GTERI,GTPDP,ok,0.5
11530,1104.9,1107.9,2025-06-24 07:42:49,2025-06-24 07:44:33,13621.0,13622.0,GTPDP,GTERI,ok,3.0
11531,1107.9,1108.0,2025-06-24 07:44:33,2025-06-24 07:44:39,13622.0,13623.0,GTERI,GTERI,ok,0.09999999999990905
11532,1108.0,1108.6,2025-06-24 07:44:39,2025-06-24 07:44:59,13623.0,13624.0,GTERI,GTERI,ok,0.599999999999909
11534,1108.6,1109.1,2025-06-24 07:44:59,2025-06-24 07:45:18,13624.0,13625.0,GTERI,GTPDP,ok,0.5
11537,1109.1,1110.4,2025-06-24 07:45:18,2025-06-24 07:46:01,13625.0,13627.0,GTPDP,GTERI,ok,1.300000000000182
11538,1110.4,1110.6,2025-06-24 07:46:01,2025-06-24 07:46:08,13627.0,13628.0,GTERI,GTERI,ok,0.1999999999998181
11536,1110.6,1110.8,2025-06-24 07:46:08,2025-06-24 07:46:16,13628.0,13629.0,GTERI,GTPDP,ok,0.20000000000004547
11539,1110.8,1111.2,2025-06-24 07:46:16,2025-06-24 07:46:31,13629.0,13630.0,GTPDP,GTERI,ok,0.40000000000009095
11540,1111.2,1113.8,2025-06-24 07:46:31,2025-06-24 07:48:01,13630.0,13632.0,GTERI,GTERI,ok,2.599999999999909
11543,1113.8,1116.0,2025-06-24 07:48:01,2025-06-24 07:49:19,13632.0,13633.0,GTERI,GTPDP,ok,2.2000000000000455
11544,1116.0,1118.4,2025-06-24 07:49:19,2025-06-24 07:50:46,13633.0,13635.0,GTPDP,GTERI,ok,2.400000000000091
11545,1118.4,1118.8,2025-06-24 07:50:46,2025-06-24 07:51:00,13635.0,13636.0,GTERI,GTERI,ok,0.3999999999998636
11548,1118.8,1119.3,2025-06-24 07:51:00,2025-06-24 07:51:18,13636.0,13637.0,GTERI,GTERI,ok,0.5
11547,1119.3,1119.3,2025-06-24 07:51:18,2025-06-24 07:51:18,13637.0,13638.0,GTERI,GTPDP,ok,0.0
11549,1119.3,1123.8,2025-06-24 07:51:18,2025-06-24 07:54:00,13638.0,13640.0,GTPDP,GTERI,ok,4.5
11550,1123.8,1125.2,2025-06-24 07:54:00,2025-06-24 07:54:58,13640.0,13641.0,GTERI,GTERI,ok,1.400000000000091
11551,1125.2,1125.2,2025-06-24 07:54:58,2025-06-24 07:55:00,13641.0,13642.0,GTERI,GTERI,ok,0.0
11552,1125.2,1125.2,2025-06-24 07:55:00,2025-06-24 07:55:02,13642.0,13643.0,GTERI,GTERI,ok,0.0
11554,1125.2,1125.7,2025-06-24 07:55:02,2025-06-24 07:55:55,13643.0,13645.0,GTERI,GTERI,ok,0.5
11555,1125.7,1125.7,2025-06-24 07:55:55,2025-06-24 07:55:56,13645.0,13646.0,GTERI,GTERI,ok,0.0
11556,1125.7,1125.7,2025-06-24 07:55:56,2025-06-24 07:55:57,13646.0,13647.0,GTERI,GTERI,ok,0.0
11557,1125.7,1125.7,2025-06-24 07:55:57,2025-06-24 07:55:59,13647.0,13648.0,GTERI,GTERI,ok,0.0
11558,1125.7,1125.8,2025-06-24 07:55:59,2025-06-24 07:56:06,13648.0,13649.0,GTERI,GTERI,ok,0.09999999999990905
11559,1125.8,1125.8,2025-06-24 07:56:06,2025-06-24 07:56:24,13649.0,13650.0,GTERI,GTIGF,ok,0.0
11560,1125.8,1125.8,2025-06-24 07:56:24,2025-06-24 07:56:24,13650.0,13651.0,GTIGF,GTSTT,ok,0.0
11561,1125.8,1125.8,2025-06-24 07:56:24,2025-06-24 07:56:24,13651.0,13652.0,GTSTT,GTERI,ok,0.0
11562,1125.8,1125.8,2025-06-24 07:56:24,2025-06-24 07:56:24,13652.0,13653.0,GTERI,GTIGL,ok,0.0
11564,1125.8,1125.8,2025-06-24 07:56:24,2025-06-24 07:58:10,13653.0,13655.0,GTIGL,GTSTT,ok,0.0
11594,1125.8,1125.8,2025-06-24 07:58:10,2025-06-24 08:56:19,13655.0,13685.0,GTSTT,GTERI,ok,0.0
11625,1125.8,1125.8,2025-06-24 08:56:19,2025-06-24 09:56:19,13685.0,13716.0,GTERI,GTERI,ok,0.0
11656,1125.8,1125.8,2025-06-24 09:56:19,2025-06-24 10:56:19,13716.0,13747.0,GTERI,GTERI,ok,0.0
11687,1125.8,1125.8,2025-06-24 10:56:19,2025-06-24 11:56:19,13747.0,13778.0,GTERI,GTERI,ok,0.0
11703,1125.8,1125.8,2025-06-24 11:56:19,2025-06-24 12:27:14,13778.0,13794.0,GTERI,GTIGN,ok,0.0
11704,1125.8,1125.8,2025-06-24 12:27:14,2025-06-24 12:27:14,13794.0,13795.0,GTIGN,GTSTT,ok,0.0
11705,1125.8,1125.8,2025-06-24 12:27:14,2025-06-24 12:27:22,13795.0,13796.0,GTSTT,GTERI,ok,0.0
11706,1125.8,1125.8,2025-06-24 12:27:22,2025-06-24 12:27:22,13796.0,13797.0,GTERI,GTIGL,ok,0.0
11707,1125.8,1125.8,2025-06-24 12:27:22,2025-06-24 12:27:28,13797.0,13798.0,GTIGL,GTERI,ok,0.0
11708,1125.8,1125.8,2025-06-24 12:27:28,2025-06-24 12:27:33,13798.0,13799.0,GTERI,GTERI,ok,0.0
11709,1125.8,1125.8,2025-06-24 12:27:33,2025-06-24 12:27:37,13799.0,13800.0,GTERI,GTERI,ok,0.0
11710,1125.8,1125.8,2025-06-24 12:27:37,2025-06-24 12:27:39,13800.0,13801.0,GTERI,GTERI,ok,0.0
11711,1125.8,1125.8,2025-06-24 12:27:39,2025-06-24 12:27:41,13801.0,13802.0,GTERI,GTERI,ok,0.0
11712,1125.8,1125.8,2025-06-24 12:27:41,2025-06-24 12:27:43,13802.0,13803.0,GTERI,GTERI,ok,0.0
11714,1125.8,1126.4,2025-06-24 12:27:43,2025-06-24 12:29:25,13803.0,13805.0,GTERI,GTERI,ok,0.6000000000001364
11716,1126.4,1126.8,2025-06-24 12:29:25,2025-06-24 12:30:20,13805.0,13807.0,GTERI,GTERI,ok,0.3999999999998636
11717,1126.8,1126.8,2025-06-24 12:30:20,2025-06-24 12:30:22,13807.0,13808.0,GTERI,GTERI,ok,0.0
11718,1126.8,1126.8,2025-06-24 12:30:22,2025-06-24 12:30:23,13808.0,13809.0,GTERI,GTERI,ok,0.0
11719,1126.8,1126.8,2025-06-24 12:30:23,2025-06-24 12:30:25,13809.0,13810.0,GTERI,GTERI,ok,0.0
11721,1126.8,1127.8,2025-06-24 12:30:25,2025-06-24 12:32:28,13810.0,13812.0,GTERI,GTERI,ok,1.0
11722,1127.8,1127.9,2025-06-24 12:32:28,2025-06-24 12:32:50,13812.0,13813.0,GTERI,GTIGF,ok,0.10000000000013642
11723,1127.9,1127.9,2025-06-24 12:32:50,2025-06-24 12:32:50,13813.0,13814.0,GTIGF,GTSTT,ok,0.0
11724,1127.9,1127.9,2025-06-24 12:32:50,2025-06-24 12:32:51,13814.0,13815.0,GTSTT,GTERI,ok,0.0
11725,1127.9,1127.9,2025-06-24 12:32:51,2025-06-24 12:32:51,13815.0,13816.0,GTERI,GTIGL,ok,0.0
11726,1127.9,1127.9,2025-06-24 12:32:51,2025-06-24 12:33:32,13816.0,13817.0,GTIGL,GTSTT,ok,0.0
11741,1127.9,1127.9,2025-06-24 12:33:32,2025-06-24 13:01:26,13817.0,13832.0,GTSTT,GTIGN,ok,0.0
11742,1127.9,1127.9,2025-06-24 13:01:26,2025-06-24 13:01:26,13832.0,13833.0,GTIGN,GTSTT,ok,0.0
11743,1127.9,1127.9,2025-06-24 13:01:26,2025-06-24 13:01:34,13833.0,13834.0,GTSTT,GTERI,ok,0.0
11744,1127.9,1127.9,2025-06-24 13:01:34,2025-06-24 13:01:34,13834.0,13835.0,GTERI,GTIGL,ok,0.0
11745,1127.9,1127.9,2025-06-24 13:01:34,2025-06-24 13:01:37,13835.0,13836.0,GTIGL,GTERI,ok,0.0
11746,1127.9,1127.9,2025-06-24 13:01:37,2025-06-24 13:01:40,13836.0,13837.0,GTERI,GTERI,ok,0.0
11748,1127.9,1128.0,2025-06-24 13:01:40,2025-06-24 13:01:57,13837.0,13839.0,GTERI,GTERI,ok,0.09999999999990905
11749,1128.0,1128.0,2025-06-24 13:01:57,2025-06-24 13:01:59,13839.0,13840.0,GTERI,GTERI,ok,0.0
11750,1128.0,1128.0,2025-06-24 13:01:59,2025-06-24 13:02:09,13840.0,13841.0,GTERI,GTERI,ok,0.0
11751,1128.0,1128.0,2025-06-24 13:02:09,2025-06-24 13:02:11,13841.0,13842.0,GTERI,GTERI,ok,0.0
11752,1128.0,1128.2,2025-06-24 13:02:11,2025-06-24 13:02:57,13842.0,13843.0,GTERI,GTERI,ok,0.20000000000004547
11754,1128.2,1128.6,2025-06-24 13:02:57,2025-06-24 13:04:00,13843.0,13845.0,GTERI,GTERI,ok,0.3999999999998636
11755,1128.6,1128.6,2025-06-24 13:04:00,2025-06-24 13:04:01,13845.0,13846.0,GTERI,GTERI,ok,0.0
11756,1128.6,1128.6,2025-06-24 13:04:01,2025-06-24 13:04:03,13846.0,13847.0,GTERI,GTERI,ok,0.0
11757,1128.6,1128.7,2025-06-24 13:04:03,2025-06-24 13:04:31,13847.0,13848.0,GTERI,GTERI,ok,0.10000000000013642
11758,1128.7,1128.7,2025-06-24 13:04:31,2025-06-24 13:04:51,13848.0,13849.0,GTERI,GTSTT,ok,0.0
11759,1128.7,1128.7,2025-06-24 13:04:51,2025-06-24 13:05:51,13849.0,13850.0,GTSTT,GTSTT,ok,0.0
11761,1128.7,1128.7,2025-06-24 13:05:51,2025-06-24 13:06:18,13850.0,13852.0,GTSTT,GTERI,ok,0.0
11762,1128.7,1128.8,2025-06-24 13:06:18,2025-06-24 13:07:02,13852.0,13853.0,GTERI,GTERI,ok,0.09999999999990905
11763,1128.8,1128.8,2025-06-24 13:07:02,2025-06-24 13:07:04,13853.0,13854.0,GTERI,GTERI,ok,0.0
11764,1128.8,1128.9,2025-06-24 13:07:04,2025-06-24 13:07:17,13854.0,13855.0,GTERI,GTERI,ok,0.10000000000013642
11765,1128.9,1129.0,2025-06-24 13:07:17,2025-06-24 13:07:31,13855.0,13856.0,GTERI,GTERI,ok,0.09999999999990905
11766,1129.0,1129.0,2025-06-24 13:07:31,2025-06-24 13:07:36,13856.0,13857.0,GTERI,GTERI,ok,0.0
11767,1129.0,1129.0,2025-06-24 13:07:36,2025-06-24 13:07:38,13857.0,13858.0,GTERI,GTERI,ok,0.0
11769,1129.0,1129.1,2025-06-24 13:07:38,2025-06-24 13:08:02,13858.0,13860.0,GTERI,GTERI,ok,0.09999999999990905
11770,1129.1,1129.2,2025-06-24 13:08:02,2025-06-24 13:08:09,13860.0,13861.0,GTERI,GTERI,ok,0.10000000000013642
11771,1129.2,1129.2,2025-06-24 13:08:09,2025-06-24 13:08:15,13861.0,13862.0,GTERI,GTERI,ok,0.0
11772,1129.2,1129.7,2025-06-24 13:08:15,2025-06-24 13:09:41,13862.0,13863.0,GTERI,GTERI,ok,0.5
11773,1129.7,1129.7,2025-06-24 13:09:41,2025-06-24 13:09:43,13863.0,13864.0,GTERI,GTERI,ok,0.0
11774,1129.7,1129.7,2025-06-24 13:09:43,2025-06-24 13:09:45,13864.0,13865.0,GTERI,GTERI,ok,0.0
11775,1129.7,1129.7,2025-06-24 13:09:45,2025-06-24 13:09:47,13865.0,13866.0,GTERI,GTERI,ok,0.0
11776,1129.7,1129.8,2025-06-24 13:09:47,2025-06-24 13:09:53,13866.0,13867.0,GTERI,GTERI,ok,0.09999999999990905
11778,1129.8,1129.8,2025-06-24 13:09:53,2025-06-24 13:10:17,13867.0,13869.0,GTERI,GTIGF,ok,0.0
11779,1129.8,1129.8,2025-06-24 13:10:17,2025-06-24 13:10:17,13869.0,13870.0,GTIGF,GTSTT,ok,0.0
11780,1129.8,1129.8,2025-06-24 13:10:17,2025-06-24 13:10:17,13870.0,13871.0,GTSTT,GTERI,ok,0.0
11781,1129.8,1129.8,2025-06-24 13:10:17,2025-06-24 13:10:17,13871.0,13872.0,GTERI,GTIGL,ok,0.0
11782,1129.8,1129.8,2025-06-24 13:10:17,2025-06-24 13:11:02,13872.0,13873.0,GTIGL,GTSTT,ok,0.0
11813,1129.8,1129.8,2025-06-24 13:11:02,2025-06-24 14:10:12,13873.0,13904.0,GTSTT,GTERI,ok,0.0
11844,1129.8,1129.8,2025-06-24 14:10:12,2025-06-24 15:10:12,13904.0,13935.0,GTERI,GTERI,ok,0.0
11875,1129.8,1129.8,2025-06-24 15:10:12,2025-06-24 16:10:12,13935.0,13966.0,GTERI,GTERI,ok,0.0
11906,1129.8,1129.8,2025-06-24 16:10:12,2025-06-24 17:10:12,13966.0,13997.0,GTERI,GTERI,ok,0.0
11917,1129.8,1129.8,2025-06-24 17:10:12,2025-06-24 17:31:08,13997.0,14008.0,GTERI,GTIGN,ok,0.0
11918,1129.8,1129.8,2025-06-24 17:31:08,2025-06-24 17:31:08,14008.0,14009.0,GTIGN,GTSTT,ok,0.0
11919,1129.8,1129.8,2025-06-24 17:31:08,2025-06-24 17:31:16,14009.0,14010.0,GTSTT,GTERI,ok,0.0
11920,1129.8,1129.8,2025-06-24 17:31:16,2025-06-24 17:31:16,14010.0,14011.0,GTERI,GTIGL,ok,0.0
11921,1129.8,1129.8,2025-06-24 17:31:16,2025-06-24 17:31:19,14011.0,14012.0,GTIGL,GTERI,ok,0.0
11922,1129.8,1129.8,2025-06-24 17:31:19,2025-06-24 17:31:24,14012.0,14013.0,GTERI,GTERI,ok,0.0
11923,1129.8,1129.8,2025-06-24 17:31:24,2025-06-24 17:31:26,14013.0,14014.0,GTERI,GTERI,ok,0.0
11924,1129.8,1129.8,2025-06-24 17:31:26,2025-06-24 17:31:28,14014.0,14015.0,GTERI,GTERI,ok,0.0
11925,1129.8,1129.8,2025-06-24 17:31:28,2025-06-24 17:31:31,14015.0,14016.0,GTERI,GTERI,ok,0.0
11927,1129.8,1130.4,2025-06-24 17:31:31,2025-06-24 17:32:35,14016.0,14018.0,GTERI,GTERI,ok,0.6000000000001364
11928,1130.4,1130.4,2025-06-24 17:32:35,2025-06-24 17:32:37,14018.0,14019.0,GTERI,GTERI,ok,0.0
11929,1130.4,1130.5,2025-06-24 17:32:37,2025-06-24 17:32:49,14019.0,14020.0,GTERI,GTERI,ok,0.09999999999990905
11930,1130.5,1130.5,2025-06-24 17:32:49,2025-06-24 17:32:50,14020.0,14021.0,GTERI,GTERI,ok,0.0
11931,1130.5,1130.6,2025-06-24 17:32:50,2025-06-24 17:33:06,14021.0,14022.0,GTERI,GTERI,ok,0.09999999999990905
11932,1130.6,1130.6,2025-06-24 17:33:06,2025-06-24 17:33:08,14022.0,14023.0,GTERI,GTERI,ok,0.0
11933,1130.6,1130.7,2025-06-24 17:33:08,2025-06-24 17:33:16,14023.0,14024.0,GTERI,GTERI,ok,0.10000000000013642
11934,1130.7,1130.7,2025-06-24 17:33:16,2025-06-24 17:33:18,14024.0,14025.0,GTERI,GTERI,ok,0.0
11935,1130.7,1130.8,2025-06-24 17:33:18,2025-06-24 17:33:36,14025.0,14026.0,GTERI,GTERI,ok,0.09999999999990905
11936,1130.8,1130.8,2025-06-24 17:33:36,2025-06-24 17:33:47,14026.0,14027.0,GTERI,GTERI,ok,0.0
11938,1130.8,1130.8,2025-06-24 17:33:47,2025-06-24 17:34:18,14027.0,14029.0,GTERI,GTERI,ok,0.0
11939,1130.8,1130.8,2025-06-24 17:34:18,2025-06-24 17:35:53,14029.0,14030.0,GTERI,GTSTT,ok,0.0
11941,1130.8,1130.8,2025-06-24 17:35:53,2025-06-24 17:37:18,14030.0,14032.0,GTSTT,GTERI,ok,0.0
11942,1130.8,1130.8,2025-06-24 17:37:18,2025-06-24 17:37:39,14032.0,14033.0,GTERI,GTSTT,ok,0.0
11944,1130.8,1130.8,2025-06-24 17:37:39,2025-06-24 17:39:16,14033.0,14035.0,GTSTT,GTSTT,ok,0.0
11945,1130.8,1130.8,2025-06-24 17:39:16,2025-06-24 17:39:54,14035.0,14036.0,GTSTT,GTSTT,ok,0.0
11947,1130.8,1130.8,2025-06-24 17:39:54,2025-06-24 17:40:18,14036.0,14038.0,GTSTT,GTERI,ok,0.0
11948,1130.8,1130.8,2025-06-24 17:40:18,2025-06-24 17:40:43,14038.0,14039.0,GTERI,GTSTT,ok,0.0
11949,1130.8,1130.8,2025-06-24 17:40:43,2025-06-24 17:40:59,14039.0,14040.0,GTSTT,GTSTT,ok,0.0
11950,1130.8,1130.8,2025-06-24 17:40:59,2025-06-24 17:42:02,14040.0,14041.0,GTSTT,GTSTT,ok,0.0
11952,1130.8,1130.8,2025-06-24 17:42:02,2025-06-24 17:43:18,14041.0,14043.0,GTSTT,GTERI,ok,0.0
11955,1130.8,1130.8,2025-06-24 17:43:18,2025-06-24 17:46:18,14043.0,14046.0,GTERI,GTERI,ok,0.0
11956,1130.8,1130.8,2025-06-24 17:46:18,2025-06-24 17:46:47,14046.0,14047.0,GTERI,GTSTT,ok,0.0
11957,1130.8,1130.8,2025-06-24 17:46:47,2025-06-24 17:46:57,14047.0,14048.0,GTSTT,GTERI,ok,0.0
11958,1130.8,1130.8,2025-06-24 17:46:57,2025-06-24 17:46:58,14048.0,14049.0,GTERI,GTERI,ok,0.0
11959,1130.8,1130.8,2025-06-24 17:46:58,2025-06-24 17:47:04,14049.0,14050.0,GTERI,GTERI,ok,0.0
11960,1130.8,1130.9,2025-06-24 17:47:04,2025-06-24 17:47:08,14050.0,14051.0,GTERI,GTERI,ok,0.10000000000013642
11961,1130.9,1130.9,2025-06-24 17:47:08,2025-06-24 17:47:11,14051.0,14052.0,GTERI,GTERI,ok,0.0
11962,1130.9,1131.0,2025-06-24 17:47:11,2025-06-24 17:47:27,14052.0,14053.0,GTERI,GTERI,ok,0.09999999999990905
11963,1131.0,1131.1,2025-06-24 17:47:27,2025-06-24 17:47:38,14053.0,14054.0,GTERI,GTERI,ok,0.09999999999990905
11964,1131.1,1131.1,2025-06-24 17:47:38,2025-06-24 17:47:52,14054.0,14055.0,GTERI,GTERI,ok,0.0
11965,1131.1,1131.2,2025-06-24 17:47:52,2025-06-24 17:47:54,14055.0,14056.0,GTERI,GTERI,ok,0.10000000000013642
11966,1131.2,1131.3,2025-06-24 17:47:54,2025-06-24 17:48:11,14056.0,14057.0,GTERI,GTERI,ok,0.09999999999990905
11968,1131.3,1131.3,2025-06-24 17:48:11,2025-06-24 17:48:13,14057.0,14059.0,GTERI,GTERI,ok,0.0
11969,1131.3,1131.4,2025-06-24 17:48:13,2025-06-24 17:48:20,14059.0,14060.0,GTERI,GTERI,ok,0.10000000000013642
11970,1131.4,1131.4,2025-06-24 17:48:20,2025-06-24 17:48:25,14060.0,14061.0,GTERI,GTERI,ok,0.0
11971,1131.4,1132.6,2025-06-24 17:48:25,2025-06-24 17:49:18,14061.0,14062.0,GTERI,GTERI,ok,1.199999999999818
11978,1132.6,1136.4,2025-06-24 17:49:18,2025-06-24 17:52:18,14062.0,14065.0,GTERI,GTERI,ok,3.800000000000182
11979,1136.4,1137.4,2025-06-24 17:52:18,2025-06-24 17:52:54,14065.0,14066.0,GTERI,GTERI,ok,1.0
11974,1137.4,1138.7,2025-06-24 17:52:54,2025-06-24 17:53:43,14066.0,14067.0,GTERI,GTPDP,ok,1.2999999999999545
11980,1138.7,1141.2,2025-06-24 17:53:43,2025-06-24 17:55:18,14067.0,14069.0,GTPDP,GTERI,ok,2.5
11977,1141.2,1142.1,2025-06-24 17:55:18,2025-06-24 17:55:55,14069.0,14070.0,GTERI,GTPDP,ok,0.8999999999998636
11982,1142.1,1144.1,2025-06-24 17:55:55,2025-06-24 17:57:19,14070.0,14071.0,GTPDP,GTPDP,ok,2.0
11984,1144.1,1145.4,2025-06-24 17:57:19,2025-06-24 17:58:13,14071.0,14073.0,GTPDP,GTPDP,ok,1.300000000000182
11985,1145.4,1145.4,2025-06-24 17:58:13,2025-06-24 17:58:18,14073.0,14074.0,GTPDP,GTERI,ok,0.0
11986,1145.4,1145.7,2025-06-24 17:58:18,2025-06-24 17:58:31,14074.0,14075.0,GTERI,GTERI,ok,0.2999999999999545
11987,1145.7,1146.2,2025-06-24 17:58:31,2025-06-24 17:58:55,14075.0,14076.0,GTERI,GTERI,ok,0.5
11990,1146.2,1146.5,2025-06-24 17:58:55,2025-06-24 17:59:12,14076.0,14078.0,GTERI,GTERI,ok,0.2999999999999545
11989,1146.5,1147.3,2025-06-24 17:59:12,2025-06-24 17:59:51,14078.0,14079.0,GTERI,GTPDP,ok,0.7999999999999545
11991,1147.3,1149.1,2025-06-24 17:59:51,2025-06-24 18:01:19,14079.0,14081.0,GTPDP,GTERI,ok,1.7999999999999545
11993,1149.1,1151.9,2025-06-24 18:01:19,2025-06-24 18:03:08,14081.0,14082.0,GTERI,GTPDP,ok,2.800000000000182
11994,1151.9,1152.2,2025-06-24 18:03:08,2025-06-24 18:03:20,14082.0,14083.0,GTPDP,GTERI,ok,0.2999999999999545
11995,1152.2,1153.9,2025-06-24 18:03:20,2025-06-24 18:04:19,14083.0,14085.0,GTERI,GTERI,ok,1.7000000000000455
11996,1153.9,1155.5,2025-06-24 18:04:19,2025-06-24 18:05:14,14085.0,14086.0,GTERI,GTERI,ok,1.599999999999909
11997,1155.5,1158.0,2025-06-24 18:05:14,2025-06-24 18:06:54,14086.0,14087.0,GTERI,GTERI,ok,2.5
11999,1158.0,1158.4,2025-06-24 18:06:54,2025-06-24 18:07:10,14087.0,14089.0,GTERI,GTERI,ok,0.40000000000009095
12000,1158.4,1158.6,2025-06-24 18:07:10,2025-06-24 18:07:19,14089.0,14090.0,GTERI,GTERI,ok,0.1999999999998181
12001,1158.6,1159.4,2025-06-24 18:07:19,2025-06-24 18:07:50,14090.0,14091.0,GTERI,GTERI,ok,0.8000000000001819
12003,1159.4,1163.3,2025-06-24 18:07:50,2025-06-24 18:10:19,14091.0,14093.0,GTERI,GTERI,ok,3.8999999999998636
12004,1163.3,1163.3,2025-06-24 18:10:19,2025-06-24 18:10:19,14093.0,14093.0,GTERI,GTERI,ok,0.0
12007,1163.3,1163.3,2025-06-24 18:10:19,2025-06-24 18:10:19,14093.0,14093.0,GTERI,GTERI,ok,0.0
12008,1163.3,1163.7,2025-06-24 18:10:19,2025-06-24 18:10:31,14093.0,14094.0,GTERI,GTERI,ok,0.40000000000009095
12009,1163.7,1165.2,2025-06-24 18:10:31,2025-06-24 18:11:26,14094.0,14097.0,GTERI,GTERI,ok,1.5
12010,1165.2,1166.2,2025-06-24 18:11:26,2025-06-24 18:12:18,14097.0,14099.0,GTERI,GTERI,ok,1.0
12011,1166.2,1166.2,2025-06-24 18:12:18,2025-06-24 18:12:40,14099.0,14100.0,GTERI,GTERI,ok,0.0
12012,1166.2,1166.2,2025-06-24 18:12:40,2025-06-24 18:12:42,14100.0,14101.0,GTERI,GTERI,ok,0.0
12013,1166.2,1166.2,2025-06-24 18:12:42,2025-06-24 18:12:44,14101.0,14102.0,GTERI,GTERI,ok,0.0
12014,1166.2,1167.0,2025-06-24 18:12:44,2025-06-24 18:13:19,14102.0,14103.0,GTERI,GTERI,ok,0.7999999999999545
12006,1167.0,1169.0,2025-06-24 18:13:19,2025-06-24 18:14:28,14103.0,14104.0,GTERI,GTPDP,ok,2.0
12015,1169.0,1169.7,2025-06-24 18:14:28,2025-06-24 18:14:56,14104.0,14105.0,GTPDP,GTERI,ok,0.7000000000000455
12016,1169.7,1172.0,2025-06-24 18:14:56,2025-06-24 18:16:19,14105.0,14106.0,GTERI,GTERI,ok,2.2999999999999545
12017,1172.0,1176.8,2025-06-24 18:16:19,2025-06-24 18:19:19,14106.0,14107.0,GTERI,GTERI,ok,4.7999999999999545
12019,1176.8,1178.8,2025-06-24 18:19:19,2025-06-24 18:20:52,14107.0,14109.0,GTERI,GTERI,ok,2.0
12020,1178.8,1178.8,2025-06-24 18:20:52,2025-06-24 18:20:55,14109.0,14110.0,GTERI,GTERI,ok,0.0
12022,1178.8,1180.2,2025-06-24 18:20:55,2025-06-24 18:22:19,14110.0,14112.0,GTERI,GTERI,ok,1.400000000000091
12024,1180.2,1184.8,2025-06-24 18:22:19,2025-06-24 18:25:19,14112.0,14114.0,GTERI,GTERI,ok,4.599999999999909
12026,1184.8,1186.7,2025-06-24 18:25:19,2025-06-24 18:26:25,14114.0,14116.0,GTERI,GTERI,ok,1.900000000000091
12028,1186.7,1189.8,2025-06-24 18:26:25,2025-06-24 18:28:19,14116.0,14118.0,GTERI,GTERI,ok,3.099999999999909
12029,1189.8,1191.1,2025-06-24 18:28:19,2025-06-24 18:29:11,14118.0,14119.0,GTERI,GTERI,ok,1.2999999999999545
12030,1191.1,1192.1,2025-06-24 18:29:11,2025-06-24 18:29:53,14119.0,14120.0,GTERI,GTERI,ok,1.0
12031,1192.1,1192.5,2025-06-24 18:29:53,2025-06-24 18:30:12,14120.0,14121.0,GTERI,GTERI,ok,0.40000000000009095
12033,1192.5,1193.5,2025-06-24 18:30:12,2025-06-24 18:31:19,14121.0,14123.0,GTERI,GTERI,ok,1.0
12034,1193.5,1193.9,2025-06-24 18:31:19,2025-06-24 18:32:02,14123.0,14124.0,GTERI,GTERI,ok,0.40000000000009095
12036,1193.9,1194.2,2025-06-24 18:32:02,2025-06-24 18:32:38,14124.0,14126.0,GTERI,GTERI,ok,0.2999999999999545
12037,1194.2,1195.2,2025-06-24 18:32:38,2025-06-24 18:34:11,14126.0,14127.0,GTERI,GTERI,ok,1.0
12039,1195.2,1195.3,2025-06-24 18:34:11,2025-06-24 18:34:19,14127.0,14129.0,GTERI,GTERI,ok,0.09999999999990905
12040,1195.3,1195.3,2025-06-24 18:34:19,2025-06-24 18:34:19,14129.0,14130.0,GTERI,GTERI,ok,0.0
12041,1195.3,1196.4,2025-06-24 18:34:19,2025-06-24 18:36:10,14130.0,14131.0,GTERI,GTERI,ok,1.1000000000001364
12044,1196.4,1197.1,2025-06-24 18:36:10,2025-06-24 18:36:49,14131.0,14133.0,GTERI,GTPDP,ok,0.6999999999998181
12045,1197.1,1197.9,2025-06-24 18:36:49,2025-06-24 18:37:19,14133.0,14134.0,GTPDP,GTERI,ok,0.8000000000001819
12047,1197.9,1202.4,2025-06-24 18:37:19,2025-06-24 18:40:19,14134.0,14137.0,GTERI,GTERI,ok,4.5
12048,1202.4,1202.9,2025-06-24 18:40:19,2025-06-24 18:40:39,14137.0,14138.0,GTERI,GTERI,ok,0.5
12050,1202.9,1206.6,2025-06-24 18:40:39,2025-06-24 18:43:19,14138.0,14140.0,GTERI,GTERI,ok,3.699999999999818
12052,1206.6,1207.0,2025-06-24 18:43:19,2025-06-24 18:43:41,14140.0,14142.0,GTERI,GTERI,ok,0.40000000000009095
12053,1207.0,1207.0,2025-06-24 18:43:41,2025-06-24 18:43:43,14142.0,14143.0,GTERI,GTERI,ok,0.0
12055,1207.0,1210.9,2025-06-24 18:43:43,2025-06-24 18:46:19,14143.0,14145.0,GTERI,GTERI,ok,3.900000000000091
12057,1210.9,1215.6,2025-06-24 18:46:19,2025-06-24 18:49:19,14145.0,14147.0,GTERI,GTERI,ok,4.699999999999818
12060,1215.6,1220.3,2025-06-24 18:49:19,2025-06-24 18:52:19,14147.0,14150.0,GTERI,GTERI,ok,4.7000000000000455
12062,1220.3,1223.1,2025-06-24 18:52:19,2025-06-24 18:54:04,14150.0,14152.0,GTERI,GTPDP,ok,2.7999999999999545
12063,1223.1,1225.0,2025-06-24 18:54:04,2025-06-24 18:55:19,14152.0,14153.0,GTPDP,GTERI,ok,1.900000000000091
12065,1225.0,1229.7,2025-06-24 18:55:19,2025-06-24 18:58:19,14153.0,14155.0,GTERI,GTERI,ok,4.7000000000000455
12068,1229.7,1234.4,2025-06-24 18:58:19,2025-06-24 19:01:19,14155.0,14158.0,GTERI,GTERI,ok,4.7000000000000455
12070,1234.4,1239.2,2025-06-24 19:01:19,2025-06-24 19:04:19,14158.0,14160.0,GTERI,GTERI,ok,4.7999999999999545
12073,1239.2,1244.1,2025-06-24 19:04:19,2025-06-24 19:07:19,14160.0,14163.0,GTERI,GTERI,ok,4.899999999999864
12072,1244.1,1248.6,2025-06-24 19:07:19,2025-06-24 19:10:03,14163.0,14164.0,GTERI,GTPDP,ok,4.5
12074,1248.6,1249.1,2025-06-24 19:10:03,2025-06-24 19:10:19,14164.0,14165.0,GTPDP,GTERI,ok,0.5
12075,1249.1,1253.8,2025-06-24 19:10:19,2025-06-24 19:13:19,14165.0,14166.0,GTERI,GTERI,ok,4.7000000000000455
12077,1253.8,1255.3,2025-06-24 19:13:19,2025-06-24 19:14:35,14166.0,14168.0,GTERI,GTERI,ok,1.5
12078,1255.3,1255.3,2025-06-24 19:14:35,2025-06-24 19:14:37,14168.0,14169.0,GTERI,GTERI,ok,0.0
12079,1255.3,1256.4,2025-06-24 19:14:37,2025-06-24 19:16:19,14169.0,14170.0,GTERI,GTERI,ok,1.1000000000001364
12081,1256.4,1257.0,2025-06-24 19:16:19,2025-06-24 19:17:48,14170.0,14172.0,GTERI,GTERI,ok,0.599999999999909
12082,1257.0,1257.0,2025-06-24 19:17:48,2025-06-24 19:17:49,14172.0,14173.0,GTERI,GTERI,ok,0.0
12084,1257.0,1257.7,2025-06-24 19:17:49,2025-06-24 19:19:19,14173.0,14175.0,GTERI,GTERI,ok,0.7000000000000455
12085,1257.7,1258.1,2025-06-24 19:19:19,2025-06-24 19:19:55,14175.0,14176.0,GTERI,GTERI,ok,0.3999999999998636
12086,1258.1,1258.1,2025-06-24 19:19:55,2025-06-24 19:19:55,14176.0,14177.0,GTERI,GTERI,ok,0.0
12087,1258.1,1258.2,2025-06-24 19:19:55,2025-06-24 19:20:08,14177.0,14178.0,GTERI,GTERI,ok,0.10000000000013642
12088,1258.2,1258.2,2025-06-24 19:20:08,2025-06-24 19:20:10,14178.0,14179.0,GTERI,GTERI,ok,0.0
12090,1258.2,1258.2,2025-06-24 19:20:10,2025-06-24 19:20:26,14179.0,14181.0,GTERI,GTIGF,ok,0.0
12091,1258.2,1258.2,2025-06-24 19:20:26,2025-06-24 19:20:26,14181.0,14182.0,GTIGF,GTSTT,ok,0.0
12092,1258.2,1258.2,2025-06-24 19:20:26,2025-06-24 19:20:26,14182.0,14183.0,GTSTT,GTERI,ok,0.0
12093,1258.2,1258.2,2025-06-24 19:20:26,2025-06-24 19:20:26,14183.0,14184.0,GTERI,GTIGL,ok,0.0
12094,1258.2,1258.2,2025-06-24 19:20:26,2025-06-24 19:21:28,14184.0,14185.0,GTIGL,GTSTT,ok,0.0
12119,1258.2,1258.2,2025-06-24 19:21:28,2025-06-24 20:10:17,14185.0,14210.0,GTSTT,GTPDP,ok,0.0
12124,1258.2,1258.2,2025-06-24 20:10:17,2025-06-24 20:20:21,14210.0,14215.0,GTPDP,GTERI,ok,0.0
12155,1258.2,1258.2,2025-06-24 20:20:21,2025-06-24 21:20:21,14215.0,14246.0,GTERI,GTERI,ok,0.0
12186,1258.2,1258.2,2025-06-24 21:20:21,2025-06-24 22:20:21,14246.0,14277.0,GTERI,GTERI,ok,0.0
12217,1258.2,1258.2,2025-06-24 22:20:21,2025-06-24 23:20:21,14277.0,14308.0,GTERI,GTERI,ok,0.0
12248,1258.2,1258.2,2025-06-24 23:20:21,2025-06-25 00:20:21,14308.0,14339.0,GTERI,GTERI,ok,0.0
12279,1258.2,1258.2,2025-06-25 00:20:21,2025-06-25 01:20:21,14339.0,14370.0,GTERI,GTERI,ok,0.0
12308,1258.2,1258.2,2025-06-25 01:20:21,2025-06-25 02:09:46,14370.0,14396.0,GTERI,GTPDP,ok,0.0
12312,1258.2,1258.2,2025-06-25 02:09:46,2025-06-25 02:16:18,14396.0,14401.0,GTPDP,GTPDP,ok,0.0
12314,1258.2,1258.2,2025-06-25 02:16:18,2025-06-25 02:20:21,14401.0,14403.0,GTPDP,GTERI,ok,0.0
12328,1258.2,1258.2,2025-06-25 02:20:21,2025-06-25 02:47:10,14403.0,14417.0,GTERI,GTPDP,ok,0.0
12341,1258.2,1258.2,2025-06-25 02:47:10,2025-06-25 03:12:41,14417.0,14430.0,GTPDP,GTPDP,ok,0.0
12344,1258.2,1258.2,2025-06-25 03:12:41,2025-06-25 03:18:12,14430.0,14433.0,GTPDP,GTPDP,ok,0.0
12345,1258.2,1258.2,2025-06-25 03:18:12,2025-06-25 03:20:21,14433.0,14434.0,GTPDP,GTERI,ok,0.0
12348,1258.2,1258.2,2025-06-25 03:20:21,2025-06-25 03:24:13,14434.0,14437.0,GTERI,GTPDP,ok,0.0
12374,1258.2,1258.2,2025-06-25 03:24:13,2025-06-25 04:20:21,14437.0,14464.0,GTPDP,GTERI,ok,0.0
12382,1258.2,1258.2,2025-06-25 04:20:21,2025-06-25 04:33:44,14464.0,14472.0,GTERI,GTPDP,ok,0.0
12405,1258.2,1258.2,2025-06-25 04:33:44,2025-06-25 05:20:21,14472.0,14495.0,GTPDP,GTERI,ok,0.0
12436,1258.2,1258.2,2025-06-25 05:20:21,2025-06-25 06:20:21,14495.0,14526.0,GTERI,GTERI,ok,0.0
12467,1258.2,1258.2,2025-06-25 06:20:21,2025-06-25 07:20:21,14526.0,14557.0,GTERI,GTERI,ok,0.0
12476,1258.2,1258.2,2025-06-25 07:20:21,2025-06-25 07:36:44,14557.0,14566.0,GTERI,GTIGN,ok,0.0
12477,1258.2,1258.2,2025-06-25 07:36:44,2025-06-25 07:36:44,14566.0,14567.0,GTIGN,GTSTT,ok,0.0
12478,1258.2,1258.2,2025-06-25 07:36:44,2025-06-25 07:36:51,14567.0,14568.0,GTSTT,GTERI,ok,0.0
12479,1258.2,1258.2,2025-06-25 07:36:51,2025-06-25 07:36:51,14568.0,14569.0,GTERI,GTIGL,ok,0.0
12480,1258.2,1258.2,2025-06-25 07:36:51,2025-06-25 07:36:59,14569.0,14570.0,GTIGL,GTERI,ok,0.0
12482,1258.2,1258.3,2025-06-25 07:36:59,2025-06-25 07:37:13,14570.0,14572.0,GTERI,GTERI,ok,0.09999999999990905
12483,1258.3,1258.3,2025-06-25 07:37:13,2025-06-25 07:37:17,14572.0,14573.0,GTERI,GTERI,ok,0.0
12484,1258.3,1258.3,2025-06-25 07:37:17,2025-06-25 07:37:20,14573.0,14574.0,GTERI,GTERI,ok,0.0
12486,1258.3,1259.4,2025-06-25 07:37:20,2025-06-25 07:39:12,14574.0,14576.0,GTERI,GTERI,ok,1.1000000000001364
12487,1259.4,1259.4,2025-06-25 07:39:12,2025-06-25 07:39:14,14576.0,14577.0,GTERI,GTERI,ok,0.0
12488,1259.4,1259.5,2025-06-25 07:39:14,2025-06-25 07:39:26,14577.0,14578.0,GTERI,GTERI,ok,0.09999999999990905
12489,1259.5,1259.5,2025-06-25 07:39:26,2025-06-25 07:39:28,14578.0,14579.0,GTERI,GTERI,ok,0.0
12490,1259.5,1259.5,2025-06-25 07:39:28,2025-06-25 07:39:44,14579.0,14580.0,GTERI,GTERI,ok,0.0
12491,1259.5,1259.5,2025-06-25 07:39:44,2025-06-25 07:39:46,14580.0,14581.0,GTERI,GTERI,ok,0.0
12492,1259.5,1259.6,2025-06-25 07:39:46,2025-06-25 07:39:52,14581.0,14582.0,GTERI,GTERI,ok,0.09999999999990905
12494,1259.6,1260.4,2025-06-25 07:39:52,2025-06-25 07:41:34,14582.0,14584.0,GTERI,GTPDP,ok,0.8000000000001819
12495,1260.4,1261.2,2025-06-25 07:41:34,2025-06-25 07:42:30,14584.0,14585.0,GTPDP,GTERI,ok,0.7999999999999545
12496,1261.2,1261.2,2025-06-25 07:42:30,2025-06-25 07:42:39,14585.0,14586.0,GTERI,GTERI,ok,0.0
12497,1261.2,1261.3,2025-06-25 07:42:39,2025-06-25 07:42:41,14586.0,14587.0,GTERI,GTERI,ok,0.09999999999990905
12498,1261.3,1261.3,2025-06-25 07:42:41,2025-06-25 07:42:43,14587.0,14588.0,GTERI,GTERI,ok,0.0
12499,1261.3,1261.4,2025-06-25 07:42:43,2025-06-25 07:42:52,14588.0,14589.0,GTERI,GTERI,ok,0.10000000000013642
12501,1261.4,1265.1,2025-06-25 07:42:52,2025-06-25 07:45:28,14589.0,14591.0,GTERI,GTERI,ok,3.699999999999818
12502,1265.1,1265.1,2025-06-25 07:45:28,2025-06-25 07:45:30,14591.0,14592.0,GTERI,GTERI,ok,0.0
12503,1265.1,1265.1,2025-06-25 07:45:30,2025-06-25 07:45:34,14592.0,14593.0,GTERI,GTERI,ok,0.0
12504,1265.1,1265.2,2025-06-25 07:45:34,2025-06-25 07:45:37,14593.0,14594.0,GTERI,GTERI,ok,0.10000000000013642
12505,1265.2,1265.2,2025-06-25 07:45:37,2025-06-25 07:45:52,14594.0,14595.0,GTERI,GTERI,ok,0.0
12506,1265.2,1265.2,2025-06-25 07:45:52,2025-06-25 07:45:55,14595.0,14596.0,GTERI,GTERI,ok,0.0
12507,1265.2,1265.3,2025-06-25 07:45:55,2025-06-25 07:45:58,14596.0,14597.0,GTERI,GTERI,ok,0.09999999999990905
12508,1265.3,1265.3,2025-06-25 07:45:58,2025-06-25 07:46:00,14597.0,14598.0,GTERI,GTERI,ok,0.0
12509,1265.3,1265.3,2025-06-25 07:46:00,2025-06-25 07:46:02,14598.0,14599.0,GTERI,GTERI,ok,0.0
12510,1265.3,1265.3,2025-06-25 07:46:02,2025-06-25 07:46:03,14599.0,14600.0,GTERI,GTERI,ok,0.0
12512,1265.3,1265.3,2025-06-25 07:46:03,2025-06-25 07:46:42,14600.0,14602.0,GTERI,GTIGF,ok,0.0
12513,1265.3,1265.3,2025-06-25 07:46:42,2025-06-25 07:46:42,14602.0,14603.0,GTIGF,GTSTT,ok,0.0
12514,1265.3,1265.3,2025-06-25 07:46:42,2025-06-25 07:46:42,14603.0,14604.0,GTSTT,GTERI,ok,0.0
12515,1265.3,1265.3,2025-06-25 07:46:42,2025-06-25 07:46:43,14604.0,14605.0,GTERI,GTIGL,ok,0.0
12516,1265.3,1265.3,2025-06-25 07:46:43,2025-06-25 07:47:32,14605.0,14606.0,GTIGL,GTSTT,ok,0.0
12546,1265.3,1265.3,2025-06-25 07:47:32,2025-06-25 08:46:37,14606.0,14636.0,GTSTT,GTERI,ok,0.0
12577,1265.3,1265.3,2025-06-25 08:46:37,2025-06-25 09:46:37,14636.0,14667.0,GTERI,GTERI,ok,0.0
12595,1265.3,1265.3,2025-06-25 09:46:37,2025-06-25 10:18:47,14667.0,14685.0,GTERI,GTIGN,ok,0.0
12596,1265.3,1265.3,2025-06-25 10:18:47,2025-06-25 10:18:47,14685.0,14686.0,GTIGN,GTSTT,ok,0.0
12597,1265.3,1265.3,2025-06-25 10:18:47,2025-06-25 10:18:57,14686.0,14687.0,GTSTT,GTERI,ok,0.0
12598,1265.3,1265.3,2025-06-25 10:18:57,2025-06-25 10:18:57,14687.0,14688.0,GTERI,GTIGL,ok,0.0
12599,1265.3,1265.3,2025-06-25 10:18:57,2025-06-25 10:19:00,14688.0,14689.0,GTIGL,GTERI,ok,0.0
12600,1265.3,1265.3,2025-06-25 10:19:00,2025-06-25 10:19:03,14689.0,14690.0,GTERI,GTERI,ok,0.0
12601,1265.3,1265.3,2025-06-25 10:19:03,2025-06-25 10:19:18,14690.0,14691.0,GTERI,GTERI,ok,0.0
12602,1265.3,1265.4,2025-06-25 10:19:18,2025-06-25 10:19:24,14691.0,14692.0,GTERI,GTERI,ok,0.10000000000013642
12603,1265.4,1265.4,2025-06-25 10:19:24,2025-06-25 10:19:35,14692.0,14693.0,GTERI,GTERI,ok,0.0
12604,1265.4,1265.4,2025-06-25 10:19:35,2025-06-25 10:19:38,14693.0,14694.0,GTERI,GTERI,ok,0.0
12606,1265.4,1267.2,2025-06-25 10:19:38,2025-06-25 10:21:50,14694.0,14696.0,GTERI,GTSTT,ok,1.7999999999999545
12607,1267.2,1267.2,2025-06-25 10:21:50,2025-06-25 10:21:53,14696.0,14697.0,GTSTT,GTERI,ok,0.0
12609,1267.2,1267.2,2025-06-25 10:21:53,2025-06-25 10:23:14,14697.0,14699.0,GTERI,GTSTT,ok,0.0
12611,1267.2,1268.8,2025-06-25 10:23:14,2025-06-25 10:24:53,14699.0,14701.0,GTSTT,GTERI,ok,1.599999999999909
12613,1268.8,1273.0,2025-06-25 10:24:53,2025-06-25 10:27:53,14701.0,14703.0,GTERI,GTERI,ok,4.2000000000000455
12618,1273.0,1277.7,2025-06-25 10:27:53,2025-06-25 10:30:53,14703.0,14707.0,GTERI,GTERI,ok,4.7000000000000455
12620,1277.7,1282.5,2025-06-25 10:30:53,2025-06-25 10:33:53,14707.0,14709.0,GTERI,GTERI,ok,4.7999999999999545
12622,1282.5,1284.7,2025-06-25 10:33:53,2025-06-25 10:35:14,14709.0,14711.0,GTERI,GTPDP,ok,2.2000000000000455
12623,1284.7,1287.3,2025-06-25 10:35:14,2025-06-25 10:36:53,14711.0,14712.0,GTPDP,GTERI,ok,2.599999999999909
12625,1287.3,1292.1,2025-06-25 10:36:53,2025-06-25 10:39:53,14712.0,14714.0,GTERI,GTERI,ok,4.7999999999999545
12627,1292.1,1293.2,2025-06-25 10:39:53,2025-06-25 10:40:38,14714.0,14716.0,GTERI,GTERI,ok,1.1000000000001364
12628,1293.2,1293.2,2025-06-25 10:40:38,2025-06-25 10:40:41,14716.0,14717.0,GTERI,GTERI,ok,0.0
12629,1293.2,1293.3,2025-06-25 10:40:41,2025-06-25 10:40:52,14717.0,14718.0,GTERI,GTERI,ok,0.09999999999990905
12630,1293.3,1294.2,2025-06-25 10:40:52,2025-06-25 10:41:37,14718.0,14719.0,GTERI,GTERI,ok,0.900000000000091
12632,1294.2,1295.6,2025-06-25 10:41:37,2025-06-25 10:42:51,14719.0,14721.0,GTERI,GTERI,ok,1.3999999999998636
12635,1295.6,1295.7,2025-06-25 10:42:51,2025-06-25 10:42:53,14721.0,14723.0,GTERI,GTRTL,ok,0.10000000000013642
12636,1295.7,1295.7,2025-06-25 10:42:53,2025-06-25 10:42:53,14723.0,14724.0,GTRTL,GTERI,ok,0.0
12638,1295.7,1297.3,2025-06-25 10:42:53,2025-06-25 10:45:23,14724.0,14726.0,GTERI,GTERI,ok,1.599999999999909
12639,1297.3,1297.3,2025-06-25 10:45:23,2025-06-25 10:45:25,14726.0,14727.0,GTERI,GTERI,ok,0.0
12640,1297.3,1297.6,2025-06-25 10:45:25,2025-06-25 10:45:53,14727.0,14728.0,GTERI,GTERI,ok,0.2999999999999545
12643,1297.6,1300.1,2025-06-25 10:45:53,2025-06-25 10:48:53,14728.0,14731.0,GTERI,GTERI,ok,2.5
12644,1300.1,1301.3,2025-06-25 10:48:53,2025-06-25 10:49:54,14731.0,14732.0,GTERI,GTERI,ok,1.2000000000000455
12646,1301.3,1301.8,2025-06-25 10:49:54,2025-06-25 10:50:31,14732.0,14734.0,GTERI,GTERI,ok,0.5
12647,1301.8,1301.8,2025-06-25 10:50:31,2025-06-25 10:50:33,14734.0,14735.0,GTERI,GTERI,ok,0.0
12648,1301.8,1302.2,2025-06-25 10:50:33,2025-06-25 10:51:10,14735.0,14736.0,GTERI,GTERI,ok,0.40000000000009095
12649,1302.2,1302.2,2025-06-25 10:51:10,2025-06-25 10:51:13,14736.0,14737.0,GTERI,GTERI,ok,0.0
12650,1302.2,1302.3,2025-06-25 10:51:13,2025-06-25 10:51:18,14737.0,14738.0,GTERI,GTERI,ok,0.09999999999990905
12651,1302.3,1302.3,2025-06-25 10:51:18,2025-06-25 10:51:23,14738.0,14739.0,GTERI,GTERI,ok,0.0
12652,1302.3,1302.3,2025-06-25 10:51:23,2025-06-25 10:51:26,14739.0,14740.0,GTERI,GTIGF,ok,0.0
12653,1302.3,1302.3,2025-06-25 10:51:26,2025-06-25 10:51:26,14740.0,14741.0,GTIGF,GTSTT,ok,0.0
12654,1302.3,1302.3,2025-06-25 10:51:26,2025-06-25 10:51:27,14741.0,14742.0,GTSTT,GTERI,ok,0.0
12655,1302.3,1302.3,2025-06-25 10:51:27,2025-06-25 10:51:27,14742.0,14743.0,GTERI,GTIGL,ok,0.0
12656,1302.3,1302.3,2025-06-25 10:51:27,2025-06-25 10:52:10,14743.0,14744.0,GTIGL,GTSTT,ok,0.0
12687,1302.3,1302.3,2025-06-25 10:52:10,2025-06-25 11:51:22,14744.0,14775.0,GTSTT,GTERI,ok,0.0
12697,1302.3,1302.3,2025-06-25 11:51:22,2025-06-25 12:08:28,14775.0,14785.0,GTERI,GTIGN,ok,0.0
12698,1302.3,1302.3,2025-06-25 12:08:28,2025-06-25 12:08:28,14785.0,14786.0,GTIGN,GTSTT,ok,0.0
12699,1302.3,1302.3,2025-06-25 12:08:28,2025-06-25 12:08:34,14786.0,14787.0,GTSTT,GTERI,ok,0.0
12700,1302.3,1302.3,2025-06-25 12:08:34,2025-06-25 12:08:34,14787.0,14788.0,GTERI,GTIGL,ok,0.0
12701,1302.3,1302.3,2025-06-25 12:08:34,2025-06-25 12:08:36,14788.0,14789.0,GTIGL,GTERI,ok,0.0
12702,1302.3,1302.4,2025-06-25 12:08:36,2025-06-25 12:08:40,14789.0,14790.0,GTERI,GTERI,ok,0.10000000000013642
12703,1302.4,1302.4,2025-06-25 12:08:40,2025-06-25 12:08:47,14790.0,14791.0,GTERI,GTERI,ok,0.0
12704,1302.4,1302.5,2025-06-25 12:08:47,2025-06-25 12:08:54,14791.0,14792.0,GTERI,GTERI,ok,0.09999999999990905
12705,1302.5,1302.5,2025-06-25 12:08:54,2025-06-25 12:08:58,14792.0,14793.0,GTERI,GTERI,ok,0.0
12706,1302.5,1302.9,2025-06-25 12:08:58,2025-06-25 12:09:28,14793.0,14794.0,GTERI,GTERI,ok,0.40000000000009095
12707,1302.9,1302.9,2025-06-25 12:09:28,2025-06-25 12:09:30,14794.0,14795.0,GTERI,GTERI,ok,0.0
12708,1302.9,1303.3,2025-06-25 12:09:30,2025-06-25 12:10:01,14795.0,14796.0,GTERI,GTERI,ok,0.3999999999998636
12710,1303.3,1304.9,2025-06-25 12:10:01,2025-06-25 12:11:33,14796.0,14798.0,GTERI,GTERI,ok,1.6000000000001364
12712,1304.9,1306.1,2025-06-25 12:11:33,2025-06-25 12:13:35,14798.0,14800.0,GTERI,GTERI,ok,1.199999999999818
12713,1306.1,1306.1,2025-06-25 12:13:35,2025-06-25 12:13:37,14800.0,14801.0,GTERI,GTERI,ok,0.0
12714,1306.1,1306.1,2025-06-25 12:13:37,2025-06-25 12:13:40,14801.0,14802.0,GTERI,GTERI,ok,0.0
12716,1306.1,1307.1,2025-06-25 12:13:40,2025-06-25 12:14:33,14802.0,14804.0,GTERI,GTERI,ok,1.0
12718,1307.1,1312.0,2025-06-25 12:14:33,2025-06-25 12:17:33,14804.0,14806.0,GTERI,GTERI,ok,4.900000000000091
12721,1312.0,1316.8,2025-06-25 12:17:33,2025-06-25 12:20:33,14806.0,14809.0,GTERI,GTERI,ok,4.7999999999999545
12723,1316.8,1321.6,2025-06-25 12:20:33,2025-06-25 12:23:33,14809.0,14811.0,GTERI,GTERI,ok,4.7999999999999545
12726,1321.6,1326.7,2025-06-25 12:23:33,2025-06-25 12:26:33,14811.0,14815.0,GTERI,GTERI,ok,5.100000000000136
12727,1326.7,1331.6,2025-06-25 12:26:33,2025-06-25 12:29:33,14815.0,14816.0,GTERI,GTERI,ok,4.899999999999864
12730,1331.6,1335.5,2025-06-25 12:29:33,2025-06-25 12:32:05,14816.0,14819.0,GTERI,GTPDP,ok,3.900000000000091
12731,1335.5,1335.5,2025-06-25 12:32:05,2025-06-25 12:32:11,14819.0,14820.0,GTPDP,GTERI,ok,0.0
12732,1335.5,1335.5,2025-06-25 12:32:11,2025-06-25 12:32:13,14820.0,14821.0,GTERI,GTERI,ok,0.0
12733,1335.5,1335.5,2025-06-25 12:32:13,2025-06-25 12:32:21,14821.0,14822.0,GTERI,GTERI,ok,0.0
12734,1335.5,1335.7,2025-06-25 12:32:21,2025-06-25 12:32:33,14822.0,14823.0,GTERI,GTERI,ok,0.20000000000004547
12736,1335.7,1337.3,2025-06-25 12:32:33,2025-06-25 12:35:18,14823.0,14825.0,GTERI,GTERI,ok,1.599999999999909
12737,1337.3,1337.4,2025-06-25 12:35:18,2025-06-25 12:35:33,14825.0,14826.0,GTERI,GTERI,ok,0.10000000000013642
12739,1337.4,1338.4,2025-06-25 12:35:33,2025-06-25 12:37:11,14826.0,14828.0,GTERI,GTERI,ok,1.0
12740,1338.4,1338.4,2025-06-25 12:37:11,2025-06-25 12:37:13,14828.0,14829.0,GTERI,GTERI,ok,0.0
12741,1338.4,1338.5,2025-06-25 12:37:13,2025-06-25 12:37:22,14829.0,14830.0,GTERI,GTERI,ok,0.09999999999990905
12742,1338.5,1338.5,2025-06-25 12:37:22,2025-06-25 12:37:24,14830.0,14831.0,GTERI,GTERI,ok,0.0
12743,1338.5,1338.5,2025-06-25 12:37:24,2025-06-25 12:37:32,14831.0,14832.0,GTERI,GTIGF,ok,0.0
12744,1338.5,1338.5,2025-06-25 12:37:32,2025-06-25 12:37:32,14832.0,14833.0,GTIGF,GTSTT,ok,0.0
12745,1338.5,1338.5,2025-06-25 12:37:32,2025-06-25 12:37:32,14833.0,14834.0,GTSTT,GTERI,ok,0.0
12746,1338.5,1338.5,2025-06-25 12:37:32,2025-06-25 12:37:33,14834.0,14835.0,GTERI,GTIGL,ok,0.0
12747,1338.5,1338.5,2025-06-25 12:37:33,2025-06-25 12:38:11,14835.0,14836.0,GTIGL,GTSTT,ok,0.0
12774,1338.5,1338.5,2025-06-25 12:38:11,2025-06-25 13:29:45,14836.0,14863.0,GTSTT,GTIGN,ok,0.0
12775,1338.5,1338.5,2025-06-25 13:29:45,2025-06-25 13:29:45,14863.0,14864.0,GTIGN,GTSTT,ok,0.0
12776,1338.5,1338.5,2025-06-25 13:29:45,2025-06-25 13:29:52,14864.0,14865.0,GTSTT,GTERI,ok,0.0
12777,1338.5,1338.5,2025-06-25 13:29:52,2025-06-25 13:29:52,14865.0,14866.0,GTERI,GTIGL,ok,0.0
12778,1338.5,1338.5,2025-06-25 13:29:52,2025-06-25 13:29:53,14866.0,14867.0,GTIGL,GTERI,ok,0.0
12779,1338.5,1338.5,2025-06-25 13:29:53,2025-06-25 13:29:57,14867.0,14868.0,GTERI,GTERI,ok,0.0
12780,1338.5,1338.5,2025-06-25 13:29:57,2025-06-25 13:30:02,14868.0,14869.0,GTERI,GTERI,ok,0.0
12781,1338.5,1338.5,2025-06-25 13:30:02,2025-06-25 13:30:05,14869.0,14870.0,GTERI,GTERI,ok,0.0
12782,1338.5,1338.6,2025-06-25 13:30:05,2025-06-25 13:30:26,14870.0,14871.0,GTERI,GTERI,ok,0.09999999999990905
12783,1338.6,1338.6,2025-06-25 13:30:26,2025-06-25 13:30:32,14871.0,14872.0,GTERI,GTERI,ok,0.0
12785,1338.6,1339.7,2025-06-25 13:30:32,2025-06-25 13:32:20,14872.0,14874.0,GTERI,GTERI,ok,1.1000000000001364
12786,1339.7,1339.7,2025-06-25 13:32:20,2025-06-25 13:32:22,14874.0,14875.0,GTERI,GTERI,ok,0.0
12787,1339.7,1339.8,2025-06-25 13:32:22,2025-06-25 13:32:35,14875.0,14876.0,GTERI,GTERI,ok,0.09999999999990905
12788,1339.8,1339.8,2025-06-25 13:32:35,2025-06-25 13:32:37,14876.0,14877.0,GTERI,GTERI,ok,0.0
12789,1339.8,1339.8,2025-06-25 13:32:37,2025-06-25 13:32:54,14877.0,14878.0,GTERI,GTERI,ok,0.0
12790,1339.8,1339.8,2025-06-25 13:32:54,2025-06-25 13:33:05,14878.0,14879.0,GTERI,GTERI,ok,0.0
12793,1339.8,1341.2,2025-06-25 13:33:05,2025-06-25 13:35:54,14879.0,14882.0,GTERI,GTERI,ok,1.400000000000091
12794,1341.2,1341.5,2025-06-25 13:35:54,2025-06-25 13:36:20,14882.0,14883.0,GTERI,GTERI,ok,0.2999999999999545
12795,1341.5,1341.5,2025-06-25 13:36:20,2025-06-25 13:36:31,14883.0,14884.0,GTERI,GTERI,ok,0.0
12796,1341.5,1341.5,2025-06-25 13:36:31,2025-06-25 13:36:34,14884.0,14885.0,GTERI,GTERI,ok,0.0
12797,1341.5,1341.5,2025-06-25 13:36:34,2025-06-25 13:36:36,14885.0,14886.0,GTERI,GTERI,ok,0.0
12799,1341.5,1344.3,2025-06-25 13:36:36,2025-06-25 13:38:54,14886.0,14888.0,GTERI,GTERI,ok,2.7999999999999545
12801,1344.3,1345.4,2025-06-25 13:38:54,2025-06-25 13:39:44,14888.0,14890.0,GTERI,GTERI,ok,1.1000000000001364
12802,1345.4,1345.4,2025-06-25 13:39:44,2025-06-25 13:39:46,14890.0,14891.0,GTERI,GTERI,ok,0.0
12803,1345.4,1345.4,2025-06-25 13:39:46,2025-06-25 13:39:52,14891.0,14892.0,GTERI,GTERI,ok,0.0
12804,1345.4,1345.4,2025-06-25 13:39:52,2025-06-25 13:39:57,14892.0,14893.0,GTERI,GTERI,ok,0.0
12805,1345.4,1345.5,2025-06-25 13:39:57,2025-06-25 13:40:07,14893.0,14894.0,GTERI,GTERI,ok,0.09999999999990905
12806,1345.5,1345.5,2025-06-25 13:40:07,2025-06-25 13:40:12,14894.0,14895.0,GTERI,GTERI,ok,0.0
12807,1345.5,1345.5,2025-06-25 13:40:12,2025-06-25 13:40:14,14895.0,14896.0,GTERI,GTERI,ok,0.0
12808,1345.5,1345.5,2025-06-25 13:40:14,2025-06-25 13:40:16,14896.0,14897.0,GTERI,GTERI,ok,0.0
12809,1345.5,1345.5,2025-06-25 13:40:16,2025-06-25 13:40:17,14897.0,14898.0,GTERI,GTERI,ok,0.0
12810,1345.5,1345.5,2025-06-25 13:40:17,2025-06-25 13:40:18,14898.0,14899.0,GTERI,GTERI,ok,0.0
12811,1345.5,1345.5,2025-06-25 13:40:18,2025-06-25 13:40:19,14899.0,14900.0,GTERI,GTERI,ok,0.0
12812,1345.5,1345.5,2025-06-25 13:40:19,2025-06-25 13:40:23,14900.0,14901.0,GTERI,GTERI,ok,0.0
12813,1345.5,1345.5,2025-06-25 13:40:23,2025-06-25 13:40:30,14901.0,14902.0,GTERI,GTIGF,ok,0.0
12814,1345.5,1345.5,2025-06-25 13:40:30,2025-06-25 13:40:30,14902.0,14903.0,GTIGF,GTSTT,ok,0.0
12815,1345.5,1345.5,2025-06-25 13:40:30,2025-06-25 13:40:30,14903.0,14904.0,GTSTT,GTERI,ok,0.0
12816,1345.5,1345.5,2025-06-25 13:40:30,2025-06-25 13:40:30,14904.0,14905.0,GTERI,GTIGL,ok,0.0
12818,1345.5,1345.5,2025-06-25 13:40:30,2025-06-25 13:41:07,14905.0,14906.0,GTIGL,GTSTT,ok,0.0
12848,1345.5,1345.5,2025-06-25 13:41:07,2025-06-25 14:40:25,14906.0,14937.0,GTSTT,GTERI,ok,0.0
12854,1345.5,1345.5,2025-06-25 14:40:25,2025-06-25 14:49:22,14937.0,14943.0,GTERI,GTIGN,ok,0.0
12855,1345.5,1345.5,2025-06-25 14:49:22,2025-06-25 14:49:22,14943.0,14944.0,GTIGN,GTSTT,ok,0.0
12856,1345.5,1345.6,2025-06-25 14:49:22,2025-06-25 14:49:31,14944.0,14945.0,GTSTT,GTERI,ok,0.09999999999990905
12857,1345.6,1345.6,2025-06-25 14:49:31,2025-06-25 14:49:31,14945.0,14946.0,GTERI,GTIGL,ok,0.0
12858,1345.6,1345.6,2025-06-25 14:49:31,2025-06-25 14:49:38,14946.0,14947.0,GTIGL,GTERI,ok,0.0
12859,1345.6,1345.6,2025-06-25 14:49:38,2025-06-25 14:49:44,14947.0,14948.0,GTERI,GTERI,ok,0.0
12860,1345.6,1345.6,2025-06-25 14:49:44,2025-06-25 14:49:47,14948.0,14949.0,GTERI,GTERI,ok,0.0
12861,1345.6,1345.7,2025-06-25 14:49:47,2025-06-25 14:49:55,14949.0,14950.0,GTERI,GTERI,ok,0.10000000000013642
12862,1345.7,1345.7,2025-06-25 14:49:55,2025-06-25 14:49:57,14950.0,14951.0,GTERI,GTERI,ok,0.0
12863,1345.7,1345.7,2025-06-25 14:49:57,2025-06-25 14:49:59,14951.0,14952.0,GTERI,GTERI,ok,0.0
12867,1345.7,1349.1,2025-06-25 14:49:59,2025-06-25 14:52:31,14952.0,14954.0,GTERI,GTERI,ok,3.3999999999998636
12868,1349.1,1349.5,2025-06-25 14:52:31,2025-06-25 14:52:57,14954.0,14955.0,GTERI,GTERI,ok,0.40000000000009095
12869,1349.5,1349.5,2025-06-25 14:52:57,2025-06-25 14:52:59,14955.0,14956.0,GTERI,GTERI,ok,0.0
12866,1349.5,1349.5,2025-06-25 14:52:59,2025-06-25 14:53:01,14956.0,14958.0,GTERI,GTPDP,ok,0.0
12870,1349.5,1350.9,2025-06-25 14:53:01,2025-06-25 14:55:32,14958.0,14959.0,GTPDP,GTERI,ok,1.400000000000091
12873,1350.9,1351.2,2025-06-25 14:55:32,2025-06-25 14:58:14,14959.0,14962.0,GTERI,GTIGF,ok,0.2999999999999545
12874,1351.2,1351.2,2025-06-25 14:58:14,2025-06-25 14:58:14,14962.0,14963.0,GTIGF,GTSTT,ok,0.0
12875,1351.2,1351.2,2025-06-25 14:58:14,2025-06-25 14:58:15,14963.0,14964.0,GTSTT,GTERI,ok,0.0
12876,1351.2,1351.2,2025-06-25 14:58:15,2025-06-25 14:58:15,14964.0,14965.0,GTERI,GTIGL,ok,0.0
12877,1351.2,1351.2,2025-06-25 14:58:15,2025-06-25 14:58:54,14965.0,14966.0,GTIGL,GTSTT,ok,0.0
12879,1351.2,1351.2,2025-06-25 14:58:54,2025-06-25 15:01:29,14966.0,14968.0,GTSTT,GTIGN,ok,0.0
12880,1351.2,1351.2,2025-06-25 15:01:29,2025-06-25 15:01:29,14968.0,14969.0,GTIGN,GTSTT,ok,0.0
12881,1351.2,1351.2,2025-06-25 15:01:29,2025-06-25 15:01:29,14969.0,14970.0,GTSTT,GTIGL,ok,0.0
12882,1351.2,1351.2,2025-06-25 15:01:29,2025-06-25 15:01:33,14970.0,14971.0,GTIGL,GTERI,ok,0.0
12884,1351.2,1351.5,2025-06-25 15:01:33,2025-06-25 15:02:28,14971.0,14973.0,GTERI,GTERI,ok,0.2999999999999545
12885,1351.5,1351.5,2025-06-25 15:02:28,2025-06-25 15:02:29,14973.0,14974.0,GTERI,GTERI,ok,0.0
12886,1351.5,1352.0,2025-06-25 15:02:29,2025-06-25 15:03:26,14974.0,14975.0,GTERI,GTERI,ok,0.5
12887,1352.0,1352.4,2025-06-25 15:03:26,2025-06-25 15:03:55,14975.0,14976.0,GTERI,GTERI,ok,0.40000000000009095
12889,1352.4,1353.2,2025-06-25 15:03:55,2025-06-25 15:04:35,14976.0,14978.0,GTERI,GTERI,ok,0.7999999999999545
12893,1353.2,1355.3,2025-06-25 15:04:35,2025-06-25 15:06:22,14978.0,14980.0,GTERI,GTERI,ok,2.099999999999909
12894,1355.3,1355.3,2025-06-25 15:06:22,2025-06-25 15:06:24,14980.0,14981.0,GTERI,GTERI,ok,0.0
12895,1355.3,1355.3,2025-06-25 15:06:24,2025-06-25 15:06:26,14981.0,14982.0,GTERI,GTERI,ok,0.0
12896,1355.3,1355.3,2025-06-25 15:06:26,2025-06-25 15:06:28,14982.0,14983.0,GTERI,GTERI,ok,0.0
12897,1355.3,1355.3,2025-06-25 15:06:28,2025-06-25 15:06:30,14983.0,14984.0,GTERI,GTERI,ok,0.0
12898,1355.3,1355.3,2025-06-25 15:06:30,2025-06-25 15:06:40,14984.0,14985.0,GTERI,GTERI,ok,0.0
12899,1355.3,1355.4,2025-06-25 15:06:40,2025-06-25 15:06:43,14985.0,14986.0,GTERI,GTERI,ok,0.10000000000013642
12900,1355.4,1355.4,2025-06-25 15:06:43,2025-06-25 15:06:51,14986.0,14987.0,GTERI,GTERI,ok,0.0
12901,1355.4,1355.4,2025-06-25 15:06:51,2025-06-25 15:06:53,14987.0,14988.0,GTERI,GTERI,ok,0.0
12902,1355.4,1355.5,2025-06-25 15:06:53,2025-06-25 15:07:17,14988.0,14989.0,GTERI,GTIGF,ok,0.09999999999990905
12903,1355.5,1355.5,2025-06-25 15:07:17,2025-06-25 15:07:17,14989.0,14990.0,GTIGF,GTSTT,ok,0.0
12904,1355.5,1355.5,2025-06-25 15:07:17,2025-06-25 15:07:17,14990.0,14991.0,GTSTT,GTERI,ok,0.0
12905,1355.5,1355.5,2025-06-25 15:07:17,2025-06-25 15:07:17,14991.0,14992.0,GTERI,GTIGL,ok,0.0
12892,1355.5,1355.5,2025-06-25 15:07:17,2025-06-25 15:07:52,14992.0,14993.0,GTIGL,GTPDP,ok,0.0
12906,1355.5,1355.5,2025-06-25 15:07:52,2025-06-25 15:08:01,14993.0,14994.0,GTPDP,GTSTT,ok,0.0
12911,1355.5,1355.5,2025-06-25 15:08:01,2025-06-25 15:17:26,14994.0,14999.0,GTSTT,GTIGN,ok,0.0
12912,1355.5,1355.5,2025-06-25 15:17:26,2025-06-25 15:17:26,14999.0,15000.0,GTIGN,GTSTT,ok,0.0
12913,1355.5,1355.5,2025-06-25 15:17:26,2025-06-25 15:17:34,15000.0,15001.0,GTSTT,GTERI,ok,0.0
12914,1355.5,1355.5,2025-06-25 15:17:34,2025-06-25 15:17:34,15001.0,15002.0,GTERI,GTIGL,ok,0.0
12915,1355.5,1355.5,2025-06-25 15:17:34,2025-06-25 15:18:05,15002.0,15003.0,GTIGL,GTERI,ok,0.0
12916,1355.5,1355.5,2025-06-25 15:18:05,2025-06-25 15:18:14,15003.0,15004.0,GTERI,GTERI,ok,0.0
12917,1355.5,1355.5,2025-06-25 15:18:14,2025-06-25 15:18:21,15004.0,15005.0,GTERI,GTERI,ok,0.0
12918,1355.5,1355.5,2025-06-25 15:18:21,2025-06-25 15:18:32,15005.0,15006.0,GTERI,GTERI,ok,0.0
12919,1355.5,1355.5,2025-06-25 15:18:32,2025-06-25 15:18:36,15006.0,15007.0,GTERI,GTERI,ok,0.0
12920,1355.5,1355.5,2025-06-25 15:18:36,2025-06-25 15:18:43,15007.0,15008.0,GTERI,GTERI,ok,0.0
12921,1355.5,1355.5,2025-06-25 15:18:43,2025-06-25 15:18:45,15008.0,15009.0,GTERI,GTERI,ok,0.0
12922,1355.5,1355.5,2025-06-25 15:18:45,2025-06-25 15:18:47,15009.0,15010.0,GTERI,GTERI,ok,0.0
12924,1355.5,1355.6,2025-06-25 15:18:47,2025-06-25 15:18:56,15010.0,15012.0,GTERI,GTIGF,ok,0.09999999999990905
12925,1355.6,1355.6,2025-06-25 15:18:56,2025-06-25 15:18:56,15012.0,15013.0,GTIGF,GTSTT,ok,0.0
12926,1355.6,1355.6,2025-06-25 15:18:56,2025-06-25 15:18:56,15013.0,15014.0,GTSTT,GTERI,ok,0.0
12927,1355.6,1355.6,2025-06-25 15:18:56,2025-06-25 15:18:57,15014.0,15015.0,GTERI,GTIGL,ok,0.0
12928,1355.6,1355.6,2025-06-25 15:18:57,2025-06-25 15:19:38,15015.0,15016.0,GTIGL,GTSTT,ok,0.0
12958,1355.6,1355.6,2025-06-25 15:19:38,2025-06-25 16:18:51,15016.0,15046.0,GTSTT,GTERI,ok,0.0
12970,1355.6,1355.6,2025-06-25 16:18:51,2025-06-25 16:40:13,15046.0,15058.0,GTERI,GTIGN,ok,0.0
12971,1355.6,1355.6,2025-06-25 16:40:13,2025-06-25 16:40:13,15058.0,15059.0,GTIGN,GTSTT,ok,0.0
12972,1355.6,1355.6,2025-06-25 16:40:13,2025-06-25 16:40:20,15059.0,15060.0,GTSTT,GTERI,ok,0.0
12973,1355.6,1355.6,2025-06-25 16:40:20,2025-06-25 16:40:20,15060.0,15061.0,GTERI,GTIGL,ok,0.0
12974,1355.6,1355.6,2025-06-25 16:40:20,2025-06-25 16:40:38,15061.0,15062.0,GTIGL,GTERI,ok,0.0
12975,1355.6,1355.6,2025-06-25 16:40:38,2025-06-25 16:40:52,15062.0,15063.0,GTERI,GTERI,ok,0.0
12976,1355.6,1355.6,2025-06-25 16:40:52,2025-06-25 16:40:56,15063.0,15064.0,GTERI,GTERI,ok,0.0
12978,1355.6,1355.6,2025-06-25 16:40:56,2025-06-25 16:40:58,15064.0,15066.0,GTERI,GTERI,ok,0.0
12979,1355.6,1355.6,2025-06-25 16:40:58,2025-06-25 16:41:05,15066.0,15067.0,GTERI,GTERI,ok,0.0
12980,1355.6,1355.7,2025-06-25 16:41:05,2025-06-25 16:41:15,15067.0,15068.0,GTERI,GTERI,ok,0.10000000000013642
12981,1355.7,1355.7,2025-06-25 16:41:15,2025-06-25 16:41:16,15068.0,15069.0,GTERI,GTERI,ok,0.0
12982,1355.7,1355.7,2025-06-25 16:41:16,2025-06-25 16:41:18,15069.0,15070.0,GTERI,GTERI,ok,0.0
12983,1355.7,1355.7,2025-06-25 16:41:18,2025-06-25 16:41:24,15070.0,15071.0,GTERI,GTERI,ok,0.0
12984,1355.7,1356.4,2025-06-25 16:41:24,2025-06-25 16:41:59,15071.0,15072.0,GTERI,GTERI,ok,0.7000000000000455
12985,1356.4,1357.3,2025-06-25 16:41:59,2025-06-25 16:42:46,15072.0,15073.0,GTERI,GTERI,ok,0.8999999999998636
12987,1357.3,1357.7,2025-06-25 16:42:46,2025-06-25 16:43:22,15073.0,15075.0,GTERI,GTERI,ok,0.40000000000009095
12990,1357.7,1358.4,2025-06-25 16:43:22,2025-06-25 16:44:11,15075.0,15076.0,GTERI,GTERI,ok,0.7000000000000455
12991,1358.4,1358.6,2025-06-25 16:44:11,2025-06-25 16:44:26,15076.0,15077.0,GTERI,GTERI,ok,0.1999999999998181
12989,1358.6,1358.9,2025-06-25 16:44:26,2025-06-25 16:44:41,15077.0,15079.0,GTERI,GTPDP,ok,0.3000000000001819
12992,1358.9,1359.2,2025-06-25 16:44:41,2025-06-25 16:45:12,15079.0,15080.0,GTPDP,GTERI,ok,0.2999999999999545
12993,1359.2,1359.7,2025-06-25 16:45:12,2025-06-25 16:46:05,15080.0,15081.0,GTERI,GTERI,ok,0.5
12994,1359.7,1359.8,2025-06-25 16:46:05,2025-06-25 16:46:23,15081.0,15082.0,GTERI,GTERI,ok,0.09999999999990905
12995,1359.8,1360.4,2025-06-25 16:46:23,2025-06-25 16:47:00,15082.0,15083.0,GTERI,GTERI,ok,0.6000000000001364
12996,1360.4,1360.7,2025-06-25 16:47:00,2025-06-25 16:47:33,15083.0,15084.0,GTERI,GTERI,ok,0.2999999999999545
12997,1360.7,1360.8,2025-06-25 16:47:33,2025-06-25 16:47:35,15084.0,15085.0,GTERI,GTERI,ok,0.09999999999990905
12998,1360.8,1360.8,2025-06-25 16:47:35,2025-06-25 16:47:37,15085.0,15086.0,GTERI,GTIGF,ok,0.0
12999,1360.8,1360.8,2025-06-25 16:47:37,2025-06-25 16:47:37,15086.0,15087.0,GTIGF,GTSTT,ok,0.0
13000,1360.8,1360.8,2025-06-25 16:47:37,2025-06-25 16:47:37,15087.0,15088.0,GTSTT,GTERI,ok,0.0
13001,1360.8,1360.8,2025-06-25 16:47:37,2025-06-25 16:47:37,15088.0,15089.0,GTERI,GTIGL,ok,0.0
13003,1360.8,1360.8,2025-06-25 16:47:37,2025-06-25 16:48:17,15089.0,15091.0,GTIGL,GTSTT,ok,0.0
13010,1360.8,1360.8,2025-06-25 16:48:17,2025-06-25 17:01:17,15091.0,15098.0,GTSTT,GTIGN,ok,0.0
13011,1360.8,1360.8,2025-06-25 17:01:17,2025-06-25 17:01:17,15098.0,15099.0,GTIGN,GTSTT,ok,0.0
13012,1360.8,1360.8,2025-06-25 17:01:17,2025-06-25 17:01:25,15099.0,15100.0,GTSTT,GTERI,ok,0.0
13013,1360.8,1360.8,2025-06-25 17:01:25,2025-06-25 17:01:25,15100.0,15101.0,GTERI,GTIGL,ok,0.0
13014,1360.8,1360.8,2025-06-25 17:01:25,2025-06-25 17:01:31,15101.0,15102.0,GTIGL,GTERI,ok,0.0
13015,1360.8,1360.8,2025-06-25 17:01:31,2025-06-25 17:01:33,15102.0,15103.0,GTERI,GTERI,ok,0.0
13016,1360.8,1360.8,2025-06-25 17:01:33,2025-06-25 17:01:37,15103.0,15104.0,GTERI,GTERI,ok,0.0
13017,1360.8,1360.8,2025-06-25 17:01:37,2025-06-25 17:01:40,15104.0,15105.0,GTERI,GTERI,ok,0.0
13019,1360.8,1362.0,2025-06-25 17:01:40,2025-06-25 17:03:29,15105.0,15107.0,GTERI,GTERI,ok,1.2000000000000455
13021,1362.0,1362.2,2025-06-25 17:03:29,2025-06-25 17:03:51,15107.0,15109.0,GTERI,GTERI,ok,0.20000000000004547
13022,1362.2,1362.3,2025-06-25 17:03:51,2025-06-25 17:04:23,15109.0,15110.0,GTERI,GTERI,ok,0.09999999999990905
13024,1362.3,1363.7,2025-06-25 17:04:23,2025-06-25 17:07:23,15110.0,15112.0,GTERI,GTERI,ok,1.400000000000091
13025,1363.7,1363.7,2025-06-25 17:07:23,2025-06-25 17:07:24,15112.0,15113.0,GTERI,GTERI,ok,0.0
13026,1363.7,1363.7,2025-06-25 17:07:24,2025-06-25 17:07:27,15113.0,15114.0,GTERI,GTERI,ok,0.0
13027,1363.7,1363.7,2025-06-25 17:07:27,2025-06-25 17:07:32,15114.0,15115.0,GTERI,GTIGF,ok,0.0
13028,1363.7,1363.7,2025-06-25 17:07:32,2025-06-25 17:07:32,15115.0,15116.0,GTIGF,GTSTT,ok,0.0
13029,1363.7,1363.7,2025-06-25 17:07:32,2025-06-25 17:07:32,15116.0,15117.0,GTSTT,GTERI,ok,0.0
13030,1363.7,1363.7,2025-06-25 17:07:32,2025-06-25 17:07:32,15117.0,15118.0,GTERI,GTIGL,ok,0.0
13032,1363.7,1363.7,2025-06-25 17:07:32,2025-06-25 17:08:52,15118.0,15120.0,GTIGL,GTSTT,ok,0.0
13052,1363.7,1363.7,2025-06-25 17:08:52,2025-06-25 17:47:23,15120.0,15140.0,GTSTT,GTIGN,ok,0.0
13053,1363.7,1363.7,2025-06-25 17:47:23,2025-06-25 17:47:23,15140.0,15141.0,GTIGN,GTSTT,ok,0.0
13054,1363.7,1363.7,2025-06-25 17:47:23,2025-06-25 17:47:30,15141.0,15142.0,GTSTT,GTERI,ok,0.0
13055,1363.7,1363.7,2025-06-25 17:47:30,2025-06-25 17:47:30,15142.0,15143.0,GTERI,GTIGL,ok,0.0
13056,1363.7,1363.7,2025-06-25 17:47:30,2025-06-25 17:47:37,15143.0,15144.0,GTIGL,GTERI,ok,0.0
13057,1363.7,1363.7,2025-06-25 17:47:37,2025-06-25 17:47:40,15144.0,15145.0,GTERI,GTERI,ok,0.0
13058,1363.7,1363.7,2025-06-25 17:47:40,2025-06-25 17:47:42,15145.0,15146.0,GTERI,GTERI,ok,0.0
13060,1363.7,1364.0,2025-06-25 17:47:42,2025-06-25 17:48:01,15146.0,15148.0,GTERI,GTERI,ok,0.2999999999999545
13061,1364.0,1364.0,2025-06-25 17:48:01,2025-06-25 17:48:07,15148.0,15149.0,GTERI,GTERI,ok,0.0
13062,1364.0,1364.0,2025-06-25 17:48:07,2025-06-25 17:48:09,15149.0,15150.0,GTERI,GTERI,ok,0.0
13063,1364.0,1364.0,2025-06-25 17:48:09,2025-06-25 17:48:11,15150.0,15151.0,GTERI,GTERI,ok,0.0
13065,1364.0,1366.8,2025-06-25 17:48:11,2025-06-25 17:50:28,15151.0,15153.0,GTERI,GTERI,ok,2.7999999999999545
13066,1366.8,1367.9,2025-06-25 17:50:28,2025-06-25 17:51:20,15153.0,15154.0,GTERI,GTERI,ok,1.1000000000001364
13067,1367.9,1367.9,2025-06-25 17:51:20,2025-06-25 17:51:22,15154.0,15155.0,GTERI,GTERI,ok,0.0
13068,1367.9,1367.9,2025-06-25 17:51:22,2025-06-25 17:51:26,15155.0,15156.0,GTERI,GTERI,ok,0.0
13069,1367.9,1368.0,2025-06-25 17:51:26,2025-06-25 17:51:29,15156.0,15157.0,GTERI,GTERI,ok,0.09999999999990905
13070,1368.0,1368.0,2025-06-25 17:51:29,2025-06-25 17:51:43,15157.0,15158.0,GTERI,GTERI,ok,0.0
13071,1368.0,1368.0,2025-06-25 17:51:43,2025-06-25 17:51:46,15158.0,15159.0,GTERI,GTERI,ok,0.0
13072,1368.0,1368.0,2025-06-25 17:51:46,2025-06-25 17:51:47,15159.0,15160.0,GTERI,GTERI,ok,0.0
13073,1368.0,1368.0,2025-06-25 17:51:47,2025-06-25 17:51:48,15160.0,15161.0,GTERI,GTERI,ok,0.0
13074,1368.0,1368.0,2025-06-25 17:51:48,2025-06-25 17:51:51,15161.0,15162.0,GTERI,GTERI,ok,0.0
13075,1368.0,1368.0,2025-06-25 17:51:51,2025-06-25 17:51:52,15162.0,15163.0,GTERI,GTERI,ok,0.0
13076,1368.0,1368.0,2025-06-25 17:51:52,2025-06-25 17:51:56,15163.0,15164.0,GTERI,GTIGF,ok,0.0
13077,1368.0,1368.0,2025-06-25 17:51:56,2025-06-25 17:51:56,15164.0,15165.0,GTIGF,GTSTT,ok,0.0
13078,1368.0,1368.0,2025-06-25 17:51:56,2025-06-25 17:51:56,15165.0,15166.0,GTSTT,GTERI,ok,0.0
13079,1368.0,1368.0,2025-06-25 17:51:56,2025-06-25 17:51:56,15166.0,15167.0,GTERI,GTIGL,ok,0.0
13081,1368.0,1368.0,2025-06-25 17:51:56,2025-06-25 17:52:35,15167.0,15169.0,GTIGL,GTSTT,ok,0.0
13090,1368.0,1368.0,2025-06-25 17:52:35,2025-06-25 18:08:55,15169.0,15178.0,GTSTT,GTIGN,ok,0.0
13091,1368.0,1368.0,2025-06-25 18:08:55,2025-06-25 18:08:55,15178.0,15179.0,GTIGN,GTSTT,ok,0.0
13092,1368.0,1368.0,2025-06-25 18:08:55,2025-06-25 18:09:01,15179.0,15180.0,GTSTT,GTERI,ok,0.0
13093,1368.0,1368.0,2025-06-25 18:09:01,2025-06-25 18:09:01,15180.0,15181.0,GTERI,GTIGL,ok,0.0
13094,1368.0,1368.0,2025-06-25 18:09:01,2025-06-25 18:09:04,15181.0,15182.0,GTIGL,GTERI,ok,0.0
13095,1368.0,1368.1,2025-06-25 18:09:04,2025-06-25 18:09:06,15182.0,15183.0,GTERI,GTERI,ok,0.09999999999990905
13096,1368.1,1368.1,2025-06-25 18:09:06,2025-06-25 18:09:15,15183.0,15184.0,GTERI,GTERI,ok,0.0
13097,1368.1,1368.2,2025-06-25 18:09:15,2025-06-25 18:09:19,15184.0,15185.0,GTERI,GTERI,ok,0.10000000000013642
13098,1368.2,1368.2,2025-06-25 18:09:19,2025-06-25 18:09:27,15185.0,15186.0,GTERI,GTERI,ok,0.0
13099,1368.2,1368.2,2025-06-25 18:09:27,2025-06-25 18:09:29,15186.0,15187.0,GTERI,GTERI,ok,0.0
13101,1368.2,1371.5,2025-06-25 18:09:29,2025-06-25 18:12:03,15187.0,15189.0,GTERI,GTERI,ok,3.2999999999999545
13103,1371.5,1372.0,2025-06-25 18:12:03,2025-06-25 18:12:26,15189.0,15191.0,GTERI,GTERI,ok,0.5
13104,1372.0,1372.1,2025-06-25 18:12:26,2025-06-25 18:12:28,15191.0,15192.0,GTERI,GTERI,ok,0.09999999999990905
13106,1372.1,1373.6,2025-06-25 18:12:28,2025-06-25 18:15:03,15192.0,15194.0,GTERI,GTERI,ok,1.5
13107,1373.6,1373.8,2025-06-25 18:15:03,2025-06-25 18:15:24,15194.0,15195.0,GTERI,GTERI,ok,0.20000000000004547
13108,1373.8,1373.8,2025-06-25 18:15:24,2025-06-25 18:15:26,15195.0,15196.0,GTERI,GTERI,ok,0.0
13110,1373.8,1374.8,2025-06-25 18:15:26,2025-06-25 18:17:08,15196.0,15198.0,GTERI,GTERI,ok,1.0
13111,1374.8,1374.8,2025-06-25 18:17:08,2025-06-25 18:17:09,15198.0,15199.0,GTERI,GTERI,ok,0.0
13112,1374.8,1374.9,2025-06-25 18:17:09,2025-06-25 18:17:19,15199.0,15200.0,GTERI,GTERI,ok,0.10000000000013642
13113,1374.9,1374.9,2025-06-25 18:17:19,2025-06-25 18:17:21,15200.0,15201.0,GTERI,GTERI,ok,0.0
13114,1374.9,1375.0,2025-06-25 18:17:21,2025-06-25 18:17:31,15201.0,15202.0,GTERI,GTIGF,ok,0.09999999999990905
13115,1375.0,1375.0,2025-06-25 18:17:31,2025-06-25 18:17:31,15202.0,15203.0,GTIGF,GTSTT,ok,0.0
13116,1375.0,1375.0,2025-06-25 18:17:31,2025-06-25 18:17:31,15203.0,15204.0,GTSTT,GTERI,ok,0.0
13117,1375.0,1375.0,2025-06-25 18:17:31,2025-06-25 18:17:31,15204.0,15205.0,GTERI,GTIGL,ok,0.0
13119,1375.0,1375.0,2025-06-25 18:17:31,2025-06-25 18:18:16,15205.0,15207.0,GTIGL,GTSTT,ok,0.0
13149,1375.0,1375.0,2025-06-25 18:18:16,2025-06-25 19:17:26,15207.0,15237.0,GTSTT,GTERI,ok,0.0
13159,1375.0,1375.0,2025-06-25 19:17:26,2025-06-25 19:35:20,15237.0,15247.0,GTERI,GTIGN,ok,0.0
13160,1375.0,1375.0,2025-06-25 19:35:20,2025-06-25 19:35:20,15247.0,15248.0,GTIGN,GTSTT,ok,0.0
13161,1375.0,1375.0,2025-06-25 19:35:20,2025-06-25 19:35:28,15248.0,15249.0,GTSTT,GTERI,ok,0.0
13162,1375.0,1375.0,2025-06-25 19:35:28,2025-06-25 19:35:28,15249.0,15250.0,GTERI,GTIGL,ok,0.0
13163,1375.0,1375.0,2025-06-25 19:35:28,2025-06-25 19:35:34,15250.0,15251.0,GTIGL,GTERI,ok,0.0
13164,1375.0,1375.0,2025-06-25 19:35:34,2025-06-25 19:35:37,15251.0,15252.0,GTERI,GTERI,ok,0.0
13165,1375.0,1375.0,2025-06-25 19:35:37,2025-06-25 19:35:51,15252.0,15253.0,GTERI,GTERI,ok,0.0
13166,1375.0,1375.0,2025-06-25 19:35:51,2025-06-25 19:35:53,15253.0,15254.0,GTERI,GTERI,ok,0.0
13167,1375.0,1375.0,2025-06-25 19:35:53,2025-06-25 19:35:55,15254.0,15255.0,GTERI,GTERI,ok,0.0
13169,1375.0,1376.2,2025-06-25 19:35:55,2025-06-25 19:37:45,15255.0,15257.0,GTERI,GTERI,ok,1.2000000000000455
13170,1376.2,1376.2,2025-06-25 19:37:45,2025-06-25 19:37:47,15257.0,15258.0,GTERI,GTERI,ok,0.0
13171,1376.2,1376.2,2025-06-25 19:37:47,2025-06-25 19:37:57,15258.0,15259.0,GTERI,GTERI,ok,0.0
13172,1376.2,1376.2,2025-06-25 19:37:57,2025-06-25 19:37:59,15259.0,15260.0,GTERI,GTERI,ok,0.0
13174,1376.2,1376.3,2025-06-25 19:37:59,2025-06-25 19:38:10,15260.0,15262.0,GTERI,GTERI,ok,0.09999999999990905
13175,1376.3,1376.3,2025-06-25 19:38:10,2025-06-25 19:38:12,15262.0,15263.0,GTERI,GTERI,ok,0.0
13176,1376.3,1376.4,2025-06-25 19:38:12,2025-06-25 19:38:27,15263.0,15264.0,GTERI,GTERI,ok,0.10000000000013642
13178,1376.4,1377.4,2025-06-25 19:38:27,2025-06-25 19:40:22,15264.0,15266.0,GTERI,GTERI,ok,1.0
13179,1377.4,1377.4,2025-06-25 19:40:22,2025-06-25 19:40:23,15266.0,15267.0,GTERI,GTERI,ok,0.0
13180,1377.4,1377.4,2025-06-25 19:40:23,2025-06-25 19:40:25,15267.0,15268.0,GTERI,GTERI,ok,0.0
13181,1377.4,1377.7,2025-06-25 19:40:25,2025-06-25 19:40:55,15268.0,15269.0,GTERI,GTERI,ok,0.2999999999999545
13182,1377.7,1377.7,2025-06-25 19:40:55,2025-06-25 19:40:57,15269.0,15270.0,GTERI,GTERI,ok,0.0
13183,1377.7,1377.8,2025-06-25 19:40:57,2025-06-25 19:41:09,15270.0,15271.0,GTERI,GTERI,ok,0.09999999999990905
13184,1377.8,1377.8,2025-06-25 19:41:09,2025-06-25 19:41:10,15271.0,15272.0,GTERI,GTERI,ok,0.0
13185,1377.8,1377.9,2025-06-25 19:41:10,2025-06-25 19:41:27,15272.0,15273.0,GTERI,GTERI,ok,0.10000000000013642
13186,1377.9,1377.9,2025-06-25 19:41:27,2025-06-25 19:41:34,15273.0,15274.0,GTERI,GTERI,ok,0.0
13187,1377.9,1377.9,2025-06-25 19:41:34,2025-06-25 19:41:40,15274.0,15275.0,GTERI,GTIGF,ok,0.0
13188,1377.9,1377.9,2025-06-25 19:41:40,2025-06-25 19:41:40,15275.0,15276.0,GTIGF,GTSTT,ok,0.0
13189,1377.9,1377.9,2025-06-25 19:41:40,2025-06-25 19:41:40,15276.0,15277.0,GTSTT,GTERI,ok,0.0
13190,1377.9,1377.9,2025-06-25 19:41:40,2025-06-25 19:41:40,15277.0,15278.0,GTERI,GTIGL,ok,0.0
13192,1377.9,1377.9,2025-06-25 19:41:40,2025-06-25 19:42:25,15278.0,15280.0,GTIGL,GTSTT,ok,0.0
13222,1377.9,1377.9,2025-06-25 19:42:25,2025-06-25 20:41:35,15280.0,15310.0,GTSTT,GTERI,ok,0.0
13237,1377.9,1377.9,2025-06-25 20:41:35,2025-06-25 21:09:27,15310.0,15325.0,GTERI,GTIGN,ok,0.0
13238,1377.9,1377.9,2025-06-25 21:09:27,2025-06-25 21:09:27,15325.0,15326.0,GTIGN,GTSTT,ok,0.0
13239,1377.9,1377.9,2025-06-25 21:09:27,2025-06-25 21:09:36,15326.0,15327.0,GTSTT,GTERI,ok,0.0
13240,1377.9,1377.9,2025-06-25 21:09:36,2025-06-25 21:09:36,15327.0,15328.0,GTERI,GTIGL,ok,0.0
13241,1377.9,1377.9,2025-06-25 21:09:36,2025-06-25 21:09:37,15328.0,15329.0,GTIGL,GTERI,ok,0.0
13242,1377.9,1377.9,2025-06-25 21:09:37,2025-06-25 21:09:42,15329.0,15330.0,GTERI,GTERI,ok,0.0
13243,1377.9,1378.1,2025-06-25 21:09:42,2025-06-25 21:10:03,15330.0,15331.0,GTERI,GTERI,ok,0.1999999999998181
13244,1378.1,1378.1,2025-06-25 21:10:03,2025-06-25 21:10:05,15331.0,15332.0,GTERI,GTERI,ok,0.0
13246,1378.1,1378.4,2025-06-25 21:10:05,2025-06-25 21:10:29,15332.0,15334.0,GTERI,GTERI,ok,0.3000000000001819
13247,1378.4,1378.4,2025-06-25 21:10:29,2025-06-25 21:10:31,15334.0,15335.0,GTERI,GTERI,ok,0.0
13248,1378.4,1378.6,2025-06-25 21:10:31,2025-06-25 21:11:07,15335.0,15336.0,GTERI,GTERI,ok,0.1999999999998181
13249,1378.6,1378.6,2025-06-25 21:11:07,2025-06-25 21:11:09,15336.0,15337.0,GTERI,GTERI,ok,0.0
13251,1378.6,1379.3,2025-06-25 21:11:09,2025-06-25 21:12:36,15337.0,15339.0,GTERI,GTERI,ok,0.7000000000000455
13252,1379.3,1379.3,2025-06-25 21:12:36,2025-06-25 21:12:41,15339.0,15340.0,GTERI,GTERI,ok,0.0
13253,1379.3,1379.3,2025-06-25 21:12:41,2025-06-25 21:12:42,15340.0,15341.0,GTERI,GTERI,ok,0.0
13255,1379.3,1380.4,2025-06-25 21:12:42,2025-06-25 21:14:37,15341.0,15343.0,GTERI,GTERI,ok,1.1000000000001364
13256,1380.4,1380.4,2025-06-25 21:14:37,2025-06-25 21:14:39,15343.0,15344.0,GTERI,GTERI,ok,0.0
13257,1380.4,1380.5,2025-06-25 21:14:39,2025-06-25 21:14:50,15344.0,15345.0,GTERI,GTERI,ok,0.09999999999990905
13258,1380.5,1380.5,2025-06-25 21:14:50,2025-06-25 21:14:52,15345.0,15346.0,GTERI,GTERI,ok,0.0
13259,1380.5,1380.5,2025-06-25 21:14:52,2025-06-25 21:14:56,15346.0,15347.0,GTERI,GTIGF,ok,0.0
13260,1380.5,1380.5,2025-06-25 21:14:56,2025-06-25 21:14:56,15347.0,15348.0,GTIGF,GTSTT,ok,0.0
13261,1380.5,1380.5,2025-06-25 21:14:56,2025-06-25 21:14:56,15348.0,15349.0,GTSTT,GTERI,ok,0.0
13262,1380.5,1380.5,2025-06-25 21:14:56,2025-06-25 21:14:56,15349.0,15350.0,GTERI,GTIGL,ok,0.0
13263,1380.5,1380.5,2025-06-25 21:14:56,2025-06-25 21:15:35,15350.0,15351.0,GTIGL,GTSTT,ok,0.0
13294,1380.5,1380.5,2025-06-25 21:15:35,2025-06-25 22:14:51,15351.0,15382.0,GTSTT,GTERI,ok,0.0
13325,1380.5,1380.5,2025-06-25 22:14:51,2025-06-25 23:14:51,15382.0,15413.0,GTERI,GTERI,ok,0.0
13356,1380.5,1380.5,2025-06-25 23:14:51,2025-06-26 00:14:51,15413.0,15444.0,GTERI,GTERI,ok,0.0
13387,1380.5,1380.5,2025-06-26 00:14:51,2025-06-26 01:14:51,15444.0,15475.0,GTERI,GTERI,ok,0.0
13418,1380.5,1380.5,2025-06-26 01:14:51,2025-06-26 02:14:51,15475.0,15506.0,GTERI,GTERI,ok,0.0
13449,1380.5,1380.5,2025-06-26 02:14:51,2025-06-26 03:14:51,15506.0,15537.0,GTERI,GTERI,ok,0.0
13480,1380.5,1380.5,2025-06-26 03:14:51,2025-06-26 04:14:51,15537.0,15568.0,GTERI,GTERI,ok,0.0
13511,1380.5,1380.5,2025-06-26 04:14:51,2025-06-26 05:14:51,15568.0,15599.0,GTERI,GTERI,ok,0.0
13542,1380.5,1380.5,2025-06-26 05:14:51,2025-06-26 06:14:51,15599.0,15630.0,GTERI,GTERI,ok,0.0
13560,1380.5,1380.5,2025-06-26 06:14:51,2025-06-26 06:49:15,15630.0,15648.0,GTERI,GTPDP,ok,0.0
13573,1380.5,1380.5,2025-06-26 06:49:15,2025-06-26 07:14:46,15648.0,15661.0,GTPDP,GTPDP,ok,0.0
13574,1380.5,1380.5,2025-06-26 07:14:46,2025-06-26 07:14:51,15661.0,15662.0,GTPDP,GTERI,ok,0.0
13576,1380.5,1380.5,2025-06-26 07:14:51,2025-06-26 07:18:16,15662.0,15664.0,GTERI,GTPDP,ok,0.0
13583,1380.5,1380.5,2025-06-26 07:18:16,2025-06-26 07:33:27,15664.0,15672.0,GTPDP,GTPDP,ok,0.0
13590,1380.5,1380.5,2025-06-26 07:33:27,2025-06-26 07:47:41,15672.0,15679.0,GTPDP,GTIGN,ok,0.0
13591,1380.5,1380.5,2025-06-26 07:47:41,2025-06-26 07:47:41,15679.0,15680.0,GTIGN,GTSTT,ok,0.0
13592,1380.5,1380.5,2025-06-26 07:47:41,2025-06-26 07:47:49,15680.0,15681.0,GTSTT,GTERI,ok,0.0
13593,1380.5,1380.5,2025-06-26 07:47:49,2025-06-26 07:47:49,15681.0,15682.0,GTERI,GTIGL,ok,0.0
13595,1380.5,1380.5,2025-06-26 07:47:49,2025-06-26 07:48:53,15682.0,15684.0,GTIGL,GTSTT,ok,0.0
13597,1380.5,1380.5,2025-06-26 07:48:53,2025-06-26 07:50:47,15684.0,15686.0,GTSTT,GTERI,ok,0.0
13598,1380.5,1380.5,2025-06-26 07:50:47,2025-06-26 07:50:59,15686.0,15687.0,GTERI,GTSTT,ok,0.0
13599,1380.5,1380.5,2025-06-26 07:50:59,2025-06-26 07:51:17,15687.0,15688.0,GTSTT,GTERI,ok,0.0
13600,1380.5,1380.5,2025-06-26 07:51:17,2025-06-26 07:51:19,15688.0,15689.0,GTERI,GTERI,ok,0.0
13601,1380.5,1380.6,2025-06-26 07:51:19,2025-06-26 07:51:31,15689.0,15690.0,GTERI,GTERI,ok,0.09999999999990905
13602,1380.6,1380.6,2025-06-26 07:51:31,2025-06-26 07:51:33,15690.0,15691.0,GTERI,GTERI,ok,0.0
13603,1380.6,1380.6,2025-06-26 07:51:33,2025-06-26 07:51:35,15691.0,15692.0,GTERI,GTERI,ok,0.0
13605,1380.6,1381.7,2025-06-26 07:51:35,2025-06-26 07:53:07,15692.0,15694.0,GTERI,GTERI,ok,1.1000000000001364
13606,1381.7,1381.7,2025-06-26 07:53:07,2025-06-26 07:53:09,15694.0,15695.0,GTERI,GTERI,ok,0.0
13607,1381.7,1381.8,2025-06-26 07:53:09,2025-06-26 07:53:21,15695.0,15696.0,GTERI,GTERI,ok,0.09999999999990905
13608,1381.8,1381.8,2025-06-26 07:53:21,2025-06-26 07:53:24,15696.0,15697.0,GTERI,GTERI,ok,0.0
13609,1381.8,1381.8,2025-06-26 07:53:24,2025-06-26 07:53:39,15697.0,15698.0,GTERI,GTERI,ok,0.0
13610,1381.8,1381.8,2025-06-26 07:53:39,2025-06-26 07:53:41,15698.0,15699.0,GTERI,GTERI,ok,0.0
13611,1381.8,1381.9,2025-06-26 07:53:41,2025-06-26 07:53:47,15699.0,15700.0,GTERI,GTERI,ok,0.10000000000013642
13613,1381.9,1383.5,2025-06-26 07:53:47,2025-06-26 07:56:27,15700.0,15702.0,GTERI,GTERI,ok,1.599999999999909
13615,1383.5,1383.5,2025-06-26 07:56:27,2025-06-26 07:56:43,15702.0,15704.0,GTERI,GTERI,ok,0.0
13616,1383.5,1383.5,2025-06-26 07:56:43,2025-06-26 07:56:45,15704.0,15705.0,GTERI,GTERI,ok,0.0
13617,1383.5,1383.5,2025-06-26 07:56:45,2025-06-26 07:56:47,15705.0,15706.0,GTERI,GTERI,ok,0.0
13619,1383.5,1387.2,2025-06-26 07:56:47,2025-06-26 07:59:47,15706.0,15708.0,GTERI,GTERI,ok,3.7000000000000455
13620,1387.2,1387.4,2025-06-26 07:59:47,2025-06-26 08:00:02,15708.0,15709.0,GTERI,GTERI,ok,0.20000000000004547
13621,1387.4,1387.4,2025-06-26 08:00:02,2025-06-26 08:00:04,15709.0,15710.0,GTERI,GTERI,ok,0.0
13622,1387.4,1387.4,2025-06-26 08:00:04,2025-06-26 08:00:08,15710.0,15711.0,GTERI,GTERI,ok,0.0
13623,1387.4,1387.4,2025-06-26 08:00:08,2025-06-26 08:00:13,15711.0,15712.0,GTERI,GTERI,ok,0.0
13625,1387.4,1387.5,2025-06-26 08:00:13,2025-06-26 08:00:33,15712.0,15714.0,GTERI,GTERI,ok,0.09999999999990905
13626,1387.5,1387.5,2025-06-26 08:00:33,2025-06-26 08:00:35,15714.0,15715.0,GTERI,GTERI,ok,0.0
13627,1387.5,1387.5,2025-06-26 08:00:35,2025-06-26 08:00:35,15715.0,15715.0,GTERI,GTERI,ok,0.0
13628,1387.5,1387.5,2025-06-26 08:00:35,2025-06-26 08:00:38,15715.0,15716.0,GTERI,GTERI,ok,0.0
13629,1387.5,1387.5,2025-06-26 08:00:38,2025-06-26 08:01:03,15716.0,15717.0,GTERI,GTIGF,ok,0.0
13630,1387.5,1387.5,2025-06-26 08:01:03,2025-06-26 08:01:03,15717.0,15718.0,GTIGF,GTSTT,ok,0.0
13631,1387.5,1387.5,2025-06-26 08:01:03,2025-06-26 08:01:03,15718.0,15719.0,GTSTT,GTERI,ok,0.0
13632,1387.5,1387.5,2025-06-26 08:01:03,2025-06-26 08:01:04,15719.0,15720.0,GTERI,GTIGL,ok,0.0
13633,1387.5,1387.5,2025-06-26 08:01:04,2025-06-26 08:01:49,15720.0,15721.0,GTIGL,GTSTT,ok,0.0
13664,1387.5,1387.5,2025-06-26 08:01:49,2025-06-26 09:00:58,15721.0,15752.0,GTSTT,GTERI,ok,0.0
13695,1387.5,1387.5,2025-06-26 09:00:58,2025-06-26 10:00:58,15752.0,15783.0,GTERI,GTERI,ok,0.0
13726,1387.5,1387.5,2025-06-26 10:00:58,2025-06-26 11:00:58,15783.0,15814.0,GTERI,GTERI,ok,0.0
13735,1387.5,1387.5,2025-06-26 11:00:58,2025-06-26 11:17:44,15814.0,15823.0,GTERI,GTIGN,ok,0.0
13736,1387.5,1387.5,2025-06-26 11:17:44,2025-06-26 11:17:44,15823.0,15824.0,GTIGN,GTSTT,ok,0.0
13737,1387.5,1387.6,2025-06-26 11:17:44,2025-06-26 11:18:21,15824.0,15825.0,GTSTT,GTERI,ok,0.09999999999990905
13738,1387.6,1387.6,2025-06-26 11:18:21,2025-06-26 11:18:21,15825.0,15826.0,GTERI,GTIGL,ok,0.0
13740,1387.6,1387.6,2025-06-26 11:18:21,2025-06-26 11:18:42,15826.0,15828.0,GTIGL,GTERI,ok,0.0
13741,1387.6,1387.6,2025-06-26 11:18:42,2025-06-26 11:18:44,15828.0,15829.0,GTERI,GTERI,ok,0.0
13744,1387.6,1389.5,2025-06-26 11:18:44,2025-06-26 11:20:17,15829.0,15830.0,GTERI,GTERI,ok,1.900000000000091
13743,1389.5,1390.1,2025-06-26 11:20:17,2025-06-26 11:20:47,15830.0,15832.0,GTERI,GTPDP,ok,0.599999999999909
13745,1390.1,1390.1,2025-06-26 11:20:47,2025-06-26 11:20:49,15832.0,15833.0,GTPDP,GTERI,ok,0.0
13746,1390.1,1391.5,2025-06-26 11:20:49,2025-06-26 11:21:55,15833.0,15834.0,GTERI,GTERI,ok,1.400000000000091
13747,1391.5,1391.5,2025-06-26 11:21:55,2025-06-26 11:21:57,15834.0,15835.0,GTERI,GTERI,ok,0.0
13749,1391.5,1392.6,2025-06-26 11:21:57,2025-06-26 11:23:49,15835.0,15837.0,GTERI,GTERI,ok,1.099999999999909
13750,1392.6,1393.2,2025-06-26 11:23:49,2025-06-26 11:25:09,15837.0,15838.0,GTERI,GTERI,ok,0.6000000000001364
13751,1393.2,1393.3,2025-06-26 11:25:09,2025-06-26 11:25:11,15838.0,15839.0,GTERI,GTERI,ok,0.09999999999990905
13753,1393.3,1394.1,2025-06-26 11:25:11,2025-06-26 11:26:49,15839.0,15841.0,GTERI,GTERI,ok,0.7999999999999545
13755,1394.1,1394.3,2025-06-26 11:26:49,2025-06-26 11:28:54,15841.0,15843.0,GTERI,GTERI,ok,0.20000000000004547
13756,1394.3,1394.3,2025-06-26 11:28:54,2025-06-26 11:28:56,15843.0,15844.0,GTERI,GTERI,ok,0.0
13757,1394.3,1394.4,2025-06-26 11:28:56,2025-06-26 11:29:05,15844.0,15845.0,GTERI,GTERI,ok,0.10000000000013642
13758,1394.4,1394.4,2025-06-26 11:29:05,2025-06-26 11:29:07,15845.0,15846.0,GTERI,GTERI,ok,0.0
13759,1394.4,1394.4,2025-06-26 11:29:07,2025-06-26 11:29:13,15846.0,15847.0,GTERI,GTIGF,ok,0.0
13760,1394.4,1394.4,2025-06-26 11:29:13,2025-06-26 11:29:13,15847.0,15848.0,GTIGF,GTSTT,ok,0.0
13761,1394.4,1394.4,2025-06-26 11:29:13,2025-06-26 11:29:13,15848.0,15849.0,GTSTT,GTERI,ok,0.0
13762,1394.4,1394.4,2025-06-26 11:29:13,2025-06-26 11:29:13,15849.0,15850.0,GTERI,GTIGL,ok,0.0
13764,1394.4,1394.4,2025-06-26 11:29:13,2025-06-26 11:29:59,15850.0,15852.0,GTIGL,GTSTT,ok,0.0
13794,1394.4,1394.4,2025-06-26 11:29:59,2025-06-26 12:29:08,15852.0,15882.0,GTSTT,GTERI,ok,0.0
13825,1394.4,1394.4,2025-06-26 12:29:08,2025-06-26 13:29:08,15882.0,15913.0,GTERI,GTERI,ok,0.0
13855,1394.4,1394.4,2025-06-26 13:29:08,2025-06-26 14:27:38,15913.0,15943.0,GTERI,GTIGN,ok,0.0
13856,1394.4,1394.4,2025-06-26 14:27:38,2025-06-26 14:27:38,15943.0,15944.0,GTIGN,GTSTT,ok,0.0
13857,1394.4,1394.5,2025-06-26 14:27:38,2025-06-26 14:27:46,15944.0,15945.0,GTSTT,GTERI,ok,0.09999999999990905
13858,1394.5,1394.5,2025-06-26 14:27:46,2025-06-26 14:27:46,15945.0,15946.0,GTERI,GTIGL,ok,0.0
13859,1394.5,1394.5,2025-06-26 14:27:46,2025-06-26 14:27:48,15946.0,15947.0,GTIGL,GTERI,ok,0.0
13860,1394.5,1394.5,2025-06-26 14:27:48,2025-06-26 14:27:49,15947.0,15948.0,GTERI,GTERI,ok,0.0
13862,1394.5,1394.5,2025-06-26 14:27:49,2025-06-26 14:28:01,15948.0,15950.0,GTERI,GTERI,ok,0.0
13863,1394.5,1394.5,2025-06-26 14:28:01,2025-06-26 14:28:02,15950.0,15951.0,GTERI,GTERI,ok,0.0
13864,1394.5,1394.5,2025-06-26 14:28:02,2025-06-26 14:28:05,15951.0,15952.0,GTERI,GTERI,ok,0.0
13866,1394.5,1395.4,2025-06-26 14:28:05,2025-06-26 14:30:13,15952.0,15954.0,GTERI,GTERI,ok,0.900000000000091
13867,1395.4,1395.4,2025-06-26 14:30:13,2025-06-26 14:30:14,15954.0,15955.0,GTERI,GTERI,ok,0.0
13868,1395.4,1395.4,2025-06-26 14:30:14,2025-06-26 14:30:16,15955.0,15956.0,GTERI,GTERI,ok,0.0
13869,1395.4,1395.5,2025-06-26 14:30:16,2025-06-26 14:30:23,15956.0,15957.0,GTERI,GTERI,ok,0.09999999999990905
13870,1395.5,1395.5,2025-06-26 14:30:23,2025-06-26 14:30:24,15957.0,15958.0,GTERI,GTERI,ok,0.0
13871,1395.5,1395.5,2025-06-26 14:30:24,2025-06-26 14:30:31,15958.0,15959.0,GTERI,GTERI,ok,0.0
13872,1395.5,1395.5,2025-06-26 14:30:31,2025-06-26 14:30:36,15959.0,15960.0,GTERI,GTERI,ok,0.0
13873,1395.5,1395.5,2025-06-26 14:30:36,2025-06-26 14:30:42,15960.0,15961.0,GTERI,GTIGF,ok,0.0
13874,1395.5,1395.5,2025-06-26 14:30:42,2025-06-26 14:30:42,15961.0,15962.0,GTIGF,GTSTT,ok,0.0
13875,1395.5,1395.5,2025-06-26 14:30:42,2025-06-26 14:30:42,15962.0,15963.0,GTSTT,GTERI,ok,0.0
13876,1395.5,1395.5,2025-06-26 14:30:42,2025-06-26 14:30:42,15963.0,15964.0,GTERI,GTIGL,ok,0.0
13877,1395.5,1395.5,2025-06-26 14:30:42,2025-06-26 14:31:26,15964.0,15965.0,GTIGL,GTSTT,ok,0.0
13880,1395.5,1395.5,2025-06-26 14:31:26,2025-06-26 14:35:30,15965.0,15968.0,GTSTT,GTIGN,ok,0.0
13881,1395.5,1395.5,2025-06-26 14:35:30,2025-06-26 14:35:30,15968.0,15969.0,GTIGN,GTSTT,ok,0.0
13882,1395.5,1395.5,2025-06-26 14:35:30,2025-06-26 14:35:31,15969.0,15970.0,GTSTT,GTIGL,ok,0.0
13883,1395.5,1395.5,2025-06-26 14:35:31,2025-06-26 14:35:34,15970.0,15971.0,GTIGL,GTERI,ok,0.0
13884,1395.5,1395.5,2025-06-26 14:35:34,2025-06-26 14:35:36,15971.0,15972.0,GTERI,GTERI,ok,0.0
13885,1395.5,1395.5,2025-06-26 14:35:36,2025-06-26 14:35:38,15972.0,15973.0,GTERI,GTERI,ok,0.0
13887,1395.5,1395.8,2025-06-26 14:35:38,2025-06-26 14:36:18,15973.0,15975.0,GTERI,GTERI,ok,0.2999999999999545
13889,1395.8,1396.9,2025-06-26 14:36:18,2025-06-26 14:38:38,15975.0,15977.0,GTERI,GTERI,ok,1.1000000000001364
13890,1396.9,1397.4,2025-06-26 14:38:38,2025-06-26 14:39:14,15977.0,15978.0,GTERI,GTERI,ok,0.5
13891,1397.4,1397.5,2025-06-26 14:39:14,2025-06-26 14:39:19,15978.0,15979.0,GTERI,GTERI,ok,0.09999999999990905
13892,1397.5,1397.5,2025-06-26 14:39:19,2025-06-26 14:39:21,15979.0,15980.0,GTERI,GTERI,ok,0.0
13893,1397.5,1397.5,2025-06-26 14:39:21,2025-06-26 14:39:23,15980.0,15981.0,GTERI,GTERI,ok,0.0
13895,1397.5,1400.0,2025-06-26 14:39:23,2025-06-26 14:41:38,15981.0,15983.0,GTERI,GTERI,ok,2.5
13897,1400.0,1401.3,2025-06-26 14:41:38,2025-06-26 14:42:39,15983.0,15985.0,GTERI,GTERI,ok,1.2999999999999545
13898,1401.3,1401.4,2025-06-26 14:42:39,2025-06-26 14:42:41,15985.0,15986.0,GTERI,GTERI,ok,0.10000000000013642
13899,1401.4,1401.4,2025-06-26 14:42:41,2025-06-26 14:42:47,15986.0,15987.0,GTERI,GTERI,ok,0.0
13900,1401.4,1401.4,2025-06-26 14:42:47,2025-06-26 14:42:56,15987.0,15988.0,GTERI,GTERI,ok,0.0
13901,1401.4,1401.5,2025-06-26 14:42:56,2025-06-26 14:43:03,15988.0,15989.0,GTERI,GTERI,ok,0.09999999999990905
13902,1401.5,1401.5,2025-06-26 14:43:03,2025-06-26 14:43:05,15989.0,15990.0,GTERI,GTERI,ok,0.0
13903,1401.5,1401.5,2025-06-26 14:43:05,2025-06-26 14:43:06,15990.0,15991.0,GTERI,GTERI,ok,0.0
13904,1401.5,1401.5,2025-06-26 14:43:06,2025-06-26 14:43:07,15991.0,15992.0,GTERI,GTERI,ok,0.0
13905,1401.5,1401.5,2025-06-26 14:43:07,2025-06-26 14:43:08,15992.0,15993.0,GTERI,GTERI,ok,0.0
13906,1401.5,1401.5,2025-06-26 14:43:08,2025-06-26 14:43:11,15993.0,15994.0,GTERI,GTERI,ok,0.0
13907,1401.5,1401.5,2025-06-26 14:43:11,2025-06-26 14:43:12,15994.0,15995.0,GTERI,GTERI,ok,0.0
13908,1401.5,1401.5,2025-06-26 14:43:12,2025-06-26 14:43:13,15995.0,15996.0,GTERI,GTIGF,ok,0.0
13909,1401.5,1401.5,2025-06-26 14:43:13,2025-06-26 14:43:13,15996.0,15997.0,GTIGF,GTSTT,ok,0.0
13910,1401.5,1401.5,2025-06-26 14:43:13,2025-06-26 14:43:14,15997.0,15998.0,GTSTT,GTERI,ok,0.0
13911,1401.5,1401.5,2025-06-26 14:43:14,2025-06-26 14:43:14,15998.0,15999.0,GTERI,GTIGL,ok,0.0
13912,1401.5,1401.5,2025-06-26 14:43:14,2025-06-26 14:43:48,15999.0,16000.0,GTIGL,GTSTT,ok,0.0
13943,1401.5,1401.5,2025-06-26 14:43:48,2025-06-26 15:43:08,16000.0,16031.0,GTSTT,GTERI,ok,0.0
13974,1401.5,1401.5,2025-06-26 15:43:08,2025-06-26 16:43:08,16031.0,16062.0,GTERI,GTERI,ok,0.0
13982,1401.5,1401.5,2025-06-26 16:43:08,2025-06-26 16:56:35,16062.0,16070.0,GTERI,GTPDP,ok,0.0
13988,1401.5,1401.5,2025-06-26 16:56:35,2025-06-26 17:08:06,16070.0,16076.0,GTPDP,GTPDP,ok,0.0
14005,1401.5,1401.5,2025-06-26 17:08:06,2025-06-26 17:42:20,16076.0,16093.0,GTPDP,GTIGN,ok,0.0
14006,1401.5,1401.5,2025-06-26 17:42:20,2025-06-26 17:42:20,16093.0,16094.0,GTIGN,GTSTT,ok,0.0
14007,1401.5,1401.5,2025-06-26 17:42:20,2025-06-26 17:42:31,16094.0,16095.0,GTSTT,GTERI,ok,0.0
14008,1401.5,1401.5,2025-06-26 17:42:31,2025-06-26 17:42:31,16095.0,16096.0,GTERI,GTIGL,ok,0.0
14009,1401.5,1401.6,2025-06-26 17:42:31,2025-06-26 17:42:37,16096.0,16097.0,GTIGL,GTERI,ok,0.09999999999990905
14010,1401.6,1401.6,2025-06-26 17:42:37,2025-06-26 17:42:39,16097.0,16098.0,GTERI,GTERI,ok,0.0
14011,1401.6,1401.6,2025-06-26 17:42:39,2025-06-26 17:42:43,16098.0,16099.0,GTERI,GTERI,ok,0.0
14012,1401.6,1401.6,2025-06-26 17:42:43,2025-06-26 17:42:53,16099.0,16100.0,GTERI,GTERI,ok,0.0
14013,1401.6,1401.6,2025-06-26 17:42:53,2025-06-26 17:42:55,16100.0,16101.0,GTERI,GTERI,ok,0.0
14016,1401.6,1404.8,2025-06-26 17:42:55,2025-06-26 17:45:29,16101.0,16104.0,GTERI,GTERI,ok,3.2000000000000455
14017,1404.8,1405.5,2025-06-26 17:45:29,2025-06-26 17:46:04,16104.0,16105.0,GTERI,GTERI,ok,0.7000000000000455
14018,1405.5,1405.5,2025-06-26 17:46:04,2025-06-26 17:46:06,16105.0,16106.0,GTERI,GTERI,ok,0.0
14020,1405.5,1406.5,2025-06-26 17:46:06,2025-06-26 17:48:29,16106.0,16108.0,GTERI,GTERI,ok,1.0
14021,1406.5,1406.8,2025-06-26 17:48:29,2025-06-26 17:49:05,16108.0,16109.0,GTERI,GTIGF,ok,0.2999999999999545
14022,1406.8,1406.8,2025-06-26 17:49:05,2025-06-26 17:49:05,16109.0,16110.0,GTIGF,GTSTT,ok,0.0
14023,1406.8,1406.8,2025-06-26 17:49:05,2025-06-26 17:49:05,16110.0,16111.0,GTSTT,GTERI,ok,0.0
14024,1406.8,1406.8,2025-06-26 17:49:05,2025-06-26 17:49:05,16111.0,16112.0,GTERI,GTIGL,ok,0.0
14026,1406.8,1406.8,2025-06-26 17:49:05,2025-06-26 17:49:52,16112.0,16114.0,GTIGL,GTSTT,ok,0.0
14031,1406.8,1406.8,2025-06-26 17:49:52,2025-06-26 17:57:39,16114.0,16119.0,GTSTT,GTIGN,ok,0.0
14032,1406.8,1406.8,2025-06-26 17:57:39,2025-06-26 17:57:39,16119.0,16120.0,GTIGN,GTSTT,ok,0.0
14033,1406.8,1406.8,2025-06-26 17:57:39,2025-06-26 17:57:46,16120.0,16121.0,GTSTT,GTERI,ok,0.0
14034,1406.8,1406.8,2025-06-26 17:57:46,2025-06-26 17:57:46,16121.0,16122.0,GTERI,GTIGL,ok,0.0
14036,1406.8,1407.2,2025-06-26 17:57:46,2025-06-26 17:59:20,16122.0,16124.0,GTIGL,GTERI,ok,0.40000000000009095
14037,1407.2,1407.2,2025-06-26 17:59:20,2025-06-26 17:59:24,16124.0,16125.0,GTERI,GTERI,ok,0.0
14038,1407.2,1408.0,2025-06-26 17:59:24,2025-06-26 18:00:46,16125.0,16126.0,GTERI,GTERI,ok,0.7999999999999545
14040,1408.0,1408.3,2025-06-26 18:00:46,2025-06-26 18:01:20,16126.0,16128.0,GTERI,GTERI,ok,0.2999999999999545
14041,1408.3,1408.3,2025-06-26 18:01:20,2025-06-26 18:01:21,16128.0,16129.0,GTERI,GTERI,ok,0.0
14042,1408.3,1408.4,2025-06-26 18:01:21,2025-06-26 18:01:34,16129.0,16130.0,GTERI,GTERI,ok,0.10000000000013642
14043,1408.4,1408.4,2025-06-26 18:01:34,2025-06-26 18:01:37,16130.0,16131.0,GTERI,GTERI,ok,0.0
14044,1408.4,1408.4,2025-06-26 18:01:37,2025-06-26 18:01:51,16131.0,16132.0,GTERI,GTIGF,ok,0.0
14045,1408.4,1408.4,2025-06-26 18:01:51,2025-06-26 18:01:51,16132.0,16133.0,GTIGF,GTSTT,ok,0.0
14046,1408.4,1408.4,2025-06-26 18:01:51,2025-06-26 18:01:51,16133.0,16134.0,GTSTT,GTERI,ok,0.0
14047,1408.4,1408.4,2025-06-26 18:01:51,2025-06-26 18:01:52,16134.0,16135.0,GTERI,GTIGL,ok,0.0
14048,1408.4,1408.4,2025-06-26 18:01:52,2025-06-26 18:02:42,16135.0,16136.0,GTIGL,GTSTT,ok,0.0
14079,1408.4,1408.4,2025-06-26 18:02:42,2025-06-26 19:01:46,16136.0,16167.0,GTSTT,GTERI,ok,0.0
14081,1408.4,1408.4,2025-06-26 19:01:46,2025-06-26 19:04:04,16167.0,16169.0,GTERI,GTIGN,ok,0.0
14082,1408.4,1408.4,2025-06-26 19:04:04,2025-06-26 19:04:04,16169.0,16170.0,GTIGN,GTSTT,ok,0.0
14083,1408.4,1408.4,2025-06-26 19:04:04,2025-06-26 19:04:11,16170.0,16171.0,GTSTT,GTERI,ok,0.0
14084,1408.4,1408.4,2025-06-26 19:04:11,2025-06-26 19:04:11,16171.0,16172.0,GTERI,GTIGL,ok,0.0
14085,1408.4,1408.4,2025-06-26 19:04:11,2025-06-26 19:04:22,16172.0,16173.0,GTIGL,GTERI,ok,0.0
14086,1408.4,1408.4,2025-06-26 19:04:22,2025-06-26 19:04:24,16173.0,16174.0,GTERI,GTERI,ok,0.0
14087,1408.4,1408.5,2025-06-26 19:04:24,2025-06-26 19:04:48,16174.0,16175.0,GTERI,GTERI,ok,0.09999999999990905
14089,1408.5,1409.7,2025-06-26 19:04:48,2025-06-26 19:07:12,16175.0,16177.0,GTERI,GTERI,ok,1.2000000000000455
14091,1409.7,1409.8,2025-06-26 19:07:12,2025-06-26 19:07:25,16177.0,16179.0,GTERI,GTERI,ok,0.09999999999990905
14092,1409.8,1409.8,2025-06-26 19:07:25,2025-06-26 19:07:28,16179.0,16180.0,GTERI,GTERI,ok,0.0
14093,1409.8,1409.9,2025-06-26 19:07:28,2025-06-26 19:07:43,16180.0,16181.0,GTERI,GTERI,ok,0.10000000000013642
14094,1409.9,1409.9,2025-06-26 19:07:43,2025-06-26 19:07:45,16181.0,16182.0,GTERI,GTERI,ok,0.0
14095,1409.9,1409.9,2025-06-26 19:07:45,2025-06-26 19:07:56,16182.0,16183.0,GTERI,GTIGF,ok,0.0
14096,1409.9,1409.9,2025-06-26 19:07:56,2025-06-26 19:07:56,16183.0,16184.0,GTIGF,GTSTT,ok,0.0
14097,1409.9,1409.9,2025-06-26 19:07:56,2025-06-26 19:07:56,16184.0,16185.0,GTSTT,GTERI,ok,0.0
14098,1409.9,1409.9,2025-06-26 19:07:56,2025-06-26 19:07:56,16185.0,16186.0,GTERI,GTIGL,ok,0.0
14099,1409.9,1409.9,2025-06-26 19:07:56,2025-06-26 19:08:37,16186.0,16187.0,GTIGL,GTSTT,ok,0.0
14103,1409.9,1409.9,2025-06-26 19:08:37,2025-06-26 19:13:59,16187.0,16191.0,GTSTT,GTIGN,ok,0.0
14104,1409.9,1409.9,2025-06-26 19:13:59,2025-06-26 19:13:59,16191.0,16192.0,GTIGN,GTSTT,ok,0.0
14105,1409.9,1409.9,2025-06-26 19:13:59,2025-06-26 19:14:07,16192.0,16193.0,GTSTT,GTERI,ok,0.0
14106,1409.9,1409.9,2025-06-26 19:14:07,2025-06-26 19:14:07,16193.0,16194.0,GTERI,GTIGL,ok,0.0
14107,1409.9,1410.0,2025-06-26 19:14:07,2025-06-26 19:14:13,16194.0,16195.0,GTIGL,GTERI,ok,0.09999999999990905
14108,1410.0,1410.0,2025-06-26 19:14:13,2025-06-26 19:14:14,16195.0,16196.0,GTERI,GTERI,ok,0.0
14109,1410.0,1410.1,2025-06-26 19:14:14,2025-06-26 19:14:31,16196.0,16197.0,GTERI,GTERI,ok,0.09999999999990905
14110,1410.1,1410.1,2025-06-26 19:14:31,2025-06-26 19:14:32,16197.0,16198.0,GTERI,GTERI,ok,0.0
14112,1410.1,1410.8,2025-06-26 19:14:32,2025-06-26 19:15:43,16198.0,16200.0,GTERI,GTPDP,ok,0.7000000000000455
14113,1410.8,1411.2,2025-06-26 19:15:43,2025-06-26 19:16:23,16200.0,16201.0,GTPDP,GTERI,ok,0.40000000000009095
14114,1411.2,1411.2,2025-06-26 19:16:23,2025-06-26 19:16:25,16201.0,16202.0,GTERI,GTERI,ok,0.0
14115,1411.2,1411.3,2025-06-26 19:16:25,2025-06-26 19:16:34,16202.0,16203.0,GTERI,GTERI,ok,0.09999999999990905
14116,1411.3,1411.3,2025-06-26 19:16:34,2025-06-26 19:16:35,16203.0,16204.0,GTERI,GTERI,ok,0.0
14117,1411.3,1411.3,2025-06-26 19:16:35,2025-06-26 19:16:46,16204.0,16205.0,GTERI,GTIGF,ok,0.0
14118,1411.3,1411.3,2025-06-26 19:16:46,2025-06-26 19:16:46,16205.0,16206.0,GTIGF,GTSTT,ok,0.0
14119,1411.3,1411.3,2025-06-26 19:16:46,2025-06-26 19:16:46,16206.0,16207.0,GTSTT,GTERI,ok,0.0
14120,1411.3,1411.3,2025-06-26 19:16:46,2025-06-26 19:16:46,16207.0,16208.0,GTERI,GTIGL,ok,0.0
14121,1411.3,1411.3,2025-06-26 19:16:46,2025-06-26 19:17:28,16208.0,16209.0,GTIGL,GTSTT,ok,0.0
14152,1411.3,1411.3,2025-06-26 19:17:28,2025-06-26 20:16:41,16209.0,16239.0,GTSTT,GTERI,ok,0.0
14183,1411.3,1411.3,2025-06-26 20:16:41,2025-06-26 21:16:41,16239.0,16270.0,GTERI,GTERI,ok,0.0
14214,1411.3,1411.3,2025-06-26 21:16:41,2025-06-26 22:16:41,16270.0,16301.0,GTERI,GTERI,ok,0.0
14245,1411.3,1411.3,2025-06-26 22:16:41,2025-06-26 23:16:41,16301.0,16332.0,GTERI,GTERI,ok,0.0
14276,1411.3,1411.3,2025-06-26 23:16:41,2025-06-27 00:16:41,16332.0,16363.0,GTERI,GTERI,ok,0.0
14307,1411.3,1411.3,2025-06-27 00:16:41,2025-06-27 01:16:41,16363.0,16394.0,GTERI,GTERI,ok,0.0
14331,1411.3,1411.3,2025-06-27 01:16:41,2025-06-27 02:01:35,16394.0,16418.0,GTERI,GTPDP,ok,0.0
14339,1411.3,1411.3,2025-06-27 02:01:35,2025-06-27 02:16:41,16418.0,16426.0,GTPDP,GTERI,ok,0.0
14341,1411.3,1411.3,2025-06-27 02:16:41,2025-06-27 02:19:06,16426.0,16428.0,GTERI,GTPDP,ok,0.0
14361,1411.3,1411.3,2025-06-27 02:19:06,2025-06-27 02:58:38,16428.0,16448.0,GTPDP,GTPDP,ok,0.0
14368,1411.3,1411.3,2025-06-27 02:58:38,2025-06-27 03:13:29,16448.0,16455.0,GTPDP,GTPDP,ok,0.0
14370,1411.3,1411.3,2025-06-27 03:13:29,2025-06-27 03:16:41,16455.0,16457.0,GTPDP,GTERI,ok,0.0
14394,1411.3,1411.3,2025-06-27 03:16:41,2025-06-27 04:02:02,16457.0,16480.0,GTERI,GTPDP,ok,0.0
14396,1411.3,1411.3,2025-06-27 04:02:02,2025-06-27 04:06:14,16480.0,16484.0,GTPDP,GTPDP,ok,0.0
14401,1411.3,1411.3,2025-06-27 04:06:14,2025-06-27 04:15:44,16484.0,16489.0,GTPDP,GTPDP,ok,0.0
14402,1411.3,1411.3,2025-06-27 04:15:44,2025-06-27 04:16:41,16489.0,16490.0,GTPDP,GTERI,ok,0.0
14404,1411.3,1411.3,2025-06-27 04:16:41,2025-06-27 04:19:14,16490.0,16492.0,GTERI,GTPDP,ok,0.0
14433,1411.3,1411.3,2025-06-27 04:19:14,2025-06-27 05:16:41,16492.0,16521.0,GTPDP,GTERI,ok,0.0
14435,1411.3,1411.3,2025-06-27 05:16:41,2025-06-27 05:18:47,16521.0,16523.0,GTERI,GTPDP,ok,0.0
14437,1411.3,1411.3,2025-06-27 05:18:47,2025-06-27 05:22:17,16523.0,16525.0,GTPDP,GTPDP,ok,0.0
14439,1411.3,1411.3,2025-06-27 05:22:17,2025-06-27 05:25:47,16525.0,16527.0,GTPDP,GTPDP,ok,0.0
14441,1411.3,1411.3,2025-06-27 05:25:47,2025-06-27 05:29:18,16527.0,16529.0,GTPDP,GTPDP,ok,0.0
14443,1411.3,1411.3,2025-06-27 05:29:18,2025-06-27 05:32:48,16529.0,16531.0,GTPDP,GTPDP,ok,0.0
14457,1411.3,1411.3,2025-06-27 05:32:48,2025-06-27 06:00:19,16531.0,16545.0,GTPDP,GTPDP,ok,0.0
14467,1411.3,1411.3,2025-06-27 06:00:19,2025-06-27 06:16:41,16545.0,16553.0,GTPDP,GTERI,ok,0.0
14466,1411.3,1411.3,2025-06-27 06:16:41,2025-06-27 06:18:52,16553.0,16555.0,GTERI,GTPDP,ok,0.0
14469,1411.3,1411.3,2025-06-27 06:18:52,2025-06-27 06:22:22,16555.0,16557.0,GTPDP,GTPDP,ok,0.0
14482,1411.3,1411.3,2025-06-27 06:22:22,2025-06-27 06:47:53,16557.0,16570.0,GTPDP,GTPDP,ok,0.0
14485,1411.3,1411.3,2025-06-27 06:47:53,2025-06-27 06:53:23,16570.0,16573.0,GTPDP,GTPDP,ok,0.0
14496,1411.3,1411.3,2025-06-27 06:53:23,2025-06-27 07:16:41,16573.0,16585.0,GTPDP,GTERI,ok,0.0
14501,1411.3,1411.3,2025-06-27 07:16:41,2025-06-27 07:25:06,16585.0,16590.0,GTERI,GTPDP,ok,0.0
14504,1411.3,1411.3,2025-06-27 07:25:06,2025-06-27 07:30:36,16590.0,16593.0,GTPDP,GTPDP,ok,0.0
14506,1411.3,1411.3,2025-06-27 07:30:36,2025-06-27 07:34:06,16593.0,16595.0,GTPDP,GTPDP,ok,0.0
14508,1411.3,1411.3,2025-06-27 07:34:06,2025-06-27 07:40:15,16595.0,16597.0,GTPDP,GTIGN,ok,0.0
14509,1411.3,1411.3,2025-06-27 07:40:15,2025-06-27 07:40:15,16597.0,16598.0,GTIGN,GTSTT,ok,0.0
14510,1411.3,1411.3,2025-06-27 07:40:15,2025-06-27 07:40:23,16598.0,16599.0,GTSTT,GTERI,ok,0.0
14511,1411.3,1411.3,2025-06-27 07:40:23,2025-06-27 07:40:23,16599.0,16600.0,GTERI,GTIGL,ok,0.0
14512,1411.3,1411.3,2025-06-27 07:40:23,2025-06-27 07:41:22,16600.0,16601.0,GTIGL,GTERI,ok,0.0
14513,1411.3,1411.3,2025-06-27 07:41:22,2025-06-27 07:41:24,16601.0,16602.0,GTERI,GTERI,ok,0.0
14514,1411.3,1411.4,2025-06-27 07:41:24,2025-06-27 07:41:41,16602.0,16603.0,GTERI,GTERI,ok,0.10000000000013642
14515,1411.4,1411.4,2025-06-27 07:41:41,2025-06-27 07:41:43,16603.0,16604.0,GTERI,GTERI,ok,0.0
14516,1411.4,1411.4,2025-06-27 07:41:43,2025-06-27 07:41:45,16604.0,16605.0,GTERI,GTERI,ok,0.0
14518,1411.4,1412.2,2025-06-27 07:41:45,2025-06-27 07:43:22,16605.0,16607.0,GTERI,GTERI,ok,0.7999999999999545
14520,1412.2,1412.5,2025-06-27 07:43:22,2025-06-27 07:43:51,16607.0,16608.0,GTERI,GTERI,ok,0.2999999999999545
14521,1412.5,1412.5,2025-06-27 07:43:51,2025-06-27 07:43:53,16608.0,16609.0,GTERI,GTERI,ok,0.0
14522,1412.5,1412.6,2025-06-27 07:43:53,2025-06-27 07:44:06,16609.0,16611.0,GTERI,GTERI,ok,0.09999999999990905
14523,1412.6,1412.6,2025-06-27 07:44:06,2025-06-27 07:44:08,16611.0,16612.0,GTERI,GTERI,ok,0.0
14524,1412.6,1412.6,2025-06-27 07:44:08,2025-06-27 07:44:22,16612.0,16613.0,GTERI,GTERI,ok,0.0
14525,1412.6,1412.6,2025-06-27 07:44:22,2025-06-27 07:44:24,16613.0,16614.0,GTERI,GTERI,ok,0.0
14528,1412.6,1413.5,2025-06-27 07:44:24,2025-06-27 07:46:22,16614.0,16615.0,GTERI,GTERI,ok,0.900000000000091
14527,1413.5,1413.8,2025-06-27 07:46:22,2025-06-27 07:46:52,16615.0,16617.0,GTERI,GTPDP,ok,0.2999999999999545
14529,1413.8,1414.3,2025-06-27 07:46:52,2025-06-27 07:47:35,16617.0,16618.0,GTPDP,GTERI,ok,0.5
14530,1414.3,1414.3,2025-06-27 07:47:35,2025-06-27 07:47:44,16618.0,16619.0,GTERI,GTERI,ok,0.0
14531,1414.3,1414.3,2025-06-27 07:47:44,2025-06-27 07:47:46,16619.0,16620.0,GTERI,GTERI,ok,0.0
14532,1414.3,1414.4,2025-06-27 07:47:46,2025-06-27 07:47:48,16620.0,16621.0,GTERI,GTERI,ok,0.10000000000013642
14533,1414.4,1415.9,2025-06-27 07:47:48,2025-06-27 07:49:22,16621.0,16622.0,GTERI,GTERI,ok,1.5
14535,1415.9,1418.2,2025-06-27 07:49:22,2025-06-27 07:51:24,16622.0,16624.0,GTERI,GTERI,ok,2.2999999999999545
14536,1418.2,1418.2,2025-06-27 07:51:24,2025-06-27 07:51:26,16624.0,16625.0,GTERI,GTERI,ok,0.0
14537,1418.2,1418.3,2025-06-27 07:51:26,2025-06-27 07:51:28,16625.0,16626.0,GTERI,GTERI,ok,0.09999999999990905
14538,1418.3,1418.3,2025-06-27 07:51:28,2025-06-27 07:51:35,16626.0,16627.0,GTERI,GTERI,ok,0.0
14539,1418.3,1418.4,2025-06-27 07:51:35,2025-06-27 07:51:57,16627.0,16628.0,GTERI,GTERI,ok,0.10000000000013642
14540,1418.4,1418.4,2025-06-27 07:51:57,2025-06-27 07:51:59,16628.0,16629.0,GTERI,GTERI,ok,0.0
14541,1418.4,1418.4,2025-06-27 07:51:59,2025-06-27 07:52:01,16629.0,16630.0,GTERI,GTERI,ok,0.0
14542,1418.4,1418.4,2025-06-27 07:52:01,2025-06-27 07:52:02,16630.0,16631.0,GTERI,GTERI,ok,0.0
14543,1418.4,1418.4,2025-06-27 07:52:02,2025-06-27 07:52:03,16631.0,16632.0,GTERI,GTERI,ok,0.0
14544,1418.4,1418.4,2025-06-27 07:52:03,2025-06-27 07:52:08,16632.0,16633.0,GTERI,GTERI,ok,0.0
14545,1418.4,1418.4,2025-06-27 07:52:08,2025-06-27 07:52:17,16633.0,16634.0,GTERI,GTIGF,ok,0.0
14546,1418.4,1418.4,2025-06-27 07:52:17,2025-06-27 07:52:17,16634.0,16635.0,GTIGF,GTSTT,ok,0.0
14547,1418.4,1418.4,2025-06-27 07:52:17,2025-06-27 07:52:17,16635.0,16636.0,GTSTT,GTERI,ok,0.0
14548,1418.4,1418.4,2025-06-27 07:52:17,2025-06-27 07:52:17,16636.0,16637.0,GTERI,GTIGL,ok,0.0
14550,1418.4,1418.4,2025-06-27 07:52:17,2025-06-27 07:53:00,16637.0,16639.0,GTIGL,GTSTT,ok,0.0
14580,1418.4,1418.4,2025-06-27 07:53:00,2025-06-27 08:52:12,16639.0,16669.0,GTSTT,GTERI,ok,0.0
14611,1418.4,1418.4,2025-06-27 08:52:12,2025-06-27 09:52:12,16669.0,16700.0,GTERI,GTERI,ok,0.0
14642,1418.4,1418.4,2025-06-27 09:52:12,2025-06-27 10:52:12,16700.0,16731.0,GTERI,GTERI,ok,0.0
14648,1418.4,1418.4,2025-06-27 10:52:12,2025-06-27 11:01:03,16731.0,16737.0,GTERI,GTPDP,ok,0.0
14655,1418.4,1418.4,2025-06-27 11:01:03,2025-06-27 11:15:31,16737.0,16744.0,GTPDP,GTIGN,ok,0.0
14656,1418.4,1418.4,2025-06-27 11:15:31,2025-06-27 11:15:31,16744.0,16745.0,GTIGN,GTSTT,ok,0.0
14658,1418.4,1419.0,2025-06-27 11:15:31,2025-06-27 11:16:40,16745.0,16747.0,GTSTT,GTERI,ok,0.599999999999909
14659,1419.0,1419.0,2025-06-27 11:16:40,2025-06-27 11:16:40,16747.0,16748.0,GTERI,GTIGL,ok,0.0
14661,1419.0,1421.5,2025-06-27 11:16:40,2025-06-27 11:18:38,16748.0,16750.0,GTIGL,GTERI,ok,2.5
14662,1421.5,1422.1,2025-06-27 11:18:38,2025-06-27 11:19:08,16750.0,16751.0,GTERI,GTERI,ok,0.599999999999909
14663,1422.1,1422.2,2025-06-27 11:19:08,2025-06-27 11:19:10,16751.0,16752.0,GTERI,GTERI,ok,0.10000000000013642
14665,1422.2,1423.0,2025-06-27 11:19:10,2025-06-27 11:20:22,16752.0,16754.0,GTERI,GTERI,ok,0.7999999999999545
14666,1423.0,1423.0,2025-06-27 11:20:22,2025-06-27 11:20:24,16754.0,16755.0,GTERI,GTERI,ok,0.0
14667,1423.0,1423.4,2025-06-27 11:20:24,2025-06-27 11:21:24,16755.0,16756.0,GTERI,GTERI,ok,0.40000000000009095
14668,1423.4,1423.4,2025-06-27 11:21:24,2025-06-27 11:21:27,16756.0,16757.0,GTERI,GTIGF,ok,0.0
14669,1423.4,1423.4,2025-06-27 11:21:27,2025-06-27 11:21:27,16757.0,16758.0,GTIGF,GTSTT,ok,0.0
14670,1423.4,1423.4,2025-06-27 11:21:27,2025-06-27 11:21:27,16758.0,16759.0,GTSTT,GTERI,ok,0.0
14671,1423.4,1423.4,2025-06-27 11:21:27,2025-06-27 11:21:27,16759.0,16760.0,GTERI,GTIGL,ok,0.0
14673,1423.4,1423.4,2025-06-27 11:21:27,2025-06-27 11:22:31,16760.0,16762.0,GTIGL,GTSTT,ok,0.0
14677,1423.4,1423.4,2025-06-27 11:22:31,2025-06-27 11:29:41,16762.0,16766.0,GTSTT,GTIGN,ok,0.0
14678,1423.4,1423.4,2025-06-27 11:29:41,2025-06-27 11:29:41,16766.0,16767.0,GTIGN,GTSTT,ok,0.0
14679,1423.4,1423.4,2025-06-27 11:29:41,2025-06-27 11:29:47,16767.0,16768.0,GTSTT,GTERI,ok,0.0
14680,1423.4,1423.4,2025-06-27 11:29:47,2025-06-27 11:29:47,16768.0,16769.0,GTERI,GTIGL,ok,0.0
14681,1423.4,1423.4,2025-06-27 11:29:47,2025-06-27 11:29:49,16769.0,16770.0,GTIGL,GTERI,ok,0.0
14682,1423.4,1423.4,2025-06-27 11:29:49,2025-06-27 11:29:52,16770.0,16771.0,GTERI,GTERI,ok,0.0
14684,1423.4,1423.8,2025-06-27 11:29:52,2025-06-27 11:30:57,16771.0,16773.0,GTERI,GTERI,ok,0.3999999999998636
14685,1423.8,1423.8,2025-06-27 11:30:57,2025-06-27 11:30:58,16773.0,16774.0,GTERI,GTERI,ok,0.0
14687,1423.8,1424.7,2025-06-27 11:30:58,2025-06-27 11:32:34,16774.0,16776.0,GTERI,GTERI,ok,0.900000000000091
14688,1424.7,1424.8,2025-06-27 11:32:34,2025-06-27 11:32:48,16776.0,16777.0,GTERI,GTERI,ok,0.09999999999990905
14689,1424.8,1424.9,2025-06-27 11:32:48,2025-06-27 11:32:59,16777.0,16778.0,GTERI,GTIGF,ok,0.10000000000013642
14690,1424.9,1424.9,2025-06-27 11:32:59,2025-06-27 11:32:59,16778.0,16779.0,GTIGF,GTSTT,ok,0.0
14691,1424.9,1424.9,2025-06-27 11:32:59,2025-06-27 11:32:59,16779.0,16780.0,GTSTT,GTERI,ok,0.0
14692,1424.9,1424.9,2025-06-27 11:32:59,2025-06-27 11:32:59,16780.0,16781.0,GTERI,GTIGL,ok,0.0
14693,1424.9,1424.9,2025-06-27 11:32:59,2025-06-27 11:33:41,16781.0,16782.0,GTIGL,GTSTT,ok,0.0
14697,1424.9,1424.9,2025-06-27 11:33:41,2025-06-27 11:38:16,16782.0,16786.0,GTSTT,GTIGN,ok,0.0
14698,1424.9,1424.9,2025-06-27 11:38:16,2025-06-27 11:38:16,16786.0,16787.0,GTIGN,GTSTT,ok,0.0
14699,1424.9,1424.9,2025-06-27 11:38:16,2025-06-27 11:38:24,16787.0,16788.0,GTSTT,GTERI,ok,0.0
14700,1424.9,1424.9,2025-06-27 11:38:24,2025-06-27 11:38:24,16788.0,16789.0,GTERI,GTIGL,ok,0.0
14701,1424.9,1424.9,2025-06-27 11:38:24,2025-06-27 11:39:28,16789.0,16790.0,GTIGL,GTSTT,ok,0.0
14702,1424.9,1424.9,2025-06-27 11:39:28,2025-06-27 11:39:55,16790.0,16791.0,GTSTT,GTSTT,ok,0.0
14703,1424.9,1424.9,2025-06-27 11:39:55,2025-06-27 11:39:58,16791.0,16792.0,GTSTT,GTERI,ok,0.0
14704,1424.9,1424.9,2025-06-27 11:39:58,2025-06-27 11:40:00,16792.0,16793.0,GTERI,GTERI,ok,0.0
14706,1424.9,1424.9,2025-06-27 11:40:00,2025-06-27 11:40:10,16793.0,16795.0,GTERI,GTERI,ok,0.0
14707,1424.9,1424.9,2025-06-27 11:40:10,2025-06-27 11:40:12,16795.0,16796.0,GTERI,GTERI,ok,0.0
14708,1424.9,1425.0,2025-06-27 11:40:12,2025-06-27 11:40:30,16796.0,16797.0,GTERI,GTERI,ok,0.09999999999990905
14709,1425.0,1425.0,2025-06-27 11:40:30,2025-06-27 11:40:32,16797.0,16798.0,GTERI,GTERI,ok,0.0
14710,1425.0,1425.4,2025-06-27 11:40:32,2025-06-27 11:41:25,16798.0,16799.0,GTERI,GTERI,ok,0.40000000000009095
14711,1425.4,1425.8,2025-06-27 11:41:25,2025-06-27 11:42:04,16799.0,16800.0,GTERI,GTERI,ok,0.3999999999998636
14712,1425.8,1425.8,2025-06-27 11:42:04,2025-06-27 11:42:06,16800.0,16801.0,GTERI,GTERI,ok,0.0
14714,1425.8,1425.8,2025-06-27 11:42:06,2025-06-27 11:42:19,16801.0,16803.0,GTERI,GTERI,ok,0.0
14715,1425.8,1425.9,2025-06-27 11:42:19,2025-06-27 11:42:21,16803.0,16804.0,GTERI,GTERI,ok,0.10000000000013642
14716,1425.9,1425.9,2025-06-27 11:42:21,2025-06-27 11:42:31,16804.0,16805.0,GTERI,GTIGF,ok,0.0
14717,1425.9,1425.9,2025-06-27 11:42:31,2025-06-27 11:42:31,16805.0,16806.0,GTIGF,GTSTT,ok,0.0
14718,1425.9,1425.9,2025-06-27 11:42:31,2025-06-27 11:42:31,16806.0,16807.0,GTSTT,GTERI,ok,0.0
14719,1425.9,1425.9,2025-06-27 11:42:31,2025-06-27 11:42:31,16807.0,16808.0,GTERI,GTIGL,ok,0.0
14720,1425.9,1425.9,2025-06-27 11:42:31,2025-06-27 11:43:06,16808.0,16809.0,GTIGL,GTSTT,ok,0.0
14751,1425.9,1425.9,2025-06-27 11:43:06,2025-06-27 12:42:26,16809.0,16840.0,GTSTT,GTERI,ok,0.0
14766,1425.9,1425.9,2025-06-27 12:42:26,2025-06-27 13:11:20,16840.0,16855.0,GTERI,GTSTT,ok,0.0
14767,1425.9,1425.9,2025-06-27 13:11:20,2025-06-27 13:11:47,16855.0,16856.0,GTSTT,GTSTT,ok,0.0
14775,1425.9,1425.9,2025-06-27 13:11:47,2025-06-27 13:24:33,16856.0,16864.0,GTSTT,GTIGN,ok,0.0
14776,1425.9,1425.9,2025-06-27 13:24:33,2025-06-27 13:24:33,16864.0,16865.0,GTIGN,GTSTT,ok,0.0
14777,1425.9,1425.9,2025-06-27 13:24:33,2025-06-27 13:24:40,16865.0,16866.0,GTSTT,GTERI,ok,0.0
14778,1425.9,1425.9,2025-06-27 13:24:40,2025-06-27 13:24:40,16866.0,16867.0,GTERI,GTIGL,ok,0.0
14779,1425.9,1425.9,2025-06-27 13:24:40,2025-06-27 13:24:44,16867.0,16868.0,GTIGL,GTERI,ok,0.0
14780,1425.9,1425.9,2025-06-27 13:24:44,2025-06-27 13:24:48,16868.0,16869.0,GTERI,GTERI,ok,0.0
14781,1425.9,1426.0,2025-06-27 13:24:48,2025-06-27 13:25:01,16869.0,16870.0,GTERI,GTERI,ok,0.09999999999990905
14782,1426.0,1426.0,2025-06-27 13:25:01,2025-06-27 13:25:04,16870.0,16871.0,GTERI,GTERI,ok,0.0
14783,1426.0,1426.0,2025-06-27 13:25:04,2025-06-27 13:25:07,16871.0,16872.0,GTERI,GTERI,ok,0.0
14785,1426.0,1427.1,2025-06-27 13:25:07,2025-06-27 13:27:21,16872.0,16874.0,GTERI,GTERI,ok,1.099999999999909
14786,1427.1,1427.1,2025-06-27 13:27:21,2025-06-27 13:27:22,16874.0,16875.0,GTERI,GTERI,ok,0.0
14787,1427.1,1427.1,2025-06-27 13:27:22,2025-06-27 13:27:24,16875.0,16876.0,GTERI,GTERI,ok,0.0
14788,1427.1,1427.2,2025-06-27 13:27:24,2025-06-27 13:27:42,16876.0,16877.0,GTERI,GTERI,ok,0.10000000000013642
14789,1427.2,1427.2,2025-06-27 13:27:42,2025-06-27 13:27:42,16877.0,16878.0,GTERI,GTERI,ok,0.0
14790,1427.2,1427.2,2025-06-27 13:27:42,2025-06-27 13:27:57,16878.0,16879.0,GTERI,GTERI,ok,0.0
14791,1427.2,1427.2,2025-06-27 13:27:57,2025-06-27 13:27:59,16879.0,16880.0,GTERI,GTERI,ok,0.0
14794,1427.2,1428.6,2025-06-27 13:27:59,2025-06-27 13:30:42,16880.0,16883.0,GTERI,GTERI,ok,1.3999999999998636
14795,1428.6,1428.9,2025-06-27 13:30:42,2025-06-27 13:31:16,16883.0,16884.0,GTERI,GTERI,ok,0.3000000000001819
14796,1428.9,1428.9,2025-06-27 13:31:16,2025-06-27 13:31:31,16884.0,16885.0,GTERI,GTERI,ok,0.0
14797,1428.9,1428.9,2025-06-27 13:31:31,2025-06-27 13:31:33,16885.0,16886.0,GTERI,GTERI,ok,0.0
14798,1428.9,1428.9,2025-06-27 13:31:33,2025-06-27 13:31:35,16886.0,16887.0,GTERI,GTERI,ok,0.0
14799,1428.9,1428.9,2025-06-27 13:31:35,2025-06-27 13:31:38,16887.0,16888.0,GTERI,GTERI,ok,0.0
14801,1428.9,1431.0,2025-06-27 13:31:38,2025-06-27 13:33:42,16888.0,16890.0,GTERI,GTERI,ok,2.099999999999909
14803,1431.0,1432.8,2025-06-27 13:33:42,2025-06-27 13:35:11,16890.0,16892.0,GTERI,GTERI,ok,1.7999999999999545
14804,1432.8,1432.8,2025-06-27 13:35:11,2025-06-27 13:35:12,16892.0,16893.0,GTERI,GTERI,ok,0.0
14805,1432.8,1432.8,2025-06-27 13:35:12,2025-06-27 13:35:14,16893.0,16894.0,GTERI,GTERI,ok,0.0
14806,1432.8,1432.9,2025-06-27 13:35:14,2025-06-27 13:35:23,16894.0,16895.0,GTERI,GTERI,ok,0.10000000000013642
14807,1432.9,1432.9,2025-06-27 13:35:23,2025-06-27 13:35:40,16895.0,16896.0,GTERI,GTERI,ok,0.0
14808,1432.9,1432.9,2025-06-27 13:35:40,2025-06-27 13:35:54,16896.0,16897.0,GTERI,GTERI,ok,0.0
14809,1432.9,1432.9,2025-06-27 13:35:54,2025-06-27 13:35:56,16897.0,16898.0,GTERI,GTERI,ok,0.0
14810,1432.9,1432.9,2025-06-27 13:35:56,2025-06-27 13:35:58,16898.0,16899.0,GTERI,GTERI,ok,0.0
14811,1432.9,1432.9,2025-06-27 13:35:58,2025-06-27 13:36:00,16899.0,16900.0,GTERI,GTERI,ok,0.0
14812,1432.9,1432.9,2025-06-27 13:36:00,2025-06-27 13:36:02,16900.0,16901.0,GTERI,GTERI,ok,0.0
14813,1432.9,1432.9,2025-06-27 13:36:02,2025-06-27 13:36:04,16901.0,16902.0,GTERI,GTERI,ok,0.0
14815,1432.9,1432.9,2025-06-27 13:36:04,2025-06-27 13:36:16,16902.0,16904.0,GTERI,GTERI,ok,0.0
14816,1432.9,1432.9,2025-06-27 13:36:16,2025-06-27 13:36:35,16904.0,16905.0,GTERI,GTIGF,ok,0.0
14817,1432.9,1432.9,2025-06-27 13:36:35,2025-06-27 13:36:35,16905.0,16906.0,GTIGF,GTSTT,ok,0.0
14818,1432.9,1432.9,2025-06-27 13:36:35,2025-06-27 13:36:35,16906.0,16907.0,GTSTT,GTERI,ok,0.0
14819,1432.9,1432.9,2025-06-27 13:36:35,2025-06-27 13:36:36,16907.0,16908.0,GTERI,GTIGL,ok,0.0
14820,1432.9,1432.9,2025-06-27 13:36:36,2025-06-27 13:36:54,16908.0,16909.0,GTIGL,GTIGN,ok,0.0
14821,1432.9,1432.9,2025-06-27 13:36:54,2025-06-27 13:36:54,16909.0,16910.0,GTIGN,GTSTT,ok,0.0
14822,1432.9,1432.9,2025-06-27 13:36:54,2025-06-27 13:36:55,16910.0,16911.0,GTSTT,GTIGL,ok,0.0
14823,1432.9,1432.9,2025-06-27 13:36:55,2025-06-27 13:36:59,16911.0,16912.0,GTIGL,GTERI,ok,0.0
14824,1432.9,1432.9,2025-06-27 13:36:59,2025-06-27 13:37:29,16912.0,16913.0,GTERI,GTSTT,ok,0.0
14825,1432.9,1432.9,2025-06-27 13:37:29,2025-06-27 13:37:55,16913.0,16914.0,GTSTT,GTSTT,ok,0.0
14827,1432.9,1432.9,2025-06-27 13:37:55,2025-06-27 13:38:32,16914.0,16916.0,GTSTT,GTSTT,ok,0.0
14828,1432.9,1432.9,2025-06-27 13:38:32,2025-06-27 13:40:02,16916.0,16917.0,GTSTT,GTERI,ok,0.0
14830,1432.9,1432.9,2025-06-27 13:40:02,2025-06-27 13:41:04,16917.0,16919.0,GTERI,GTSTT,ok,0.0
14831,1432.9,1432.9,2025-06-27 13:41:04,2025-06-27 13:41:04,16919.0,16920.0,GTSTT,GTIGF,ok,0.0
14832,1432.9,1432.9,2025-06-27 13:41:04,2025-06-27 13:41:04,16920.0,16921.0,GTIGF,GTSTT,ok,0.0
14833,1432.9,1432.9,2025-06-27 13:41:04,2025-06-27 13:41:05,16921.0,16922.0,GTSTT,GTERI,ok,0.0
14834,1432.9,1432.9,2025-06-27 13:41:05,2025-06-27 13:41:05,16922.0,16923.0,GTERI,GTIGL,ok,0.0
14835,1432.9,1432.9,2025-06-27 13:41:05,2025-06-27 13:41:41,16923.0,16924.0,GTIGL,GTSTT,ok,0.0
14866,1432.9,1432.9,2025-06-27 13:41:41,2025-06-27 14:41:00,16924.0,16955.0,GTSTT,GTERI,ok,0.0
14897,1432.9,1432.9,2025-06-27 14:41:00,2025-06-27 15:41:00,16955.0,16986.0,GTERI,GTERI,ok,0.0
14925,1432.9,1432.9,2025-06-27 15:41:00,2025-06-27 16:32:57,16986.0,17011.0,GTERI,GTIGN,ok,0.0
14926,1432.9,1432.9,2025-06-27 16:32:57,2025-06-27 16:32:57,17011.0,17012.0,GTIGN,GTSTT,ok,0.0
14928,1432.9,1433.0,2025-06-27 16:32:57,2025-06-27 16:33:26,17012.0,17014.0,GTSTT,GTERI,ok,0.09999999999990905
14929,1433.0,1433.0,2025-06-27 16:33:26,2025-06-27 16:33:26,17014.0,17015.0,GTERI,GTIGL,ok,0.0
14930,1433.0,1433.0,2025-06-27 16:33:26,2025-06-27 16:33:28,17015.0,17016.0,GTIGL,GTERI,ok,0.0
14931,1433.0,1433.1,2025-06-27 16:33:28,2025-06-27 16:33:32,17016.0,17017.0,GTERI,GTERI,ok,0.09999999999990905
14933,1433.1,1435.5,2025-06-27 16:33:32,2025-06-27 16:35:50,17017.0,17019.0,GTERI,GTPDP,ok,2.400000000000091
14934,1435.5,1435.7,2025-06-27 16:35:50,2025-06-27 16:36:06,17019.0,17020.0,GTPDP,GTERI,ok,0.20000000000004547
14935,1435.7,1436.9,2025-06-27 16:36:06,2025-06-27 16:37:21,17020.0,17021.0,GTERI,GTERI,ok,1.2000000000000455
14936,1436.9,1436.9,2025-06-27 16:37:21,2025-06-27 16:37:24,17021.0,17022.0,GTERI,GTERI,ok,0.0
14938,1436.9,1437.8,2025-06-27 16:37:24,2025-06-27 16:38:58,17022.0,17024.0,GTERI,GTERI,ok,0.8999999999998636
14939,1437.8,1437.8,2025-06-27 16:38:58,2025-06-27 16:39:00,17024.0,17025.0,GTERI,GTERI,ok,0.0
14940,1437.8,1437.8,2025-06-27 16:39:00,2025-06-27 16:39:06,17025.0,17026.0,GTERI,GTERI,ok,0.0
14941,1437.8,1438.2,2025-06-27 16:39:06,2025-06-27 16:40:20,17026.0,17027.0,GTERI,GTERI,ok,0.40000000000009095
14942,1438.2,1438.2,2025-06-27 16:40:20,2025-06-27 16:40:21,17027.0,17028.0,GTERI,GTERI,ok,0.0
14943,1438.2,1438.2,2025-06-27 16:40:21,2025-06-27 16:40:32,17028.0,17029.0,GTERI,GTIGF,ok,0.0
14944,1438.2,1438.2,2025-06-27 16:40:32,2025-06-27 16:40:32,17029.0,17030.0,GTIGF,GTSTT,ok,0.0
14945,1438.2,1438.2,2025-06-27 16:40:32,2025-06-27 16:40:32,17030.0,17031.0,GTSTT,GTERI,ok,0.0
14946,1438.2,1438.2,2025-06-27 16:40:32,2025-06-27 16:40:32,17031.0,17032.0,GTERI,GTIGL,ok,0.0
14948,1438.2,1438.2,2025-06-27 16:40:32,2025-06-27 16:41:28,17032.0,17034.0,GTIGL,GTSTT,ok,0.0
14955,1438.2,1438.2,2025-06-27 16:41:28,2025-06-27 16:53:01,17034.0,17041.0,GTSTT,GTSTT,ok,0.0
14956,1438.2,1438.2,2025-06-27 16:53:01,2025-06-27 16:53:01,17041.0,17042.0,GTSTT,GTSTT,ok,0.0
14958,1438.2,1438.2,2025-06-27 16:53:01,2025-06-27 16:56:01,17042.0,17044.0,GTSTT,GTSTT,ok,0.0
14959,1438.2,1438.2,2025-06-27 16:56:01,2025-06-27 16:56:05,17044.0,17045.0,GTSTT,GTSTT,ok,0.0
14982,1438.2,1438.2,2025-06-27 16:56:05,2025-06-27 17:39:50,17045.0,17068.0,GTSTT,GTSTT,ok,0.0
14983,1438.2,1438.2,2025-06-27 17:39:50,2025-06-27 17:40:27,17068.0,17069.0,GTSTT,GTERI,ok,0.0
14984,1438.2,1438.2,2025-06-27 17:40:27,2025-06-27 17:40:47,17069.0,17070.0,GTERI,GTIGN,ok,0.0
14985,1438.2,1438.2,2025-06-27 17:40:47,2025-06-27 17:40:47,17070.0,17071.0,GTIGN,GTSTT,ok,0.0
14987,1438.2,1438.2,2025-06-27 17:40:47,2025-06-27 17:40:54,17071.0,17073.0,GTSTT,GTERI,ok,0.0
14988,1438.2,1438.2,2025-06-27 17:40:54,2025-06-27 17:40:54,17073.0,17074.0,GTERI,GTIGL,ok,0.0
14989,1438.2,1438.2,2025-06-27 17:40:54,2025-06-27 17:41:22,17074.0,17075.0,GTIGL,GTSTT,ok,0.0
14990,1438.2,1438.2,2025-06-27 17:41:22,2025-06-27 17:41:31,17075.0,17076.0,GTSTT,GTSTT,ok,0.0
14991,1438.2,1438.2,2025-06-27 17:41:31,2025-06-27 17:42:45,17076.0,17077.0,GTSTT,GTSTT,ok,0.0
14993,1438.2,1438.2,2025-06-27 17:42:45,2025-06-27 17:43:53,17077.0,17079.0,GTSTT,GTERI,ok,0.0
14994,1438.2,1438.2,2025-06-27 17:43:53,2025-06-27 17:44:26,17079.0,17080.0,GTERI,GTSTT,ok,0.0
14996,1438.2,1438.2,2025-06-27 17:44:26,2025-06-27 17:45:23,17080.0,17082.0,GTSTT,GTSTT,ok,0.0
14997,1438.2,1438.2,2025-06-27 17:45:23,2025-06-27 17:46:53,17082.0,17083.0,GTSTT,GTSTT,ok,0.0
14999,1438.2,1438.2,2025-06-27 17:46:53,2025-06-27 17:46:53,17083.0,17084.0,GTSTT,GTERI,ok,0.0
15001,1438.2,1438.2,2025-06-27 17:46:53,2025-06-27 17:49:53,17084.0,17087.0,GTERI,GTERI,ok,0.0
15003,1438.2,1438.2,2025-06-27 17:49:53,2025-06-27 17:52:24,17087.0,17089.0,GTERI,GTSTT,ok,0.0
15004,1438.2,1438.2,2025-06-27 17:52:24,2025-06-27 17:52:45,17089.0,17090.0,GTSTT,GTSTT,ok,0.0
15005,1438.2,1438.2,2025-06-27 17:52:45,2025-06-27 17:52:53,17090.0,17091.0,GTSTT,GTERI,ok,0.0
15007,1438.2,1438.2,2025-06-27 17:52:53,2025-06-27 17:53:04,17091.0,17093.0,GTERI,GTERI,ok,0.0
15008,1438.2,1438.5,2025-06-27 17:53:04,2025-06-27 17:54:22,17093.0,17094.0,GTERI,GTERI,ok,0.2999999999999545
15009,1438.5,1438.5,2025-06-27 17:54:22,2025-06-27 17:54:24,17094.0,17095.0,GTERI,GTERI,ok,0.0
15011,1438.5,1439.2,2025-06-27 17:54:24,2025-06-27 17:55:53,17095.0,17097.0,GTERI,GTERI,ok,0.7000000000000455
15012,1439.2,1439.5,2025-06-27 17:55:53,2025-06-27 17:56:29,17097.0,17098.0,GTERI,GTERI,ok,0.2999999999999545
15013,1439.5,1439.5,2025-06-27 17:56:29,2025-06-27 17:56:30,17098.0,17099.0,GTERI,GTERI,ok,0.0
15015,1439.5,1440.5,2025-06-27 17:56:30,2025-06-27 17:58:44,17099.0,17101.0,GTERI,GTERI,ok,1.0
15016,1440.5,1440.5,2025-06-27 17:58:44,2025-06-27 17:58:45,17101.0,17102.0,GTERI,GTERI,ok,0.0
15017,1440.5,1440.5,2025-06-27 17:58:45,2025-06-27 17:58:48,17102.0,17103.0,GTERI,GTERI,ok,0.0
15018,1440.5,1440.6,2025-06-27 17:58:48,2025-06-27 17:58:53,17103.0,17104.0,GTERI,GTERI,ok,0.09999999999990905
15020,1440.6,1440.6,2025-06-27 17:58:53,2025-06-27 17:58:55,17104.0,17106.0,GTERI,GTERI,ok,0.0
15021,1440.6,1440.6,2025-06-27 17:58:55,2025-06-27 17:58:56,17106.0,17107.0,GTERI,GTERI,ok,0.0
15022,1440.6,1440.6,2025-06-27 17:58:56,2025-06-27 17:59:07,17107.0,17108.0,GTERI,GTIGF,ok,0.0
15023,1440.6,1440.6,2025-06-27 17:59:07,2025-06-27 17:59:07,17108.0,17109.0,GTIGF,GTSTT,ok,0.0
15024,1440.6,1440.6,2025-06-27 17:59:07,2025-06-27 17:59:08,17109.0,17110.0,GTSTT,GTERI,ok,0.0
15025,1440.6,1440.6,2025-06-27 17:59:08,2025-06-27 17:59:08,17110.0,17111.0,GTERI,GTIGL,ok,0.0
15026,1440.6,1440.6,2025-06-27 17:59:08,2025-06-27 17:59:52,17111.0,17112.0,GTIGL,GTSTT,ok,0.0
15057,1440.6,1440.6,2025-06-27 17:59:52,2025-06-27 18:59:03,17112.0,17143.0,GTSTT,GTERI,ok,0.0
15088,1440.6,1440.6,2025-06-27 18:59:03,2025-06-27 19:59:03,17143.0,17174.0,GTERI,GTERI,ok,0.0
15118,1440.6,1440.6,2025-06-27 19:59:03,2025-06-27 20:59:03,17174.0,17204.0,GTERI,GTERI,ok,0.0
15149,1440.6,1440.6,2025-06-27 20:59:03,2025-06-27 21:59:03,17204.0,17235.0,GTERI,GTERI,ok,0.0
15180,1440.6,1440.6,2025-06-27 21:59:03,2025-06-27 22:59:03,17235.0,17266.0,GTERI,GTERI,ok,0.0
15213,1440.6,1440.6,2025-06-27 22:59:03,2025-06-27 23:59:03,17266.0,17297.0,GTERI,GTERI,ok,0.0
15232,1440.6,1440.6,2025-06-27 23:59:03,2025-06-28 00:33:45,17297.0,17316.0,GTERI,GTPDP,ok,0.0
15245,1440.6,1440.6,2025-06-28 00:33:45,2025-06-28 00:59:03,17316.0,17329.0,GTPDP,GTERI,ok,0.0
15250,1440.6,1440.6,2025-06-28 00:59:03,2025-06-28 01:07:17,17329.0,17334.0,GTERI,GTPDP,ok,0.0
15268,1440.6,1440.6,2025-06-28 01:07:17,2025-06-28 01:40:49,17334.0,17351.0,GTPDP,GTPDP,ok,0.0
15276,1440.6,1440.6,2025-06-28 01:40:49,2025-06-28 01:59:03,17351.0,17359.0,GTPDP,GTERI,ok,0.0
15284,1440.6,1440.6,2025-06-28 01:59:03,2025-06-28 02:13:12,17359.0,17367.0,GTERI,GTPDP,ok,0.0
15307,1440.6,1440.6,2025-06-28 02:13:12,2025-06-28 02:59:03,17367.0,17390.0,GTPDP,GTERI,ok,0.0
15339,1440.6,1440.6,2025-06-28 02:59:03,2025-06-28 03:59:03,17390.0,17421.0,GTERI,GTERI,ok,0.0
15371,1440.6,1440.6,2025-06-28 03:59:03,2025-06-28 04:59:03,17421.0,17452.0,GTERI,GTERI,ok,0.0
15402,1440.6,1440.6,2025-06-28 04:59:03,2025-06-28 05:59:03,17452.0,17483.0,GTERI,GTERI,ok,0.0
15433,1440.6,1440.6,2025-06-28 05:59:03,2025-06-28 06:59:03,17483.0,17514.0,GTERI,GTERI,ok,0.0
15464,1440.6,1440.6,2025-06-28 06:59:03,2025-06-28 07:59:03,17514.0,17545.0,GTERI,GTERI,ok,0.0
15495,1440.6,1440.6,2025-06-28 07:59:03,2025-06-28 08:59:03,17545.0,17576.0,GTERI,GTERI,ok,0.0
15526,1440.6,1440.6,2025-06-28 08:59:03,2025-06-28 09:59:03,17576.0,17607.0,GTERI,GTERI,ok,0.0
15542,1440.6,1440.6,2025-06-28 09:59:03,2025-06-28 10:30:28,17607.0,17623.0,GTERI,GTPDP,ok,0.0
15557,1440.6,1440.6,2025-06-28 10:30:28,2025-06-28 10:57:20,17623.0,17636.0,GTPDP,GTPDP,ok,0.0
15558,1440.6,1440.6,2025-06-28 10:57:20,2025-06-28 10:59:03,17636.0,17637.0,GTPDP,GTERI,ok,0.0
15564,1440.6,1440.6,2025-06-28 10:59:03,2025-06-28 11:08:50,17637.0,17643.0,GTERI,GTPDP,ok,0.0
15567,1440.6,1440.6,2025-06-28 11:08:50,2025-06-28 11:14:21,17643.0,17646.0,GTPDP,GTPDP,ok,0.0
15570,1440.6,1440.6,2025-06-28 11:14:21,2025-06-28 11:19:51,17646.0,17649.0,GTPDP,GTPDP,ok,0.0
15590,1440.6,1440.6,2025-06-28 11:19:51,2025-06-28 11:59:03,17649.0,17669.0,GTPDP,GTERI,ok,0.0
15594,1440.6,1440.6,2025-06-28 11:59:03,2025-06-28 12:05:23,17669.0,17673.0,GTERI,GTPDP,ok,0.0
15596,1440.6,1440.6,2025-06-28 12:05:23,2025-06-28 12:10:13,17673.0,17675.0,GTPDP,GTPDP,ok,0.0
15608,1440.6,1440.6,2025-06-28 12:10:13,2025-06-28 12:33:44,17675.0,17687.0,GTPDP,GTPDP,ok,0.0
15612,1440.6,1440.6,2025-06-28 12:33:44,2025-06-28 12:41:15,17687.0,17691.0,GTPDP,GTPDP,ok,0.0
15614,1440.6,1440.6,2025-06-28 12:41:15,2025-06-28 12:47:56,17691.0,17694.0,GTPDP,GTPDP,ok,0.0
15618,1440.6,1440.6,2025-06-28 12:47:56,2025-06-28 12:55:26,17694.0,17698.0,GTPDP,GTPDP,ok,0.0
15620,1440.6,1440.6,2025-06-28 12:55:26,2025-06-28 12:59:03,17698.0,17700.0,GTPDP,GTERI,ok,0.0
15623,1440.6,1440.6,2025-06-28 12:59:03,2025-06-28 13:00:56,17700.0,17702.0,GTERI,GTPDP,ok,0.0
15626,1440.6,1440.6,2025-06-28 13:00:56,2025-06-28 13:06:27,17702.0,17705.0,GTPDP,GTPDP,ok,0.0
15628,1440.6,1440.6,2025-06-28 13:06:27,2025-06-28 13:09:57,17705.0,17707.0,GTPDP,GTPDP,ok,0.0
15650,1440.6,1440.6,2025-06-28 13:09:57,2025-06-28 13:54:49,17707.0,17729.0,GTPDP,GTPDP,ok,0.0
15652,1440.6,1440.6,2025-06-28 13:54:49,2025-06-28 13:59:03,17729.0,17731.0,GTPDP,GTERI,ok,0.0
15663,1440.6,1440.6,2025-06-28 13:59:03,2025-06-28 14:18:20,17731.0,17742.0,GTERI,GTPDP,ok,0.0
15683,1440.6,1440.6,2025-06-28 14:18:20,2025-06-28 14:59:03,17742.0,17762.0,GTPDP,GTERI,ok,0.0
15706,1440.6,1440.6,2025-06-28 14:59:03,2025-06-28 15:41:55,17762.0,17785.0,GTERI,GTPDP,ok,0.0
15715,1440.6,1440.6,2025-06-28 15:41:55,2025-06-28 15:59:03,17785.0,17794.0,GTPDP,GTERI,ok,0.0
15728,1440.6,1440.6,2025-06-28 15:59:03,2025-06-28 16:23:27,17794.0,17807.0,GTERI,GTPDP,ok,0.0
15746,1440.6,1440.6,2025-06-28 16:23:27,2025-06-28 16:59:03,17807.0,17825.0,GTPDP,GTERI,ok,0.0
15777,1440.6,1440.6,2025-06-28 16:59:03,2025-06-28 17:59:03,17825.0,17856.0,GTERI,GTERI,ok,0.0
15808,1440.6,1440.6,2025-06-28 17:59:03,2025-06-28 18:59:03,17856.0,17887.0,GTERI,GTERI,ok,0.0
15839,1440.6,1440.6,2025-06-28 18:59:03,2025-06-28 19:59:03,17887.0,17918.0,GTERI,GTERI,ok,0.0
15845,1440.6,1440.6,2025-06-28 19:59:03,2025-06-28 20:10:29,17918.0,17924.0,GTERI,GTPDP,ok,0.0
15869,1440.6,1440.6,2025-06-28 20:10:29,2025-06-28 20:59:03,17924.0,17948.0,GTPDP,GTERI,ok,0.0
15900,1440.6,1440.6,2025-06-28 20:59:03,2025-06-28 21:59:03,17948.0,17979.0,GTERI,GTERI,ok,0.0
15931,1440.6,1440.6,2025-06-28 21:59:03,2025-06-28 22:59:03,17979.0,18010.0,GTERI,GTERI,ok,0.0
15962,1440.6,1440.6,2025-06-28 22:59:03,2025-06-28 23:59:03,18010.0,18041.0,GTERI,GTERI,ok,0.0
15993,1440.6,1440.6,2025-06-28 23:59:03,2025-06-29 00:59:03,18041.0,18072.0,GTERI,GTERI,ok,0.0
16020,1440.6,1440.6,2025-06-29 00:59:03,2025-06-29 01:50:17,18072.0,18099.0,GTERI,GTPDP,ok,0.0
16024,1440.6,1440.6,2025-06-29 01:50:17,2025-06-29 01:59:03,18099.0,18103.0,GTPDP,GTERI,ok,0.0
16055,1440.6,1440.6,2025-06-29 01:59:03,2025-06-29 02:59:03,18103.0,18134.0,GTERI,GTERI,ok,0.0
16086,1440.6,1440.6,2025-06-29 02:59:03,2025-06-29 03:59:03,18134.0,18165.0,GTERI,GTERI,ok,0.0
16117,1440.6,1440.6,2025-06-29 03:59:03,2025-06-29 04:59:03,18165.0,18196.0,GTERI,GTERI,ok,0.0
16148,1440.6,1440.6,2025-06-29 04:59:03,2025-06-29 05:59:03,18196.0,18227.0,GTERI,GTERI,ok,0.0
16179,1440.6,1440.6,2025-06-29 05:59:03,2025-06-29 06:59:03,18227.0,18258.0,GTERI,GTERI,ok,0.0
16210,1440.6,1440.6,2025-06-29 06:59:03,2025-06-29 07:59:03,18258.0,18289.0,GTERI,GTERI,ok,0.0
16241,1440.6,1440.6,2025-06-29 07:59:03,2025-06-29 08:59:03,18289.0,18320.0,GTERI,GTERI,ok,0.0
16272,1440.6,1440.6,2025-06-29 08:59:03,2025-06-29 09:59:03,18320.0,18351.0,GTERI,GTERI,ok,0.0
16288,1440.6,1440.6,2025-06-29 09:59:03,2025-06-29 10:28:14,18351.0,18367.0,GTERI,GTPDP,ok,0.0
16303,1440.6,1440.6,2025-06-29 10:28:14,2025-06-29 10:59:03,18367.0,18382.0,GTPDP,GTERI,ok,0.0
16315,1440.6,1440.6,2025-06-29 10:59:03,2025-06-29 11:19:47,18382.0,18394.0,GTERI,GTPDP,ok,0.0
16328,1440.6,1440.6,2025-06-29 11:19:47,2025-06-29 11:45:18,18394.0,18407.0,GTPDP,GTPDP,ok,0.0
16335,1440.6,1440.6,2025-06-29 11:45:18,2025-06-29 11:59:03,18407.0,18414.0,GTPDP,GTERI,ok,0.0
16348,1440.6,1440.6,2025-06-29 11:59:03,2025-06-29 12:24:11,18414.0,18427.0,GTERI,GTPDP,ok,0.0
16366,1440.6,1440.6,2025-06-29 12:24:11,2025-06-29 12:59:03,18427.0,18444.0,GTPDP,GTERI,ok,0.0
16380,1440.6,1440.6,2025-06-29 12:59:03,2025-06-29 13:16:19,18444.0,18454.0,GTERI,GTPDP,ok,0.0
16384,1440.6,1440.6,2025-06-29 13:16:19,2025-06-29 13:21:19,18454.0,18457.0,GTPDP,GTPDP,ok,0.0
16386,1440.6,1440.6,2025-06-29 13:21:19,2025-06-29 13:24:49,18457.0,18459.0,GTPDP,GTPDP,ok,0.0
16403,1440.6,1440.6,2025-06-29 13:24:49,2025-06-29 13:59:03,18459.0,18476.0,GTPDP,GTERI,ok,0.0
16434,1440.6,1440.6,2025-06-29 13:59:03,2025-06-29 14:59:03,18476.0,18507.0,GTERI,GTERI,ok,0.0
16464,1440.6,1440.6,2025-06-29 14:59:03,2025-06-29 15:57:26,18507.0,18537.0,GTERI,GTIGN,ok,0.0
16465,1440.6,1440.6,2025-06-29 15:57:26,2025-06-29 15:57:26,18537.0,18538.0,GTIGN,GTSTT,ok,0.0
16466,1440.6,1440.7,2025-06-29 15:57:26,2025-06-29 15:57:36,18538.0,18539.0,GTSTT,GTERI,ok,0.10000000000013642
16467,1440.7,1440.7,2025-06-29 15:57:36,2025-06-29 15:57:36,18539.0,18540.0,GTERI,GTIGL,ok,0.0
16468,1440.7,1440.7,2025-06-29 15:57:36,2025-06-29 15:57:46,18540.0,18541.0,GTIGL,GTERI,ok,0.0
16469,1440.7,1440.7,2025-06-29 15:57:46,2025-06-29 15:57:48,18541.0,18542.0,GTERI,GTERI,ok,0.0
16470,1440.7,1440.7,2025-06-29 15:57:48,2025-06-29 15:57:50,18542.0,18543.0,GTERI,GTERI,ok,0.0
16472,1440.7,1441.4,2025-06-29 15:57:50,2025-06-29 15:58:58,18543.0,18545.0,GTERI,GTERI,ok,0.7000000000000455
16473,1441.4,1441.4,2025-06-29 15:58:58,2025-06-29 15:59:00,18545.0,18546.0,GTERI,GTERI,ok,0.0
16474,1441.4,1441.5,2025-06-29 15:59:00,2025-06-29 15:59:08,18546.0,18547.0,GTERI,GTERI,ok,0.09999999999990905
16475,1441.5,1441.5,2025-06-29 15:59:08,2025-06-29 15:59:09,18547.0,18548.0,GTERI,GTERI,ok,0.0
16476,1441.5,1441.5,2025-06-29 15:59:09,2025-06-29 15:59:12,18548.0,18549.0,GTERI,GTERI,ok,0.0
16477,1441.5,1441.8,2025-06-29 15:59:12,2025-06-29 15:59:46,18549.0,18550.0,GTERI,GTERI,ok,0.2999999999999545
16478,1441.8,1441.8,2025-06-29 15:59:46,2025-06-29 15:59:47,18550.0,18551.0,GTERI,GTERI,ok,0.0
16480,1441.8,1442.0,2025-06-29 15:59:47,2025-06-29 16:00:08,18551.0,18553.0,GTERI,GTERI,ok,0.20000000000004547
16481,1442.0,1442.1,2025-06-29 16:00:08,2025-06-29 16:00:19,18553.0,18554.0,GTERI,GTIGF,ok,0.09999999999990905
16482,1442.1,1442.1,2025-06-29 16:00:19,2025-06-29 16:00:19,18554.0,18555.0,GTIGF,GTSTT,ok,0.0
16483,1442.1,1442.1,2025-06-29 16:00:19,2025-06-29 16:00:19,18555.0,18556.0,GTSTT,GTERI,ok,0.0
16484,1442.1,1442.1,2025-06-29 16:00:19,2025-06-29 16:00:20,18556.0,18557.0,GTERI,GTIGL,ok,0.0
16485,1442.1,1442.1,2025-06-29 16:00:20,2025-06-29 16:01:01,18557.0,18558.0,GTIGL,GTSTT,ok,0.0
16516,1442.1,1442.1,2025-06-29 16:01:01,2025-06-29 17:00:14,18558.0,18589.0,GTSTT,GTERI,ok,0.0
16547,1442.1,1442.1,2025-06-29 17:00:14,2025-06-29 18:00:14,18589.0,18620.0,GTERI,GTERI,ok,0.0
16551,1442.1,1442.1,2025-06-29 18:00:14,2025-06-29 18:06:51,18620.0,18624.0,GTERI,GTIGN,ok,0.0
16552,1442.1,1442.1,2025-06-29 18:06:51,2025-06-29 18:06:51,18624.0,18625.0,GTIGN,GTSTT,ok,0.0
16553,1442.1,1442.1,2025-06-29 18:06:51,2025-06-29 18:06:59,18625.0,18626.0,GTSTT,GTERI,ok,0.0
16554,1442.1,1442.1,2025-06-29 18:06:59,2025-06-29 18:06:59,18626.0,18627.0,GTERI,GTIGL,ok,0.0
16555,1442.1,1442.1,2025-06-29 18:06:59,2025-06-29 18:07:02,18627.0,18628.0,GTIGL,GTERI,ok,0.0
16556,1442.1,1442.1,2025-06-29 18:07:02,2025-06-29 18:07:06,18628.0,18629.0,GTERI,GTERI,ok,0.0
16557,1442.1,1442.3,2025-06-29 18:07:06,2025-06-29 18:07:38,18629.0,18630.0,GTERI,GTERI,ok,0.20000000000004547
16558,1442.3,1442.3,2025-06-29 18:07:38,2025-06-29 18:07:40,18630.0,18631.0,GTERI,GTERI,ok,0.0
16559,1442.3,1442.4,2025-06-29 18:07:40,2025-06-29 18:07:53,18631.0,18632.0,GTERI,GTERI,ok,0.10000000000013642
16561,1442.4,1442.5,2025-06-29 18:07:53,2025-06-29 18:08:07,18632.0,18634.0,GTERI,GTERI,ok,0.09999999999990905
16562,1442.5,1442.7,2025-06-29 18:08:07,2025-06-29 18:08:44,18634.0,18635.0,GTERI,GTERI,ok,0.20000000000004547
16563,1442.7,1443.3,2025-06-29 18:08:44,2025-06-29 18:10:00,18635.0,18636.0,GTERI,GTERI,ok,0.599999999999909
16565,1443.3,1443.3,2025-06-29 18:10:00,2025-06-29 18:10:06,18636.0,18638.0,GTERI,GTERI,ok,0.0
16566,1443.3,1443.3,2025-06-29 18:10:06,2025-06-29 18:10:08,18638.0,18639.0,GTERI,GTERI,ok,0.0
16567,1443.3,1443.4,2025-06-29 18:10:08,2025-06-29 18:10:19,18639.0,18640.0,GTERI,GTERI,ok,0.10000000000013642
16568,1443.4,1443.4,2025-06-29 18:10:19,2025-06-29 18:10:22,18640.0,18641.0,GTERI,GTERI,ok,0.0
16569,1443.4,1443.4,2025-06-29 18:10:22,2025-06-29 18:10:33,18641.0,18642.0,GTERI,GTIGF,ok,0.0
16570,1443.4,1443.4,2025-06-29 18:10:33,2025-06-29 18:10:33,18642.0,18643.0,GTIGF,GTSTT,ok,0.0
16571,1443.4,1443.4,2025-06-29 18:10:33,2025-06-29 18:10:34,18643.0,18644.0,GTSTT,GTERI,ok,0.0
16572,1443.4,1443.4,2025-06-29 18:10:34,2025-06-29 18:10:34,18644.0,18645.0,GTERI,GTIGL,ok,0.0
16573,1443.4,1443.4,2025-06-29 18:10:34,2025-06-29 18:11:17,18645.0,18646.0,GTIGL,GTSTT,ok,0.0
16604,1443.4,1443.4,2025-06-29 18:11:17,2025-06-29 19:10:29,18646.0,18677.0,GTSTT,GTERI,ok,0.0
16635,1443.4,1443.4,2025-06-29 19:10:29,2025-06-29 20:10:29,18677.0,18708.0,GTERI,GTERI,ok,0.0
16666,1443.4,1443.4,2025-06-29 20:10:29,2025-06-29 21:10:29,18708.0,18739.0,GTERI,GTERI,ok,0.0
16694,1443.4,1443.4,2025-06-29 21:10:29,2025-06-29 22:04:47,18739.0,18767.0,GTERI,GTPDP,ok,0.0
16697,1443.4,1443.4,2025-06-29 22:04:47,2025-06-29 22:10:29,18767.0,18770.0,GTPDP,GTERI,ok,0.0
16711,1443.4,1443.4,2025-06-29 22:10:29,2025-06-29 22:37:07,18770.0,18784.0,GTERI,GTPDP,ok,0.0
16719,1443.4,1443.4,2025-06-29 22:37:07,2025-06-29 22:52:16,18784.0,18792.0,GTPDP,GTPDP,ok,0.0
16728,1443.4,1443.4,2025-06-29 22:52:16,2025-06-29 23:10:29,18792.0,18801.0,GTPDP,GTERI,ok,0.0
16731,1443.4,1443.4,2025-06-29 23:10:29,2025-06-29 23:13:47,18801.0,18804.0,GTERI,GTPDP,ok,0.0
16759,1443.4,1443.4,2025-06-29 23:13:47,2025-06-30 00:10:29,18804.0,18832.0,GTPDP,GTERI,ok,0.0
16774,1443.4,1443.4,2025-06-30 00:10:29,2025-06-30 00:38:42,18832.0,18847.0,GTERI,GTPDP,ok,0.0
16785,1443.4,1443.4,2025-06-30 00:38:42,2025-06-30 01:01:33,18847.0,18858.0,GTPDP,GTPDP,ok,0.0
16789,1443.4,1443.4,2025-06-30 01:01:33,2025-06-30 01:10:29,18858.0,18862.0,GTPDP,GTERI,ok,0.0
16809,1443.4,1443.4,2025-06-30 01:10:29,2025-06-30 01:47:06,18862.0,18882.0,GTERI,GTPDP,ok,0.0
16822,1443.4,1443.4,2025-06-30 01:47:06,2025-06-30 02:10:29,18882.0,18894.0,GTPDP,GTERI,ok,0.0
16821,1443.4,1443.4,2025-06-30 02:10:29,2025-06-30 02:10:37,18894.0,18895.0,GTERI,GTPDP,ok,0.0
16829,1443.4,1443.4,2025-06-30 02:10:37,2025-06-30 02:24:07,18895.0,18902.0,GTPDP,GTPDP,ok,0.0
16835,1443.4,1443.4,2025-06-30 02:24:07,2025-06-30 02:35:38,18902.0,18908.0,GTPDP,GTPDP,ok,0.0
16844,1443.4,1443.4,2025-06-30 02:35:38,2025-06-30 02:53:08,18908.0,18917.0,GTPDP,GTPDP,ok,0.0
16846,1443.4,1443.4,2025-06-30 02:53:08,2025-06-30 02:56:38,18917.0,18919.0,GTPDP,GTPDP,ok,0.0
16849,1443.4,1443.4,2025-06-30 02:56:38,2025-06-30 03:05:00,18919.0,18922.0,GTPDP,GTPDP,ok,0.0
16852,1443.4,1443.4,2025-06-30 03:05:00,2025-06-30 03:10:29,18922.0,18925.0,GTPDP,GTERI,ok,0.0
16856,1443.4,1443.4,2025-06-30 03:10:29,2025-06-30 03:16:31,18925.0,18929.0,GTERI,GTPDP,ok,0.0
16862,1443.4,1443.4,2025-06-30 03:16:31,2025-06-30 03:28:02,18929.0,18935.0,GTPDP,GTPDP,ok,0.0
16864,1443.4,1443.4,2025-06-30 03:28:02,2025-06-30 03:33:12,18935.0,18938.0,GTPDP,GTPDP,ok,0.0
16866,1443.4,1443.4,2025-06-30 03:33:12,2025-06-30 03:38:54,18938.0,18941.0,GTPDP,GTPDP,ok,0.0
16881,1443.4,1443.4,2025-06-30 03:38:54,2025-06-30 04:10:29,18941.0,18956.0,GTPDP,GTERI,ok,0.0
16880,1443.4,1443.4,2025-06-30 04:10:29,2025-06-30 04:11:17,18956.0,18958.0,GTERI,GTPDP,ok,0.0
16884,1443.4,1443.4,2025-06-30 04:11:17,2025-06-30 04:16:47,18958.0,18961.0,GTPDP,GTPDP,ok,0.0
16888,1443.4,1443.4,2025-06-30 04:16:47,2025-06-30 04:25:07,18961.0,18965.0,GTPDP,GTPDP,ok,0.0
16896,1443.4,1443.4,2025-06-30 04:25:07,2025-06-30 04:40:08,18965.0,18973.0,GTPDP,GTPDP,ok,0.0
16898,1443.4,1443.4,2025-06-30 04:40:08,2025-06-30 04:44:28,18973.0,18975.0,GTPDP,GTPDP,ok,0.0
16901,1443.4,1443.4,2025-06-30 04:44:28,2025-06-30 04:49:28,18975.0,18978.0,GTPDP,GTPDP,ok,0.0
16903,1443.4,1443.4,2025-06-30 04:49:28,2025-06-30 04:52:58,18978.0,18980.0,GTPDP,GTPDP,ok,0.0
16906,1443.4,1443.4,2025-06-30 04:52:58,2025-06-30 04:58:28,18980.0,18983.0,GTPDP,GTPDP,ok,0.0
16910,1443.4,1443.4,2025-06-30 04:58:28,2025-06-30 05:08:50,18983.0,18987.0,GTPDP,GTPDP,ok,0.0
16911,1443.4,1443.4,2025-06-30 05:08:50,2025-06-30 05:10:29,18987.0,18988.0,GTPDP,GTERI,ok,0.0
16913,1443.4,1443.4,2025-06-30 05:10:29,2025-06-30 05:12:20,18988.0,18990.0,GTERI,GTPDP,ok,0.0
16919,1443.4,1443.4,2025-06-30 05:12:20,2025-06-30 05:23:50,18990.0,18996.0,GTPDP,GTPDP,ok,0.0
16924,1443.4,1443.4,2025-06-30 05:23:50,2025-06-30 05:33:21,18996.0,19001.0,GTPDP,GTPDP,ok,0.0
16926,1443.4,1443.4,2025-06-30 05:33:21,2025-06-30 05:36:51,19001.0,19003.0,GTPDP,GTPDP,ok,0.0
16930,1443.4,1443.4,2025-06-30 05:36:51,2025-06-30 05:44:21,19003.0,19007.0,GTPDP,GTPDP,ok,0.0
16935,1443.4,1443.4,2025-06-30 05:44:21,2025-06-30 05:53:51,19007.0,19012.0,GTPDP,GTPDP,ok,0.0
16939,1443.4,1443.4,2025-06-30 05:53:51,2025-06-30 06:01:21,19012.0,19016.0,GTPDP,GTPDP,ok,0.0
16944,1443.4,1443.4,2025-06-30 06:01:21,2025-06-30 06:10:29,19016.0,19021.0,GTPDP,GTERI,ok,0.0
16948,1443.4,1443.4,2025-06-30 06:10:29,2025-06-30 06:16:52,19021.0,19025.0,GTERI,GTPDP,ok,0.0
16951,1443.4,1443.4,2025-06-30 06:16:52,2025-06-30 06:22:22,19025.0,19028.0,GTPDP,GTPDP,ok,0.0
16954,1443.4,1443.4,2025-06-30 06:22:22,2025-06-30 06:33:14,19028.0,19033.0,GTPDP,GTPDP,ok,0.0
16957,1443.4,1443.4,2025-06-30 06:33:14,2025-06-30 06:40:55,19033.0,19037.0,GTPDP,GTPDP,ok,0.0
16959,1443.4,1443.4,2025-06-30 06:40:55,2025-06-30 06:44:25,19037.0,19039.0,GTPDP,GTPDP,ok,0.0
16961,1443.4,1443.4,2025-06-30 06:44:25,2025-06-30 06:47:55,19039.0,19041.0,GTPDP,GTPDP,ok,0.0
16963,1443.4,1443.4,2025-06-30 06:47:55,2025-06-30 06:53:37,19041.0,19044.0,GTPDP,GTPDP,ok,0.0
16967,1443.4,1443.4,2025-06-30 06:53:37,2025-06-30 07:01:07,19044.0,19048.0,GTPDP,GTPDP,ok,0.0
16971,1443.4,1443.4,2025-06-30 07:01:07,2025-06-30 07:08:37,19048.0,19052.0,GTPDP,GTPDP,ok,0.0
16972,1443.4,1443.4,2025-06-30 07:08:37,2025-06-30 07:10:29,19052.0,19053.0,GTPDP,GTERI,ok,0.0
16974,1443.4,1443.4,2025-06-30 07:10:29,2025-06-30 07:12:07,19053.0,19055.0,GTERI,GTPDP,ok,0.0
16978,1443.4,1443.4,2025-06-30 07:12:07,2025-06-30 07:19:37,19055.0,19059.0,GTPDP,GTPDP,ok,0.0
16980,1443.4,1443.4,2025-06-30 07:19:37,2025-06-30 07:23:07,19059.0,19061.0,GTPDP,GTPDP,ok,0.0
16984,1443.4,1443.4,2025-06-30 07:23:07,2025-06-30 07:32:40,19061.0,19066.0,GTPDP,GTPDP,ok,0.0
16987,1443.4,1443.4,2025-06-30 07:32:40,2025-06-30 07:37:18,19066.0,19069.0,GTPDP,GTPDP,ok,0.0
16992,1443.4,1443.4,2025-06-30 07:37:18,2025-06-30 07:46:49,19069.0,19074.0,GTPDP,GTPDP,ok,0.0
16995,1443.4,1443.4,2025-06-30 07:46:49,2025-06-30 07:54:29,19074.0,19078.0,GTPDP,GTPDP,ok,0.0
16997,1443.4,1443.4,2025-06-30 07:54:29,2025-06-30 07:59:20,19078.0,19080.0,GTPDP,GTPDP,ok,0.0
17000,1443.4,1443.4,2025-06-30 07:59:20,2025-06-30 08:04:50,19080.0,19083.0,GTPDP,GTPDP,ok,0.0
17001,1443.4,1443.4,2025-06-30 08:04:50,2025-06-30 08:06:08,19083.0,19084.0,GTPDP,GTIGN,ok,0.0
17002,1443.4,1443.4,2025-06-30 08:06:08,2025-06-30 08:06:08,19084.0,19085.0,GTIGN,GTSTT,ok,0.0
17003,1443.4,1443.4,2025-06-30 08:06:08,2025-06-30 08:06:18,19085.0,19086.0,GTSTT,GTERI,ok,0.0
17004,1443.4,1443.4,2025-06-30 08:06:18,2025-06-30 08:06:18,19086.0,19087.0,GTERI,GTIGL,ok,0.0
17005,1443.4,1443.4,2025-06-30 08:06:18,2025-06-30 08:06:42,19087.0,19088.0,GTIGL,GTMPF,ok,0.0
17006,1443.4,1443.4,2025-06-30 08:06:42,2025-06-30 08:07:05,19088.0,19089.0,GTMPF,GTERI,ok,0.0
17007,1443.4,1443.4,2025-06-30 08:07:05,2025-06-30 08:07:07,19089.0,19090.0,GTERI,GTERI,ok,0.0
17008,1443.4,1443.5,2025-06-30 08:07:07,2025-06-30 08:07:20,19090.0,19091.0,GTERI,GTERI,ok,0.09999999999990905
17009,1443.5,1443.5,2025-06-30 08:07:20,2025-06-30 08:07:23,19091.0,19092.0,GTERI,GTERI,ok,0.0
17012,1443.5,1443.5,2025-06-30 08:07:23,2025-06-30 08:07:26,19092.0,19093.0,GTERI,GTERI,ok,0.0
17011,1443.5,1443.8,2025-06-30 08:07:26,2025-06-30 08:07:56,19093.0,19096.0,GTERI,GTPDP,ok,0.2999999999999545
17013,1443.8,1444.5,2025-06-30 08:07:56,2025-06-30 08:09:15,19096.0,19097.0,GTPDP,GTERI,ok,0.7000000000000455
17014,1444.5,1444.6,2025-06-30 08:09:15,2025-06-30 08:09:31,19097.0,19098.0,GTERI,GTERI,ok,0.09999999999990905
17015,1444.6,1444.6,2025-06-30 08:09:31,2025-06-30 08:09:33,19098.0,19099.0,GTERI,GTERI,ok,0.0
17016,1444.6,1444.7,2025-06-30 08:09:33,2025-06-30 08:09:47,19099.0,19100.0,GTERI,GTERI,ok,0.10000000000013642
17017,1444.7,1444.7,2025-06-30 08:09:47,2025-06-30 08:09:48,19100.0,19101.0,GTERI,GTERI,ok,0.0
17018,1444.7,1444.7,2025-06-30 08:09:48,2025-06-30 08:10:13,19101.0,19102.0,GTERI,GTERI,ok,0.0
17020,1444.7,1445.5,2025-06-30 08:10:13,2025-06-30 08:12:15,19102.0,19104.0,GTERI,GTERI,ok,0.7999999999999545
17022,1445.5,1446.4,2025-06-30 08:12:15,2025-06-30 08:13:35,19104.0,19106.0,GTERI,GTERI,ok,0.900000000000091
17023,1446.4,1446.4,2025-06-30 08:13:35,2025-06-30 08:13:44,19106.0,19107.0,GTERI,GTERI,ok,0.0
17024,1446.4,1446.4,2025-06-30 08:13:44,2025-06-30 08:13:46,19107.0,19108.0,GTERI,GTERI,ok,0.0
17025,1446.4,1446.4,2025-06-30 08:13:46,2025-06-30 08:13:48,19108.0,19109.0,GTERI,GTERI,ok,0.0
17027,1446.4,1448.2,2025-06-30 08:13:48,2025-06-30 08:15:15,19109.0,19111.0,GTERI,GTERI,ok,1.7999999999999545
17028,1448.2,1450.3,2025-06-30 08:15:15,2025-06-30 08:16:52,19111.0,19112.0,GTERI,GTERI,ok,2.099999999999909
17029,1450.3,1450.3,2025-06-30 08:16:52,2025-06-30 08:16:54,19112.0,19113.0,GTERI,GTERI,ok,0.0
17030,1450.3,1450.3,2025-06-30 08:16:54,2025-06-30 08:16:56,19113.0,19114.0,GTERI,GTERI,ok,0.0
17032,1450.3,1450.4,2025-06-30 08:16:56,2025-06-30 08:17:00,19114.0,19116.0,GTERI,GTERI,ok,0.10000000000013642
17033,1450.4,1450.4,2025-06-30 08:17:00,2025-06-30 08:17:07,19116.0,19117.0,GTERI,GTERI,ok,0.0
17034,1450.4,1450.4,2025-06-30 08:17:07,2025-06-30 08:17:14,19117.0,19118.0,GTERI,GTERI,ok,0.0
17035,1450.4,1450.5,2025-06-30 08:17:14,2025-06-30 08:17:17,19118.0,19119.0,GTERI,GTERI,ok,0.09999999999990905
17036,1450.5,1450.5,2025-06-30 08:17:17,2025-06-30 08:17:19,19119.0,19120.0,GTERI,GTERI,ok,0.0
17037,1450.5,1450.5,2025-06-30 08:17:19,2025-06-30 08:17:21,19120.0,19121.0,GTERI,GTERI,ok,0.0
17038,1450.5,1450.5,2025-06-30 08:17:21,2025-06-30 08:17:22,19121.0,19122.0,GTERI,GTERI,ok,0.0
17039,1450.5,1450.5,2025-06-30 08:17:22,2025-06-30 08:17:26,19122.0,19123.0,GTERI,GTERI,ok,0.0
17040,1450.5,1450.5,2025-06-30 08:17:26,2025-06-30 08:17:33,19123.0,19124.0,GTERI,GTIGF,ok,0.0
17041,1450.5,1450.5,2025-06-30 08:17:33,2025-06-30 08:17:33,19124.0,19125.0,GTIGF,GTSTT,ok,0.0
17042,1450.5,1450.5,2025-06-30 08:17:33,2025-06-30 08:17:34,19125.0,19126.0,GTSTT,GTERI,ok,0.0
17043,1450.5,1450.5,2025-06-30 08:17:34,2025-06-30 08:17:34,19126.0,19127.0,GTERI,GTIGL,ok,0.0
17044,1450.5,1450.5,2025-06-30 08:17:34,2025-06-30 08:18:27,19127.0,19128.0,GTIGL,GTSTT,ok,0.0
17050,1450.5,1450.5,2025-06-30 08:18:27,2025-06-30 08:27:27,19128.0,19134.0,GTSTT,GTPDP,ok,0.0
17070,1450.5,1450.5,2025-06-30 08:27:27,2025-06-30 09:08:27,19134.0,19154.0,GTPDP,GTIGN,ok,0.0
17071,1450.5,1450.5,2025-06-30 09:08:27,2025-06-30 09:08:27,19154.0,19155.0,GTIGN,GTSTT,ok,0.0
17073,1450.5,1450.5,2025-06-30 09:08:27,2025-06-30 09:08:34,19155.0,19157.0,GTSTT,GTERI,ok,0.0
17074,1450.5,1450.5,2025-06-30 09:08:34,2025-06-30 09:08:34,19157.0,19158.0,GTERI,GTIGL,ok,0.0
17075,1450.5,1450.5,2025-06-30 09:08:34,2025-06-30 09:08:37,19158.0,19159.0,GTIGL,GTERI,ok,0.0
17076,1450.5,1450.5,2025-06-30 09:08:37,2025-06-30 09:08:39,19159.0,19160.0,GTERI,GTERI,ok,0.0
17077,1450.5,1450.5,2025-06-30 09:08:39,2025-06-30 09:08:49,19160.0,19161.0,GTERI,GTERI,ok,0.0
17078,1450.5,1450.6,2025-06-30 09:08:49,2025-06-30 09:08:53,19161.0,19162.0,GTERI,GTERI,ok,0.09999999999990905
17079,1450.6,1450.6,2025-06-30 09:08:53,2025-06-30 09:08:59,19162.0,19163.0,GTERI,GTERI,ok,0.0
17080,1450.6,1450.6,2025-06-30 09:08:59,2025-06-30 09:09:05,19163.0,19164.0,GTERI,GTERI,ok,0.0
17081,1450.6,1450.6,2025-06-30 09:09:05,2025-06-30 09:09:08,19164.0,19165.0,GTERI,GTERI,ok,0.0
17083,1450.6,1453.6,2025-06-30 09:09:08,2025-06-30 09:11:34,19165.0,19167.0,GTERI,GTERI,ok,3.0
17084,1453.6,1454.4,2025-06-30 09:11:34,2025-06-30 09:12:24,19167.0,19168.0,GTERI,GTERI,ok,0.8000000000001819
17085,1454.4,1454.5,2025-06-30 09:12:24,2025-06-30 09:12:27,19168.0,19169.0,GTERI,GTERI,ok,0.09999999999990905
17088,1454.5,1455.8,2025-06-30 09:12:27,2025-06-30 09:14:34,19169.0,19172.0,GTERI,GTERI,ok,1.2999999999999545
17089,1455.8,1456.0,2025-06-30 09:14:34,2025-06-30 09:14:58,19172.0,19173.0,GTERI,GTIGF,ok,0.20000000000004547
17090,1456.0,1456.0,2025-06-30 09:14:58,2025-06-30 09:14:58,19173.0,19174.0,GTIGF,GTSTT,ok,0.0
17091,1456.0,1456.0,2025-06-30 09:14:58,2025-06-30 09:14:58,19174.0,19175.0,GTSTT,GTERI,ok,0.0
17092,1456.0,1456.0,2025-06-30 09:14:58,2025-06-30 09:14:58,19175.0,19176.0,GTERI,GTIGL,ok,0.0
17093,1456.0,1456.0,2025-06-30 09:14:58,2025-06-30 09:15:40,19176.0,19177.0,GTIGL,GTSTT,ok,0.0
17106,1456.0,1456.0,2025-06-30 09:15:40,2025-06-30 09:39:53,19177.0,19190.0,GTSTT,GTIGN,ok,0.0
17107,1456.0,1456.0,2025-06-30 09:39:53,2025-06-30 09:39:53,19190.0,19191.0,GTIGN,GTSTT,ok,0.0
17108,1456.0,1456.0,2025-06-30 09:39:53,2025-06-30 09:40:01,19191.0,19192.0,GTSTT,GTERI,ok,0.0
17109,1456.0,1456.0,2025-06-30 09:40:01,2025-06-30 09:40:01,19192.0,19193.0,GTERI,GTIGL,ok,0.0
17110,1456.0,1456.0,2025-06-30 09:40:01,2025-06-30 09:40:02,19193.0,19194.0,GTIGL,GTERI,ok,0.0
17111,1456.0,1456.0,2025-06-30 09:40:02,2025-06-30 09:40:15,19194.0,19195.0,GTERI,GTERI,ok,0.0
17112,1456.0,1456.0,2025-06-30 09:40:15,2025-06-30 09:40:17,19195.0,19196.0,GTERI,GTERI,ok,0.0
17113,1456.0,1456.0,2025-06-30 09:40:17,2025-06-30 09:40:18,19196.0,19197.0,GTERI,GTERI,ok,0.0
17116,1456.0,1457.6,2025-06-30 09:40:18,2025-06-30 09:42:51,19197.0,19200.0,GTERI,GTERI,ok,1.599999999999909
17117,1457.6,1457.7,2025-06-30 09:42:51,2025-06-30 09:42:59,19200.0,19201.0,GTERI,GTERI,ok,0.10000000000013642
17118,1457.7,1457.7,2025-06-30 09:42:59,2025-06-30 09:43:08,19201.0,19202.0,GTERI,GTERI,ok,0.0
17119,1457.7,1457.7,2025-06-30 09:43:08,2025-06-30 09:43:10,19202.0,19203.0,GTERI,GTERI,ok,0.0
17120,1457.7,1457.7,2025-06-30 09:43:10,2025-06-30 09:43:12,19203.0,19204.0,GTERI,GTERI,ok,0.0
17122,1457.7,1461.7,2025-06-30 09:43:12,2025-06-30 09:45:59,19204.0,19206.0,GTERI,GTERI,ok,4.0
17125,1461.7,1466.2,2025-06-30 09:45:59,2025-06-30 09:48:59,19206.0,19209.0,GTERI,GTERI,ok,4.5
17127,1466.2,1469.5,2025-06-30 09:48:59,2025-06-30 09:51:01,19209.0,19211.0,GTERI,GTPDP,ok,3.2999999999999545
17128,1469.5,1471.1,2025-06-30 09:51:01,2025-06-30 09:51:59,19211.0,19212.0,GTPDP,GTERI,ok,1.599999999999909
17130,1471.1,1474.3,2025-06-30 09:51:59,2025-06-30 09:54:31,19212.0,19214.0,GTERI,GTPDP,ok,3.2000000000000455
17131,1474.3,1475.0,2025-06-30 09:54:31,2025-06-30 09:54:59,19214.0,19215.0,GTPDP,GTERI,ok,0.7000000000000455
17133,1475.0,1479.7,2025-06-30 09:54:59,2025-06-30 09:57:59,19215.0,19217.0,GTERI,GTERI,ok,4.7000000000000455
17135,1479.7,1483.2,2025-06-30 09:57:59,2025-06-30 10:00:01,19217.0,19219.0,GTERI,GTPDP,ok,3.5
17136,1483.2,1484.8,2025-06-30 10:00:01,2025-06-30 10:00:59,19219.0,19220.0,GTPDP,GTERI,ok,1.599999999999909
17138,1484.8,1489.7,2025-06-30 10:00:59,2025-06-30 10:03:59,19220.0,19222.0,GTERI,GTERI,ok,4.900000000000091
17142,1489.7,1494.6,2025-06-30 10:03:59,2025-06-30 10:06:59,19222.0,19224.0,GTERI,GTERI,ok,4.899999999999864
17141,1494.6,1495.4,2025-06-30 10:06:59,2025-06-30 10:07:29,19224.0,19226.0,GTERI,GTPDP,ok,0.8000000000001819
17143,1495.4,1495.8,2025-06-30 10:07:29,2025-06-30 10:10:00,19226.0,19227.0,GTPDP,GTERI,ok,0.3999999999998636
17146,1495.8,1495.8,2025-06-30 10:10:00,2025-06-30 10:13:00,19227.0,19230.0,GTERI,GTERI,ok,0.0
17148,1495.8,1495.8,2025-06-30 10:13:00,2025-06-30 10:14:56,19230.0,19232.0,GTERI,GTSTT,ok,0.0
17149,1495.8,1495.8,2025-06-30 10:14:56,2025-06-30 10:16:00,19232.0,19233.0,GTSTT,GTERI,ok,0.0
17151,1495.8,1495.8,2025-06-30 10:16:00,2025-06-30 10:17:09,19233.0,19235.0,GTERI,GTSTT,ok,0.0
17152,1495.8,1495.8,2025-06-30 10:17:09,2025-06-30 10:17:48,19235.0,19236.0,GTSTT,GTSTT,ok,0.0
17154,1495.8,1495.8,2025-06-30 10:17:48,2025-06-30 10:19:00,19236.0,19238.0,GTSTT,GTERI,ok,0.0
17156,1495.8,1495.8,2025-06-30 10:19:00,2025-06-30 10:20:38,19238.0,19240.0,GTERI,GTSTT,ok,0.0
17157,1495.8,1495.8,2025-06-30 10:20:38,2025-06-30 10:21:13,19240.0,19241.0,GTSTT,GTSTT,ok,0.0
17158,1495.8,1495.8,2025-06-30 10:21:13,2025-06-30 10:22:00,19241.0,19242.0,GTSTT,GTERI,ok,0.0
17160,1495.8,1495.8,2025-06-30 10:22:00,2025-06-30 10:22:51,19242.0,19244.0,GTERI,GTSTT,ok,0.0
17162,1495.8,1499.1,2025-06-30 10:22:51,2025-06-30 10:25:00,19244.0,19246.0,GTSTT,GTERI,ok,3.2999999999999545
17164,1499.1,1503.9,2025-06-30 10:25:00,2025-06-30 10:28:00,19246.0,19248.0,GTERI,GTERI,ok,4.800000000000182
17166,1503.9,1506.0,2025-06-30 10:28:00,2025-06-30 10:29:28,19248.0,19250.0,GTERI,GTERI,ok,2.099999999999909
17167,1506.0,1506.0,2025-06-30 10:29:28,2025-06-30 10:29:37,19250.0,19251.0,GTERI,GTERI,ok,0.0
17168,1506.0,1506.0,2025-06-30 10:29:37,2025-06-30 10:29:40,19251.0,19252.0,GTERI,GTERI,ok,0.0
17170,1506.0,1507.8,2025-06-30 10:29:40,2025-06-30 10:31:00,19252.0,19254.0,GTERI,GTERI,ok,1.7999999999999545
17172,1507.8,1511.4,2025-06-30 10:31:00,2025-06-30 10:33:13,19254.0,19256.0,GTERI,GTERI,ok,3.6000000000001364
17175,1511.4,1512.7,2025-06-30 10:33:13,2025-06-30 10:34:00,19256.0,19257.0,GTERI,GTERI,ok,1.2999999999999545
17174,1512.7,1513.5,2025-06-30 10:34:00,2025-06-30 10:34:30,19257.0,19259.0,GTERI,GTPDP,ok,0.7999999999999545
17176,1513.5,1516.6,2025-06-30 10:34:30,2025-06-30 10:36:26,19259.0,19260.0,GTPDP,GTERI,ok,3.099999999999909
17177,1516.6,1516.8,2025-06-30 10:36:26,2025-06-30 10:36:36,19260.0,19261.0,GTERI,GTERI,ok,0.20000000000004547
17178,1516.8,1517.2,2025-06-30 10:36:36,2025-06-30 10:37:00,19261.0,19262.0,GTERI,GTERI,ok,0.40000000000009095
17180,1517.2,1518.2,2025-06-30 10:37:00,2025-06-30 10:38:35,19262.0,19264.0,GTERI,GTERI,ok,1.0
17181,1518.2,1518.7,2025-06-30 10:38:35,2025-06-30 10:39:25,19264.0,19265.0,GTERI,GTERI,ok,0.5
17183,1518.7,1518.8,2025-06-30 10:39:25,2025-06-30 10:39:31,19265.0,19267.0,GTERI,GTERI,ok,0.09999999999990905
17184,1518.8,1519.0,2025-06-30 10:39:31,2025-06-30 10:39:56,19267.0,19268.0,GTERI,GTERI,ok,0.20000000000004547
17185,1519.0,1519.1,2025-06-30 10:39:56,2025-06-30 10:40:00,19268.0,19269.0,GTERI,GTERI,ok,0.09999999999990905
17186,1519.1,1519.1,2025-06-30 10:40:00,2025-06-30 10:40:08,19269.0,19270.0,GTERI,GTERI,ok,0.0
17187,1519.1,1519.2,2025-06-30 10:40:08,2025-06-30 10:40:28,19270.0,19271.0,GTERI,GTERI,ok,0.10000000000013642
17188,1519.2,1519.2,2025-06-30 10:40:28,2025-06-30 10:40:31,19271.0,19272.0,GTERI,GTERI,ok,0.0
17189,1519.2,1519.4,2025-06-30 10:40:31,2025-06-30 10:40:47,19272.0,19273.0,GTERI,GTERI,ok,0.20000000000004547
17191,1519.4,1521.2,2025-06-30 10:40:47,2025-06-30 10:43:00,19273.0,19275.0,GTERI,GTERI,ok,1.7999999999999545
17192,1521.2,1521.3,2025-06-30 10:43:00,2025-06-30 10:43:07,19275.0,19276.0,GTERI,GTERI,ok,0.09999999999990905
17194,1521.3,1522.5,2025-06-30 10:43:07,2025-06-30 10:43:54,19276.0,19278.0,GTERI,GTERI,ok,1.2000000000000455
17196,1522.5,1523.7,2025-06-30 10:43:54,2025-06-30 10:46:01,19278.0,19280.0,GTERI,GTERI,ok,1.2000000000000455
17198,1523.7,1527.0,2025-06-30 10:46:01,2025-06-30 10:48:16,19280.0,19282.0,GTERI,GTERI,ok,3.2999999999999545
17200,1527.0,1528.3,2025-06-30 10:48:16,2025-06-30 10:49:00,19282.0,19283.0,GTERI,GTERI,ok,1.2999999999999545
17201,1528.3,1533.0,2025-06-30 10:49:00,2025-06-30 10:52:00,19283.0,19287.0,GTERI,GTERI,ok,4.7000000000000455
17202,1533.0,1533.0,2025-06-30 10:52:00,2025-06-30 10:52:00,19287.0,19287.0,GTERI,GTERI,ok,0.0
17205,1533.0,1534.6,2025-06-30 10:52:00,2025-06-30 10:53:07,19287.0,19289.0,GTERI,GTERI,ok,1.599999999999909
17206,1534.6,1534.6,2025-06-30 10:53:07,2025-06-30 10:53:09,19289.0,19290.0,GTERI,GTERI,ok,0.0
17204,1534.6,1534.8,2025-06-30 10:53:09,2025-06-30 10:53:22,19290.0,19291.0,GTERI,GTPDP,ok,0.20000000000004547
17207,1534.8,1537.6,2025-06-30 10:53:22,2025-06-30 10:55:00,19291.0,19292.0,GTPDP,GTERI,ok,2.7999999999999545
17210,1537.6,1542.3,2025-06-30 10:55:00,2025-06-30 10:58:00,19292.0,19295.0,GTERI,GTERI,ok,4.7000000000000455
17211,1542.3,1546.2,2025-06-30 10:58:00,2025-06-30 11:00:28,19295.0,19296.0,GTERI,GTERI,ok,3.900000000000091
17212,1546.2,1547.0,2025-06-30 11:00:28,2025-06-30 11:01:00,19296.0,19297.0,GTERI,GTERI,ok,0.7999999999999545
17213,1547.0,1547.2,2025-06-30 11:01:00,2025-06-30 11:01:07,19297.0,19298.0,GTERI,GTERI,ok,0.20000000000004547
17209,1547.2,1547.8,2025-06-30 11:01:07,2025-06-30 11:01:33,19298.0,19299.0,GTERI,GTPDP,ok,0.599999999999909
17214,1547.8,1548.2,2025-06-30 11:01:33,2025-06-30 11:01:47,19299.0,19300.0,GTPDP,GTERI,ok,0.40000000000009095
17215,1548.2,1548.6,2025-06-30 11:01:47,2025-06-30 11:02:02,19300.0,19301.0,GTERI,GTERI,ok,0.3999999999998636
17217,1548.6,1549.6,2025-06-30 11:02:02,2025-06-30 11:02:41,19301.0,19302.0,GTERI,GTPDP,ok,1.0
17218,1549.6,1550.0,2025-06-30 11:02:41,2025-06-30 11:02:55,19302.0,19303.0,GTPDP,GTERI,ok,0.40000000000009095
17219,1550.0,1550.7,2025-06-30 11:02:55,2025-06-30 11:03:19,19303.0,19304.0,GTERI,GTERI,ok,0.7000000000000455
17220,1550.7,1551.8,2025-06-30 11:03:19,2025-06-30 11:04:00,19304.0,19305.0,GTERI,GTERI,ok,1.099999999999909
17221,1551.8,1553.5,2025-06-30 11:04:00,2025-06-30 11:05:04,19305.0,19307.0,GTERI,GTERI,ok,1.7000000000000455
17222,1553.5,1554.1,2025-06-30 11:05:04,2025-06-30 11:05:27,19307.0,19308.0,GTERI,GTERI,ok,0.599999999999909
17224,1554.1,1555.6,2025-06-30 11:05:27,2025-06-30 11:06:20,19308.0,19310.0,GTERI,GTERI,ok,1.5
17225,1555.6,1556.5,2025-06-30 11:06:20,2025-06-30 11:06:53,19310.0,19311.0,GTERI,GTERI,ok,0.900000000000091
17226,1556.5,1556.7,2025-06-30 11:06:53,2025-06-30 11:07:00,19311.0,19312.0,GTERI,GTERI,ok,0.20000000000004547
17227,1556.7,1558.0,2025-06-30 11:07:00,2025-06-30 11:07:48,19312.0,19313.0,GTERI,GTERI,ok,1.2999999999999545
17231,1558.0,1559.9,2025-06-30 11:07:48,2025-06-30 11:09:03,19313.0,19315.0,GTERI,GTERI,ok,1.900000000000091
17230,1559.9,1560.5,2025-06-30 11:09:03,2025-06-30 11:09:24,19315.0,19316.0,GTERI,GTPDP,ok,0.599999999999909
17232,1560.5,1561.2,2025-06-30 11:09:24,2025-06-30 11:09:51,19316.0,19317.0,GTPDP,GTERI,ok,0.7000000000000455
17233,1561.2,1561.5,2025-06-30 11:09:51,2025-06-30 11:10:01,19317.0,19319.0,GTERI,GTERI,ok,0.2999999999999545
17237,1561.5,1564.7,2025-06-30 11:10:01,2025-06-30 11:12:10,19319.0,19321.0,GTERI,GTERI,ok,3.2000000000000455
17236,1564.7,1565.2,2025-06-30 11:12:10,2025-06-30 11:12:28,19321.0,19322.0,GTERI,GTPDP,ok,0.5
17238,1565.2,1566.1,2025-06-30 11:12:28,2025-06-30 11:13:01,19322.0,19323.0,GTPDP,GTERI,ok,0.8999999999998636
17239,1566.1,1567.3,2025-06-30 11:13:01,2025-06-30 11:13:45,19323.0,19324.0,GTERI,GTERI,ok,1.2000000000000455
17241,1567.3,1569.0,2025-06-30 11:13:45,2025-06-30 11:14:49,19324.0,19327.0,GTERI,GTERI,ok,1.7000000000000455
17242,1569.0,1570.9,2025-06-30 11:14:49,2025-06-30 11:16:00,19327.0,19329.0,GTERI,GTERI,ok,1.900000000000091
17243,1570.9,1571.0,2025-06-30 11:16:00,2025-06-30 11:16:02,19329.0,19331.0,GTERI,GTERI,ok,0.09999999999990905
17244,1571.0,1575.2,2025-06-30 11:16:02,2025-06-30 11:18:38,19331.0,19332.0,GTERI,GTERI,ok,4.2000000000000455
17245,1575.2,1575.9,2025-06-30 11:18:38,2025-06-30 11:19:02,19332.0,19333.0,GTERI,GTERI,ok,0.7000000000000455
17246,1575.9,1576.1,2025-06-30 11:19:02,2025-06-30 11:19:10,19333.0,19334.0,GTERI,GTERI,ok,0.1999999999998181
17249,1576.1,1580.3,2025-06-30 11:19:10,2025-06-30 11:22:02,19334.0,19337.0,GTERI,GTERI,ok,4.2000000000000455
17250,1580.3,1582.0,2025-06-30 11:22:02,2025-06-30 11:23:22,19337.0,19338.0,GTERI,GTERI,ok,1.7000000000000455
17251,1582.0,1582.0,2025-06-30 11:23:22,2025-06-30 11:23:24,19338.0,19339.0,GTERI,GTERI,ok,0.0
17252,1582.0,1582.0,2025-06-30 11:23:24,2025-06-30 11:23:26,19339.0,19340.0,GTERI,GTERI,ok,0.0
17254,1582.0,1582.5,2025-06-30 11:23:26,2025-06-30 11:24:15,19340.0,19342.0,GTERI,GTERI,ok,0.5
17255,1582.5,1582.5,2025-06-30 11:24:15,2025-06-30 11:24:18,19342.0,19343.0,GTERI,GTERI,ok,0.0
17256,1582.5,1582.5,2025-06-30 11:24:18,2025-06-30 11:24:20,19343.0,19344.0,GTERI,GTERI,ok,0.0
17257,1582.5,1582.5,2025-06-30 11:24:20,2025-06-30 11:24:25,19344.0,19345.0,GTERI,GTERI,ok,0.0
17258,1582.5,1582.5,2025-06-30 11:24:25,2025-06-30 11:24:26,19345.0,19346.0,GTERI,GTERI,ok,0.0
17259,1582.5,1582.5,2025-06-30 11:24:26,2025-06-30 11:24:31,19346.0,19347.0,GTERI,GTERI,ok,0.0
17260,1582.5,1582.5,2025-06-30 11:24:31,2025-06-30 11:24:43,19347.0,19348.0,GTERI,GTIGF,ok,0.0
17261,1582.5,1582.5,2025-06-30 11:24:43,2025-06-30 11:24:43,19348.0,19349.0,GTIGF,GTSTT,ok,0.0
17262,1582.5,1582.5,2025-06-30 11:24:43,2025-06-30 11:24:44,19349.0,19350.0,GTSTT,GTERI,ok,0.0
17263,1582.5,1582.5,2025-06-30 11:24:44,2025-06-30 11:24:45,19350.0,19351.0,GTERI,GTIGL,ok,0.0
17264,1582.5,1582.5,2025-06-30 11:24:45,2025-06-30 11:25:22,19351.0,19352.0,GTIGL,GTSTT,ok,0.0
17287,1582.5,1582.5,2025-06-30 11:25:22,2025-06-30 12:08:34,19352.0,19375.0,GTSTT,GTIGN,ok,0.0
17288,1582.5,1582.5,2025-06-30 12:08:34,2025-06-30 12:08:34,19375.0,19376.0,GTIGN,GTSTT,ok,0.0
17289,1582.5,1582.5,2025-06-30 12:08:34,2025-06-30 12:08:42,19376.0,19377.0,GTSTT,GTERI,ok,0.0
17290,1582.5,1582.5,2025-06-30 12:08:42,2025-06-30 12:08:42,19377.0,19378.0,GTERI,GTIGL,ok,0.0
17291,1582.5,1582.5,2025-06-30 12:08:42,2025-06-30 12:08:49,19378.0,19379.0,GTIGL,GTERI,ok,0.0
17292,1582.5,1582.5,2025-06-30 12:08:49,2025-06-30 12:08:51,19379.0,19380.0,GTERI,GTERI,ok,0.0
17293,1582.5,1582.5,2025-06-30 12:08:51,2025-06-30 12:08:53,19380.0,19381.0,GTERI,GTERI,ok,0.0
17294,1582.5,1582.6,2025-06-30 12:08:53,2025-06-30 12:09:14,19381.0,19382.0,GTERI,GTERI,ok,0.09999999999990905
17295,1582.6,1582.6,2025-06-30 12:09:14,2025-06-30 12:09:20,19382.0,19383.0,GTERI,GTERI,ok,0.0
17296,1582.6,1582.6,2025-06-30 12:09:20,2025-06-30 12:09:31,19383.0,19384.0,GTERI,GTIGF,ok,0.0
17297,1582.6,1582.6,2025-06-30 12:09:31,2025-06-30 12:09:31,19384.0,19385.0,GTIGF,GTSTT,ok,0.0
17298,1582.6,1582.6,2025-06-30 12:09:31,2025-06-30 12:09:32,19385.0,19386.0,GTSTT,GTERI,ok,0.0
17299,1582.6,1582.6,2025-06-30 12:09:32,2025-06-30 12:09:32,19386.0,19387.0,GTERI,GTIGL,ok,0.0
17301,1582.6,1582.6,2025-06-30 12:09:32,2025-06-30 12:10:13,19387.0,19389.0,GTIGL,GTSTT,ok,0.0
17302,1582.6,1582.6,2025-06-30 12:10:13,2025-06-30 12:10:25,19389.0,19390.0,GTSTT,GTPFR,ok,0.0
17305,1582.6,1582.6,2025-06-30 12:10:25,2019-12-31 21:00:07,19390.0,19391.0,GTPFR,GTPNR,ok,0.0
17306,1582.6,1582.6,2019-12-31 21:00:07,2019-12-31 21:00:32,19391.0,19394.0,GTPNR,GTSTT,ok,0.0
17307,1582.6,1582.6,2019-12-31 21:00:32,2019-12-31 21:00:33,19394.0,19395.0,GTSTT,GTMPN,ok,0.0
17308,1582.6,1582.6,2019-12-31 21:00:33,2025-07-03 08:07:26,19395.0,19396.0,GTMPN,GTRTL,ok,0.0
17309,1582.6,1582.6,2025-07-03 08:07:26,2025-07-03 08:07:26,19396.0,19397.0,GTRTL,GTERI,ok,0.0
17310,1582.6,1582.6,2025-07-03 08:07:26,2025-07-03 08:07:32,19397.0,19398.0,GTERI,GTSTT,ok,0.0
17340,1582.6,1582.6,2025-07-03 08:07:32,2025-07-03 09:07:15,19398.0,19428.0,GTSTT,GTERI,ok,0.0
17362,1582.6,1582.6,2025-07-03 09:07:15,2025-07-03 09:48:23,19428.0,19450.0,GTERI,GTPDP,ok,0.0
17371,1582.6,1582.6,2025-07-03 09:48:23,2025-07-03 10:07:15,19450.0,19459.0,GTPDP,GTERI,ok,0.0
17402,1582.6,1582.6,2025-07-03 10:07:15,2025-07-03 11:07:15,19459.0,19490.0,GTERI,GTERI,ok,0.0
17431,1582.6,1582.6,2025-07-03 11:07:15,2025-07-03 12:02:53,19490.0,19519.0,GTERI,GTSTT,ok,0.0
17432,1582.6,1582.6,2025-07-03 12:02:53,2025-07-03 12:02:54,19519.0,19520.0,GTSTT,GTIGN,ok,0.0
17433,1582.6,1582.6,2025-07-03 12:02:54,2025-07-03 12:02:54,19520.0,19521.0,GTIGN,GTSTT,ok,0.0
17434,1582.6,1582.7,2025-07-03 12:02:54,2025-07-03 12:03:02,19521.0,19522.0,GTSTT,GTERI,ok,0.10000000000013642
17435,1582.7,1582.7,2025-07-03 12:03:02,2025-07-03 12:03:02,19522.0,19523.0,GTERI,GTIGL,ok,0.0
17436,1582.7,1582.7,2025-07-03 12:03:02,2025-07-03 12:03:20,19523.0,19524.0,GTIGL,GTERI,ok,0.0
17437,1582.7,1582.7,2025-07-03 12:03:20,2025-07-03 12:03:24,19524.0,19525.0,GTERI,GTERI,ok,0.0
17438,1582.7,1582.7,2025-07-03 12:03:24,2025-07-03 12:03:26,19525.0,19526.0,GTERI,GTERI,ok,0.0
17440,1582.7,1582.8,2025-07-03 12:03:26,2025-07-03 12:03:39,19526.0,19528.0,GTERI,GTERI,ok,0.09999999999990905
17441,1582.8,1582.8,2025-07-03 12:03:39,2025-07-03 12:03:43,19528.0,19529.0,GTERI,GTERI,ok,0.0
17442,1582.8,1582.8,2025-07-03 12:03:43,2025-07-03 12:03:50,19529.0,19530.0,GTERI,GTERI,ok,0.0
17443,1582.8,1582.9,2025-07-03 12:03:50,2025-07-03 12:03:54,19530.0,19531.0,GTERI,GTERI,ok,0.10000000000013642
17445,1582.9,1585.5,2025-07-03 12:03:54,2025-07-03 12:05:54,19531.0,19533.0,GTERI,GTBTC,ok,2.599999999999909
17446,1585.5,1585.7,2025-07-03 12:05:54,2025-07-03 12:06:01,19533.0,19534.0,GTBTC,GTERI,ok,0.20000000000004547
17447,1585.7,1586.7,2025-07-03 12:06:01,2025-07-03 12:06:48,19534.0,19535.0,GTERI,GTERI,ok,1.0
17448,1586.7,1586.7,2025-07-03 12:06:48,2025-07-03 12:06:50,19535.0,19536.0,GTERI,GTERI,ok,0.0
17450,1586.7,1587.9,2025-07-03 12:06:50,2025-07-03 12:09:00,19536.0,19538.0,GTERI,GTERI,ok,1.2000000000000455
17452,1587.9,1588.5,2025-07-03 12:09:00,2025-07-03 12:11:01,19538.0,19540.0,GTERI,GTERI,ok,0.599999999999909
17453,1588.5,1588.5,2025-07-03 12:11:01,2025-07-03 12:11:03,19540.0,19541.0,GTERI,GTERI,ok,0.0
17455,1588.5,1589.0,2025-07-03 12:11:03,2025-07-03 12:12:00,19541.0,19543.0,GTERI,GTERI,ok,0.5
17456,1589.0,1589.6,2025-07-03 12:12:00,2025-07-03 12:13:15,19543.0,19544.0,GTERI,GTERI,ok,0.599999999999909
17457,1589.6,1589.7,2025-07-03 12:13:15,2025-07-03 12:13:17,19544.0,19545.0,GTERI,GTERI,ok,0.10000000000013642
17458,1589.7,1589.7,2025-07-03 12:13:17,2025-07-03 12:13:22,19545.0,19546.0,GTERI,GTERI,ok,0.0
17460,1589.7,1589.7,2025-07-03 12:13:22,2025-07-03 12:13:30,19546.0,19548.0,GTERI,GTERI,ok,0.0
17461,1589.7,1589.7,2025-07-03 12:13:30,2025-07-03 12:13:38,19548.0,19549.0,GTERI,GTIGF,ok,0.0
17462,1589.7,1589.7,2025-07-03 12:13:38,2025-07-03 12:13:38,19549.0,19550.0,GTIGF,GTSTT,ok,0.0
17463,1589.7,1589.7,2025-07-03 12:13:38,2025-07-03 12:13:38,19550.0,19551.0,GTSTT,GTERI,ok,0.0
17464,1589.7,1589.7,2025-07-03 12:13:38,2025-07-03 12:13:39,19551.0,19552.0,GTERI,GTIGL,ok,0.0
17465,1589.7,1589.7,2025-07-03 12:13:39,2025-07-03 12:13:39,19552.0,19553.0,GTIGL,GTSTC,ok,0.0
17466,1589.7,1589.7,2025-07-03 12:13:39,2025-07-03 12:14:22,19553.0,19554.0,GTSTC,GTSTT,ok,0.0
17497,1589.7,1589.7,2025-07-03 12:14:22,2025-07-03 13:13:33,19554.0,19585.0,GTSTT,GTERI,ok,0.0
17499,1589.7,1589.7,2025-07-03 13:13:33,2025-07-03 13:16:45,19585.0,19587.0,GTERI,GTIGN,ok,0.0
17500,1589.7,1589.7,2025-07-03 13:16:45,2025-07-03 13:16:45,19587.0,19588.0,GTIGN,GTSTT,ok,0.0
17501,1589.7,1589.7,2025-07-03 13:16:45,2025-07-03 13:16:52,19588.0,19589.0,GTSTT,GTERI,ok,0.0
17502,1589.7,1589.7,2025-07-03 13:16:52,2025-07-03 13:16:52,19589.0,19590.0,GTERI,GTIGL,ok,0.0
17503,1589.7,1589.8,2025-07-03 13:16:52,2025-07-03 13:17:00,19590.0,19591.0,GTIGL,GTERI,ok,0.09999999999990905
17504,1589.8,1589.8,2025-07-03 13:17:00,2025-07-03 13:17:01,19591.0,19592.0,GTERI,GTERI,ok,0.0
17505,1589.8,1589.9,2025-07-03 13:17:01,2025-07-03 13:17:17,19592.0,19593.0,GTERI,GTERI,ok,0.10000000000013642
17506,1589.9,1589.9,2025-07-03 13:17:17,2025-07-03 13:17:20,19593.0,19594.0,GTERI,GTERI,ok,0.0
17508,1589.9,1590.9,2025-07-03 13:17:20,2025-07-03 13:18:33,19594.0,19596.0,GTERI,GTERI,ok,1.0
17509,1590.9,1590.9,2025-07-03 13:18:33,2025-07-03 13:18:35,19596.0,19597.0,GTERI,GTERI,ok,0.0
17510,1590.9,1590.9,2025-07-03 13:18:35,2025-07-03 13:18:44,19597.0,19598.0,GTERI,GTERI,ok,0.0
17511,1590.9,1590.9,2025-07-03 13:18:44,2025-07-03 13:18:45,19598.0,19599.0,GTERI,GTERI,ok,0.0
17512,1590.9,1591.0,2025-07-03 13:18:45,2025-07-03 13:18:58,19599.0,19600.0,GTERI,GTERI,ok,0.09999999999990905
17514,1591.0,1591.5,2025-07-03 13:18:58,2025-07-03 13:19:45,19600.0,19602.0,GTERI,GTBTC,ok,0.5
17515,1591.5,1591.6,2025-07-03 13:19:45,2025-07-03 13:19:54,19602.0,19603.0,GTBTC,GTERI,ok,0.09999999999990905
17516,1591.6,1592.7,2025-07-03 13:19:54,2025-07-03 13:21:25,19603.0,19604.0,GTERI,GTERI,ok,1.1000000000001364
17517,1592.7,1592.7,2025-07-03 13:21:25,2025-07-03 13:21:32,19604.0,19605.0,GTERI,GTERI,ok,0.0
17519,1592.7,1592.7,2025-07-03 13:21:32,2025-07-03 13:21:34,19605.0,19607.0,GTERI,GTERI,ok,0.0
17520,1592.7,1592.7,2025-07-03 13:21:34,2025-07-03 13:21:36,19607.0,19608.0,GTERI,GTERI,ok,0.0
17521,1592.7,1594.3,2025-07-03 13:21:36,2025-07-03 13:22:54,19608.0,19609.0,GTERI,GTERI,ok,1.599999999999909
17523,1594.3,1596.6,2025-07-03 13:22:54,2025-07-03 13:24:33,19609.0,19611.0,GTERI,GTERI,ok,2.2999999999999545
17524,1596.6,1596.6,2025-07-03 13:24:33,2025-07-03 13:24:35,19611.0,19612.0,GTERI,GTERI,ok,0.0
17525,1596.6,1596.6,2025-07-03 13:24:35,2025-07-03 13:24:38,19612.0,19613.0,GTERI,GTERI,ok,0.0
17526,1596.6,1596.6,2025-07-03 13:24:38,2025-07-03 13:24:41,19613.0,19614.0,GTERI,GTERI,ok,0.0
17527,1596.6,1596.7,2025-07-03 13:24:41,2025-07-03 13:24:53,19614.0,19615.0,GTERI,GTERI,ok,0.10000000000013642
17528,1596.7,1596.7,2025-07-03 13:24:53,2025-07-03 13:24:55,19615.0,19616.0,GTERI,GTERI,ok,0.0
17529,1596.7,1596.7,2025-07-03 13:24:55,2025-07-03 13:24:55,19616.0,19616.0,GTERI,GTERI,ok,0.0
17530,1596.7,1596.7,2025-07-03 13:24:55,2025-07-03 13:24:56,19616.0,19617.0,GTERI,GTERI,ok,0.0
17531,1596.7,1596.7,2025-07-03 13:24:56,2025-07-03 13:24:57,19617.0,19618.0,GTERI,GTERI,ok,0.0
17532,1596.7,1596.7,2025-07-03 13:24:57,2025-07-03 13:24:58,19618.0,19619.0,GTERI,GTERI,ok,0.0
17533,1596.7,1596.7,2025-07-03 13:24:58,2025-07-03 13:25:02,19619.0,19620.0,GTERI,GTERI,ok,0.0
17535,1596.7,1596.7,2025-07-03 13:25:02,2025-07-03 13:25:04,19620.0,19621.0,GTERI,GTERI,ok,0.0
17536,1596.7,1596.7,2025-07-03 13:25:04,2025-07-03 13:25:09,19621.0,19622.0,GTERI,GTIGF,ok,0.0
17537,1596.7,1596.7,2025-07-03 13:25:09,2025-07-03 13:25:09,19622.0,19623.0,GTIGF,GTSTT,ok,0.0
17538,1596.7,1596.7,2025-07-03 13:25:09,2025-07-03 13:25:09,19623.0,19624.0,GTSTT,GTERI,ok,0.0
17539,1596.7,1596.7,2025-07-03 13:25:09,2025-07-03 13:25:10,19624.0,19625.0,GTERI,GTSTC,ok,0.0
17540,1596.7,1596.7,2025-07-03 13:25:10,2025-07-03 13:25:10,19625.0,19626.0,GTSTC,GTIGL,ok,0.0
17541,1596.7,1596.7,2025-07-03 13:25:10,2025-07-03 13:25:53,19626.0,19628.0,GTIGL,GTSTT,ok,0.0
17549,1596.7,1596.7,2025-07-03 13:25:53,2025-07-03 13:40:04,19628.0,19636.0,GTSTT,GTPDP,ok,0.0
17571,1596.7,1596.7,2025-07-03 13:40:04,2025-07-03 14:25:04,19636.0,19658.0,GTPDP,GTERI,ok,0.0
17584,1596.7,1596.7,2025-07-03 14:25:04,2025-07-03 14:48:08,19658.0,19671.0,GTERI,GTIGN,ok,0.0
17585,1596.7,1596.7,2025-07-03 14:48:08,2025-07-03 14:48:08,19671.0,19672.0,GTIGN,GTSTT,ok,0.0
17586,1596.7,1596.7,2025-07-03 14:48:08,2025-07-03 14:48:16,19672.0,19673.0,GTSTT,GTERI,ok,0.0
17587,1596.7,1596.7,2025-07-03 14:48:16,2025-07-03 14:48:16,19673.0,19674.0,GTERI,GTIGL,ok,0.0
17588,1596.7,1596.7,2025-07-03 14:48:16,2025-07-03 14:48:18,19674.0,19675.0,GTIGL,GTERI,ok,0.0
17589,1596.7,1596.8,2025-07-03 14:48:18,2025-07-03 14:48:26,19675.0,19676.0,GTERI,GTERI,ok,0.09999999999990905
17590,1596.8,1596.8,2025-07-03 14:48:26,2025-07-03 14:48:29,19676.0,19677.0,GTERI,GTERI,ok,0.0
17591,1596.8,1596.8,2025-07-03 14:48:29,2025-07-03 14:48:36,19677.0,19678.0,GTERI,GTERI,ok,0.0
17592,1596.8,1596.8,2025-07-03 14:48:36,2025-07-03 14:48:38,19678.0,19679.0,GTERI,GTERI,ok,0.0
17596,1596.8,1600.4,2025-07-03 14:48:38,2025-07-03 14:51:09,19679.0,19682.0,GTERI,GTBTC,ok,3.6000000000001364
17597,1600.4,1600.5,2025-07-03 14:51:09,2025-07-03 14:51:15,19682.0,19683.0,GTBTC,GTERI,ok,0.09999999999990905
17598,1600.5,1600.7,2025-07-03 14:51:15,2025-07-03 14:51:25,19683.0,19684.0,GTERI,GTERI,ok,0.20000000000004547
17599,1600.7,1600.7,2025-07-03 14:51:25,2025-07-03 14:51:27,19684.0,19685.0,GTERI,GTERI,ok,0.0
17595,1600.7,1600.9,2025-07-03 14:51:27,2025-07-03 14:51:38,19685.0,19686.0,GTERI,GTPDP,ok,0.20000000000004547
17600,1600.9,1602.3,2025-07-03 14:51:38,2025-07-03 14:54:15,19686.0,19687.0,GTPDP,GTERI,ok,1.3999999999998636
17602,1602.3,1602.4,2025-07-03 14:54:15,2025-07-03 14:55:06,19687.0,19689.0,GTERI,GTERI,ok,0.10000000000013642
17603,1602.4,1602.5,2025-07-03 14:55:06,2025-07-03 14:55:07,19689.0,19690.0,GTERI,GTERI,ok,0.09999999999990905
17604,1602.5,1602.7,2025-07-03 14:55:07,2025-07-03 14:55:37,19690.0,19691.0,GTERI,GTERI,ok,0.20000000000004547
17605,1602.7,1602.7,2025-07-03 14:55:37,2025-07-03 14:55:38,19691.0,19692.0,GTERI,GTERI,ok,0.0
17606,1602.7,1602.7,2025-07-03 14:55:38,2025-07-03 14:55:39,19692.0,19693.0,GTERI,GTERI,ok,0.0
17607,1602.7,1602.7,2025-07-03 14:55:39,2025-07-03 14:55:46,19693.0,19694.0,GTERI,GTIGF,ok,0.0
17608,1602.7,1602.7,2025-07-03 14:55:46,2025-07-03 14:55:46,19694.0,19695.0,GTIGF,GTSTT,ok,0.0
17609,1602.7,1602.7,2025-07-03 14:55:46,2025-07-03 14:55:46,19695.0,19696.0,GTSTT,GTERI,ok,0.0
17610,1602.7,1602.7,2025-07-03 14:55:46,2025-07-03 14:55:47,19696.0,19697.0,GTERI,GTSTC,ok,0.0
17611,1602.7,1602.7,2025-07-03 14:55:47,2025-07-03 14:55:47,19697.0,19698.0,GTSTC,GTIGL,ok,0.0
17613,1602.7,1602.7,2025-07-03 14:55:47,2025-07-03 14:56:52,19698.0,19700.0,GTIGL,GTSTT,ok,0.0
17634,1602.7,1602.7,2025-07-03 14:56:52,2025-07-03 15:37:31,19700.0,19721.0,GTSTT,GTIGN,ok,0.0
17635,1602.7,1602.7,2025-07-03 15:37:31,2025-07-03 15:37:31,19721.0,19722.0,GTIGN,GTSTT,ok,0.0
17636,1602.7,1602.7,2025-07-03 15:37:31,2025-07-03 15:37:38,19722.0,19723.0,GTSTT,GTERI,ok,0.0
17637,1602.7,1602.7,2025-07-03 15:37:38,2025-07-03 15:37:38,19723.0,19724.0,GTERI,GTIGL,ok,0.0
17638,1602.7,1602.7,2025-07-03 15:37:38,2025-07-03 15:37:56,19724.0,19725.0,GTIGL,GTERI,ok,0.0
17639,1602.7,1602.7,2025-07-03 15:37:56,2025-07-03 15:37:58,19725.0,19726.0,GTERI,GTERI,ok,0.0
17640,1602.7,1602.7,2025-07-03 15:37:58,2025-07-03 15:38:00,19726.0,19727.0,GTERI,GTERI,ok,0.0
17641,1602.7,1602.7,2025-07-03 15:38:00,2025-07-03 15:38:02,19727.0,19728.0,GTERI,GTERI,ok,0.0
17642,1602.7,1602.8,2025-07-03 15:38:02,2025-07-03 15:38:18,19728.0,19729.0,GTERI,GTERI,ok,0.09999999999990905
17643,1602.8,1602.8,2025-07-03 15:38:18,2025-07-03 15:38:21,19729.0,19730.0,GTERI,GTERI,ok,0.0
17645,1602.8,1603.1,2025-07-03 15:38:21,2025-07-03 15:39:06,19730.0,19732.0,GTERI,GTERI,ok,0.2999999999999545
17646,1603.1,1603.1,2025-07-03 15:39:06,2025-07-03 15:39:09,19732.0,19733.0,GTERI,GTERI,ok,0.0
17647,1603.1,1603.1,2025-07-03 15:39:09,2025-07-03 15:39:09,19733.0,19733.0,GTERI,GTERI,ok,0.0
17648,1603.1,1603.4,2025-07-03 15:39:09,2025-07-03 15:39:51,19733.0,19734.0,GTERI,GTIGF,ok,0.3000000000001819
17649,1603.4,1603.4,2025-07-03 15:39:51,2025-07-03 15:39:51,19734.0,19735.0,GTIGF,GTSTT,ok,0.0
17650,1603.4,1603.4,2025-07-03 15:39:51,2025-07-03 15:39:51,19735.0,19736.0,GTSTT,GTERI,ok,0.0
17651,1603.4,1603.4,2025-07-03 15:39:51,2025-07-03 15:39:51,19736.0,19737.0,GTERI,GTIGL,ok,0.0
17652,1603.4,1603.4,2025-07-03 15:39:51,2025-07-03 15:40:30,19737.0,19738.0,GTIGL,GTSTT,ok,0.0
17657,1603.4,1603.4,2025-07-03 15:40:30,2025-07-03 15:48:03,19738.0,19743.0,GTSTT,GTIGN,ok,0.0
17658,1603.4,1603.4,2025-07-03 15:48:03,2025-07-03 15:48:03,19743.0,19744.0,GTIGN,GTSTT,ok,0.0
17659,1603.4,1603.4,2025-07-03 15:48:03,2025-07-03 15:48:10,19744.0,19745.0,GTSTT,GTERI,ok,0.0
17660,1603.4,1603.4,2025-07-03 15:48:10,2025-07-03 15:48:10,19745.0,19746.0,GTERI,GTIGL,ok,0.0
17663,1603.4,1604.3,2025-07-03 15:48:10,2025-07-03 15:51:05,19746.0,19749.0,GTIGL,GTBTC,ok,0.8999999999998636
17664,1604.3,1604.4,2025-07-03 15:51:05,2025-07-03 15:51:12,19749.0,19750.0,GTBTC,GTERI,ok,0.10000000000013642
17665,1604.4,1604.7,2025-07-03 15:51:12,2025-07-03 15:51:44,19750.0,19751.0,GTERI,GTERI,ok,0.2999999999999545
17666,1604.7,1604.7,2025-07-03 15:51:44,2025-07-03 15:51:51,19751.0,19752.0,GTERI,GTERI,ok,0.0
17667,1604.7,1604.7,2025-07-03 15:51:51,2025-07-03 15:51:53,19752.0,19753.0,GTERI,GTERI,ok,0.0
17668,1604.7,1604.8,2025-07-03 15:51:53,2025-07-03 15:51:55,19753.0,19754.0,GTERI,GTERI,ok,0.09999999999990905
17670,1604.8,1606.2,2025-07-03 15:51:55,2025-07-03 15:54:12,19754.0,19756.0,GTERI,GTERI,ok,1.400000000000091
17673,1606.2,1606.9,2025-07-03 15:54:12,2025-07-03 15:57:12,19756.0,19759.0,GTERI,GTERI,ok,0.7000000000000455
17675,1606.9,1608.6,2025-07-03 15:57:12,2025-07-03 15:59:31,19759.0,19761.0,GTERI,GTERI,ok,1.699999999999818
17676,1608.6,1608.6,2025-07-03 15:59:31,2025-07-03 15:59:34,19761.0,19762.0,GTERI,GTERI,ok,0.0
17677,1608.6,1608.6,2025-07-03 15:59:34,2025-07-03 15:59:37,19762.0,19763.0,GTERI,GTERI,ok,0.0
17678,1608.6,1608.7,2025-07-03 15:59:37,2025-07-03 15:59:42,19763.0,19764.0,GTERI,GTERI,ok,0.10000000000013642
17679,1608.7,1608.7,2025-07-03 15:59:42,2025-07-03 15:59:45,19764.0,19765.0,GTERI,GTERI,ok,0.0
17680,1608.7,1608.7,2025-07-03 15:59:45,2025-07-03 15:59:59,19765.0,19766.0,GTERI,GTERI,ok,0.0
17683,1608.7,1608.7,2025-07-03 15:59:59,2025-07-03 16:00:03,19766.0,19767.0,GTERI,GTERI,ok,0.0
17684,1608.7,1608.7,2025-07-03 16:00:03,2025-07-03 16:00:04,19767.0,19768.0,GTERI,GTERI,ok,0.0
17685,1608.7,1608.7,2025-07-03 16:00:04,2025-07-03 16:00:06,19768.0,19769.0,GTERI,GTERI,ok,0.0
17686,1608.7,1608.7,2025-07-03 16:00:06,2025-07-03 16:00:10,19769.0,19770.0,GTERI,GTERI,ok,0.0
17687,1608.7,1608.7,2025-07-03 16:00:10,2025-07-03 16:00:12,19770.0,19771.0,GTERI,GTERI,ok,0.0
17682,1608.7,1608.7,2025-07-03 16:00:12,2025-07-03 16:02:31,19771.0,19774.0,GTERI,GTPDP,ok,0.0
17688,1608.7,1608.7,2025-07-03 16:02:31,2025-07-03 16:02:50,19774.0,19775.0,GTPDP,GTIGF,ok,0.0
17689,1608.7,1608.7,2025-07-03 16:02:50,2025-07-03 16:02:50,19775.0,19776.0,GTIGF,GTSTT,ok,0.0
17690,1608.7,1608.7,2025-07-03 16:02:50,2025-07-03 16:02:50,19776.0,19777.0,GTSTT,GTERI,ok,0.0
17691,1608.7,1608.7,2025-07-03 16:02:50,2025-07-03 16:02:50,19777.0,19778.0,GTERI,GTIGL,ok,0.0
17692,1608.7,1608.7,2025-07-03 16:02:50,2025-07-03 16:02:51,19778.0,19779.0,GTIGL,GTSTC,ok,0.0
17693,1608.7,1608.7,2025-07-03 16:02:51,2025-07-03 16:03:33,19779.0,19780.0,GTSTC,GTSTT,ok,0.0
17694,1608.7,1608.7,2025-07-03 16:03:33,2025-07-03 16:04:34,19780.0,19781.0,GTSTT,GTSTT,ok,0.0
17696,1608.7,1608.7,2025-07-03 16:04:34,2025-07-03 16:06:48,19781.0,19783.0,GTSTT,GTSTT,ok,0.0
17709,1608.7,1608.7,2025-07-03 16:06:48,2025-07-03 16:27:47,19783.0,19795.0,GTSTT,GTPDP,ok,0.0
17726,1608.7,1608.7,2025-07-03 16:27:47,2025-07-03 17:02:45,19795.0,19812.0,GTPDP,GTERI,ok,0.0
17728,1608.7,1608.7,2025-07-03 17:02:45,2025-07-03 17:03:53,19812.0,19814.0,GTERI,GTIGN,ok,0.0
17729,1608.7,1608.7,2025-07-03 17:03:53,2025-07-03 17:03:53,19814.0,19815.0,GTIGN,GTSTT,ok,0.0
17730,1608.7,1608.7,2025-07-03 17:03:53,2025-07-03 17:04:01,19815.0,19816.0,GTSTT,GTERI,ok,0.0
17731,1608.7,1608.7,2025-07-03 17:04:01,2025-07-03 17:04:01,19816.0,19817.0,GTERI,GTIGL,ok,0.0
17732,1608.7,1608.7,2025-07-03 17:04:01,2025-07-03 17:04:03,19817.0,19818.0,GTIGL,GTERI,ok,0.0
17733,1608.7,1608.8,2025-07-03 17:04:03,2025-07-03 17:04:05,19818.0,19819.0,GTERI,GTERI,ok,0.09999999999990905
17734,1608.8,1608.8,2025-07-03 17:04:05,2025-07-03 17:04:09,19819.0,19820.0,GTERI,GTERI,ok,0.0
17735,1608.8,1608.8,2025-07-03 17:04:09,2025-07-03 17:04:14,19820.0,19821.0,GTERI,GTERI,ok,0.0
17736,1608.8,1608.8,2025-07-03 17:04:14,2025-07-03 17:04:17,19821.0,19822.0,GTERI,GTERI,ok,0.0
17737,1608.8,1608.9,2025-07-03 17:04:17,2025-07-03 17:04:25,19822.0,19823.0,GTERI,GTERI,ok,0.10000000000013642
17738,1608.9,1608.9,2025-07-03 17:04:25,2025-07-03 17:04:28,19823.0,19824.0,GTERI,GTERI,ok,0.0
17740,1608.9,1610.7,2025-07-03 17:04:28,2025-07-03 17:05:55,19824.0,19826.0,GTERI,GTERI,ok,1.7999999999999545
17742,1610.7,1611.6,2025-07-03 17:05:55,2025-07-03 17:06:55,19826.0,19828.0,GTERI,GTBTC,ok,0.8999999999998636
17743,1611.6,1611.7,2025-07-03 17:06:55,2025-07-03 17:07:01,19828.0,19829.0,GTBTC,GTERI,ok,0.10000000000013642
17744,1611.7,1612.7,2025-07-03 17:07:01,2025-07-03 17:08:00,19829.0,19830.0,GTERI,GTERI,ok,1.0
17745,1612.7,1612.8,2025-07-03 17:08:00,2025-07-03 17:08:03,19830.0,19831.0,GTERI,GTERI,ok,0.09999999999990905
17747,1612.8,1613.9,2025-07-03 17:08:03,2025-07-03 17:10:01,19831.0,19833.0,GTERI,GTERI,ok,1.1000000000001364
17749,1613.9,1614.7,2025-07-03 17:10:01,2025-07-03 17:12:19,19833.0,19835.0,GTERI,GTERI,ok,0.7999999999999545
17750,1614.7,1614.7,2025-07-03 17:12:19,2025-07-03 17:12:21,19835.0,19836.0,GTERI,GTERI,ok,0.0
17751,1614.7,1614.9,2025-07-03 17:12:21,2025-07-03 17:12:35,19836.0,19837.0,GTERI,GTERI,ok,0.20000000000004547
17752,1614.9,1614.9,2025-07-03 17:12:35,2025-07-03 17:12:42,19837.0,19838.0,GTERI,GTIGF,ok,0.0
17753,1614.9,1614.9,2025-07-03 17:12:42,2025-07-03 17:12:42,19838.0,19839.0,GTIGF,GTSTT,ok,0.0
17754,1614.9,1614.9,2025-07-03 17:12:42,2025-07-03 17:12:42,19839.0,19840.0,GTSTT,GTERI,ok,0.0
17755,1614.9,1614.9,2025-07-03 17:12:42,2025-07-03 17:12:42,19840.0,19841.0,GTERI,GTIGL,ok,0.0
17756,1614.9,1614.9,2025-07-03 17:12:42,2025-07-03 17:12:43,19841.0,19842.0,GTIGL,GTSTC,ok,0.0
17758,1614.9,1614.9,2025-07-03 17:12:43,2025-07-03 17:13:23,19842.0,19844.0,GTSTC,GTSTT,ok,0.0
17760,1614.9,1614.9,2025-07-03 17:13:23,2025-07-03 17:14:53,19844.0,19846.0,GTSTT,GTIGN,ok,0.0
17761,1614.9,1614.9,2025-07-03 17:14:53,2025-07-03 17:14:53,19846.0,19847.0,GTIGN,GTSTT,ok,0.0
17762,1614.9,1614.9,2025-07-03 17:14:53,2025-07-03 17:14:53,19847.0,19848.0,GTSTT,GTIGL,ok,0.0
17763,1614.9,1614.9,2025-07-03 17:14:53,2025-07-03 17:14:57,19848.0,19849.0,GTIGL,GTERI,ok,0.0
17764,1614.9,1614.9,2025-07-03 17:14:57,2025-07-03 17:14:59,19849.0,19850.0,GTERI,GTERI,ok,0.0
17765,1614.9,1614.9,2025-07-03 17:14:59,2025-07-03 17:15:02,19850.0,19851.0,GTERI,GTERI,ok,0.0
17766,1614.9,1614.9,2025-07-03 17:15:02,2025-07-03 17:15:03,19851.0,19852.0,GTERI,GTERI,ok,0.0
17767,1614.9,1614.9,2025-07-03 17:15:03,2025-07-03 17:15:06,19852.0,19853.0,GTERI,GTERI,ok,0.0
17768,1614.9,1615.2,2025-07-03 17:15:06,2025-07-03 17:15:56,19853.0,19854.0,GTERI,GTERI,ok,0.2999999999999545
17769,1615.2,1615.2,2025-07-03 17:15:56,2025-07-03 17:15:58,19854.0,19855.0,GTERI,GTERI,ok,0.0
17771,1615.2,1616.1,2025-07-03 17:15:58,2025-07-03 17:17:33,19855.0,19857.0,GTERI,GTERI,ok,0.8999999999998636
17772,1616.1,1616.2,2025-07-03 17:17:33,2025-07-03 17:17:53,19857.0,19858.0,GTERI,GTBTC,ok,0.10000000000013642
17773,1616.2,1616.2,2025-07-03 17:17:53,2025-07-03 17:17:53,19858.0,19859.0,GTBTC,GTERI,ok,0.0
17774,1616.2,1616.2,2025-07-03 17:17:53,2025-07-03 17:17:58,19859.0,19860.0,GTERI,GTERI,ok,0.0
17775,1616.2,1616.2,2025-07-03 17:17:58,2025-07-03 17:18:09,19860.0,19861.0,GTERI,GTERI,ok,0.0
17776,1616.2,1616.2,2025-07-03 17:18:09,2025-07-03 17:18:12,19861.0,19862.0,GTERI,GTERI,ok,0.0
17777,1616.2,1616.2,2025-07-03 17:18:12,2025-07-03 17:18:26,19862.0,19863.0,GTERI,GTIGF,ok,0.0
17778,1616.2,1616.2,2025-07-03 17:18:26,2025-07-03 17:18:26,19863.0,19864.0,GTIGF,GTSTT,ok,0.0
17779,1616.2,1616.2,2025-07-03 17:18:26,2025-07-03 17:18:27,19864.0,19865.0,GTSTT,GTSTC,ok,0.0
17780,1616.2,1616.2,2025-07-03 17:18:27,2025-07-03 17:18:27,19865.0,19866.0,GTSTC,GTERI,ok,0.0
17781,1616.2,1616.2,2025-07-03 17:18:27,2025-07-03 17:18:27,19866.0,19867.0,GTERI,GTIGL,ok,0.0
17783,1616.2,1616.2,2025-07-03 17:18:27,2025-07-03 17:19:11,19867.0,19869.0,GTIGL,GTSTT,ok,0.0
17784,1616.2,1616.2,2025-07-03 17:19:11,2025-07-03 17:20:44,19869.0,19870.0,GTSTT,GTSTT,ok,0.0
17787,1616.2,1616.2,2025-07-03 17:20:44,2025-07-03 17:23:14,19870.0,19873.0,GTSTT,GTSTT,ok,0.0
17788,1616.2,1616.2,2025-07-03 17:23:14,2025-07-03 17:24:44,19873.0,19874.0,GTSTT,GTSTT,ok,0.0
17790,1616.2,1616.2,2025-07-03 17:24:44,2025-07-03 17:24:51,19874.0,19876.0,GTSTT,GTSTT,ok,0.0
17792,1616.2,1616.2,2025-07-03 17:24:51,2025-07-03 17:27:13,19876.0,19878.0,GTSTT,GTSTT,ok,0.0
17793,1616.2,1616.2,2025-07-03 17:27:13,2025-07-03 17:27:59,19878.0,19879.0,GTSTT,GTSTT,ok,0.0
17795,1616.2,1616.2,2025-07-03 17:27:59,2025-07-03 17:29:42,19879.0,19881.0,GTSTT,GTIGN,ok,0.0
17796,1616.2,1616.2,2025-07-03 17:29:42,2025-07-03 17:29:42,19881.0,19882.0,GTIGN,GTSTT,ok,0.0
17797,1616.2,1616.2,2025-07-03 17:29:42,2025-07-03 17:29:51,19882.0,19883.0,GTSTT,GTERI,ok,0.0
17798,1616.2,1616.2,2025-07-03 17:29:51,2025-07-03 17:29:51,19883.0,19884.0,GTERI,GTIGL,ok,0.0
17799,1616.2,1616.2,2025-07-03 17:29:51,2025-07-03 17:29:55,19884.0,19885.0,GTIGL,GTERI,ok,0.0
17800,1616.2,1616.2,2025-07-03 17:29:55,2025-07-03 17:29:57,19885.0,19886.0,GTERI,GTERI,ok,0.0
17801,1616.2,1616.3,2025-07-03 17:29:57,2025-07-03 17:30:11,19886.0,19887.0,GTERI,GTERI,ok,0.09999999999990905
17802,1616.3,1616.3,2025-07-03 17:30:11,2025-07-03 17:30:12,19887.0,19888.0,GTERI,GTERI,ok,0.0
17803,1616.3,1616.4,2025-07-03 17:30:12,2025-07-03 17:30:20,19888.0,19889.0,GTERI,GTERI,ok,0.10000000000013642
17804,1616.4,1616.4,2025-07-03 17:30:20,2025-07-03 17:30:22,19889.0,19890.0,GTERI,GTERI,ok,0.0
17805,1616.4,1616.4,2025-07-03 17:30:22,2025-07-03 17:30:29,19890.0,19891.0,GTERI,GTERI,ok,0.0
17806,1616.4,1616.4,2025-07-03 17:30:29,2025-07-03 17:30:30,19891.0,19892.0,GTERI,GTERI,ok,0.0
17807,1616.4,1616.5,2025-07-03 17:30:30,2025-07-03 17:30:39,19892.0,19893.0,GTERI,GTIGF,ok,0.09999999999990905
17808,1616.5,1616.5,2025-07-03 17:30:39,2025-07-03 17:30:39,19893.0,19894.0,GTIGF,GTSTT,ok,0.0
17809,1616.5,1616.5,2025-07-03 17:30:39,2025-07-03 17:30:40,19894.0,19895.0,GTSTT,GTERI,ok,0.0
17810,1616.5,1616.5,2025-07-03 17:30:40,2025-07-03 17:30:40,19895.0,19896.0,GTERI,GTIGL,ok,0.0
17812,1616.5,1616.5,2025-07-03 17:30:40,2025-07-03 17:31:23,19896.0,19898.0,GTIGL,GTSTT,ok,0.0
17842,1616.5,1616.5,2025-07-03 17:31:23,2025-07-03 18:30:34,19898.0,19928.0,GTSTT,GTERI,ok,0.0
17873,1616.5,1616.5,2025-07-03 18:30:34,2025-07-03 19:30:34,19928.0,19959.0,GTERI,GTERI,ok,0.0
17904,1616.5,1616.5,2025-07-03 19:30:34,2025-07-03 20:30:34,19959.0,19990.0,GTERI,GTERI,ok,0.0
17908,1616.5,1616.5,2025-07-03 20:30:34,2025-07-03 20:36:51,19990.0,19994.0,GTERI,GTPDP,ok,0.0
17917,1616.5,1616.5,2025-07-03 20:36:51,2025-07-03 20:55:42,19994.0,20003.0,GTPDP,GTPDP,ok,0.0
17934,1616.5,1616.5,2025-07-03 20:55:42,2025-07-03 21:30:34,20003.0,20020.0,GTPDP,GTERI,ok,0.0
17945,1616.5,1616.5,2025-07-03 21:30:34,2025-07-03 21:49:15,20020.0,20031.0,GTERI,GTPDP,ok,0.0
17960,1616.5,1616.5,2025-07-03 21:49:15,2025-07-03 22:18:46,20031.0,20046.0,GTPDP,GTPDP,ok,0.0
17963,1616.5,1616.5,2025-07-03 22:18:46,2025-07-03 22:24:16,20046.0,20049.0,GTPDP,GTPDP,ok,0.0
17966,1616.5,1616.5,2025-07-03 22:24:16,2025-07-03 22:27:46,20049.0,20051.0,GTPDP,GTPDP,ok,0.0
17967,1616.5,1616.5,2025-07-03 22:27:46,2025-07-03 22:30:34,20051.0,20052.0,GTPDP,GTERI,ok,0.0
17973,1616.5,1616.5,2025-07-03 22:30:34,2025-07-03 22:40:37,20052.0,20058.0,GTERI,GTPDP,ok,0.0
17981,1616.5,1616.5,2025-07-03 22:40:37,2025-07-03 22:56:08,20058.0,20066.0,GTPDP,GTPDP,ok,0.0
17998,1616.5,1616.5,2025-07-03 22:56:08,2025-07-03 23:30:34,20066.0,20083.0,GTPDP,GTERI,ok,0.0
18010,1616.5,1616.5,2025-07-03 23:30:34,2025-07-03 23:51:41,20083.0,20095.0,GTERI,GTPDP,ok,0.0
18018,1616.5,1616.5,2025-07-03 23:51:41,2025-07-04 00:07:11,20095.0,20103.0,GTPDP,GTPDP,ok,0.0
18030,1616.5,1616.5,2025-07-04 00:07:11,2025-07-04 00:30:34,20103.0,20115.0,GTPDP,GTERI,ok,0.0
18031,1616.5,1616.5,2025-07-04 00:30:34,2025-07-04 00:37:18,20115.0,20119.0,GTERI,GTPDP,ok,0.0
18035,1616.5,1616.5,2025-07-04 00:37:18,2025-07-04 00:49:04,20119.0,20125.0,GTPDP,GTPDP,ok,0.0
18039,1616.5,1616.5,2025-07-04 00:49:04,2025-07-04 00:54:38,20125.0,20128.0,GTPDP,GTPDP,ok,0.0
18048,1616.5,1616.5,2025-07-04 00:54:38,2025-07-04 01:12:08,20128.0,20137.0,GTPDP,GTPDP,ok,0.0
18051,1616.5,1616.5,2025-07-04 01:12:08,2025-07-04 01:17:38,20137.0,20140.0,GTPDP,GTPDP,ok,0.0
18057,1616.5,1616.5,2025-07-04 01:17:38,2025-07-04 01:30:34,20140.0,20146.0,GTPDP,GTERI,ok,0.0
18073,1616.5,1616.5,2025-07-04 01:30:34,2025-07-04 01:59:10,20146.0,20162.0,GTERI,GTPDP,ok,0.0
18076,1616.5,1616.5,2025-07-04 01:59:10,2025-07-04 02:04:41,20162.0,20165.0,GTPDP,GTPDP,ok,0.0
18078,1616.5,1616.5,2025-07-04 02:04:41,2025-07-04 02:08:11,20165.0,20167.0,GTPDP,GTPDP,ok,0.0
18081,1616.5,1616.5,2025-07-04 02:08:11,2025-07-04 02:15:01,20167.0,20170.0,GTPDP,GTPDP,ok,0.0
18087,1616.5,1616.5,2025-07-04 02:15:01,2025-07-04 02:26:32,20170.0,20176.0,GTPDP,GTPDP,ok,0.0
18089,1616.5,1616.5,2025-07-04 02:26:32,2025-07-04 02:30:34,20176.0,20178.0,GTPDP,GTERI,ok,0.0
18092,1616.5,1616.5,2025-07-04 02:30:34,2025-07-04 02:34:02,20178.0,20181.0,GTERI,GTPDP,ok,0.0
18097,1616.5,1616.5,2025-07-04 02:34:02,2025-07-04 02:50:36,20181.0,20186.0,GTPDP,GTPDP,ok,0.0
18102,1616.5,1616.5,2025-07-04 02:50:36,2025-07-04 03:00:06,20186.0,20191.0,GTPDP,GTPDP,ok,0.0
18105,1616.5,1616.5,2025-07-04 03:00:06,2025-07-04 03:05:36,20191.0,20194.0,GTPDP,GTPDP,ok,0.0
18117,1616.5,1616.5,2025-07-04 03:05:36,2025-07-04 03:30:34,20194.0,20206.0,GTPDP,GTERI,ok,0.0
18148,1616.5,1616.5,2025-07-04 03:30:34,2025-07-04 04:30:34,20206.0,20237.0,GTERI,GTERI,ok,0.0
18179,1616.5,1616.5,2025-07-04 04:30:34,2025-07-04 05:30:34,20237.0,20268.0,GTERI,GTERI,ok,0.0
18195,1616.5,1616.5,2025-07-04 05:30:34,2025-07-04 05:59:15,20268.0,20284.0,GTERI,GTPDP,ok,0.0
18208,1616.5,1616.5,2025-07-04 05:59:15,2025-07-04 06:18:46,20284.0,20294.0,GTPDP,GTPDP,ok,0.0
18213,1616.5,1616.5,2025-07-04 06:18:46,2025-07-04 06:28:17,20294.0,20299.0,GTPDP,GTPDP,ok,0.0
18214,1616.5,1616.5,2025-07-04 06:28:17,2025-07-04 06:30:34,20299.0,20300.0,GTPDP,GTERI,ok,0.0
18216,1616.5,1616.5,2025-07-04 06:30:34,2025-07-04 06:31:47,20300.0,20302.0,GTERI,GTPDP,ok,0.0
18224,1616.5,1616.5,2025-07-04 06:31:47,2025-07-04 06:47:17,20302.0,20310.0,GTPDP,GTPDP,ok,0.0
18236,1616.5,1616.5,2025-07-04 06:47:17,2025-07-04 07:04:48,20310.0,20319.0,GTPDP,GTPDP,ok,0.0
18238,1616.5,1616.5,2025-07-04 07:04:48,2025-07-04 07:08:18,20319.0,20321.0,GTPDP,GTPDP,ok,0.0
18241,1616.5,1616.5,2025-07-04 07:08:18,2025-07-04 07:13:48,20321.0,20324.0,GTPDP,GTPDP,ok,0.0
18243,1616.5,1616.5,2025-07-04 07:13:48,2025-07-04 07:23:54,20324.0,20329.0,GTPDP,GTPDP,ok,0.0
18246,1616.5,1616.5,2025-07-04 07:23:54,2025-07-04 07:29:01,20329.0,20332.0,GTPDP,GTPDP,ok,0.0
18247,1616.5,1616.5,2025-07-04 07:29:01,2025-07-04 07:30:34,20332.0,20333.0,GTPDP,GTERI,ok,0.0
18250,1616.5,1616.5,2025-07-04 07:30:34,2025-07-04 07:34:31,20333.0,20336.0,GTERI,GTPDP,ok,0.0
18252,1616.5,1616.5,2025-07-04 07:34:31,2025-07-04 07:40:53,20336.0,20338.0,GTPDP,GTPDP,ok,0.0
18255,1616.5,1616.5,2025-07-04 07:40:53,2025-07-04 07:48:09,20338.0,20341.0,GTPDP,GTPDP,ok,0.0
18257,1616.5,1616.5,2025-07-04 07:48:09,2025-07-04 07:54:31,20341.0,20343.0,GTPDP,GTPDP,ok,0.0
18259,1616.5,1616.5,2025-07-04 07:54:31,2025-07-04 07:58:01,20343.0,20345.0,GTPDP,GTPDP,ok,0.0
18262,1616.5,1616.5,2025-07-04 07:58:01,2025-07-04 08:06:22,20345.0,20348.0,GTPDP,GTPDP,ok,0.0
18265,1616.5,1616.5,2025-07-04 08:06:22,2025-07-04 08:11:52,20348.0,20351.0,GTPDP,GTPDP,ok,0.0
18267,1616.5,1616.5,2025-07-04 08:11:52,2025-07-04 08:18:14,20351.0,20353.0,GTPDP,GTPDP,ok,0.0
18268,1616.5,1616.5,2025-07-04 08:18:14,2025-07-04 08:18:34,20353.0,20354.0,GTPDP,GTIGN,ok,0.0
18269,1616.5,1616.5,2025-07-04 08:18:34,2025-07-04 08:18:34,20354.0,20355.0,GTIGN,GTSTT,ok,0.0
18270,1616.5,1616.5,2025-07-04 08:18:34,2025-07-04 08:18:42,20355.0,20356.0,GTSTT,GTERI,ok,0.0
18271,1616.5,1616.5,2025-07-04 08:18:42,2025-07-04 08:18:42,20356.0,20357.0,GTERI,GTIGL,ok,0.0
18272,1616.5,1616.5,2025-07-04 08:18:42,2025-07-04 08:19:22,20357.0,20358.0,GTIGL,GTERI,ok,0.0
18273,1616.5,1616.5,2025-07-04 08:19:22,2025-07-04 08:19:24,20358.0,20359.0,GTERI,GTERI,ok,0.0
18274,1616.5,1616.6,2025-07-04 08:19:24,2025-07-04 08:19:37,20359.0,20360.0,GTERI,GTERI,ok,0.09999999999990905
18275,1616.6,1616.6,2025-07-04 08:19:37,2025-07-04 08:19:39,20360.0,20361.0,GTERI,GTERI,ok,0.0
18276,1616.6,1616.6,2025-07-04 08:19:39,2025-07-04 08:19:41,20361.0,20362.0,GTERI,GTERI,ok,0.0
18277,1616.6,1616.6,2025-07-04 08:19:41,2025-07-04 08:19:44,20362.0,20363.0,GTERI,GTERI,ok,0.0
18280,1616.6,1617.6,2025-07-04 08:19:44,2025-07-04 08:21:35,20363.0,20365.0,GTERI,GTBTC,ok,1.0
18281,1617.6,1617.6,2025-07-04 08:21:35,2025-07-04 08:21:40,20365.0,20366.0,GTBTC,GTERI,ok,0.0
18279,1617.6,1617.6,2025-07-04 08:21:40,2025-07-04 08:21:44,20366.0,20367.0,GTERI,GTPDP,ok,0.0
18282,1617.6,1617.7,2025-07-04 08:21:44,2025-07-04 08:21:48,20367.0,20368.0,GTPDP,GTERI,ok,0.10000000000013642
18283,1617.7,1617.7,2025-07-04 08:21:48,2025-07-04 08:21:50,20368.0,20369.0,GTERI,GTERI,ok,0.0
18284,1617.7,1617.7,2025-07-04 08:21:50,2025-07-04 08:22:04,20369.0,20370.0,GTERI,GTERI,ok,0.0
18285,1617.7,1617.8,2025-07-04 08:22:04,2025-07-04 08:22:25,20370.0,20371.0,GTERI,GTERI,ok,0.09999999999990905
18286,1617.8,1618.9,2025-07-04 08:22:25,2025-07-04 08:24:40,20371.0,20372.0,GTERI,GTERI,ok,1.1000000000001364
18288,1618.9,1619.4,2025-07-04 08:24:40,2025-07-04 08:25:21,20372.0,20374.0,GTERI,GTERI,ok,0.5
18289,1619.4,1619.4,2025-07-04 08:25:21,2025-07-04 08:25:23,20374.0,20375.0,GTERI,GTERI,ok,0.0
18290,1619.4,1619.5,2025-07-04 08:25:23,2025-07-04 08:25:27,20375.0,20376.0,GTERI,GTERI,ok,0.09999999999990905
18292,1619.5,1619.5,2025-07-04 08:25:27,2025-07-04 08:26:45,20376.0,20378.0,GTERI,GTSTT,ok,0.0
18293,1619.5,1619.5,2025-07-04 08:26:45,2025-07-04 08:27:40,20378.0,20379.0,GTSTT,GTERI,ok,0.0
18295,1619.5,1619.5,2025-07-04 08:27:40,2025-07-04 08:29:26,20379.0,20381.0,GTERI,GTSTT,ok,0.0
18296,1619.5,1619.5,2025-07-04 08:29:26,2025-07-04 08:29:38,20381.0,20382.0,GTSTT,GTERI,ok,0.0
18297,1619.5,1619.5,2025-07-04 08:29:38,2025-07-04 08:29:40,20382.0,20383.0,GTERI,GTERI,ok,0.0
18298,1619.5,1619.5,2025-07-04 08:29:40,2025-07-04 08:29:42,20383.0,20384.0,GTERI,GTERI,ok,0.0
18299,1619.5,1619.5,2025-07-04 08:29:42,2025-07-04 08:29:44,20384.0,20385.0,GTERI,GTERI,ok,0.0
18300,1619.5,1619.5,2025-07-04 08:29:44,2025-07-04 08:29:51,20385.0,20386.0,GTERI,GTERI,ok,0.0
18301,1619.5,1619.5,2025-07-04 08:29:51,2025-07-04 08:29:55,20386.0,20387.0,GTERI,GTERI,ok,0.0
18302,1619.5,1619.5,2025-07-04 08:29:55,2025-07-04 08:30:11,20387.0,20388.0,GTERI,GTERI,ok,0.0
18303,1619.5,1619.5,2025-07-04 08:30:11,2025-07-04 08:30:13,20388.0,20389.0,GTERI,GTERI,ok,0.0
18304,1619.5,1619.5,2025-07-04 08:30:13,2025-07-04 08:30:33,20389.0,20390.0,GTERI,GTERI,ok,0.0
18305,1619.5,1619.6,2025-07-04 08:30:33,2025-07-04 08:30:35,20390.0,20391.0,GTERI,GTERI,ok,0.09999999999990905
18306,1619.6,1619.6,2025-07-04 08:30:35,2025-07-04 08:30:37,20391.0,20392.0,GTERI,GTERI,ok,0.0
18307,1619.6,1619.6,2025-07-04 08:30:37,2025-07-04 08:30:40,20392.0,20393.0,GTERI,GTERI,ok,0.0
18310,1619.6,1623.0,2025-07-04 08:30:40,2025-07-04 08:33:40,20393.0,20396.0,GTERI,GTERI,ok,3.400000000000091
18311,1623.0,1623.4,2025-07-04 08:33:40,2025-07-04 08:34:08,20396.0,20397.0,GTERI,GTERI,ok,0.40000000000009095
18312,1623.4,1623.4,2025-07-04 08:34:08,2025-07-04 08:34:10,20397.0,20398.0,GTERI,GTERI,ok,0.0
18313,1623.4,1623.5,2025-07-04 08:34:10,2025-07-04 08:34:13,20398.0,20399.0,GTERI,GTERI,ok,0.09999999999990905
18314,1623.5,1623.5,2025-07-04 08:34:13,2025-07-04 08:34:19,20399.0,20400.0,GTERI,GTERI,ok,0.0
18315,1623.5,1623.5,2025-07-04 08:34:19,2025-07-04 08:34:23,20400.0,20401.0,GTERI,GTERI,ok,0.0
18316,1623.5,1623.5,2025-07-04 08:34:23,2025-07-04 08:34:44,20401.0,20402.0,GTERI,GTERI,ok,0.0
18318,1623.5,1623.6,2025-07-04 08:34:44,2025-07-04 08:34:47,20402.0,20404.0,GTERI,GTERI,ok,0.09999999999990905
18319,1623.6,1623.6,2025-07-04 08:34:47,2025-07-04 08:34:49,20404.0,20405.0,GTERI,GTERI,ok,0.0
18320,1623.6,1623.6,2025-07-04 08:34:49,2025-07-04 08:34:51,20405.0,20406.0,GTERI,GTERI,ok,0.0
18321,1623.6,1623.6,2025-07-04 08:34:51,2025-07-04 08:34:58,20406.0,20407.0,GTERI,GTERI,ok,0.0
18322,1623.6,1623.6,2025-07-04 08:34:58,2025-07-04 08:36:40,20407.0,20408.0,GTERI,GTERI,ok,0.0
18325,1623.6,1623.6,2025-07-04 08:36:40,2025-07-04 08:39:40,20408.0,20411.0,GTERI,GTERI,ok,0.0
18327,1623.6,1623.6,2025-07-04 08:39:40,2025-07-04 08:42:40,20411.0,20413.0,GTERI,GTERI,ok,0.0
18330,1623.6,1623.6,2025-07-04 08:42:40,2025-07-04 08:45:40,20413.0,20416.0,GTERI,GTERI,ok,0.0
18332,1623.6,1623.6,2025-07-04 08:45:40,2025-07-04 08:48:16,20416.0,20418.0,GTERI,GTIGF,ok,0.0
18333,1623.6,1623.6,2025-07-04 08:48:16,2025-07-04 08:48:16,20418.0,20419.0,GTIGF,GTSTT,ok,0.0
18334,1623.6,1623.6,2025-07-04 08:48:16,2025-07-04 08:48:16,20419.0,20420.0,GTSTT,GTERI,ok,0.0
18335,1623.6,1623.6,2025-07-04 08:48:16,2025-07-04 08:48:16,20420.0,20421.0,GTERI,GTIGL,ok,0.0
18336,1623.6,1623.6,2025-07-04 08:48:16,2025-07-04 08:48:17,20421.0,20422.0,GTIGL,GTSTC,ok,0.0
18338,1623.6,1623.6,2025-07-04 08:48:17,2025-07-04 08:48:57,20422.0,20424.0,GTSTC,GTSTT,ok,0.0
18368,1623.6,1623.6,2025-07-04 08:48:57,2025-07-04 09:48:11,20424.0,20454.0,GTSTT,GTERI,ok,0.0
18399,1623.6,1623.6,2025-07-04 09:48:11,2025-07-04 10:48:11,20454.0,20485.0,GTERI,GTERI,ok,0.0
18404,1623.6,1623.6,2025-07-04 10:48:11,2025-07-04 10:56:09,20485.0,20490.0,GTERI,GTIGN,ok,0.0
18405,1623.6,1623.6,2025-07-04 10:56:09,2025-07-04 10:56:09,20490.0,20491.0,GTIGN,GTSTT,ok,0.0
18406,1623.6,1623.6,2025-07-04 10:56:09,2025-07-04 10:56:17,20491.0,20492.0,GTSTT,GTERI,ok,0.0
18407,1623.6,1623.6,2025-07-04 10:56:17,2025-07-04 10:56:17,20492.0,20493.0,GTERI,GTIGL,ok,0.0
18408,1623.6,1623.6,2025-07-04 10:56:17,2025-07-04 10:56:19,20493.0,20494.0,GTIGL,GTERI,ok,0.0
18409,1623.6,1623.7,2025-07-04 10:56:19,2025-07-04 10:56:32,20494.0,20495.0,GTERI,GTERI,ok,0.10000000000013642
18410,1623.7,1623.7,2025-07-04 10:56:32,2025-07-04 10:56:36,20495.0,20496.0,GTERI,GTERI,ok,0.0
18411,1623.7,1623.7,2025-07-04 10:56:36,2025-07-04 10:56:44,20496.0,20497.0,GTERI,GTERI,ok,0.0
18412,1623.7,1623.7,2025-07-04 10:56:44,2025-07-04 10:56:51,20497.0,20498.0,GTERI,GTERI,ok,0.0
18414,1623.7,1623.7,2025-07-04 10:56:51,2025-07-04 10:56:57,20498.0,20500.0,GTERI,GTERI,ok,0.0
18415,1623.7,1623.8,2025-07-04 10:56:57,2025-07-04 10:57:20,20500.0,20501.0,GTERI,GTERI,ok,0.09999999999990905
18416,1623.8,1623.8,2025-07-04 10:57:20,2025-07-04 10:57:27,20501.0,20502.0,GTERI,GTERI,ok,0.0
18417,1623.8,1623.8,2025-07-04 10:57:27,2025-07-04 10:58:40,20502.0,20503.0,GTERI,GTERI,ok,0.0
18418,1623.8,1623.8,2025-07-04 10:58:40,2025-07-04 10:58:41,20503.0,20504.0,GTERI,GTERI,ok,0.0
18419,1623.8,1623.8,2025-07-04 10:58:41,2025-07-04 10:58:42,20504.0,20505.0,GTERI,GTERI,ok,0.0
18420,1623.8,1623.8,2025-07-04 10:58:42,2025-07-04 10:58:45,20505.0,20506.0,GTERI,GTERI,ok,0.0
18421,1623.8,1623.8,2025-07-04 10:58:45,2025-07-04 10:58:46,20506.0,20507.0,GTERI,GTERI,ok,0.0
18423,1623.8,1623.9,2025-07-04 10:58:46,2025-07-04 10:58:59,20507.0,20509.0,GTERI,GTERI,ok,0.10000000000013642
18424,1623.9,1623.9,2025-07-04 10:58:59,2025-07-04 10:59:06,20509.0,20510.0,GTERI,GTERI,ok,0.0
18425,1623.9,1624.0,2025-07-04 10:59:06,2025-07-04 10:59:11,20510.0,20511.0,GTERI,GTBTC,ok,0.09999999999990905
18426,1624.0,1624.1,2025-07-04 10:59:11,2025-07-04 10:59:17,20511.0,20512.0,GTBTC,GTERI,ok,0.09999999999990905
18427,1624.1,1624.6,2025-07-04 10:59:17,2025-07-04 10:59:51,20512.0,20513.0,GTERI,GTERI,ok,0.5
18428,1624.6,1624.6,2025-07-04 10:59:51,2025-07-04 10:59:52,20513.0,20514.0,GTERI,GTERI,ok,0.0
18429,1624.6,1624.6,2025-07-04 10:59:52,2025-07-04 10:59:53,20514.0,20515.0,GTERI,GTERI,ok,0.0
18430,1624.6,1624.6,2025-07-04 10:59:53,2025-07-04 10:59:54,20515.0,20516.0,GTERI,GTERI,ok,0.0
18431,1624.6,1624.6,2025-07-04 10:59:54,2025-07-04 11:00:20,20516.0,20517.0,GTERI,GTERI,ok,0.0
18435,1624.6,1627.1,2025-07-04 11:00:20,2025-07-04 11:02:17,20517.0,20519.0,GTERI,GTERI,ok,2.5
18434,1627.1,1627.6,2025-07-04 11:02:17,2025-07-04 11:02:47,20519.0,20521.0,GTERI,GTPDP,ok,0.5
18436,1627.6,1629.1,2025-07-04 11:02:47,2025-07-04 11:04:10,20521.0,20522.0,GTPDP,GTERI,ok,1.5
18437,1629.1,1629.1,2025-07-04 11:04:10,2025-07-04 11:04:12,20522.0,20523.0,GTERI,GTERI,ok,0.0
18438,1629.1,1629.6,2025-07-04 11:04:12,2025-07-04 11:04:56,20523.0,20524.0,GTERI,GTERI,ok,0.5
18439,1629.6,1629.6,2025-07-04 11:04:56,2025-07-04 11:04:57,20524.0,20525.0,GTERI,GTERI,ok,0.0
18440,1629.6,1629.6,2025-07-04 11:04:57,2025-07-04 11:04:59,20525.0,20526.0,GTERI,GTERI,ok,0.0
18441,1629.6,1629.8,2025-07-04 11:04:59,2025-07-04 11:05:18,20526.0,20527.0,GTERI,GTERI,ok,0.20000000000004547
18442,1629.8,1629.8,2025-07-04 11:05:18,2025-07-04 11:05:39,20527.0,20528.0,GTERI,GTERI,ok,0.0
18443,1629.8,1629.8,2025-07-04 11:05:39,2025-07-04 11:05:41,20528.0,20529.0,GTERI,GTERI,ok,0.0
18445,1629.8,1629.9,2025-07-04 11:05:41,2025-07-04 11:05:54,20529.0,20531.0,GTERI,GTERI,ok,0.10000000000013642
18446,1629.9,1629.9,2025-07-04 11:05:54,2025-07-04 11:05:57,20531.0,20532.0,GTERI,GTERI,ok,0.0
18447,1629.9,1630.1,2025-07-04 11:05:57,2025-07-04 11:06:16,20532.0,20533.0,GTERI,GTERI,ok,0.1999999999998181
18448,1630.1,1630.1,2025-07-04 11:06:16,2025-07-04 11:06:31,20533.0,20534.0,GTERI,GTERI,ok,0.0
18449,1630.1,1630.1,2025-07-04 11:06:31,2025-07-04 11:06:34,20534.0,20535.0,GTERI,GTERI,ok,0.0
18450,1630.1,1630.2,2025-07-04 11:06:34,2025-07-04 11:07:27,20535.0,20536.0,GTERI,GTSTT,ok,0.10000000000013642
18452,1630.2,1630.2,2025-07-04 11:07:27,2025-07-04 11:07:53,20536.0,20538.0,GTSTT,GTSTT,ok,0.0
18453,1630.2,1630.2,2025-07-04 11:07:53,2025-07-04 11:08:18,20538.0,20539.0,GTSTT,GTERI,ok,0.0
18454,1630.2,1630.3,2025-07-04 11:08:18,2025-07-04 11:08:30,20539.0,20540.0,GTERI,GTERI,ok,0.09999999999990905
18455,1630.3,1630.3,2025-07-04 11:08:30,2025-07-04 11:08:32,20540.0,20541.0,GTERI,GTERI,ok,0.0
18458,1630.3,1630.7,2025-07-04 11:08:32,2025-07-04 11:10:11,20541.0,20544.0,GTERI,GTERI,ok,0.40000000000009095
18459,1630.7,1630.7,2025-07-04 11:10:11,2025-07-04 11:10:13,20544.0,20545.0,GTERI,GTERI,ok,0.0
18460,1630.7,1630.7,2025-07-04 11:10:13,2025-07-04 11:10:15,20545.0,20546.0,GTERI,GTERI,ok,0.0
18461,1630.7,1630.7,2025-07-04 11:10:15,2025-07-04 11:10:49,20546.0,20547.0,GTERI,GTSTT,ok,0.0
18462,1630.7,1630.7,2025-07-04 11:10:49,2025-07-04 11:11:18,20547.0,20548.0,GTSTT,GTERI,ok,0.0
18465,1630.7,1630.7,2025-07-04 11:11:18,2025-07-04 11:14:18,20548.0,20551.0,GTERI,GTERI,ok,0.0
18466,1630.7,1630.7,2025-07-04 11:14:18,2025-07-04 11:15:01,20551.0,20552.0,GTERI,GTSTT,ok,0.0
18467,1630.7,1630.7,2025-07-04 11:15:01,2025-07-04 11:15:01,20552.0,20553.0,GTSTT,GTIGF,ok,0.0
18468,1630.7,1630.7,2025-07-04 11:15:01,2025-07-04 11:15:01,20553.0,20554.0,GTIGF,GTSTT,ok,0.0
18469,1630.7,1630.7,2025-07-04 11:15:01,2025-07-04 11:15:02,20554.0,20555.0,GTSTT,GTERI,ok,0.0
18470,1630.7,1630.7,2025-07-04 11:15:02,2025-07-04 11:15:02,20555.0,20556.0,GTERI,GTIGL,ok,0.0
18471,1630.7,1630.7,2025-07-04 11:15:02,2025-07-04 11:15:03,20556.0,20557.0,GTIGL,GTSTC,ok,0.0
18472,1630.7,1630.7,2025-07-04 11:15:03,2025-07-04 11:15:42,20557.0,20558.0,GTSTC,GTSTT,ok,0.0
18480,1630.7,1630.7,2025-07-04 11:15:42,2025-07-04 11:29:43,20558.0,20566.0,GTSTT,GTIGN,ok,0.0
18481,1630.7,1630.7,2025-07-04 11:29:43,2025-07-04 11:29:43,20566.0,20567.0,GTIGN,GTSTT,ok,0.0
18483,1630.7,1630.7,2025-07-04 11:29:43,2025-07-04 11:29:49,20567.0,20569.0,GTSTT,GTERI,ok,0.0
18484,1630.7,1630.7,2025-07-04 11:29:49,2025-07-04 11:29:49,20569.0,20570.0,GTERI,GTIGL,ok,0.0
18485,1630.7,1630.7,2025-07-04 11:29:49,2025-07-04 11:30:33,20570.0,20571.0,GTIGL,GTSTT,ok,0.0
18486,1630.7,1630.7,2025-07-04 11:30:33,2025-07-04 11:31:07,20571.0,20572.0,GTSTT,GTSTT,ok,0.0
18487,1630.7,1630.7,2025-07-04 11:31:07,2025-07-04 11:31:24,20572.0,20573.0,GTSTT,GTERI,ok,0.0
18489,1630.7,1631.1,2025-07-04 11:31:24,2025-07-04 11:32:43,20573.0,20575.0,GTERI,GTBTC,ok,0.3999999999998636
18490,1631.1,1631.1,2025-07-04 11:32:43,2025-07-04 11:32:52,20575.0,20576.0,GTBTC,GTERI,ok,0.0
18491,1631.1,1631.1,2025-07-04 11:32:52,2025-07-04 11:32:53,20576.0,20577.0,GTERI,GTERI,ok,0.0
18493,1631.1,1632.0,2025-07-04 11:32:53,2025-07-04 11:35:03,20577.0,20579.0,GTERI,GTERI,ok,0.900000000000091
18495,1632.0,1632.4,2025-07-04 11:35:03,2025-07-04 11:35:52,20579.0,20581.0,GTERI,GTERI,ok,0.40000000000009095
18496,1632.4,1633.1,2025-07-04 11:35:52,2025-07-04 11:37:25,20581.0,20582.0,GTERI,GTERI,ok,0.6999999999998181
18497,1633.1,1633.1,2025-07-04 11:37:25,2025-07-04 11:37:26,20582.0,20583.0,GTERI,GTERI,ok,0.0
18498,1633.1,1633.1,2025-07-04 11:37:26,2025-07-04 11:37:30,20583.0,20584.0,GTERI,GTERI,ok,0.0
18499,1633.1,1633.1,2025-07-04 11:37:30,2025-07-04 11:37:41,20584.0,20585.0,GTERI,GTERI,ok,0.0
18500,1633.1,1633.1,2025-07-04 11:37:41,2025-07-04 11:37:43,20585.0,20586.0,GTERI,GTERI,ok,0.0
18502,1633.1,1633.2,2025-07-04 11:37:43,2025-07-04 11:38:07,20586.0,20588.0,GTERI,GTIGF,ok,0.10000000000013642
18503,1633.2,1633.2,2025-07-04 11:38:07,2025-07-04 11:38:07,20588.0,20589.0,GTIGF,GTSTT,ok,0.0
18504,1633.2,1633.2,2025-07-04 11:38:07,2025-07-04 11:38:07,20589.0,20590.0,GTSTT,GTSTC,ok,0.0
18505,1633.2,1633.2,2025-07-04 11:38:07,2025-07-04 11:38:07,20590.0,20591.0,GTSTC,GTERI,ok,0.0
18506,1633.2,1633.2,2025-07-04 11:38:07,2025-07-04 11:38:07,20591.0,20592.0,GTERI,GTIGL,ok,0.0
18507,1633.2,1633.2,2025-07-04 11:38:07,2025-07-04 11:38:49,20592.0,20593.0,GTIGL,GTSTT,ok,0.0
18538,1633.2,1633.2,2025-07-04 11:38:49,2025-07-04 12:38:02,20593.0,20624.0,GTSTT,GTERI,ok,0.0
18569,1633.2,1633.2,2025-07-04 12:38:02,2025-07-04 13:38:02,20624.0,20655.0,GTERI,GTERI,ok,0.0
18572,1633.2,1633.2,2025-07-04 13:38:02,2025-07-04 13:42:09,20655.0,20658.0,GTERI,GTIGN,ok,0.0
18573,1633.2,1633.2,2025-07-04 13:42:09,2025-07-04 13:42:09,20658.0,20659.0,GTIGN,GTSTT,ok,0.0
18574,1633.2,1633.2,2025-07-04 13:42:09,2025-07-04 13:42:16,20659.0,20660.0,GTSTT,GTERI,ok,0.0
18575,1633.2,1633.2,2025-07-04 13:42:16,2025-07-04 13:42:16,20660.0,20661.0,GTERI,GTIGL,ok,0.0
18576,1633.2,1633.2,2025-07-04 13:42:16,2025-07-04 13:42:18,20661.0,20662.0,GTIGL,GTERI,ok,0.0
18577,1633.2,1633.2,2025-07-04 13:42:18,2025-07-04 13:42:21,20662.0,20663.0,GTERI,GTERI,ok,0.0
18578,1633.2,1633.2,2025-07-04 13:42:21,2025-07-04 13:42:25,20663.0,20664.0,GTERI,GTERI,ok,0.0
18579,1633.2,1633.2,2025-07-04 13:42:25,2025-07-04 13:42:27,20664.0,20665.0,GTERI,GTERI,ok,0.0
18580,1633.2,1633.3,2025-07-04 13:42:27,2025-07-04 13:42:40,20665.0,20666.0,GTERI,GTERI,ok,0.09999999999990905
18581,1633.3,1633.3,2025-07-04 13:42:40,2025-07-04 13:42:42,20666.0,20667.0,GTERI,GTERI,ok,0.0
18582,1633.3,1633.4,2025-07-04 13:42:42,2025-07-04 13:42:55,20667.0,20668.0,GTERI,GTERI,ok,0.10000000000013642
18584,1633.4,1634.4,2025-07-04 13:42:55,2025-07-04 13:44:33,20668.0,20670.0,GTERI,GTERI,ok,1.0
18585,1634.4,1634.4,2025-07-04 13:44:33,2025-07-04 13:44:35,20670.0,20671.0,GTERI,GTERI,ok,0.0
18586,1634.4,1634.5,2025-07-04 13:44:35,2025-07-04 13:44:44,20671.0,20672.0,GTERI,GTERI,ok,0.09999999999990905
18587,1634.5,1634.5,2025-07-04 13:44:44,2025-07-04 13:44:46,20672.0,20673.0,GTERI,GTERI,ok,0.0
18588,1634.5,1634.5,2025-07-04 13:44:46,2025-07-04 13:45:10,20673.0,20674.0,GTERI,GTERI,ok,0.0
18589,1634.5,1634.5,2025-07-04 13:45:10,2025-07-04 13:45:11,20674.0,20675.0,GTERI,GTBTC,ok,0.0
18590,1634.5,1634.5,2025-07-04 13:45:11,2025-07-04 13:45:13,20675.0,20676.0,GTBTC,GTERI,ok,0.0
18591,1634.5,1634.6,2025-07-04 13:45:13,2025-07-04 13:45:18,20676.0,20677.0,GTERI,GTERI,ok,0.09999999999990905
18594,1634.6,1636.1,2025-07-04 13:45:18,2025-07-04 13:48:18,20677.0,20680.0,GTERI,GTERI,ok,1.5
18595,1636.1,1636.2,2025-07-04 13:48:18,2025-07-04 13:48:44,20680.0,20681.0,GTERI,GTERI,ok,0.10000000000013642
18596,1636.2,1636.2,2025-07-04 13:48:44,2025-07-04 13:48:49,20681.0,20682.0,GTERI,GTERI,ok,0.0
18597,1636.2,1636.2,2025-07-04 13:48:49,2025-07-04 13:48:51,20682.0,20683.0,GTERI,GTERI,ok,0.0
18598,1636.2,1636.2,2025-07-04 13:48:51,2025-07-04 13:48:53,20683.0,20684.0,GTERI,GTERI,ok,0.0
18599,1636.2,1636.2,2025-07-04 13:48:53,2025-07-04 13:48:55,20684.0,20685.0,GTERI,GTERI,ok,0.0
18601,1636.2,1639.1,2025-07-04 13:48:55,2025-07-04 13:51:18,20685.0,20687.0,GTERI,GTERI,ok,2.8999999999998636
18603,1639.1,1640.1,2025-07-04 13:51:18,2025-07-04 13:52:14,20687.0,20689.0,GTERI,GTERI,ok,1.0
18604,1640.1,1640.1,2025-07-04 13:52:14,2025-07-04 13:52:16,20689.0,20690.0,GTERI,GTERI,ok,0.0
18605,1640.1,1640.1,2025-07-04 13:52:16,2025-07-04 13:52:18,20690.0,20691.0,GTERI,GTERI,ok,0.0
18606,1640.1,1640.1,2025-07-04 13:52:18,2025-07-04 13:52:22,20691.0,20692.0,GTERI,GTERI,ok,0.0
18607,1640.1,1640.2,2025-07-04 13:52:22,2025-07-04 13:52:31,20692.0,20693.0,GTERI,GTERI,ok,0.10000000000013642
18608,1640.2,1640.2,2025-07-04 13:52:31,2025-07-04 13:52:38,20693.0,20694.0,GTERI,GTERI,ok,0.0
18609,1640.2,1640.2,2025-07-04 13:52:38,2025-07-04 13:52:41,20694.0,20695.0,GTERI,GTERI,ok,0.0
18610,1640.2,1640.2,2025-07-04 13:52:41,2025-07-04 13:52:42,20695.0,20696.0,GTERI,GTERI,ok,0.0
18611,1640.2,1640.2,2025-07-04 13:52:42,2025-07-04 13:52:43,20696.0,20697.0,GTERI,GTERI,ok,0.0
18612,1640.2,1640.2,2025-07-04 13:52:43,2025-07-04 13:52:44,20697.0,20698.0,GTERI,GTERI,ok,0.0
18613,1640.2,1640.2,2025-07-04 13:52:44,2025-07-04 13:52:49,20698.0,20699.0,GTERI,GTERI,ok,0.0
18614,1640.2,1640.2,2025-07-04 13:52:49,2025-07-04 13:53:07,20699.0,20700.0,GTERI,GTIGF,ok,0.0
18615,1640.2,1640.2,2025-07-04 13:53:07,2025-07-04 13:53:07,20700.0,20701.0,GTIGF,GTSTT,ok,0.0
18616,1640.2,1640.2,2025-07-04 13:53:07,2025-07-04 13:53:07,20701.0,20702.0,GTSTT,GTSTC,ok,0.0
18617,1640.2,1640.2,2025-07-04 13:53:07,2025-07-04 13:53:07,20702.0,20703.0,GTSTC,GTERI,ok,0.0
18618,1640.2,1640.2,2025-07-04 13:53:07,2025-07-04 13:53:07,20703.0,20704.0,GTERI,GTIGL,ok,0.0
18620,1640.2,1640.2,2025-07-04 13:53:07,2025-07-04 13:54:12,20704.0,20706.0,GTIGL,GTSTT,ok,0.0
18650,1640.2,1640.2,2025-07-04 13:54:12,2025-07-04 14:53:02,20706.0,20736.0,GTSTT,GTERI,ok,0.0
18681,1640.2,1640.2,2025-07-04 14:53:02,2025-07-04 15:53:02,20736.0,20767.0,GTERI,GTERI,ok,0.0
18684,1640.2,1640.2,2025-07-04 15:53:02,2025-07-04 15:57:09,20767.0,20770.0,GTERI,GTIGN,ok,0.0
18685,1640.2,1640.2,2025-07-04 15:57:09,2025-07-04 15:57:09,20770.0,20771.0,GTIGN,GTSTT,ok,0.0
18686,1640.2,1640.2,2025-07-04 15:57:09,2025-07-04 15:57:18,20771.0,20772.0,GTSTT,GTERI,ok,0.0
18687,1640.2,1640.2,2025-07-04 15:57:18,2025-07-04 15:57:18,20772.0,20773.0,GTERI,GTIGL,ok,0.0
18688,1640.2,1640.2,2025-07-04 15:57:18,2025-07-04 15:57:18,20773.0,20773.0,GTIGL,GTIGL,ok,0.0
18689,1640.2,1640.2,2025-07-04 15:57:18,2025-07-04 15:57:18,20773.0,20773.0,GTIGL,GTIGL,ok,0.0
18691,1640.2,1640.2,2025-07-04 15:57:18,2025-07-04 15:57:33,20773.0,20774.0,GTIGL,GTERI,ok,0.0
18692,1640.2,1640.2,2025-07-04 15:57:33,2025-07-04 15:57:38,20774.0,20775.0,GTERI,GTERI,ok,0.0
18693,1640.2,1640.2,2025-07-04 15:57:38,2025-07-04 15:57:40,20775.0,20776.0,GTERI,GTERI,ok,0.0
18694,1640.2,1640.2,2025-07-04 15:57:40,2025-07-04 15:59:13,20776.0,20778.0,GTERI,GTERI,ok,0.0
18695,1640.2,1640.2,2025-07-04 15:59:13,2025-07-04 15:59:16,20778.0,20779.0,GTERI,GTERI,ok,0.0
18696,1640.2,1640.2,2025-07-04 15:59:16,2025-07-04 15:59:20,20779.0,20780.0,GTERI,GTERI,ok,0.0
18697,1640.2,1640.2,2025-07-04 15:59:20,2025-07-04 15:59:22,20780.0,20781.0,GTERI,GTERI,ok,0.0
18698,1640.2,1640.3,2025-07-04 15:59:22,2025-07-04 15:59:44,20781.0,20782.0,GTERI,GTERI,ok,0.09999999999990905
18699,1640.3,1640.3,2025-07-04 15:59:44,2025-07-04 15:59:50,20782.0,20783.0,GTERI,GTERI,ok,0.0
18700,1640.3,1640.4,2025-07-04 15:59:50,2025-07-04 15:59:53,20783.0,20784.0,GTERI,GTERI,ok,0.10000000000013642
18701,1640.4,1640.4,2025-07-04 15:59:53,2025-07-04 15:59:56,20784.0,20785.0,GTERI,GTERI,ok,0.0
18703,1640.4,1640.6,2025-07-04 15:59:56,2025-07-04 16:00:11,20785.0,20787.0,GTERI,GTBTC,ok,0.1999999999998181
18704,1640.6,1640.8,2025-07-04 16:00:11,2025-07-04 16:00:18,20787.0,20788.0,GTBTC,GTERI,ok,0.20000000000004547
18708,1640.8,1644.2,2025-07-04 16:00:18,2025-07-04 16:02:57,20788.0,20790.0,GTERI,GTERI,ok,3.400000000000091
18709,1644.2,1644.3,2025-07-04 16:02:57,2025-07-04 16:02:59,20790.0,20791.0,GTERI,GTERI,ok,0.09999999999990905
18710,1644.3,1644.5,2025-07-04 16:02:59,2025-07-04 16:03:18,20791.0,20792.0,GTERI,GTERI,ok,0.20000000000004547
18707,1644.5,1644.7,2025-07-04 16:03:18,2025-07-04 16:03:27,20792.0,20794.0,GTERI,GTPDP,ok,0.20000000000004547
18711,1644.7,1644.7,2025-07-04 16:03:27,2025-07-04 16:03:34,20794.0,20795.0,GTPDP,GTERI,ok,0.0
18712,1644.7,1644.7,2025-07-04 16:03:34,2025-07-04 16:03:35,20795.0,20796.0,GTERI,GTERI,ok,0.0
18713,1644.7,1644.9,2025-07-04 16:03:35,2025-07-04 16:05:22,20796.0,20797.0,GTERI,GTERI,ok,0.20000000000004547
18714,1644.9,1644.9,2025-07-04 16:05:22,2025-07-04 16:05:25,20797.0,20798.0,GTERI,GTERI,ok,0.0
18715,1644.9,1645.0,2025-07-04 16:05:25,2025-07-04 16:05:43,20798.0,20799.0,GTERI,GTERI,ok,0.09999999999990905
18716,1645.0,1645.0,2025-07-04 16:05:43,2025-07-04 16:05:48,20799.0,20800.0,GTERI,GTERI,ok,0.0
18717,1645.0,1645.2,2025-07-04 16:05:48,2025-07-04 16:06:20,20800.0,20801.0,GTERI,GTERI,ok,0.20000000000004547
18718,1645.2,1645.2,2025-07-04 16:06:20,2025-07-04 16:06:24,20801.0,20802.0,GTERI,GTERI,ok,0.0
18719,1645.2,1645.3,2025-07-04 16:06:24,2025-07-04 16:06:27,20802.0,20803.0,GTERI,GTERI,ok,0.09999999999990905
18722,1645.3,1646.4,2025-07-04 16:06:27,2025-07-04 16:09:20,20803.0,20806.0,GTERI,GTERI,ok,1.1000000000001364
18723,1646.4,1646.6,2025-07-04 16:09:20,2025-07-04 16:09:42,20806.0,20807.0,GTERI,GTERI,ok,0.1999999999998181
18724,1646.6,1646.6,2025-07-04 16:09:42,2025-07-04 16:09:44,20807.0,20808.0,GTERI,GTERI,ok,0.0
18725,1646.6,1646.7,2025-07-04 16:09:44,2025-07-04 16:09:58,20808.0,20809.0,GTERI,GTERI,ok,0.10000000000013642
18726,1646.7,1646.7,2025-07-04 16:09:58,2025-07-04 16:10:03,20809.0,20810.0,GTERI,GTERI,ok,0.0
18727,1646.7,1646.8,2025-07-04 16:10:03,2025-07-04 16:10:08,20810.0,20811.0,GTERI,GTIGF,ok,0.09999999999990905
18728,1646.8,1646.8,2025-07-04 16:10:08,2025-07-04 16:10:08,20811.0,20812.0,GTIGF,GTSTT,ok,0.0
18729,1646.8,1646.8,2025-07-04 16:10:08,2025-07-04 16:10:09,20812.0,20813.0,GTSTT,GTERI,ok,0.0
18730,1646.8,1646.8,2025-07-04 16:10:09,2025-07-04 16:10:09,20813.0,20814.0,GTERI,GTIGL,ok,0.0
18731,1646.8,1646.8,2025-07-04 16:10:09,2025-07-04 16:10:09,20814.0,20815.0,GTIGL,GTSTC,ok,0.0
18733,1646.8,1646.8,2025-07-04 16:10:09,2025-07-04 16:10:45,20815.0,20817.0,GTSTC,GTSTT,ok,0.0
18734,1646.8,1646.8,2025-07-04 16:10:45,2025-07-04 16:11:47,20817.0,20818.0,GTSTT,GTIGN,ok,0.0
18735,1646.8,1646.8,2025-07-04 16:11:47,2025-07-04 16:11:47,20818.0,20819.0,GTIGN,GTSTT,ok,0.0
18736,1646.8,1646.8,2025-07-04 16:11:47,2025-07-04 16:11:48,20819.0,20820.0,GTSTT,GTIGL,ok,0.0
18737,1646.8,1646.8,2025-07-04 16:11:48,2025-07-04 16:11:52,20820.0,20821.0,GTIGL,GTERI,ok,0.0
18738,1646.8,1646.8,2025-07-04 16:11:52,2025-07-04 16:11:55,20821.0,20822.0,GTERI,GTERI,ok,0.0
18739,1646.8,1646.8,2025-07-04 16:11:55,2025-07-04 16:11:57,20822.0,20823.0,GTERI,GTERI,ok,0.0
18740,1646.8,1646.8,2025-07-04 16:11:57,2025-07-04 16:11:58,20823.0,20824.0,GTERI,GTERI,ok,0.0
18741,1646.8,1646.8,2025-07-04 16:11:58,2025-07-04 16:12:02,20824.0,20825.0,GTERI,GTERI,ok,0.0
18742,1646.8,1646.8,2025-07-04 16:12:02,2025-07-04 16:12:12,20825.0,20826.0,GTERI,GTERI,ok,0.0
18744,1646.8,1647.0,2025-07-04 16:12:12,2025-07-04 16:13:23,20826.0,20828.0,GTERI,GTERI,ok,0.20000000000004547
18745,1647.0,1647.0,2025-07-04 16:13:23,2025-07-04 16:13:27,20828.0,20829.0,GTERI,GTERI,ok,0.0
18746,1647.0,1647.1,2025-07-04 16:13:27,2025-07-04 16:13:33,20829.0,20830.0,GTERI,GTIGF,ok,0.09999999999990905
18747,1647.1,1647.1,2025-07-04 16:13:33,2025-07-04 16:13:33,20830.0,20831.0,GTIGF,GTSTT,ok,0.0
18748,1647.1,1647.1,2025-07-04 16:13:33,2025-07-04 16:13:33,20831.0,20832.0,GTSTT,GTERI,ok,0.0
18749,1647.1,1647.1,2025-07-04 16:13:33,2025-07-04 16:13:34,20832.0,20833.0,GTERI,GTIGL,ok,0.0
18750,1647.1,1647.1,2025-07-04 16:13:34,2025-07-04 16:14:16,20833.0,20834.0,GTIGL,GTSTT,ok,0.0
18752,1647.1,1647.1,2025-07-04 16:14:16,2025-07-04 16:16:16,20834.0,20836.0,GTSTT,GTIGN,ok,0.0
18753,1647.1,1647.1,2025-07-04 16:16:16,2025-07-04 16:16:16,20836.0,20837.0,GTIGN,GTSTT,ok,0.0
18754,1647.1,1647.1,2025-07-04 16:16:16,2025-07-04 16:16:17,20837.0,20838.0,GTSTT,GTIGL,ok,0.0
18755,1647.1,1647.1,2025-07-04 16:16:17,2025-07-04 16:16:21,20838.0,20839.0,GTIGL,GTERI,ok,0.0
18756,1647.1,1647.1,2025-07-04 16:16:21,2025-07-04 16:16:24,20839.0,20840.0,GTERI,GTERI,ok,0.0
18757,1647.1,1647.1,2025-07-04 16:16:24,2025-07-04 16:16:25,20840.0,20841.0,GTERI,GTERI,ok,0.0
18758,1647.1,1647.1,2025-07-04 16:16:25,2025-07-04 16:16:27,20841.0,20842.0,GTERI,GTERI,ok,0.0
18760,1647.1,1647.1,2025-07-04 16:16:27,2025-07-04 16:16:36,20842.0,20844.0,GTERI,GTERI,ok,0.0
18761,1647.1,1647.2,2025-07-04 16:16:36,2025-07-04 16:16:37,20844.0,20845.0,GTERI,GTERI,ok,0.10000000000013642
18762,1647.2,1647.3,2025-07-04 16:16:37,2025-07-04 16:17:00,20845.0,20846.0,GTERI,GTERI,ok,0.09999999999990905
18763,1647.3,1647.3,2025-07-04 16:17:00,2025-07-04 16:17:06,20846.0,20847.0,GTERI,GTERI,ok,0.0
18764,1647.3,1647.3,2025-07-04 16:17:06,2025-07-04 16:17:08,20847.0,20848.0,GTERI,GTERI,ok,0.0
18765,1647.3,1647.3,2025-07-04 16:17:08,2025-07-04 16:17:18,20848.0,20849.0,GTERI,GTERI,ok,0.0
18766,1647.3,1647.3,2025-07-04 16:17:18,2025-07-04 16:17:35,20849.0,20850.0,GTERI,GTIGF,ok,0.0
18767,1647.3,1647.3,2025-07-04 16:17:35,2025-07-04 16:17:35,20850.0,20851.0,GTIGF,GTSTT,ok,0.0
18768,1647.3,1647.3,2025-07-04 16:17:35,2025-07-04 16:17:36,20851.0,20852.0,GTSTT,GTERI,ok,0.0
18769,1647.3,1647.3,2025-07-04 16:17:36,2025-07-04 16:17:36,20852.0,20853.0,GTERI,GTIGL,ok,0.0
18770,1647.3,1647.3,2025-07-04 16:17:36,2025-07-04 16:18:14,20853.0,20854.0,GTIGL,GTSTT,ok,0.0
18775,1647.3,1647.3,2025-07-04 16:18:14,2025-07-04 16:25:39,20854.0,20859.0,GTSTT,GTIGN,ok,0.0
18776,1647.3,1647.3,2025-07-04 16:25:39,2025-07-04 16:25:39,20859.0,20860.0,GTIGN,GTSTT,ok,0.0
18777,1647.3,1647.3,2025-07-04 16:25:39,2025-07-04 16:25:40,20860.0,20861.0,GTSTT,GTSTT,ok,0.0
18778,1647.3,1647.3,2025-07-04 16:25:40,2025-07-04 16:25:47,20861.0,20862.0,GTSTT,GTERI,ok,0.0
18779,1647.3,1647.3,2025-07-04 16:25:47,2025-07-04 16:25:47,20862.0,20863.0,GTERI,GTIGL,ok,0.0
18780,1647.3,1647.3,2025-07-04 16:25:47,2025-07-04 16:25:56,20863.0,20864.0,GTIGL,GTERI,ok,0.0
18781,1647.3,1647.3,2025-07-04 16:25:56,2025-07-04 16:25:59,20864.0,20865.0,GTERI,GTERI,ok,0.0
18782,1647.3,1647.4,2025-07-04 16:25:59,2025-07-04 16:26:06,20865.0,20866.0,GTERI,GTERI,ok,0.10000000000013642
18783,1647.4,1647.4,2025-07-04 16:26:06,2025-07-04 16:26:08,20866.0,20867.0,GTERI,GTERI,ok,0.0
18785,1647.4,1647.7,2025-07-04 16:26:08,2025-07-04 16:27:06,20867.0,20869.0,GTERI,GTERI,ok,0.2999999999999545
18786,1647.7,1647.7,2025-07-04 16:27:06,2025-07-04 16:27:08,20869.0,20870.0,GTERI,GTERI,ok,0.0
18788,1647.7,1648.2,2025-07-04 16:27:08,2025-07-04 16:28:41,20870.0,20872.0,GTERI,GTBTC,ok,0.5
18789,1648.2,1648.3,2025-07-04 16:28:41,2025-07-04 16:28:47,20872.0,20873.0,GTBTC,GTERI,ok,0.09999999999990905
18790,1648.3,1648.8,2025-07-04 16:28:47,2025-07-04 16:29:29,20873.0,20874.0,GTERI,GTSTC,ok,0.5
18791,1648.8,1648.8,2025-07-04 16:29:29,2025-07-04 16:29:31,20874.0,20875.0,GTSTC,GTMPF,ok,0.0
18792,1648.8,1649.1,2025-07-04 16:29:31,2025-07-04 16:30:06,20875.0,20876.0,GTMPF,GTERI,ok,0.2999999999999545
18793,1649.1,1649.1,2025-07-04 16:30:06,2025-07-04 16:30:07,20876.0,20877.0,GTERI,GTIGF,ok,0.0
18794,1649.1,1649.1,2025-07-04 16:30:07,2025-07-04 16:30:07,20877.0,20878.0,GTIGF,GTSTT,ok,0.0
18795,1649.1,1649.1,2025-07-04 16:30:07,2025-07-04 16:30:07,20878.0,20879.0,GTSTT,GTERI,ok,0.0
18796,1649.1,1649.1,2025-07-04 16:30:07,2025-07-04 16:30:07,20879.0,20880.0,GTERI,GTIGL,ok,0.0
18798,1649.1,1649.1,2025-07-04 16:30:07,2025-07-04 16:30:55,20880.0,20882.0,GTIGL,GTSTT,ok,0.0
18806,1649.1,1649.1,2025-07-04 16:30:55,2025-07-04 16:45:10,20882.0,20890.0,GTSTT,GTIGN,ok,0.0
18807,1649.1,1649.1,2025-07-04 16:45:10,2025-07-04 16:45:10,20890.0,20891.0,GTIGN,GTSTT,ok,0.0
18808,1649.1,1649.1,2025-07-04 16:45:10,2025-07-04 16:45:18,20891.0,20892.0,GTSTT,GTERI,ok,0.0
18809,1649.1,1649.1,2025-07-04 16:45:18,2025-07-04 16:45:18,20892.0,20893.0,GTERI,GTIGL,ok,0.0
18810,1649.1,1649.1,2025-07-04 16:45:18,2025-07-04 16:45:21,20893.0,20894.0,GTIGL,GTERI,ok,0.0
18811,1649.1,1649.1,2025-07-04 16:45:21,2025-07-04 16:45:28,20894.0,20895.0,GTERI,GTERI,ok,0.0
18812,1649.1,1649.1,2025-07-04 16:45:28,2025-07-04 16:45:30,20895.0,20896.0,GTERI,GTERI,ok,0.0
18814,1649.1,1650.3,2025-07-04 16:45:30,2025-07-04 16:47:15,20896.0,20898.0,GTERI,GTERI,ok,1.2000000000000455
18815,1650.3,1650.3,2025-07-04 16:47:15,2025-07-04 16:47:17,20898.0,20899.0,GTERI,GTERI,ok,0.0
18816,1650.3,1650.7,2025-07-04 16:47:17,2025-07-04 16:48:19,20899.0,20900.0,GTERI,GTERI,ok,0.40000000000009095
18818,1650.7,1651.1,2025-07-04 16:48:19,2025-07-04 16:49:26,20900.0,20902.0,GTERI,GTERI,ok,0.3999999999998636
18820,1651.1,1651.1,2025-07-04 16:49:26,2025-07-04 16:50:47,20902.0,20904.0,GTERI,GTERI,ok,0.0
18821,1651.1,1651.1,2025-07-04 16:50:47,2025-07-04 16:50:50,20904.0,20905.0,GTERI,GTERI,ok,0.0
18822,1651.1,1651.2,2025-07-04 16:50:50,2025-07-04 16:51:13,20905.0,20906.0,GTERI,GTERI,ok,0.10000000000013642
18823,1651.2,1651.2,2025-07-04 16:51:13,2025-07-04 16:51:15,20906.0,20907.0,GTERI,GTERI,ok,0.0
18824,1651.2,1651.2,2025-07-04 16:51:15,2025-07-04 16:51:19,20907.0,20908.0,GTERI,GTERI,ok,0.0
18825,1651.2,1651.3,2025-07-04 16:51:19,2025-07-04 16:51:22,20908.0,20909.0,GTERI,GTERI,ok,0.09999999999990905
18826,1651.3,1651.3,2025-07-04 16:51:22,2025-07-04 16:51:24,20909.0,20910.0,GTERI,GTERI,ok,0.0
18827,1651.3,1651.3,2025-07-04 16:51:24,2025-07-04 16:51:34,20910.0,20911.0,GTERI,GTERI,ok,0.0
18828,1651.3,1651.4,2025-07-04 16:51:34,2025-07-04 16:51:37,20911.0,20912.0,GTERI,GTERI,ok,0.10000000000013642
18829,1651.4,1651.4,2025-07-04 16:51:37,2025-07-04 16:51:47,20912.0,20913.0,GTERI,GTERI,ok,0.0
18830,1651.4,1651.4,2025-07-04 16:51:47,2025-07-04 16:51:48,20913.0,20914.0,GTERI,GTERI,ok,0.0
18831,1651.4,1651.5,2025-07-04 16:51:48,2025-07-04 16:52:09,20914.0,20915.0,GTERI,GTERI,ok,0.09999999999990905
18832,1651.5,1651.6,2025-07-04 16:52:09,2025-07-04 16:52:21,20915.0,20916.0,GTERI,GTERI,ok,0.09999999999990905
18834,1651.6,1651.8,2025-07-04 16:52:21,2025-07-04 16:52:43,20916.0,20918.0,GTERI,GTIGF,ok,0.20000000000004547
18835,1651.8,1651.8,2025-07-04 16:52:43,2025-07-04 16:52:43,20918.0,20919.0,GTIGF,GTSTT,ok,0.0
18836,1651.8,1651.8,2025-07-04 16:52:43,2025-07-04 16:52:43,20919.0,20920.0,GTSTT,GTERI,ok,0.0
18837,1651.8,1651.8,2025-07-04 16:52:43,2025-07-04 16:52:43,20920.0,20921.0,GTERI,GTIGL,ok,0.0
18838,1651.8,1651.8,2025-07-04 16:52:43,2025-07-04 16:53:26,20921.0,20922.0,GTIGL,GTSTT,ok,0.0
18857,1651.8,1651.8,2025-07-04 16:53:26,2025-07-04 17:29:01,20922.0,20941.0,GTSTT,GTIGN,ok,0.0
18858,1651.8,1651.8,2025-07-04 17:29:01,2025-07-04 17:29:01,20941.0,20942.0,GTIGN,GTSTT,ok,0.0
18859,1651.8,1651.8,2025-07-04 17:29:01,2025-07-04 17:29:08,20942.0,20943.0,GTSTT,GTERI,ok,0.0
18860,1651.8,1651.8,2025-07-04 17:29:08,2025-07-04 17:29:08,20943.0,20944.0,GTERI,GTIGL,ok,0.0
18861,1651.8,1651.8,2025-07-04 17:29:08,2025-07-04 17:29:20,20944.0,20945.0,GTIGL,GTERI,ok,0.0
18863,1651.8,1652.2,2025-07-04 17:29:20,2025-07-04 17:30:45,20945.0,20947.0,GTERI,GTERI,ok,0.40000000000009095
18864,1652.2,1652.2,2025-07-04 17:30:45,2025-07-04 17:30:47,20947.0,20948.0,GTERI,GTERI,ok,0.0
18865,1652.2,1652.6,2025-07-04 17:30:47,2025-07-04 17:32:10,20948.0,20949.0,GTERI,GTERI,ok,0.3999999999998636
18867,1652.6,1653.1,2025-07-04 17:32:10,2025-07-04 17:33:22,20949.0,20951.0,GTERI,GTERI,ok,0.5
18868,1653.1,1653.1,2025-07-04 17:33:22,2025-07-04 17:33:23,20951.0,20952.0,GTERI,GTERI,ok,0.0
18870,1653.1,1654.0,2025-07-04 17:33:23,2025-07-04 17:35:10,20952.0,20954.0,GTERI,GTERI,ok,0.900000000000091
18871,1654.0,1654.1,2025-07-04 17:35:10,2025-07-04 17:35:28,20954.0,20955.0,GTERI,GTERI,ok,0.09999999999990905
18872,1654.1,1654.1,2025-07-04 17:35:28,2025-07-04 17:35:30,20955.0,20956.0,GTERI,GTERI,ok,0.0
18873,1654.1,1654.2,2025-07-04 17:35:30,2025-07-04 17:35:54,20956.0,20957.0,GTERI,GTERI,ok,0.10000000000013642
18874,1654.2,1654.2,2025-07-04 17:35:54,2025-07-04 17:35:55,20957.0,20958.0,GTERI,GTERI,ok,0.0
18875,1654.2,1654.2,2025-07-04 17:35:55,2025-07-04 17:36:09,20958.0,20959.0,GTERI,GTIGF,ok,0.0
18876,1654.2,1654.2,2025-07-04 17:36:09,2025-07-04 17:36:09,20959.0,20960.0,GTIGF,GTSTT,ok,0.0
18877,1654.2,1654.2,2025-07-04 17:36:09,2025-07-04 17:36:09,20960.0,20961.0,GTSTT,GTERI,ok,0.0
18878,1654.2,1654.2,2025-07-04 17:36:09,2025-07-04 17:36:09,20961.0,20962.0,GTERI,GTIGL,ok,0.0
18880,1654.2,1654.2,2025-07-04 17:36:09,2025-07-04 17:36:44,20962.0,20964.0,GTIGL,GTSTT,ok,0.0
18905,1654.2,1654.2,2025-07-04 17:36:44,2025-07-04 18:25:45,20964.0,20989.0,GTSTT,GTIGN,ok,0.0
18906,1654.2,1654.2,2025-07-04 18:25:45,2025-07-04 18:25:45,20989.0,20990.0,GTIGN,GTSTT,ok,0.0
18907,1654.2,1654.2,2025-07-04 18:25:45,2025-07-04 18:25:53,20990.0,20991.0,GTSTT,GTERI,ok,0.0
18908,1654.2,1654.2,2025-07-04 18:25:53,2025-07-04 18:25:53,20991.0,20992.0,GTERI,GTIGL,ok,0.0
18909,1654.2,1654.2,2025-07-04 18:25:53,2025-07-04 18:25:56,20992.0,20993.0,GTIGL,GTERI,ok,0.0
18910,1654.2,1654.2,2025-07-04 18:25:56,2025-07-04 18:25:58,20993.0,20994.0,GTERI,GTERI,ok,0.0
18911,1654.2,1654.2,2025-07-04 18:25:58,2025-07-04 18:26:02,20994.0,20995.0,GTERI,GTERI,ok,0.0
18912,1654.2,1654.2,2025-07-04 18:26:02,2025-07-04 18:26:03,20995.0,20996.0,GTERI,GTERI,ok,0.0
18913,1654.2,1654.2,2025-07-04 18:26:03,2025-07-04 18:26:19,20996.0,20997.0,GTERI,GTERI,ok,0.0
18914,1654.2,1654.3,2025-07-04 18:26:19,2025-07-04 18:26:34,20997.0,20998.0,GTERI,GTERI,ok,0.09999999999990905
18916,1654.3,1654.3,2025-07-04 18:26:34,2025-07-04 18:26:36,20998.0,21000.0,GTERI,GTERI,ok,0.0
18917,1654.3,1654.4,2025-07-04 18:26:36,2025-07-04 18:26:44,21000.0,21001.0,GTERI,GTERI,ok,0.10000000000013642
18918,1654.4,1654.4,2025-07-04 18:26:44,2025-07-04 18:26:45,21001.0,21002.0,GTERI,GTERI,ok,0.0
18919,1654.4,1654.4,2025-07-04 18:26:45,2025-07-04 18:26:53,21002.0,21003.0,GTERI,GTERI,ok,0.0
18920,1654.4,1654.4,2025-07-04 18:26:53,2025-07-04 18:26:54,21003.0,21004.0,GTERI,GTERI,ok,0.0
18921,1654.4,1654.5,2025-07-04 18:26:54,2025-07-04 18:27:04,21004.0,21005.0,GTERI,GTIGF,ok,0.09999999999990905
18922,1654.5,1654.5,2025-07-04 18:27:04,2025-07-04 18:27:04,21005.0,21006.0,GTIGF,GTSTT,ok,0.0
18923,1654.5,1654.5,2025-07-04 18:27:04,2025-07-04 18:27:05,21006.0,21007.0,GTSTT,GTERI,ok,0.0
18924,1654.5,1654.5,2025-07-04 18:27:05,2025-07-04 18:27:05,21007.0,21008.0,GTERI,GTIGL,ok,0.0
18925,1654.5,1654.5,2025-07-04 18:27:05,2025-07-04 18:28:06,21008.0,21009.0,GTIGL,GTSTT,ok,0.0
18956,1654.5,1654.5,2025-07-04 18:28:06,2025-07-04 19:27:00,21009.0,21040.0,GTSTT,GTERI,ok,0.0
18987,1654.5,1654.5,2025-07-04 19:27:00,2025-07-04 20:27:00,21040.0,21071.0,GTERI,GTERI,ok,0.0
19018,1654.5,1654.5,2025-07-04 20:27:00,2025-07-04 21:27:00,21071.0,21103.0,GTERI,GTERI,ok,0.0
19049,1654.5,1654.5,2025-07-04 21:27:00,2025-07-04 22:27:00,21103.0,21134.0,GTERI,GTERI,ok,0.0
19080,1654.5,1654.5,2025-07-04 22:27:00,2025-07-04 23:27:00,21134.0,21165.0,GTERI,GTERI,ok,0.0
19110,1654.5,1654.5,2025-07-04 23:27:00,2025-07-05 00:25:11,21165.0,21195.0,GTERI,GTPFR,ok,0.0
19112,1654.5,1654.5,2025-07-05 00:25:11,2025-07-07 12:14:11,21195.0,21197.0,GTPFR,GTPNR,ok,0.0
19113,1654.5,1654.5,2025-07-07 12:14:11,2025-07-07 12:14:13,21197.0,21198.0,GTPNR,GTIGN,ok,0.0
19115,1654.5,1654.5,2025-07-07 12:14:13,2025-07-07 12:14:13,21198.0,21199.0,GTIGN,GTSTT,ok,0.0
19116,1654.5,1654.5,2025-07-07 12:14:13,2025-07-07 12:14:13,21199.0,21201.0,GTSTT,GTSTT,ok,0.0
19117,1654.5,1654.5,2025-07-07 12:14:13,2025-07-07 12:14:14,21201.0,21202.0,GTSTT,GTMPN,ok,0.0
19118,1654.5,1654.5,2025-07-07 12:14:14,2025-07-07 12:14:54,21202.0,21203.0,GTMPN,GTRTL,ok,0.0
19119,1654.5,1654.5,2025-07-07 12:14:54,2025-07-07 12:14:54,21203.0,21204.0,GTRTL,GTIGL,ok,0.0
19121,1654.5,1657.0,2025-07-07 12:14:54,2025-07-07 12:17:18,21204.0,21206.0,GTIGL,GTBTC,ok,2.5
19122,1657.0,1657.0,2025-07-07 12:17:18,2025-07-07 12:17:23,21206.0,21207.0,GTBTC,GTERI,ok,0.0
19124,1657.0,1657.9,2025-07-07 12:17:23,2025-07-07 12:20:03,21207.0,21209.0,GTERI,GTERI,ok,0.900000000000091
19125,1657.9,1658.0,2025-07-07 12:20:03,2025-07-07 12:20:05,21209.0,21210.0,GTERI,GTERI,ok,0.09999999999990905
19127,1658.0,1658.1,2025-07-07 12:20:05,2025-07-07 12:20:23,21210.0,21212.0,GTERI,GTERI,ok,0.09999999999990905
19128,1658.1,1659.0,2025-07-07 12:20:23,2025-07-07 12:21:54,21212.0,21213.0,GTERI,GTERI,ok,0.900000000000091
19129,1659.0,1659.0,2025-07-07 12:21:54,2025-07-07 12:21:56,21213.0,21214.0,GTERI,GTERI,ok,0.0
19130,1659.0,1659.1,2025-07-07 12:21:56,2025-07-07 12:22:05,21214.0,21215.0,GTERI,GTERI,ok,0.09999999999990905
19131,1659.1,1659.1,2025-07-07 12:22:05,2025-07-07 12:22:07,21215.0,21216.0,GTERI,GTERI,ok,0.0
19133,1659.1,1659.1,2025-07-07 12:22:07,2025-07-07 12:22:23,21216.0,21218.0,GTERI,GTIGF,ok,0.0
19134,1659.1,1659.1,2025-07-07 12:22:23,2025-07-07 12:22:23,21218.0,21219.0,GTIGF,GTSTT,ok,0.0
19135,1659.1,1659.1,2025-07-07 12:22:23,2025-07-07 12:22:24,21219.0,21220.0,GTSTT,GTERI,ok,0.0
19136,1659.1,1659.1,2025-07-07 12:22:24,2025-07-07 12:22:24,21220.0,21221.0,GTERI,GTIGL,ok,0.0
19137,1659.1,1659.1,2025-07-07 12:22:24,2025-07-07 12:22:25,21221.0,21222.0,GTIGL,GTSTC,ok,0.0
19139,1659.1,1659.1,2025-07-07 12:22:25,2025-07-07 12:24:40,21222.0,21224.0,GTSTC,GTSTT,ok,0.0
19168,1659.1,1659.1,2025-07-07 12:24:40,2025-07-07 13:21:37,21224.0,21253.0,GTSTT,GTIGN,ok,0.0
19169,1659.1,1659.1,2025-07-07 13:21:37,2025-07-07 13:21:37,21253.0,21254.0,GTIGN,GTSTT,ok,0.0
19170,1659.1,1659.1,2025-07-07 13:21:37,2025-07-07 13:21:45,21254.0,21255.0,GTSTT,GTERI,ok,0.0
19171,1659.1,1659.1,2025-07-07 13:21:45,2025-07-07 13:21:45,21255.0,21256.0,GTERI,GTIGL,ok,0.0
19172,1659.1,1659.1,2025-07-07 13:21:45,2025-07-07 13:21:53,21256.0,21257.0,GTIGL,GTERI,ok,0.0
19173,1659.1,1659.2,2025-07-07 13:21:53,2025-07-07 13:22:00,21257.0,21258.0,GTERI,GTERI,ok,0.10000000000013642
19174,1659.2,1659.2,2025-07-07 13:22:00,2025-07-07 13:22:02,21258.0,21259.0,GTERI,GTERI,ok,0.0
19175,1659.2,1659.2,2025-07-07 13:22:02,2025-07-07 13:22:16,21259.0,21260.0,GTERI,GTERI,ok,0.0
19176,1659.2,1659.2,2025-07-07 13:22:16,2025-07-07 13:22:18,21260.0,21261.0,GTERI,GTERI,ok,0.0
19178,1659.2,1659.2,2025-07-07 13:22:18,2025-07-07 13:22:21,21261.0,21263.0,GTERI,GTERI,ok,0.0
19180,1659.2,1660.3,2025-07-07 13:22:21,2025-07-07 13:24:38,21263.0,21265.0,GTERI,GTBTC,ok,1.099999999999909
19181,1660.3,1660.3,2025-07-07 13:24:38,2025-07-07 13:24:44,21265.0,21266.0,GTBTC,GTERI,ok,0.0
19182,1660.3,1660.3,2025-07-07 13:24:44,2025-07-07 13:24:45,21266.0,21267.0,GTERI,GTERI,ok,0.0
19183,1660.3,1660.4,2025-07-07 13:24:45,2025-07-07 13:24:47,21267.0,21268.0,GTERI,GTERI,ok,0.10000000000013642
19184,1660.4,1660.4,2025-07-07 13:24:47,2025-07-07 13:24:58,21268.0,21269.0,GTERI,GTERI,ok,0.0
19185,1660.4,1660.5,2025-07-07 13:24:58,2025-07-07 13:25:11,21269.0,21270.0,GTERI,GTERI,ok,0.09999999999990905
19187,1660.5,1661.4,2025-07-07 13:25:11,2025-07-07 13:26:34,21270.0,21272.0,GTERI,GTERI,ok,0.900000000000091
19188,1661.4,1661.4,2025-07-07 13:26:34,2025-07-07 13:26:35,21272.0,21273.0,GTERI,GTERI,ok,0.0
19189,1661.4,1661.4,2025-07-07 13:26:35,2025-07-07 13:26:37,21273.0,21274.0,GTERI,GTERI,ok,0.0
19190,1661.4,1661.4,2025-07-07 13:26:37,2025-07-07 13:26:39,21274.0,21275.0,GTERI,GTERI,ok,0.0
19191,1661.4,1661.4,2025-07-07 13:26:39,2025-07-07 13:26:40,21275.0,21276.0,GTERI,GTERI,ok,0.0
19192,1661.4,1661.4,2025-07-07 13:26:40,2025-07-07 13:26:50,21276.0,21277.0,GTERI,GTERI,ok,0.0
19193,1661.4,1661.4,2025-07-07 13:26:50,2025-07-07 13:26:57,21277.0,21278.0,GTERI,GTIGF,ok,0.0
19194,1661.4,1661.4,2025-07-07 13:26:57,2025-07-07 13:26:57,21278.0,21279.0,GTIGF,GTSTT,ok,0.0
19195,1661.4,1661.4,2025-07-07 13:26:57,2025-07-07 13:26:57,21279.0,21280.0,GTSTT,GTERI,ok,0.0
19196,1661.4,1661.4,2025-07-07 13:26:57,2025-07-07 13:26:57,21280.0,21281.0,GTERI,GTIGL,ok,0.0
19197,1661.4,1661.4,2025-07-07 13:26:57,2025-07-07 13:26:58,21281.0,21282.0,GTIGL,GTSTC,ok,0.0
19198,1661.4,1661.4,2025-07-07 13:26:58,2025-07-07 13:27:51,21282.0,21283.0,GTSTC,GTSTT,ok,0.0
19201,1661.4,1661.4,2025-07-07 13:27:51,2025-07-07 13:32:06,21283.0,21286.0,GTSTT,GTSTT,ok,0.0
19202,1661.4,1661.4,2025-07-07 13:32:06,2025-07-07 13:32:10,21286.0,21287.0,GTSTT,GTIGN,ok,0.0
19203,1661.4,1661.4,2025-07-07 13:32:10,2025-07-07 13:32:10,21287.0,21288.0,GTIGN,GTSTT,ok,0.0
19204,1661.4,1661.4,2025-07-07 13:32:10,2025-07-07 13:32:15,21288.0,21289.0,GTSTT,GTERI,ok,0.0
19205,1661.4,1661.4,2025-07-07 13:32:15,2025-07-07 13:32:15,21289.0,21290.0,GTERI,GTIGL,ok,0.0
19207,1661.4,1661.4,2025-07-07 13:32:15,2025-07-07 13:32:40,21290.0,21292.0,GTIGL,GTERI,ok,0.0
19208,1661.4,1661.4,2025-07-07 13:32:40,2025-07-07 13:32:42,21292.0,21293.0,GTERI,GTERI,ok,0.0
19209,1661.4,1661.4,2025-07-07 13:32:42,2025-07-07 13:32:44,21293.0,21294.0,GTERI,GTERI,ok,0.0
19210,1661.4,1661.4,2025-07-07 13:32:44,2025-07-07 13:32:45,21294.0,21295.0,GTERI,GTERI,ok,0.0
19211,1661.4,1661.4,2025-07-07 13:32:45,2025-07-07 13:32:46,21295.0,21296.0,GTERI,GTERI,ok,0.0
19212,1661.4,1662.2,2025-07-07 13:32:46,2025-07-07 13:33:51,21296.0,21297.0,GTERI,GTERI,ok,0.7999999999999545
19213,1662.2,1662.2,2025-07-07 13:33:51,2025-07-07 13:33:59,21297.0,21298.0,GTERI,GTERI,ok,0.0
19214,1662.2,1662.2,2025-07-07 13:33:59,2025-07-07 13:34:00,21298.0,21299.0,GTERI,GTERI,ok,0.0
19216,1662.2,1663.7,2025-07-07 13:34:00,2025-07-07 13:35:10,21299.0,21301.0,GTERI,GTBTC,ok,1.5
19217,1663.7,1663.9,2025-07-07 13:35:10,2025-07-07 13:35:18,21301.0,21302.0,GTBTC,GTERI,ok,0.20000000000004547
19219,1663.9,1666.1,2025-07-07 13:35:18,2025-07-07 13:36:53,21302.0,21304.0,GTERI,GTERI,ok,2.199999999999818
19220,1666.1,1666.1,2025-07-07 13:36:53,2025-07-07 13:36:55,21304.0,21305.0,GTERI,GTERI,ok,0.0
19221,1666.1,1666.2,2025-07-07 13:36:55,2025-07-07 13:37:01,21305.0,21306.0,GTERI,GTERI,ok,0.10000000000013642
19222,1666.2,1666.2,2025-07-07 13:37:01,2025-07-07 13:37:04,21306.0,21307.0,GTERI,GTERI,ok,0.0
19223,1666.2,1666.2,2025-07-07 13:37:04,2025-07-07 13:38:18,21307.0,21308.0,GTERI,GTERI,ok,0.0
19225,1666.2,1666.3,2025-07-07 13:38:18,2025-07-07 13:38:24,21308.0,21310.0,GTERI,GTERI,ok,0.09999999999990905
19226,1666.3,1666.3,2025-07-07 13:38:24,2025-07-07 13:38:25,21310.0,21311.0,GTERI,GTERI,ok,0.0
19227,1666.3,1666.3,2025-07-07 13:38:25,2025-07-07 13:38:25,21311.0,21311.0,GTERI,GTERI,ok,0.0
19228,1666.3,1666.3,2025-07-07 13:38:25,2025-07-07 13:38:29,21311.0,21312.0,GTERI,GTERI,ok,0.0
19229,1666.3,1666.3,2025-07-07 13:38:29,2025-07-07 13:38:31,21312.0,21313.0,GTERI,GTERI,ok,0.0
19230,1666.3,1666.3,2025-07-07 13:38:31,2025-07-07 13:38:46,21313.0,21314.0,GTERI,GTIGF,ok,0.0
19231,1666.3,1666.3,2025-07-07 13:38:46,2025-07-07 13:38:46,21314.0,21315.0,GTIGF,GTSTT,ok,0.0
19232,1666.3,1666.3,2025-07-07 13:38:46,2025-07-07 13:38:46,21315.0,21316.0,GTSTT,GTSTC,ok,0.0
19233,1666.3,1666.3,2025-07-07 13:38:46,2025-07-07 13:38:46,21316.0,21317.0,GTSTC,GTERI,ok,0.0
19234,1666.3,1666.3,2025-07-07 13:38:46,2025-07-07 13:38:46,21317.0,21318.0,GTERI,GTIGL,ok,0.0
19235,1666.3,1666.3,2025-07-07 13:38:46,2025-07-07 13:39:25,21318.0,21319.0,GTIGL,GTSTT,ok,0.0
19252,1666.3,1666.3,2025-07-07 13:39:25,2025-07-07 14:10:55,21319.0,21336.0,GTSTT,GTIGN,ok,0.0
19253,1666.3,1666.3,2025-07-07 14:10:55,2025-07-07 14:10:55,21336.0,21337.0,GTIGN,GTSTT,ok,0.0
19254,1666.3,1666.3,2025-07-07 14:10:55,2025-07-07 14:11:03,21337.0,21338.0,GTSTT,GTERI,ok,0.0
19255,1666.3,1666.3,2025-07-07 14:11:03,2025-07-07 14:11:03,21338.0,21339.0,GTERI,GTIGL,ok,0.0
19256,1666.3,1666.3,2025-07-07 14:11:03,2025-07-07 14:11:08,21339.0,21340.0,GTIGL,GTERI,ok,0.0
19257,1666.3,1666.3,2025-07-07 14:11:08,2025-07-07 14:11:15,21340.0,21341.0,GTERI,GTERI,ok,0.0
19258,1666.3,1666.4,2025-07-07 14:11:15,2025-07-07 14:11:30,21341.0,21342.0,GTERI,GTERI,ok,0.10000000000013642
19259,1666.4,1666.4,2025-07-07 14:11:30,2025-07-07 14:11:39,21342.0,21343.0,GTERI,GTERI,ok,0.0
19260,1666.4,1666.4,2025-07-07 14:11:39,2025-07-07 14:11:41,21343.0,21344.0,GTERI,GTERI,ok,0.0
19262,1666.4,1669.4,2025-07-07 14:11:41,2025-07-07 14:13:56,21344.0,21346.0,GTERI,GTBTC,ok,3.0
19263,1669.4,1669.5,2025-07-07 14:13:56,2025-07-07 14:14:02,21346.0,21347.0,GTBTC,GTERI,ok,0.09999999999990905
19265,1669.5,1670.2,2025-07-07 14:14:02,2025-07-07 14:14:37,21347.0,21349.0,GTERI,GTERI,ok,0.7000000000000455
19266,1670.2,1670.3,2025-07-07 14:14:37,2025-07-07 14:14:39,21349.0,21350.0,GTERI,GTERI,ok,0.09999999999990905
19267,1670.3,1671.0,2025-07-07 14:14:39,2025-07-07 14:15:42,21350.0,21351.0,GTERI,GTERI,ok,0.7000000000000455
19268,1671.0,1671.0,2025-07-07 14:15:42,2025-07-07 14:15:44,21351.0,21352.0,GTERI,GTERI,ok,0.0
19269,1671.0,1671.1,2025-07-07 14:15:44,2025-07-07 14:15:48,21352.0,21353.0,GTERI,GTERI,ok,0.09999999999990905
19270,1671.1,1671.1,2025-07-07 14:15:48,2025-07-07 14:15:50,21353.0,21354.0,GTERI,GTERI,ok,0.0
19271,1671.1,1671.1,2025-07-07 14:15:50,2025-07-07 14:16:02,21354.0,21355.0,GTERI,GTIGF,ok,0.0
19272,1671.1,1671.1,2025-07-07 14:16:02,2025-07-07 14:16:02,21355.0,21356.0,GTIGF,GTSTT,ok,0.0
19273,1671.1,1671.1,2025-07-07 14:16:02,2025-07-07 14:16:03,21356.0,21357.0,GTSTT,GTERI,ok,0.0
19274,1671.1,1671.1,2025-07-07 14:16:03,2025-07-07 14:16:03,21357.0,21358.0,GTERI,GTIGL,ok,0.0
19275,1671.1,1671.1,2025-07-07 14:16:03,2025-07-07 14:16:03,21358.0,21359.0,GTIGL,GTSTC,ok,0.0
19277,1671.1,1671.1,2025-07-07 14:16:03,2025-07-07 14:16:38,21359.0,21361.0,GTSTC,GTSTT,ok,0.0
19307,1671.1,1671.1,2025-07-07 14:16:38,2025-07-07 15:15:57,21361.0,21391.0,GTSTT,GTERI,ok,0.0
19338,1671.1,1671.1,2025-07-07 15:15:57,2025-07-07 16:15:57,21391.0,21422.0,GTERI,GTERI,ok,0.0
19369,1671.1,1671.1,2025-07-07 16:15:57,2025-07-07 17:15:57,21422.0,21453.0,GTERI,GTERI,ok,0.0
19400,1671.1,1671.1,2025-07-07 17:15:57,2025-07-07 18:15:57,21453.0,21484.0,GTERI,GTERI,ok,0.0
19431,1671.1,1671.1,2025-07-07 18:15:57,2025-07-07 19:15:57,21484.0,21515.0,GTERI,GTERI,ok,0.0
19462,1671.1,1671.1,2025-07-07 19:15:57,2025-07-07 20:15:57,21515.0,21546.0,GTERI,GTERI,ok,0.0
19493,1671.1,1671.1,2025-07-07 20:15:57,2025-07-07 21:15:57,21546.0,21577.0,GTERI,GTERI,ok,0.0
19524,1671.1,1671.1,2025-07-07 21:15:57,2025-07-07 22:15:57,21577.0,21608.0,GTERI,GTERI,ok,0.0
19555,1671.1,1671.1,2025-07-07 22:15:57,2025-07-07 23:15:57,21608.0,21639.0,GTERI,GTERI,ok,0.0
19586,1671.1,1671.1,2025-07-07 23:15:57,2025-07-08 00:15:57,21639.0,21670.0,GTERI,GTERI,ok,0.0
19617,1671.1,1671.1,2025-07-08 00:15:57,2025-07-08 01:15:57,21670.0,21701.0,GTERI,GTERI,ok,0.0
19648,1671.1,1671.1,2025-07-08 01:15:57,2025-07-08 02:15:57,21701.0,21732.0,GTERI,GTERI,ok,0.0
19679,1671.1,1671.1,2025-07-08 02:15:57,2025-07-08 03:15:57,21732.0,21763.0,GTERI,GTERI,ok,0.0
19710,1671.1,1671.1,2025-07-08 03:15:57,2025-07-08 04:15:57,21763.0,21794.0,GTERI,GTERI,ok,0.0
19740,1671.1,1671.1,2025-07-08 04:15:57,2025-07-08 05:15:57,21794.0,21824.0,GTERI,GTERI,ok,0.0
19771,1671.1,1671.1,2025-07-08 05:15:57,2025-07-08 06:15:57,21824.0,21855.0,GTERI,GTERI,ok,0.0
19802,1671.1,1671.1,2025-07-08 06:15:57,2025-07-08 07:15:57,21855.0,21886.0,GTERI,GTERI,ok,0.0
19833,1671.1,1671.1,2025-07-08 07:15:57,2025-07-08 08:15:57,21886.0,21917.0,GTERI,GTERI,ok,0.0
19835,1671.1,1671.1,2025-07-08 08:15:57,2025-07-08 08:18:21,21917.0,21919.0,GTERI,GTIGN,ok,0.0
19836,1671.1,1671.1,2025-07-08 08:18:21,2025-07-08 08:18:21,21919.0,21920.0,GTIGN,GTSTT,ok,0.0
19837,1671.1,1671.1,2025-07-08 08:18:21,2025-07-08 08:18:34,21920.0,21921.0,GTSTT,GTERI,ok,0.0
19838,1671.1,1671.1,2025-07-08 08:18:34,2025-07-08 08:18:34,21921.0,21922.0,GTERI,GTIGL,ok,0.0
19839,1671.1,1671.1,2025-07-08 08:18:34,2025-07-08 08:18:37,21922.0,21923.0,GTIGL,GTERI,ok,0.0
19840,1671.1,1671.1,2025-07-08 08:18:37,2025-07-08 08:18:46,21923.0,21924.0,GTERI,GTERI,ok,0.0
19842,1671.1,1671.1,2025-07-08 08:18:46,2025-07-08 08:19:05,21924.0,21926.0,GTERI,GTERI,ok,0.0
19843,1671.1,1671.1,2025-07-08 08:19:05,2025-07-08 08:19:07,21926.0,21927.0,GTERI,GTERI,ok,0.0
19844,1671.1,1671.8,2025-07-08 08:19:07,2025-07-08 08:20:07,21927.0,21928.0,GTERI,GTERI,ok,0.7000000000000455
19845,1671.8,1671.9,2025-07-08 08:20:07,2025-07-08 08:20:12,21928.0,21929.0,GTERI,GTERI,ok,0.10000000000013642
19846,1671.9,1671.9,2025-07-08 08:20:12,2025-07-08 08:20:14,21929.0,21930.0,GTERI,GTERI,ok,0.0
19847,1671.9,1671.9,2025-07-08 08:20:14,2025-07-08 08:20:16,21930.0,21931.0,GTERI,GTERI,ok,0.0
19849,1671.9,1673.2,2025-07-08 08:20:16,2025-07-08 08:21:22,21931.0,21933.0,GTERI,GTBTC,ok,1.2999999999999545
19850,1673.2,1673.3,2025-07-08 08:21:22,2025-07-08 08:21:28,21933.0,21934.0,GTBTC,GTERI,ok,0.09999999999990905
19852,1673.3,1675.8,2025-07-08 08:21:28,2025-07-08 08:23:20,21934.0,21936.0,GTERI,GTERI,ok,2.5
19853,1675.8,1675.8,2025-07-08 08:23:20,2025-07-08 08:23:22,21936.0,21937.0,GTERI,GTERI,ok,0.0
19854,1675.8,1675.8,2025-07-08 08:23:22,2025-07-08 08:23:26,21937.0,21938.0,GTERI,GTERI,ok,0.0
19855,1675.8,1675.8,2025-07-08 08:23:26,2025-07-08 08:23:29,21938.0,21939.0,GTERI,GTERI,ok,0.0
19856,1675.8,1675.9,2025-07-08 08:23:29,2025-07-08 08:23:47,21939.0,21940.0,GTERI,GTERI,ok,0.10000000000013642
19857,1675.9,1675.9,2025-07-08 08:23:47,2025-07-08 08:23:48,21940.0,21941.0,GTERI,GTERI,ok,0.0
19858,1675.9,1675.9,2025-07-08 08:23:48,2025-07-08 08:23:55,21941.0,21942.0,GTERI,GTERI,ok,0.0
19859,1675.9,1675.9,2025-07-08 08:23:55,2025-07-08 08:24:05,21942.0,21943.0,GTERI,GTIGF,ok,0.0
19860,1675.9,1675.9,2025-07-08 08:24:05,2025-07-08 08:24:05,21943.0,21944.0,GTIGF,GTSTT,ok,0.0
19861,1675.9,1675.9,2025-07-08 08:24:05,2025-07-08 08:24:05,21944.0,21945.0,GTSTT,GTERI,ok,0.0
19862,1675.9,1675.9,2025-07-08 08:24:05,2025-07-08 08:24:05,21945.0,21946.0,GTERI,GTIGL,ok,0.0
19863,1675.9,1675.9,2025-07-08 08:24:05,2025-07-08 08:24:06,21946.0,21947.0,GTIGL,GTSTC,ok,0.0
19865,1675.9,1675.9,2025-07-08 08:24:06,2025-07-08 08:25:03,21947.0,21949.0,GTSTC,GTSTT,ok,0.0
19895,1675.9,1675.9,2025-07-08 08:25:03,2025-07-08 09:24:00,21949.0,21979.0,GTSTT,GTERI,ok,0.0
19915,1675.9,1675.9,2025-07-08 09:24:00,2025-07-08 10:01:48,21979.0,21999.0,GTERI,GTIGN,ok,0.0
19916,1675.9,1675.9,2025-07-08 10:01:48,2025-07-08 10:01:48,21999.0,22000.0,GTIGN,GTSTT,ok,0.0
19917,1675.9,1675.9,2025-07-08 10:01:48,2025-07-08 10:01:55,22000.0,22001.0,GTSTT,GTERI,ok,0.0
19918,1675.9,1675.9,2025-07-08 10:01:55,2025-07-08 10:01:55,22001.0,22002.0,GTERI,GTIGL,ok,0.0
19919,1675.9,1675.9,2025-07-08 10:01:55,2025-07-08 10:01:58,22002.0,22003.0,GTIGL,GTERI,ok,0.0
19920,1675.9,1675.9,2025-07-08 10:01:58,2025-07-08 10:02:01,22003.0,22004.0,GTERI,GTERI,ok,0.0
19921,1675.9,1676.0,2025-07-08 10:02:01,2025-07-08 10:02:24,22004.0,22005.0,GTERI,GTERI,ok,0.09999999999990905
19922,1676.0,1676.0,2025-07-08 10:02:24,2025-07-08 10:02:30,22005.0,22006.0,GTERI,GTERI,ok,0.0
19923,1676.0,1676.0,2025-07-08 10:02:30,2025-07-08 10:02:32,22006.0,22007.0,GTERI,GTERI,ok,0.0
19924,1676.0,1676.0,2025-07-08 10:02:32,2025-07-08 10:02:35,22007.0,22008.0,GTERI,GTERI,ok,0.0
19926,1676.0,1678.9,2025-07-08 10:02:35,2025-07-08 10:04:50,22008.0,22010.0,GTERI,GTBTC,ok,2.900000000000091
19928,1678.9,1679.1,2025-07-08 10:04:50,2025-07-08 10:04:56,22010.0,22012.0,GTBTC,GTERI,ok,0.1999999999998181
19929,1679.1,1679.9,2025-07-08 10:04:56,2025-07-08 10:05:36,22012.0,22013.0,GTERI,GTERI,ok,0.8000000000001819
19930,1679.9,1679.9,2025-07-08 10:05:36,2025-07-08 10:05:38,22013.0,22014.0,GTERI,GTERI,ok,0.0
19932,1679.9,1681.5,2025-07-08 10:05:38,2025-07-08 10:07:56,22014.0,22016.0,GTERI,GTERI,ok,1.599999999999909
19933,1681.5,1681.7,2025-07-08 10:07:56,2025-07-08 10:08:39,22016.0,22017.0,GTERI,GTERI,ok,0.20000000000004547
19934,1681.7,1681.7,2025-07-08 10:08:39,2025-07-08 10:08:40,22017.0,22018.0,GTERI,GTERI,ok,0.0
19935,1681.7,1681.7,2025-07-08 10:08:40,2025-07-08 10:08:40,22018.0,22018.0,GTERI,GTERI,ok,0.0
19936,1681.7,1681.7,2025-07-08 10:08:40,2025-07-08 10:08:42,22018.0,22019.0,GTERI,GTERI,ok,0.0
19937,1681.7,1681.7,2025-07-08 10:08:42,2025-07-08 10:08:44,22019.0,22020.0,GTERI,GTERI,ok,0.0
19938,1681.7,1681.7,2025-07-08 10:08:44,2025-07-08 10:08:51,22020.0,22021.0,GTERI,GTERI,ok,0.0
19940,1681.7,1681.8,2025-07-08 10:08:51,2025-07-08 10:09:15,22021.0,22023.0,GTERI,GTERI,ok,0.09999999999990905
19941,1681.8,1681.8,2025-07-08 10:09:15,2025-07-08 10:09:17,22023.0,22024.0,GTERI,GTERI,ok,0.0
19942,1681.8,1681.9,2025-07-08 10:09:17,2025-07-08 10:09:28,22024.0,22025.0,GTERI,GTERI,ok,0.10000000000013642
19943,1681.9,1681.9,2025-07-08 10:09:28,2025-07-08 10:09:30,22025.0,22026.0,GTERI,GTERI,ok,0.0
19944,1681.9,1681.9,2025-07-08 10:09:30,2025-07-08 10:09:45,22026.0,22027.0,GTERI,GTERI,ok,0.0
19945,1681.9,1681.9,2025-07-08 10:09:45,2025-07-08 10:09:47,22027.0,22028.0,GTERI,GTERI,ok,0.0
19946,1681.9,1682.0,2025-07-08 10:09:47,2025-07-08 10:10:03,22028.0,22029.0,GTERI,GTERI,ok,0.09999999999990905
19947,1682.0,1682.0,2025-07-08 10:10:03,2025-07-08 10:10:06,22029.0,22030.0,GTERI,GTERI,ok,0.0
19948,1682.0,1682.0,2025-07-08 10:10:06,2025-07-08 10:10:12,22030.0,22031.0,GTERI,GTERI,ok,0.0
19949,1682.0,1682.1,2025-07-08 10:10:12,2025-07-08 10:10:19,22031.0,22032.0,GTERI,GTERI,ok,0.09999999999990905
19950,1682.1,1682.1,2025-07-08 10:10:19,2025-07-08 10:10:39,22032.0,22033.0,GTERI,GTIGF,ok,0.0
19951,1682.1,1682.1,2025-07-08 10:10:39,2025-07-08 10:10:39,22033.0,22034.0,GTIGF,GTSTT,ok,0.0
19952,1682.1,1682.1,2025-07-08 10:10:39,2025-07-08 10:10:39,22034.0,22035.0,GTSTT,GTERI,ok,0.0
19953,1682.1,1682.1,2025-07-08 10:10:39,2025-07-08 10:10:39,22035.0,22036.0,GTERI,GTIGL,ok,0.0
19955,1682.1,1682.1,2025-07-08 10:10:39,2025-07-08 10:10:40,22036.0,22037.0,GTIGL,GTSTC,ok,0.0
19956,1682.1,1682.1,2025-07-08 10:10:40,2025-07-08 10:11:21,22037.0,22039.0,GTSTC,GTSTT,ok,0.0
19958,1682.1,1682.1,2025-07-08 10:11:21,2025-07-08 10:13:50,22039.0,22041.0,GTSTT,GTIGN,ok,0.0
19959,1682.1,1682.1,2025-07-08 10:13:50,2025-07-08 10:13:50,22041.0,22042.0,GTIGN,GTSTT,ok,0.0
19960,1682.1,1682.1,2025-07-08 10:13:50,2025-07-08 10:13:50,22042.0,22043.0,GTSTT,GTIGL,ok,0.0
19961,1682.1,1682.1,2025-07-08 10:13:50,2025-07-08 10:13:54,22043.0,22044.0,GTIGL,GTERI,ok,0.0
19962,1682.1,1682.1,2025-07-08 10:13:54,2025-07-08 10:14:04,22044.0,22045.0,GTERI,GTERI,ok,0.0
19963,1682.1,1682.1,2025-07-08 10:14:04,2025-07-08 10:14:06,22045.0,22046.0,GTERI,GTERI,ok,0.0
19964,1682.1,1682.1,2025-07-08 10:14:06,2025-07-08 10:14:08,22046.0,22047.0,GTERI,GTERI,ok,0.0
19965,1682.1,1682.1,2025-07-08 10:14:08,2025-07-08 10:14:21,22047.0,22048.0,GTERI,GTERI,ok,0.0
19966,1682.1,1682.1,2025-07-08 10:14:21,2025-07-08 10:14:22,22048.0,22049.0,GTERI,GTERI,ok,0.0
19967,1682.1,1682.1,2025-07-08 10:14:22,2025-07-08 10:14:23,22049.0,22050.0,GTERI,GTERI,ok,0.0
19969,1682.1,1682.1,2025-07-08 10:14:23,2025-07-08 10:16:50,22050.0,22052.0,GTERI,GTBTC,ok,0.0
19970,1682.1,1682.1,2025-07-08 10:16:50,2025-07-08 10:16:55,22052.0,22053.0,GTBTC,GTERI,ok,0.0
19972,1682.1,1682.1,2025-07-08 10:16:55,2025-07-08 10:17:51,22053.0,22055.0,GTERI,GTSTT,ok,0.0
19973,1682.1,1682.1,2025-07-08 10:17:51,2025-07-08 10:18:05,22055.0,22056.0,GTSTT,GTSTT,ok,0.0
19974,1682.1,1682.1,2025-07-08 10:18:05,2025-07-08 10:18:53,22056.0,22057.0,GTSTT,GTSTT,ok,0.0
19976,1682.1,1682.1,2025-07-08 10:18:53,2025-07-08 10:19:25,22057.0,22059.0,GTSTT,GTSTT,ok,0.0
19977,1682.1,1682.1,2025-07-08 10:19:25,2025-07-08 10:19:55,22059.0,22060.0,GTSTT,GTERI,ok,0.0
19978,1682.1,1682.1,2025-07-08 10:19:55,2025-07-08 10:20:36,22060.0,22061.0,GTERI,GTIGF,ok,0.0
19979,1682.1,1682.1,2025-07-08 10:20:36,2025-07-08 10:20:36,22061.0,22062.0,GTIGF,GTSTT,ok,0.0
19980,1682.1,1682.1,2025-07-08 10:20:36,2025-07-08 10:20:36,22062.0,22063.0,GTSTT,GTIGN,ok,0.0
19981,1682.1,1682.1,2025-07-08 10:20:36,2025-07-08 10:20:36,22063.0,22064.0,GTIGN,GTSTT,ok,0.0
19982,1682.1,1682.1,2025-07-08 10:20:36,2025-07-08 10:20:37,22064.0,22065.0,GTSTT,GTIGL,ok,0.0
19983,1682.1,1682.1,2025-07-08 10:20:37,2025-07-08 10:20:37,22065.0,22066.0,GTIGL,GTIGL,ok,0.0
19984,1682.1,1682.1,2025-07-08 10:20:37,2025-07-08 10:20:37,22066.0,22067.0,GTIGL,GTSTC,ok,0.0
19985,1682.1,1682.1,2025-07-08 10:20:37,2025-07-08 10:20:41,22067.0,22068.0,GTSTC,GTERI,ok,0.0
19986,1682.1,1682.2,2025-07-08 10:20:41,2025-07-08 10:20:54,22068.0,22069.0,GTERI,GTERI,ok,0.10000000000013642
19987,1682.2,1682.2,2025-07-08 10:20:54,2025-07-08 10:20:56,22069.0,22070.0,GTERI,GTERI,ok,0.0
19989,1682.2,1682.3,2025-07-08 10:20:56,2025-07-08 10:21:30,22070.0,22072.0,GTERI,GTERI,ok,0.09999999999990905
19990,1682.3,1682.3,2025-07-08 10:21:30,2025-07-08 10:21:33,22072.0,22073.0,GTERI,GTERI,ok,0.0
19991,1682.3,1682.5,2025-07-08 10:21:33,2025-07-08 10:21:53,22073.0,22074.0,GTERI,GTERI,ok,0.20000000000004547
19992,1682.5,1683.1,2025-07-08 10:21:53,2025-07-08 10:22:44,22074.0,22075.0,GTERI,GTERI,ok,0.599999999999909
19994,1683.1,1683.6,2025-07-08 10:22:44,2025-07-08 10:23:38,22075.0,22077.0,GTERI,GTBTC,ok,0.5
19995,1683.6,1683.6,2025-07-08 10:23:38,2025-07-08 10:23:42,22077.0,22078.0,GTBTC,GTERI,ok,0.0
19996,1683.6,1684.0,2025-07-08 10:23:42,2025-07-08 10:24:32,22078.0,22079.0,GTERI,GTERI,ok,0.40000000000009095
19998,1684.0,1684.5,2025-07-08 10:24:32,2025-07-08 10:25:18,22079.0,22081.0,GTERI,GTERI,ok,0.5
19999,1684.5,1684.5,2025-07-08 10:25:18,2025-07-08 10:25:20,22081.0,22082.0,GTERI,GTERI,ok,0.0
20000,1684.5,1684.5,2025-07-08 10:25:20,2025-07-08 10:25:28,22082.0,22083.0,GTERI,GTIGF,ok,0.0
20001,1684.5,1684.5,2025-07-08 10:25:28,2025-07-08 10:25:28,22083.0,22084.0,GTIGF,GTSTT,ok,0.0
20002,1684.5,1684.5,2025-07-08 10:25:28,2025-07-08 10:25:28,22084.0,22085.0,GTSTT,GTERI,ok,0.0
20003,1684.5,1684.5,2025-07-08 10:25:28,2025-07-08 10:25:28,22085.0,22086.0,GTERI,GTIGL,ok,0.0
20004,1684.5,1684.5,2025-07-08 10:25:28,2025-07-08 10:25:28,22086.0,22087.0,GTIGL,GTSTC,ok,0.0
20005,1684.5,1684.5,2025-07-08 10:25:28,2025-07-08 10:26:15,22087.0,22088.0,GTSTC,GTSTT,ok,0.0
20006,1684.5,1684.5,2025-07-08 10:26:15,2025-07-08 10:26:48,22088.0,22089.0,GTSTT,GTIGN,ok,0.0
20007,1684.5,1684.5,2025-07-08 10:26:48,2025-07-08 10:26:48,22089.0,22090.0,GTIGN,GTSTT,ok,0.0
20008,1684.5,1684.5,2025-07-08 10:26:48,2025-07-08 10:26:48,22090.0,22091.0,GTSTT,GTIGL,ok,0.0
20009,1684.5,1684.5,2025-07-08 10:26:48,2025-07-08 10:26:52,22091.0,22092.0,GTIGL,GTERI,ok,0.0
20011,1684.5,1684.5,2025-07-08 10:26:52,2025-07-08 10:27:11,22092.0,22094.0,GTERI,GTERI,ok,0.0
20012,1684.5,1684.5,2025-07-08 10:27:11,2025-07-08 10:27:23,22094.0,22095.0,GTERI,GTERI,ok,0.0
20014,1684.5,1686.0,2025-07-08 10:27:23,2025-07-08 10:29:48,22095.0,22097.0,GTERI,GTBTC,ok,1.5
20015,1686.0,1686.1,2025-07-08 10:29:48,2025-07-08 10:29:54,22097.0,22098.0,GTBTC,GTERI,ok,0.09999999999990905
20016,1686.1,1686.4,2025-07-08 10:29:54,2025-07-08 10:30:18,22098.0,22099.0,GTERI,GTERI,ok,0.3000000000001819
20017,1686.4,1686.4,2025-07-08 10:30:18,2025-07-08 10:30:36,22099.0,22100.0,GTERI,GTERI,ok,0.0
20019,1686.4,1687.1,2025-07-08 10:30:36,2025-07-08 10:32:16,22100.0,22102.0,GTERI,GTERI,ok,0.6999999999998181
20020,1687.1,1687.1,2025-07-08 10:32:16,2025-07-08 10:32:19,22102.0,22103.0,GTERI,GTERI,ok,0.0
20021,1687.1,1687.3,2025-07-08 10:32:19,2025-07-08 10:32:54,22103.0,22104.0,GTERI,GTERI,ok,0.20000000000004547
20022,1687.3,1687.3,2025-07-08 10:32:54,2025-07-08 10:32:57,22104.0,22105.0,GTERI,GTERI,ok,0.0
20023,1687.3,1687.3,2025-07-08 10:32:57,2025-07-08 10:32:59,22105.0,22106.0,GTERI,GTERI,ok,0.0
20025,1687.3,1688.0,2025-07-08 10:32:59,2025-07-08 10:34:23,22106.0,22108.0,GTERI,GTERI,ok,0.7000000000000455
20026,1688.0,1688.0,2025-07-08 10:34:23,2025-07-08 10:34:25,22108.0,22109.0,GTERI,GTERI,ok,0.0
20027,1688.0,1688.1,2025-07-08 10:34:25,2025-07-08 10:34:32,22109.0,22110.0,GTERI,GTERI,ok,0.09999999999990905
20028,1688.1,1688.2,2025-07-08 10:34:32,2025-07-08 10:34:52,22110.0,22111.0,GTERI,GTERI,ok,0.10000000000013642
20030,1688.2,1688.8,2025-07-08 10:34:52,2025-07-08 10:35:39,22111.0,22113.0,GTERI,GTERI,ok,0.599999999999909
20031,1688.8,1688.8,2025-07-08 10:35:39,2025-07-08 10:35:44,22113.0,22114.0,GTERI,GTERI,ok,0.0
20032,1688.8,1688.8,2025-07-08 10:35:44,2025-07-08 10:35:54,22114.0,22115.0,GTERI,GTERI,ok,0.0
20033,1688.8,1688.9,2025-07-08 10:35:54,2025-07-08 10:36:13,22115.0,22116.0,GTERI,GTERI,ok,0.10000000000013642
20034,1688.9,1688.9,2025-07-08 10:36:13,2025-07-08 10:36:16,22116.0,22117.0,GTERI,GTERI,ok,0.0
20035,1688.9,1688.9,2025-07-08 10:36:16,2025-07-08 10:36:19,22117.0,22118.0,GTERI,GTERI,ok,0.0
20036,1688.9,1688.9,2025-07-08 10:36:19,2025-07-08 10:36:26,22118.0,22119.0,GTERI,GTERI,ok,0.0
20038,1688.9,1688.9,2025-07-08 10:36:26,2025-07-08 10:37:23,22119.0,22121.0,GTERI,GTIGF,ok,0.0
20039,1688.9,1688.9,2025-07-08 10:37:23,2025-07-08 10:37:23,22121.0,22122.0,GTIGF,GTSTT,ok,0.0
20040,1688.9,1688.9,2025-07-08 10:37:23,2025-07-08 10:37:23,22122.0,22123.0,GTSTT,GTERI,ok,0.0
20041,1688.9,1688.9,2025-07-08 10:37:23,2025-07-08 10:37:23,22123.0,22124.0,GTERI,GTIGL,ok,0.0
20042,1688.9,1688.9,2025-07-08 10:37:23,2025-07-08 10:37:24,22124.0,22125.0,GTIGL,GTSTC,ok,0.0
20043,1688.9,1688.9,2025-07-08 10:37:24,2025-07-08 10:37:57,22125.0,22126.0,GTSTC,GTSTT,ok,0.0
20045,1688.9,1688.9,2025-07-08 10:37:57,2025-07-08 10:39:49,22126.0,22128.0,GTSTT,GTIGN,ok,0.0
20046,1688.9,1688.9,2025-07-08 10:39:49,2025-07-08 10:39:49,22128.0,22129.0,GTIGN,GTSTT,ok,0.0
20047,1688.9,1688.9,2025-07-08 10:39:49,2025-07-08 10:39:50,22129.0,22130.0,GTSTT,GTIGL,ok,0.0
20048,1688.9,1688.9,2025-07-08 10:39:50,2025-07-08 10:39:53,22130.0,22131.0,GTIGL,GTERI,ok,0.0
20049,1688.9,1688.9,2025-07-08 10:39:53,2025-07-08 10:40:03,22131.0,22132.0,GTERI,GTERI,ok,0.0
20050,1688.9,1688.9,2025-07-08 10:40:03,2025-07-08 10:40:08,22132.0,22133.0,GTERI,GTERI,ok,0.0
20051,1688.9,1688.9,2025-07-08 10:40:08,2025-07-08 10:40:12,22133.0,22134.0,GTERI,GTERI,ok,0.0
20052,1688.9,1688.9,2025-07-08 10:40:12,2025-07-08 10:40:17,22134.0,22135.0,GTERI,GTERI,ok,0.0
20053,1688.9,1689.0,2025-07-08 10:40:17,2025-07-08 10:40:22,22135.0,22136.0,GTERI,GTERI,ok,0.09999999999990905
20054,1689.0,1689.0,2025-07-08 10:40:22,2025-07-08 10:40:36,22136.0,22137.0,GTERI,GTERI,ok,0.0
20055,1689.0,1689.1,2025-07-08 10:40:36,2025-07-08 10:40:47,22137.0,22138.0,GTERI,GTERI,ok,0.09999999999990905
20056,1689.1,1689.1,2025-07-08 10:40:47,2025-07-08 10:40:49,22138.0,22139.0,GTERI,GTERI,ok,0.0
20058,1689.1,1689.8,2025-07-08 10:40:49,2025-07-08 10:41:50,22139.0,22141.0,GTERI,GTERI,ok,0.7000000000000455
20059,1689.8,1689.8,2025-07-08 10:41:50,2025-07-08 10:41:52,22141.0,22142.0,GTERI,GTERI,ok,0.0
20060,1689.8,1689.8,2025-07-08 10:41:52,2025-07-08 10:41:58,22142.0,22143.0,GTERI,GTERI,ok,0.0
20061,1689.8,1689.8,2025-07-08 10:41:58,2025-07-08 10:42:00,22143.0,22144.0,GTERI,GTERI,ok,0.0
20062,1689.8,1690.3,2025-07-08 10:42:00,2025-07-08 10:42:50,22144.0,22145.0,GTERI,GTBTC,ok,0.5
20063,1690.3,1690.4,2025-07-08 10:42:50,2025-07-08 10:42:54,22145.0,22146.0,GTBTC,GTERI,ok,0.10000000000013642
20065,1690.4,1690.9,2025-07-08 10:42:54,2025-07-08 10:44:41,22146.0,22148.0,GTERI,GTERI,ok,0.5
20066,1690.9,1690.9,2025-07-08 10:44:41,2025-07-08 10:44:43,22148.0,22149.0,GTERI,GTERI,ok,0.0
20068,1690.9,1691.1,2025-07-08 10:44:43,2025-07-08 10:45:07,22149.0,22151.0,GTERI,GTERI,ok,0.1999999999998181
20069,1691.1,1691.1,2025-07-08 10:45:07,2025-07-08 10:45:09,22151.0,22152.0,GTERI,GTERI,ok,0.0
20070,1691.1,1691.5,2025-07-08 10:45:09,2025-07-08 10:45:54,22152.0,22153.0,GTERI,GTERI,ok,0.40000000000009095
20071,1691.5,1692.0,2025-07-08 10:45:54,2025-07-08 10:46:25,22153.0,22154.0,GTERI,GTERI,ok,0.5
20072,1692.0,1692.0,2025-07-08 10:46:25,2025-07-08 10:46:27,22154.0,22155.0,GTERI,GTERI,ok,0.0
20073,1692.0,1692.3,2025-07-08 10:46:27,2025-07-08 10:46:49,22155.0,22156.0,GTERI,GTERI,ok,0.2999999999999545
20074,1692.3,1692.3,2025-07-08 10:46:49,2025-07-08 10:46:53,22156.0,22157.0,GTERI,GTERI,ok,0.0
20076,1692.3,1692.7,2025-07-08 10:46:53,2025-07-08 10:47:52,22157.0,22159.0,GTERI,GTERI,ok,0.40000000000009095
20077,1692.7,1692.7,2025-07-08 10:47:52,2025-07-08 10:47:54,22159.0,22160.0,GTERI,GTERI,ok,0.0
20078,1692.7,1692.7,2025-07-08 10:47:54,2025-07-08 10:47:56,22160.0,22161.0,GTERI,GTERI,ok,0.0
20079,1692.7,1692.7,2025-07-08 10:47:56,2025-07-08 10:48:05,22161.0,22162.0,GTERI,GTERI,ok,0.0
20080,1692.7,1692.7,2025-07-08 10:48:05,2025-07-08 10:48:08,22162.0,22163.0,GTERI,GTERI,ok,0.0
20081,1692.7,1692.7,2025-07-08 10:48:08,2025-07-08 10:48:54,22163.0,22164.0,GTERI,GTERI,ok,0.0
20082,1692.7,1692.7,2025-07-08 10:48:54,2025-07-08 10:49:03,22164.0,22165.0,GTERI,GTSTT,ok,0.0
20084,1692.7,1692.7,2025-07-08 10:49:03,2025-07-08 10:49:03,22165.0,22167.0,GTSTT,GTSTT,ok,0.0
20085,1692.7,1693.1,2025-07-08 10:49:03,2025-07-08 10:49:57,22167.0,22168.0,GTSTT,GTERI,ok,0.3999999999998636
20086,1693.1,1693.1,2025-07-08 10:49:57,2025-07-08 10:50:03,22168.0,22169.0,GTERI,GTERI,ok,0.0
20087,1693.1,1693.3,2025-07-08 10:50:03,2025-07-08 10:50:29,22169.0,22170.0,GTERI,GTERI,ok,0.20000000000004547
20088,1693.3,1693.3,2025-07-08 10:50:29,2025-07-08 10:50:32,22170.0,22171.0,GTERI,GTERI,ok,0.0
20090,1693.3,1693.9,2025-07-08 10:50:32,2025-07-08 10:51:12,22171.0,22173.0,GTERI,GTERI,ok,0.6000000000001364
20091,1693.9,1694.1,2025-07-08 10:51:12,2025-07-08 10:51:36,22173.0,22174.0,GTERI,GTERI,ok,0.1999999999998181
20092,1694.1,1694.2,2025-07-08 10:51:36,2025-07-08 10:51:50,22174.0,22175.0,GTERI,GTERI,ok,0.10000000000013642
20093,1694.2,1694.2,2025-07-08 10:51:50,2025-07-08 10:51:52,22175.0,22176.0,GTERI,GTERI,ok,0.0
20094,1694.2,1694.3,2025-07-08 10:51:52,2025-07-08 10:51:54,22176.0,22177.0,GTERI,GTERI,ok,0.09999999999990905
20096,1694.3,1694.7,2025-07-08 10:51:54,2025-07-08 10:53:28,22177.0,22179.0,GTERI,GTERI,ok,0.40000000000009095
20097,1694.7,1694.7,2025-07-08 10:53:28,2025-07-08 10:53:30,22179.0,22180.0,GTERI,GTERI,ok,0.0
20098,1694.7,1694.7,2025-07-08 10:53:30,2025-07-08 10:53:46,22180.0,22181.0,GTERI,GTIGF,ok,0.0
20099,1694.7,1694.7,2025-07-08 10:53:46,2025-07-08 10:53:46,22181.0,22182.0,GTIGF,GTSTT,ok,0.0
20100,1694.7,1694.7,2025-07-08 10:53:46,2025-07-08 10:53:46,22182.0,22183.0,GTSTT,GTSTC,ok,0.0
20101,1694.7,1694.7,2025-07-08 10:53:46,2025-07-08 10:53:46,22183.0,22184.0,GTSTC,GTERI,ok,0.0
20102,1694.7,1694.7,2025-07-08 10:53:46,2025-07-08 10:53:46,22184.0,22185.0,GTERI,GTIGL,ok,0.0
20103,1694.7,1694.7,2025-07-08 10:53:46,2025-07-08 10:54:34,22185.0,22186.0,GTIGL,GTSTT,ok,0.0
20115,1694.7,1694.7,2025-07-08 10:54:34,2025-07-08 11:16:35,22186.0,22198.0,GTSTT,GTIGN,ok,0.0
20116,1694.7,1694.7,2025-07-08 11:16:35,2025-07-08 11:16:35,22198.0,22199.0,GTIGN,GTSTT,ok,0.0
20117,1694.7,1694.7,2025-07-08 11:16:35,2025-07-08 11:16:43,22199.0,22200.0,GTSTT,GTERI,ok,0.0
20118,1694.7,1694.7,2025-07-08 11:16:43,2025-07-08 11:16:43,22200.0,22201.0,GTERI,GTIGL,ok,0.0
20120,1694.7,1695.3,2025-07-08 11:16:43,2025-07-08 11:18:09,22201.0,22203.0,GTIGL,GTERI,ok,0.599999999999909
20121,1695.3,1695.3,2025-07-08 11:18:09,2025-07-08 11:18:11,22203.0,22204.0,GTERI,GTERI,ok,0.0
20123,1695.3,1695.6,2025-07-08 11:18:11,2025-07-08 11:19:06,22204.0,22206.0,GTERI,GTIGF,ok,0.2999999999999545
20124,1695.6,1695.6,2025-07-08 11:19:06,2025-07-08 11:19:06,22206.0,22207.0,GTIGF,GTSTT,ok,0.0
20125,1695.6,1695.6,2025-07-08 11:19:06,2025-07-08 11:19:06,22207.0,22208.0,GTSTT,GTERI,ok,0.0
20126,1695.6,1695.6,2025-07-08 11:19:06,2025-07-08 11:19:07,22208.0,22209.0,GTERI,GTIGL,ok,0.0
20127,1695.6,1695.6,2025-07-08 11:19:07,2025-07-08 11:19:54,22209.0,22210.0,GTIGL,GTSTT,ok,0.0
20129,1695.6,1695.6,2025-07-08 11:19:54,2025-07-08 11:21:52,22210.0,22212.0,GTSTT,GTIGN,ok,0.0
20130,1695.6,1695.6,2025-07-08 11:21:52,2025-07-08 11:21:52,22212.0,22213.0,GTIGN,GTSTT,ok,0.0
20131,1695.6,1695.6,2025-07-08 11:21:52,2025-07-08 11:21:53,22213.0,22214.0,GTSTT,GTIGL,ok,0.0
20132,1695.6,1695.6,2025-07-08 11:21:53,2025-07-08 11:21:56,22214.0,22215.0,GTIGL,GTERI,ok,0.0
20133,1695.6,1695.9,2025-07-08 11:21:56,2025-07-08 11:22:59,22215.0,22216.0,GTERI,GTERI,ok,0.3000000000001819
20134,1695.9,1695.9,2025-07-08 11:22:59,2025-07-08 11:23:01,22216.0,22217.0,GTERI,GTERI,ok,0.0
20136,1695.9,1696.1,2025-07-08 11:23:01,2025-07-08 11:23:20,22217.0,22219.0,GTERI,GTERI,ok,0.1999999999998181
20137,1696.1,1696.5,2025-07-08 11:23:20,2025-07-08 11:24:19,22219.0,22220.0,GTERI,GTERI,ok,0.40000000000009095
20138,1696.5,1696.5,2025-07-08 11:24:19,2025-07-08 11:24:21,22220.0,22221.0,GTERI,GTERI,ok,0.0
20139,1696.5,1696.9,2025-07-08 11:24:21,2025-07-08 11:24:52,22221.0,22222.0,GTERI,GTBTC,ok,0.40000000000009095
20140,1696.9,1697.0,2025-07-08 11:24:52,2025-07-08 11:24:57,22222.0,22223.0,GTBTC,GTERI,ok,0.09999999999990905
20142,1697.0,1697.3,2025-07-08 11:24:57,2025-07-08 11:25:18,22223.0,22225.0,GTERI,GTERI,ok,0.2999999999999545
20143,1697.3,1697.3,2025-07-08 11:25:18,2025-07-08 11:25:36,22225.0,22226.0,GTERI,GTERI,ok,0.0
20144,1697.3,1697.3,2025-07-08 11:25:36,2025-07-08 11:25:38,22226.0,22227.0,GTERI,GTERI,ok,0.0
20145,1697.3,1697.3,2025-07-08 11:25:38,2025-07-08 11:25:40,22227.0,22228.0,GTERI,GTERI,ok,0.0
20147,1697.3,1699.7,2025-07-08 11:25:40,2025-07-08 11:27:57,22228.0,22230.0,GTERI,GTERI,ok,2.400000000000091
20148,1699.7,1701.2,2025-07-08 11:27:57,2025-07-08 11:28:58,22230.0,22231.0,GTERI,GTERI,ok,1.5
20149,1701.2,1701.2,2025-07-08 11:28:58,2025-07-08 11:29:00,22231.0,22232.0,GTERI,GTERI,ok,0.0
20150,1701.2,1701.2,2025-07-08 11:29:00,2025-07-08 11:29:05,22232.0,22233.0,GTERI,GTERI,ok,0.0
20152,1701.2,1701.3,2025-07-08 11:29:05,2025-07-08 11:29:09,22233.0,22235.0,GTERI,GTERI,ok,0.09999999999990905
20153,1701.3,1701.3,2025-07-08 11:29:09,2025-07-08 11:29:30,22235.0,22236.0,GTERI,GTERI,ok,0.0
20154,1701.3,1701.3,2025-07-08 11:29:30,2025-07-08 11:29:31,22236.0,22237.0,GTERI,GTERI,ok,0.0
20155,1701.3,1701.3,2025-07-08 11:29:31,2025-07-08 11:29:35,22237.0,22238.0,GTERI,GTERI,ok,0.0
20156,1701.3,1701.3,2025-07-08 11:29:35,2025-07-08 11:29:55,22238.0,22239.0,GTERI,GTIGF,ok,0.0
20157,1701.3,1701.3,2025-07-08 11:29:55,2025-07-08 11:29:55,22239.0,22240.0,GTIGF,GTSTT,ok,0.0
20158,1701.3,1701.3,2025-07-08 11:29:55,2025-07-08 11:29:55,22240.0,22241.0,GTSTT,GTERI,ok,0.0
20159,1701.3,1701.3,2025-07-08 11:29:55,2025-07-08 11:29:56,22241.0,22242.0,GTERI,GTIGL,ok,0.0
20160,1701.3,1701.3,2025-07-08 11:29:56,2025-07-08 11:29:56,22242.0,22243.0,GTIGL,GTSTC,ok,0.0
20161,1701.3,1701.3,2025-07-08 11:29:56,2025-07-08 11:31:03,22243.0,22244.0,GTSTC,GTSTT,ok,0.0
20163,1701.3,1701.3,2025-07-08 11:31:03,2025-07-08 11:32:47,22244.0,22246.0,GTSTT,GTIGN,ok,0.0
20164,1701.3,1701.3,2025-07-08 11:32:47,2025-07-08 11:32:47,22246.0,22247.0,GTIGN,GTSTT,ok,0.0
20165,1701.3,1701.3,2025-07-08 11:32:47,2025-07-08 11:32:47,22247.0,22248.0,GTSTT,GTIGL,ok,0.0
20166,1701.3,1701.3,2025-07-08 11:32:47,2025-07-08 11:32:51,22248.0,22249.0,GTIGL,GTERI,ok,0.0
20167,1701.3,1701.3,2025-07-08 11:32:51,2025-07-08 11:33:01,22249.0,22250.0,GTERI,GTERI,ok,0.0
20168,1701.3,1701.3,2025-07-08 11:33:01,2025-07-08 11:33:04,22250.0,22251.0,GTERI,GTERI,ok,0.0
20169,1701.3,1701.3,2025-07-08 11:33:04,2025-07-08 11:33:06,22251.0,22252.0,GTERI,GTERI,ok,0.0
20171,1701.3,1701.3,2025-07-08 11:33:06,2025-07-08 11:33:08,22252.0,22254.0,GTERI,GTERI,ok,0.0
20172,1701.3,1701.3,2025-07-08 11:33:08,2025-07-08 11:33:17,22254.0,22255.0,GTERI,GTIGF,ok,0.0
20173,1701.3,1701.3,2025-07-08 11:33:17,2025-07-08 11:33:17,22255.0,22256.0,GTIGF,GTSTT,ok,0.0
20174,1701.3,1701.3,2025-07-08 11:33:17,2025-07-08 11:33:17,22256.0,22257.0,GTSTT,GTERI,ok,0.0
20175,1701.3,1701.3,2025-07-08 11:33:17,2025-07-08 11:33:17,22257.0,22258.0,GTERI,GTIGL,ok,0.0
20176,1701.3,1701.3,2025-07-08 11:33:17,2025-07-08 11:34:07,22258.0,22259.0,GTIGL,GTSTT,ok,0.0
20178,1701.3,1701.3,2025-07-08 11:34:07,2025-07-08 11:36:40,22259.0,22261.0,GTSTT,GTIGN,ok,0.0
20179,1701.3,1701.3,2025-07-08 11:36:40,2025-07-08 11:36:40,22261.0,22262.0,GTIGN,GTSTT,ok,0.0
20180,1701.3,1701.3,2025-07-08 11:36:40,2025-07-08 11:36:41,22262.0,22263.0,GTSTT,GTIGL,ok,0.0
20181,1701.3,1701.3,2025-07-08 11:36:41,2025-07-08 11:36:45,22263.0,22264.0,GTIGL,GTERI,ok,0.0
20182,1701.3,1701.3,2025-07-08 11:36:45,2025-07-08 11:36:47,22264.0,22265.0,GTERI,GTERI,ok,0.0
20183,1701.3,1701.3,2025-07-08 11:36:47,2025-07-08 11:36:49,22265.0,22266.0,GTERI,GTERI,ok,0.0
20184,1701.3,1701.3,2025-07-08 11:36:49,2025-07-08 11:36:55,22266.0,22267.0,GTERI,GTERI,ok,0.0
20185,1701.3,1701.3,2025-07-08 11:36:55,2025-07-08 11:36:58,22267.0,22268.0,GTERI,GTERI,ok,0.0
20187,1701.3,1701.3,2025-07-08 11:36:58,2025-07-08 11:37:07,22268.0,22269.0,GTERI,GTIGF,ok,0.0
20188,1701.3,1701.3,2025-07-08 11:37:07,2025-07-08 11:37:07,22269.0,22270.0,GTIGF,GTSTT,ok,0.0
20189,1701.3,1701.3,2025-07-08 11:37:07,2025-07-08 11:37:07,22270.0,22272.0,GTSTT,GTERI,ok,0.0
20190,1701.3,1701.3,2025-07-08 11:37:07,2025-07-08 11:37:07,22272.0,22273.0,GTERI,GTIGL,ok,0.0
20193,1701.3,1701.3,2025-07-08 11:37:07,2025-07-08 11:37:49,22273.0,22274.0,GTIGL,GTSTT,ok,0.0
20192,1701.3,1701.3,2025-07-08 11:37:49,2025-07-08 11:38:19,22274.0,22276.0,GTSTT,GTPDP,ok,0.0
20210,1701.3,1701.3,2025-07-08 11:38:19,2025-07-08 12:11:54,22276.0,22293.0,GTPDP,GTIGN,ok,0.0
20211,1701.3,1701.3,2025-07-08 12:11:54,2025-07-08 12:11:54,22293.0,22294.0,GTIGN,GTSTT,ok,0.0
20212,1701.3,1701.3,2025-07-08 12:11:54,2025-07-08 12:12:03,22294.0,22295.0,GTSTT,GTERI,ok,0.0
20213,1701.3,1701.3,2025-07-08 12:12:03,2025-07-08 12:12:03,22295.0,22296.0,GTERI,GTIGL,ok,0.0
20214,1701.3,1701.4,2025-07-08 12:12:03,2025-07-08 12:12:09,22296.0,22297.0,GTIGL,GTERI,ok,0.10000000000013642
20215,1701.4,1701.4,2025-07-08 12:12:09,2025-07-08 12:12:11,22297.0,22298.0,GTERI,GTERI,ok,0.0
20216,1701.4,1701.4,2025-07-08 12:12:11,2025-07-08 12:12:15,22298.0,22299.0,GTERI,GTERI,ok,0.0
20217,1701.4,1701.4,2025-07-08 12:12:15,2025-07-08 12:12:17,22299.0,22300.0,GTERI,GTERI,ok,0.0
20218,1701.4,1701.4,2025-07-08 12:12:17,2025-07-08 12:12:28,22300.0,22301.0,GTERI,GTIGF,ok,0.0
20219,1701.4,1701.4,2025-07-08 12:12:28,2025-07-08 12:12:28,22301.0,22302.0,GTIGF,GTSTT,ok,0.0
20220,1701.4,1701.4,2025-07-08 12:12:28,2025-07-08 12:12:28,22302.0,22303.0,GTSTT,GTERI,ok,0.0
20221,1701.4,1701.4,2025-07-08 12:12:28,2025-07-08 12:12:28,22303.0,22304.0,GTERI,GTIGL,ok,0.0
20222,1701.4,1701.4,2025-07-08 12:12:28,2025-07-08 12:12:29,22304.0,22305.0,GTIGL,GTIGN,ok,0.0
20223,1701.4,1701.4,2025-07-08 12:12:29,2025-07-08 12:12:29,22305.0,22306.0,GTIGN,GTSTT,ok,0.0
20224,1701.4,1701.4,2025-07-08 12:12:29,2025-07-08 12:12:30,22306.0,22307.0,GTSTT,GTIGL,ok,0.0
20225,1701.4,1701.4,2025-07-08 12:12:30,2025-07-08 12:12:34,22307.0,22308.0,GTIGL,GTERI,ok,0.0
20226,1701.4,1701.4,2025-07-08 12:12:34,2025-07-08 12:12:40,22308.0,22309.0,GTERI,GTIGF,ok,0.0
20227,1701.4,1701.4,2025-07-08 12:12:40,2025-07-08 12:12:40,22309.0,22310.0,GTIGF,GTSTT,ok,0.0
20228,1701.4,1701.4,2025-07-08 12:12:40,2025-07-08 12:12:40,22310.0,22311.0,GTSTT,GTERI,ok,0.0
20229,1701.4,1701.4,2025-07-08 12:12:40,2025-07-08 12:12:40,22311.0,22312.0,GTERI,GTIGL,ok,0.0
20231,1701.4,1701.4,2025-07-08 12:12:40,2025-07-08 12:13:23,22312.0,22314.0,GTIGL,GTSTT,ok,0.0
20261,1701.4,1701.4,2025-07-08 12:13:23,2025-07-08 13:12:35,22314.0,22344.0,GTSTT,GTERI,ok,0.0
20271,1701.4,1701.4,2025-07-08 13:12:35,2025-07-08 13:30:39,22344.0,22354.0,GTERI,GTIGN,ok,0.0
20272,1701.4,1701.4,2025-07-08 13:30:39,2025-07-08 13:30:39,22354.0,22355.0,GTIGN,GTSTT,ok,0.0
20273,1701.4,1701.4,2025-07-08 13:30:39,2025-07-08 13:30:48,22355.0,22356.0,GTSTT,GTERI,ok,0.0
20274,1701.4,1701.4,2025-07-08 13:30:48,2025-07-08 13:30:48,22356.0,22357.0,GTERI,GTIGL,ok,0.0
20276,1701.4,1701.4,2025-07-08 13:30:48,2025-07-08 13:31:38,22357.0,22359.0,GTIGL,GTERI,ok,0.0
20277,1701.4,1701.4,2025-07-08 13:31:38,2025-07-08 13:31:40,22359.0,22360.0,GTERI,GTERI,ok,0.0
20278,1701.4,1701.4,2025-07-08 13:31:40,2025-07-08 13:31:42,22360.0,22361.0,GTERI,GTERI,ok,0.0
20279,1701.4,1701.4,2025-07-08 13:31:42,2025-07-08 13:31:44,22361.0,22362.0,GTERI,GTERI,ok,0.0
20280,1701.4,1701.4,2025-07-08 13:31:44,2025-07-08 13:31:46,22362.0,22363.0,GTERI,GTERI,ok,0.0
20281,1701.4,1701.4,2025-07-08 13:31:46,2025-07-08 13:31:48,22363.0,22364.0,GTERI,GTERI,ok,0.0
20282,1701.4,1701.5,2025-07-08 13:31:48,2025-07-08 13:31:52,22364.0,22365.0,GTERI,GTERI,ok,0.09999999999990905
20283,1701.5,1701.5,2025-07-08 13:31:52,2025-07-08 13:32:00,22365.0,22366.0,GTERI,GTERI,ok,0.0
20284,1701.5,1701.5,2025-07-08 13:32:00,2025-07-08 13:32:01,22366.0,22367.0,GTERI,GTERI,ok,0.0
20285,1701.5,1701.5,2025-07-08 13:32:01,2025-07-08 13:32:06,22367.0,22368.0,GTERI,GTERI,ok,0.0
20286,1701.5,1701.5,2025-07-08 13:32:06,2025-07-08 13:32:09,22368.0,22369.0,GTERI,GTERI,ok,0.0
20287,1701.5,1701.5,2025-07-08 13:32:09,2025-07-08 13:32:16,22369.0,22370.0,GTERI,GTIGF,ok,0.0
20288,1701.5,1701.5,2025-07-08 13:32:16,2025-07-08 13:32:16,22370.0,22371.0,GTIGF,GTSTT,ok,0.0
20289,1701.5,1701.5,2025-07-08 13:32:16,2025-07-08 13:32:16,22371.0,22372.0,GTSTT,GTERI,ok,0.0
20290,1701.5,1701.5,2025-07-08 13:32:16,2025-07-08 13:32:17,22372.0,22373.0,GTERI,GTIGL,ok,0.0
20291,1701.5,1701.5,2025-07-08 13:32:17,2025-07-08 13:33:00,22373.0,22374.0,GTIGL,GTSTT,ok,0.0
20322,1701.5,1701.5,2025-07-08 13:33:00,2025-07-08 14:32:11,22374.0,22405.0,GTSTT,GTERI,ok,0.0
20353,1701.5,1701.5,2025-07-08 14:32:11,2025-07-08 15:32:11,22405.0,22436.0,GTERI,GTERI,ok,0.0
20384,1701.5,1701.5,2025-07-08 15:32:11,2025-07-08 16:32:11,22436.0,22467.0,GTERI,GTERI,ok,0.0
20400,1701.5,1701.5,2025-07-08 16:32:11,2025-07-08 17:02:51,22467.0,22483.0,GTERI,GTIGN,ok,0.0
20401,1701.5,1701.5,2025-07-08 17:02:51,2025-07-08 17:02:51,22483.0,22484.0,GTIGN,GTSTT,ok,0.0
20402,1701.5,1701.6,2025-07-08 17:02:51,2025-07-08 17:03:23,22484.0,22485.0,GTSTT,GTERI,ok,0.09999999999990905
20403,1701.6,1701.6,2025-07-08 17:03:23,2025-07-08 17:03:23,22485.0,22486.0,GTERI,GTIGL,ok,0.0
20404,1701.6,1701.6,2025-07-08 17:03:23,2025-07-08 17:03:28,22486.0,22487.0,GTIGL,GTERI,ok,0.0
20405,1701.6,1701.6,2025-07-08 17:03:28,2025-07-08 17:03:31,22487.0,22488.0,GTERI,GTERI,ok,0.0
20407,1701.6,1701.6,2025-07-08 17:03:31,2025-07-08 17:03:38,22488.0,22490.0,GTERI,GTERI,ok,0.0
20408,1701.6,1701.6,2025-07-08 17:03:38,2025-07-08 17:03:40,22490.0,22491.0,GTERI,GTERI,ok,0.0
20409,1701.6,1701.6,2025-07-08 17:03:40,2025-07-08 17:03:43,22491.0,22492.0,GTERI,GTERI,ok,0.0
20411,1701.6,1704.4,2025-07-08 17:03:43,2025-07-08 17:05:52,22492.0,22494.0,GTERI,GTBTC,ok,2.800000000000182
20412,1704.4,1704.4,2025-07-08 17:05:52,2025-07-08 17:05:57,22494.0,22495.0,GTBTC,GTERI,ok,0.0
20413,1704.4,1705.5,2025-07-08 17:05:57,2025-07-08 17:07:03,22495.0,22496.0,GTERI,GTERI,ok,1.099999999999909
20414,1705.5,1705.5,2025-07-08 17:07:03,2025-07-08 17:07:06,22496.0,22497.0,GTERI,GTERI,ok,0.0
20416,1705.5,1706.5,2025-07-08 17:07:06,2025-07-08 17:08:57,22497.0,22499.0,GTERI,GTERI,ok,1.0
20418,1706.5,1707.1,2025-07-08 17:08:57,2025-07-08 17:10:37,22499.0,22501.0,GTERI,GTERI,ok,0.599999999999909
20419,1707.1,1707.1,2025-07-08 17:10:37,2025-07-08 17:10:38,22501.0,22502.0,GTERI,GTERI,ok,0.0
20420,1707.1,1707.4,2025-07-08 17:10:38,2025-07-08 17:11:15,22502.0,22503.0,GTERI,GTERI,ok,0.3000000000001819
20421,1707.4,1707.4,2025-07-08 17:11:15,2025-07-08 17:11:17,22503.0,22504.0,GTERI,GTERI,ok,0.0
20423,1707.4,1707.4,2025-07-08 17:11:17,2025-07-08 17:11:38,22504.0,22506.0,GTERI,GTIGF,ok,0.0
20424,1707.4,1707.4,2025-07-08 17:11:38,2025-07-08 17:11:38,22506.0,22507.0,GTIGF,GTSTT,ok,0.0
20425,1707.4,1707.4,2025-07-08 17:11:38,2025-07-08 17:11:38,22507.0,22508.0,GTSTT,GTERI,ok,0.0
20426,1707.4,1707.4,2025-07-08 17:11:38,2025-07-08 17:11:38,22508.0,22509.0,GTERI,GTIGL,ok,0.0
20427,1707.4,1707.4,2025-07-08 17:11:38,2025-07-08 17:11:38,22509.0,22510.0,GTIGL,GTSTC,ok,0.0
20428,1707.4,1707.4,2025-07-08 17:11:38,2025-07-08 17:12:20,22510.0,22511.0,GTSTC,GTSTT,ok,0.0
20458,1707.4,1707.4,2025-07-08 17:12:20,2025-07-08 18:11:33,22511.0,22541.0,GTSTT,GTERI,ok,0.0
20489,1707.4,1707.4,2025-07-08 18:11:33,2025-07-08 19:11:33,22541.0,22572.0,GTERI,GTERI,ok,0.0
20520,1707.4,1707.4,2025-07-08 19:11:33,2025-07-08 20:11:33,22572.0,22603.0,GTERI,GTERI,ok,0.0
20525,1707.4,1707.4,2025-07-08 20:11:33,2025-07-08 20:19:42,22603.0,22608.0,GTERI,GTIGN,ok,0.0
20526,1707.4,1707.4,2025-07-08 20:19:42,2025-07-08 20:19:42,22608.0,22609.0,GTIGN,GTSTT,ok,0.0
20528,1707.4,1707.4,2025-07-08 20:19:42,2025-07-08 20:20:01,22609.0,22611.0,GTSTT,GTERI,ok,0.0
20529,1707.4,1707.4,2025-07-08 20:20:01,2025-07-08 20:20:01,22611.0,22612.0,GTERI,GTIGL,ok,0.0
20530,1707.4,1707.4,2025-07-08 20:20:01,2025-07-08 20:20:03,22612.0,22613.0,GTIGL,GTERI,ok,0.0
20531,1707.4,1707.4,2025-07-08 20:20:03,2025-07-08 20:20:06,22613.0,22614.0,GTERI,GTERI,ok,0.0
20532,1707.4,1707.7,2025-07-08 20:20:06,2025-07-08 20:20:46,22614.0,22615.0,GTERI,GTERI,ok,0.2999999999999545
20533,1707.7,1707.7,2025-07-08 20:20:46,2025-07-08 20:20:48,22615.0,22616.0,GTERI,GTERI,ok,0.0
20535,1707.7,1708.7,2025-07-08 20:20:48,2025-07-08 20:22:41,22616.0,22618.0,GTERI,GTERI,ok,1.0
20536,1708.7,1708.7,2025-07-08 20:22:41,2025-07-08 20:22:43,22618.0,22619.0,GTERI,GTERI,ok,0.0
20537,1708.7,1708.7,2025-07-08 20:22:43,2025-07-08 20:22:44,22619.0,22620.0,GTERI,GTBTC,ok,0.0
20538,1708.7,1708.7,2025-07-08 20:22:44,2025-07-08 20:22:49,22620.0,22621.0,GTBTC,GTERI,ok,0.0
20539,1708.7,1708.7,2025-07-08 20:22:49,2025-07-08 20:22:50,22621.0,22622.0,GTERI,GTERI,ok,0.0
20540,1708.7,1708.7,2025-07-08 20:22:50,2025-07-08 20:23:01,22622.0,22623.0,GTERI,GTIGF,ok,0.0
20541,1708.7,1708.7,2025-07-08 20:23:01,2025-07-08 20:23:01,22623.0,22624.0,GTIGF,GTSTT,ok,0.0
20542,1708.7,1708.7,2025-07-08 20:23:01,2025-07-08 20:23:01,22624.0,22625.0,GTSTT,GTERI,ok,0.0
20543,1708.7,1708.7,2025-07-08 20:23:01,2025-07-08 20:23:02,22625.0,22626.0,GTERI,GTSTC,ok,0.0
20544,1708.7,1708.7,2025-07-08 20:23:02,2025-07-08 20:23:02,22626.0,22627.0,GTSTC,GTIGL,ok,0.0
20546,1708.7,1708.7,2025-07-08 20:23:02,2025-07-08 20:23:52,22627.0,22629.0,GTIGL,GTSTT,ok,0.0
20576,1708.7,1708.7,2025-07-08 20:23:52,2025-07-08 21:22:56,22629.0,22659.0,GTSTT,GTERI,ok,0.0
20604,1708.7,1708.7,2025-07-08 21:22:56,2025-07-08 22:16:22,22659.0,22687.0,GTERI,GTPDP,ok,0.0
20607,1708.7,1708.7,2025-07-08 22:16:22,2025-07-08 22:22:56,22687.0,22690.0,GTPDP,GTERI,ok,0.0
20638,1708.7,1708.7,2025-07-08 22:22:56,2025-07-08 23:22:56,22690.0,22721.0,GTERI,GTERI,ok,0.0
20669,1708.7,1708.7,2025-07-08 23:22:56,2025-07-09 00:22:56,22721.0,22752.0,GTERI,GTERI,ok,0.0
20700,1708.7,1708.7,2025-07-09 00:22:56,2025-07-09 01:22:56,22752.0,22783.0,GTERI,GTERI,ok,0.0
20731,1708.7,1708.7,2025-07-09 01:22:56,2025-07-09 02:22:56,22783.0,22814.0,GTERI,GTERI,ok,0.0
20762,1708.7,1708.7,2025-07-09 02:22:56,2025-07-09 03:22:56,22814.0,22845.0,GTERI,GTERI,ok,0.0
20793,1708.7,1708.7,2025-07-09 03:22:56,2025-07-09 04:22:56,22845.0,22876.0,GTERI,GTERI,ok,0.0
20824,1708.7,1708.7,2025-07-09 04:22:56,2025-07-09 05:22:56,22876.0,22907.0,GTERI,GTERI,ok,0.0
20855,1708.7,1708.7,2025-07-09 05:22:56,2025-07-09 06:22:56,22907.0,22938.0,GTERI,GTERI,ok,0.0
20886,1708.7,1708.7,2025-07-09 06:22:56,2025-07-09 07:22:56,22938.0,22969.0,GTERI,GTERI,ok,0.0
20917,1708.7,1708.7,2025-07-09 07:22:56,2025-07-09 08:22:56,22969.0,23000.0,GTERI,GTERI,ok,0.0
20922,1708.7,1708.7,2025-07-09 08:22:56,2025-07-09 08:31:53,23000.0,23005.0,GTERI,GTIGN,ok,0.0
20923,1708.7,1708.7,2025-07-09 08:31:53,2025-07-09 08:31:53,23005.0,23006.0,GTIGN,GTSTT,ok,0.0
20925,1708.7,1708.7,2025-07-09 08:31:53,2025-07-09 08:32:20,23006.0,23008.0,GTSTT,GTERI,ok,0.0
20926,1708.7,1708.7,2025-07-09 08:32:20,2025-07-09 08:32:20,23008.0,23009.0,GTERI,GTIGL,ok,0.0
20927,1708.7,1708.7,2025-07-09 08:32:20,2025-07-09 08:32:39,23009.0,23010.0,GTIGL,GTERI,ok,0.0
20928,1708.7,1708.7,2025-07-09 08:32:39,2025-07-09 08:33:44,23010.0,23011.0,GTERI,GTERI,ok,0.0
20929,1708.7,1708.7,2025-07-09 08:33:44,2025-07-09 08:33:47,23011.0,23012.0,GTERI,GTERI,ok,0.0
20931,1708.7,1708.7,2025-07-09 08:33:47,2025-07-09 08:33:59,23012.0,23014.0,GTERI,GTERI,ok,0.0
20932,1708.7,1708.7,2025-07-09 08:33:59,2025-07-09 08:34:01,23014.0,23015.0,GTERI,GTERI,ok,0.0
20933,1708.7,1709.3,2025-07-09 08:34:01,2025-07-09 08:34:54,23015.0,23016.0,GTERI,GTBTC,ok,0.599999999999909
20934,1709.3,1709.4,2025-07-09 08:34:54,2025-07-09 08:35:02,23016.0,23017.0,GTBTC,GTERI,ok,0.10000000000013642
20935,1709.4,1709.5,2025-07-09 08:35:02,2025-07-09 08:35:11,23017.0,23018.0,GTERI,GTERI,ok,0.09999999999990905
20936,1709.5,1709.5,2025-07-09 08:35:11,2025-07-09 08:35:13,23018.0,23019.0,GTERI,GTERI,ok,0.0
20939,1709.5,1712.7,2025-07-09 08:35:13,2025-07-09 08:38:02,23019.0,23022.0,GTERI,GTERI,ok,3.2000000000000455
20940,1712.7,1713.4,2025-07-09 08:38:02,2025-07-09 08:38:36,23022.0,23023.0,GTERI,GTERI,ok,0.7000000000000455
20941,1713.4,1713.4,2025-07-09 08:38:36,2025-07-09 08:38:38,23023.0,23024.0,GTERI,GTERI,ok,0.0
20942,1713.4,1713.4,2025-07-09 08:38:38,2025-07-09 08:38:52,23024.0,23025.0,GTERI,GTERI,ok,0.0
20943,1713.4,1713.4,2025-07-09 08:38:52,2025-07-09 08:38:57,23025.0,23026.0,GTERI,GTERI,ok,0.0
20944,1713.4,1713.4,2025-07-09 08:38:57,2025-07-09 08:38:57,23026.0,23026.0,GTERI,GTERI,ok,0.0
20945,1713.4,1713.4,2025-07-09 08:38:57,2025-07-09 08:38:57,23026.0,23026.0,GTERI,GTERI,ok,0.0
20948,1713.4,1713.5,2025-07-09 08:38:57,2025-07-09 08:40:22,23026.0,23028.0,GTERI,GTSTT,ok,0.09999999999990905
20947,1713.5,1713.5,2025-07-09 08:40:22,2025-07-09 08:40:25,23028.0,23029.0,GTSTT,GTPDP,ok,0.0
20949,1713.5,1713.5,2025-07-09 08:40:25,2025-07-09 08:40:29,23029.0,23030.0,GTPDP,GTSTT,ok,0.0
20950,1713.5,1713.5,2025-07-09 08:40:29,2025-07-09 08:41:02,23030.0,23031.0,GTSTT,GTERI,ok,0.0
20951,1713.5,1713.5,2025-07-09 08:41:02,2025-07-09 08:41:42,23031.0,23032.0,GTERI,GTSTT,ok,0.0
20952,1713.5,1713.5,2025-07-09 08:41:42,2025-07-09 08:41:49,23032.0,23033.0,GTSTT,GTSTT,ok,0.0
20953,1713.5,1713.6,2025-07-09 08:41:49,2025-07-09 08:42:02,23033.0,23034.0,GTSTT,GTERI,ok,0.09999999999990905
20954,1713.6,1713.6,2025-07-09 08:42:02,2025-07-09 08:42:16,23034.0,23035.0,GTERI,GTERI,ok,0.0
20957,1713.6,1713.7,2025-07-09 08:42:16,2025-07-09 08:42:27,23035.0,23036.0,GTERI,GTERI,ok,0.10000000000013642
20958,1713.7,1713.7,2025-07-09 08:42:27,2025-07-09 08:42:31,23036.0,23037.0,GTERI,GTERI,ok,0.0
20959,1713.7,1713.7,2025-07-09 08:42:31,2025-07-09 08:42:36,23037.0,23038.0,GTERI,GTERI,ok,0.0
20960,1713.7,1713.7,2025-07-09 08:42:36,2025-07-09 08:42:42,23038.0,23039.0,GTERI,GTERI,ok,0.0
20956,1713.7,1713.8,2025-07-09 08:42:42,2025-07-09 08:43:17,23039.0,23041.0,GTERI,GTPDP,ok,0.09999999999990905
20961,1713.8,1713.8,2025-07-09 08:43:17,2025-07-09 08:43:21,23041.0,23042.0,GTPDP,GTSTT,ok,0.0
20962,1713.8,1713.8,2025-07-09 08:43:21,2025-07-09 08:44:04,23042.0,23043.0,GTSTT,GTERI,ok,0.0
20963,1713.8,1713.8,2025-07-09 08:44:04,2025-07-09 08:44:08,23043.0,23044.0,GTERI,GTSTT,ok,0.0
20964,1713.8,1713.8,2025-07-09 08:44:08,2025-07-09 08:44:21,23044.0,23045.0,GTSTT,GTERI,ok,0.0
20965,1713.8,1713.8,2025-07-09 08:44:21,2025-07-09 08:44:26,23045.0,23046.0,GTERI,GTERI,ok,0.0
20966,1713.8,1713.8,2025-07-09 08:44:26,2025-07-09 08:45:01,23046.0,23047.0,GTERI,GTSTT,ok,0.0
20967,1713.8,1713.8,2025-07-09 08:45:01,2025-07-09 08:45:18,23047.0,23048.0,GTSTT,GTSTT,ok,0.0
20968,1713.8,1713.8,2025-07-09 08:45:18,2025-07-09 08:46:06,23048.0,23049.0,GTSTT,GTSTT,ok,0.0
20969,1713.8,1713.8,2025-07-09 08:46:06,2025-07-09 08:46:17,23049.0,23050.0,GTSTT,GTSTT,ok,0.0
20971,1713.8,1713.9,2025-07-09 08:46:17,2025-07-09 08:47:04,23050.0,23052.0,GTSTT,GTERI,ok,0.10000000000013642
20974,1713.9,1713.9,2025-07-09 08:47:04,2025-07-09 08:48:08,23052.0,23053.0,GTERI,GTERI,ok,0.0
20975,1713.9,1713.9,2025-07-09 08:48:08,2025-07-09 08:48:12,23053.0,23054.0,GTERI,GTERI,ok,0.0
20976,1713.9,1713.9,2025-07-09 08:48:12,2025-07-09 08:48:15,23054.0,23055.0,GTERI,GTERI,ok,0.0
20977,1713.9,1713.9,2025-07-09 08:48:15,2025-07-09 08:48:17,23055.0,23056.0,GTERI,GTERI,ok,0.0
20978,1713.9,1714.0,2025-07-09 08:48:17,2025-07-09 08:48:31,23056.0,23058.0,GTERI,GTERI,ok,0.09999999999990905
20979,1714.0,1714.0,2025-07-09 08:48:31,2025-07-09 08:48:32,23058.0,23059.0,GTERI,GTERI,ok,0.0
20980,1714.0,1714.0,2025-07-09 08:48:32,2025-07-09 08:49:02,23059.0,23060.0,GTERI,GTIGF,ok,0.0
20981,1714.0,1714.0,2025-07-09 08:49:02,2025-07-09 08:49:02,23060.0,23061.0,GTIGF,GTSTT,ok,0.0
20982,1714.0,1714.0,2025-07-09 08:49:02,2025-07-09 08:49:02,23061.0,23062.0,GTSTT,GTERI,ok,0.0
20983,1714.0,1714.0,2025-07-09 08:49:02,2025-07-09 08:49:02,23062.0,23063.0,GTERI,GTIGL,ok,0.0
20984,1714.0,1714.0,2025-07-09 08:49:02,2025-07-09 08:49:02,23063.0,23064.0,GTIGL,GTSTC,ok,0.0
20973,1714.0,1714.0,2025-07-09 08:49:02,2025-07-09 08:49:19,23064.0,23065.0,GTSTC,GTPDP,ok,0.0
20985,1714.0,1714.0,2025-07-09 08:49:19,2025-07-09 08:50:07,23065.0,23066.0,GTPDP,GTSTT,ok,0.0
21015,1714.0,1714.0,2025-07-09 08:50:07,2025-07-09 09:48:58,23066.0,23096.0,GTSTT,GTERI,ok,0.0
21046,1714.0,1714.0,2025-07-09 09:48:58,2025-07-09 10:48:58,23096.0,23127.0,GTERI,GTERI,ok,0.0
21052,1714.0,1714.0,2025-07-09 10:48:58,2025-07-09 10:59:57,23127.0,23133.0,GTERI,GTIGN,ok,0.0
21053,1714.0,1714.0,2025-07-09 10:59:57,2025-07-09 10:59:57,23133.0,23134.0,GTIGN,GTSTT,ok,0.0
21054,1714.0,1714.0,2025-07-09 10:59:57,2025-07-09 10:59:58,23134.0,23135.0,GTSTT,GTSTT,ok,0.0
21055,1714.0,1714.0,2025-07-09 10:59:58,2025-07-09 11:00:06,23135.0,23136.0,GTSTT,GTERI,ok,0.0
21056,1714.0,1714.0,2025-07-09 11:00:06,2025-07-09 11:00:06,23136.0,23137.0,GTERI,GTIGL,ok,0.0
21057,1714.0,1714.0,2025-07-09 11:00:06,2025-07-09 11:00:18,23137.0,23138.0,GTIGL,GTERI,ok,0.0
21059,1714.0,1714.1,2025-07-09 11:00:18,2025-07-09 11:00:37,23138.0,23140.0,GTERI,GTERI,ok,0.09999999999990905
21060,1714.1,1714.1,2025-07-09 11:00:37,2025-07-09 11:00:43,23140.0,23141.0,GTERI,GTERI,ok,0.0
21063,1714.1,1715.6,2025-07-09 11:00:43,2025-07-09 11:02:06,23141.0,23142.0,GTERI,GTERI,ok,1.5
21064,1715.6,1715.6,2025-07-09 11:02:06,2025-07-09 11:02:07,23142.0,23143.0,GTERI,GTERI,ok,0.0
21065,1715.6,1715.6,2025-07-09 11:02:07,2025-07-09 11:02:08,23143.0,23144.0,GTERI,GTERI,ok,0.0
21062,1715.6,1716.1,2025-07-09 11:02:08,2025-07-09 11:02:43,23144.0,23146.0,GTERI,GTPDP,ok,0.5
21066,1716.1,1716.4,2025-07-09 11:02:43,2025-07-09 11:02:58,23146.0,23147.0,GTPDP,GTBTC,ok,0.3000000000001819
21067,1716.4,1716.5,2025-07-09 11:02:58,2025-07-09 11:03:04,23147.0,23148.0,GTBTC,GTERI,ok,0.09999999999990905
21069,1716.5,1720.3,2025-07-09 11:03:04,2025-07-09 11:06:04,23148.0,23150.0,GTERI,GTERI,ok,3.7999999999999545
21070,1720.3,1720.9,2025-07-09 11:06:04,2025-07-09 11:06:36,23150.0,23151.0,GTERI,GTERI,ok,0.6000000000001364
21071,1720.9,1720.9,2025-07-09 11:06:36,2025-07-09 11:06:38,23151.0,23152.0,GTERI,GTERI,ok,0.0
21073,1720.9,1721.7,2025-07-09 11:06:38,2025-07-09 11:07:45,23152.0,23154.0,GTERI,GTERI,ok,0.7999999999999545
21074,1721.7,1721.7,2025-07-09 11:07:45,2025-07-09 11:07:47,23154.0,23155.0,GTERI,GTERI,ok,0.0
21075,1721.7,1721.7,2025-07-09 11:07:47,2025-07-09 11:07:50,23155.0,23156.0,GTERI,GTERI,ok,0.0
21076,1721.7,1721.7,2025-07-09 11:07:50,2025-07-09 11:07:51,23156.0,23157.0,GTERI,GTERI,ok,0.0
21077,1721.7,1721.7,2025-07-09 11:07:51,2025-07-09 11:08:02,23157.0,23158.0,GTERI,GTIGF,ok,0.0
21078,1721.7,1721.7,2025-07-09 11:08:02,2025-07-09 11:08:02,23158.0,23159.0,GTIGF,GTSTT,ok,0.0
21079,1721.7,1721.7,2025-07-09 11:08:02,2025-07-09 11:08:02,23159.0,23160.0,GTSTT,GTSTC,ok,0.0
21080,1721.7,1721.7,2025-07-09 11:08:02,2025-07-09 11:08:02,23160.0,23161.0,GTSTC,GTERI,ok,0.0
21081,1721.7,1721.7,2025-07-09 11:08:02,2025-07-09 11:08:02,23161.0,23162.0,GTERI,GTIGL,ok,0.0
21082,1721.7,1721.7,2025-07-09 11:08:02,2025-07-09 11:08:43,23162.0,23163.0,GTIGL,GTSTT,ok,0.0
21085,1721.7,1721.7,2025-07-09 11:08:43,2025-07-09 11:12:15,23163.0,23166.0,GTSTT,GTIGN,ok,0.0
21086,1721.7,1721.7,2025-07-09 11:12:15,2025-07-09 11:12:15,23166.0,23167.0,GTIGN,GTSTT,ok,0.0
21087,1721.7,1721.7,2025-07-09 11:12:15,2025-07-09 11:12:16,23167.0,23168.0,GTSTT,GTIGL,ok,0.0
21088,1721.7,1721.7,2025-07-09 11:12:16,2025-07-09 11:12:20,23168.0,23169.0,GTIGL,GTERI,ok,0.0
21089,1721.7,1721.7,2025-07-09 11:12:20,2025-07-09 11:12:42,23169.0,23170.0,GTERI,GTERI,ok,0.0
21090,1721.7,1721.7,2025-07-09 11:12:42,2025-07-09 11:12:43,23170.0,23171.0,GTERI,GTERI,ok,0.0
21091,1721.7,1721.7,2025-07-09 11:12:43,2025-07-09 11:12:51,23171.0,23172.0,GTERI,GTERI,ok,0.0
21092,1721.7,1721.7,2025-07-09 11:12:51,2025-07-09 11:12:53,23172.0,23173.0,GTERI,GTERI,ok,0.0
21094,1721.7,1722.7,2025-07-09 11:12:53,2025-07-09 11:15:02,23173.0,23175.0,GTERI,GTERI,ok,1.0
21095,1722.7,1722.7,2025-07-09 11:15:02,2025-07-09 11:15:03,23175.0,23176.0,GTERI,GTERI,ok,0.0
21097,1722.7,1722.8,2025-07-09 11:15:03,2025-07-09 11:15:16,23176.0,23178.0,GTERI,GTBTC,ok,0.09999999999990905
21098,1722.8,1722.8,2025-07-09 11:15:16,2025-07-09 11:15:23,23178.0,23179.0,GTBTC,GTERI,ok,0.0
21099,1722.8,1722.9,2025-07-09 11:15:23,2025-07-09 11:15:40,23179.0,23180.0,GTERI,GTERI,ok,0.10000000000013642
21100,1722.9,1722.9,2025-07-09 11:15:40,2025-07-09 11:15:42,23180.0,23181.0,GTERI,GTERI,ok,0.0
21101,1722.9,1723.0,2025-07-09 11:15:42,2025-07-09 11:15:54,23181.0,23182.0,GTERI,GTERI,ok,0.09999999999990905
21102,1723.0,1723.0,2025-07-09 11:15:54,2025-07-09 11:15:57,23182.0,23183.0,GTERI,GTERI,ok,0.0
21103,1723.0,1723.2,2025-07-09 11:15:57,2025-07-09 11:16:43,23183.0,23184.0,GTERI,GTIGF,ok,0.20000000000004547
21104,1723.2,1723.2,2025-07-09 11:16:43,2025-07-09 11:16:43,23184.0,23185.0,GTIGF,GTSTT,ok,0.0
21105,1723.2,1723.2,2025-07-09 11:16:43,2025-07-09 11:16:43,23185.0,23186.0,GTSTT,GTERI,ok,0.0
21106,1723.2,1723.2,2025-07-09 11:16:43,2025-07-09 11:16:43,23186.0,23187.0,GTERI,GTIGL,ok,0.0
21107,1723.2,1723.2,2025-07-09 11:16:43,2025-07-09 11:16:44,23187.0,23188.0,GTIGL,GTSTC,ok,0.0
21109,1723.2,1723.2,2025-07-09 11:16:44,2025-07-09 11:17:41,23188.0,23190.0,GTSTC,GTSTT,ok,0.0
21118,1723.2,1723.2,2025-07-09 11:17:41,2025-07-09 11:33:43,23190.0,23199.0,GTSTT,GTIGN,ok,0.0
21119,1723.2,1723.2,2025-07-09 11:33:43,2025-07-09 11:33:43,23199.0,23200.0,GTIGN,GTSTT,ok,0.0
21120,1723.2,1723.2,2025-07-09 11:33:43,2025-07-09 11:33:51,23200.0,23201.0,GTSTT,GTERI,ok,0.0
21121,1723.2,1723.2,2025-07-09 11:33:51,2025-07-09 11:33:51,23201.0,23202.0,GTERI,GTIGL,ok,0.0
21122,1723.2,1723.2,2025-07-09 11:33:51,2025-07-09 11:34:19,23202.0,23203.0,GTIGL,GTSTT,ok,0.0
21123,1723.2,1723.2,2025-07-09 11:34:19,2025-07-09 11:35:00,23203.0,23204.0,GTSTT,GTSTT,ok,0.0
21125,1723.2,1723.2,2025-07-09 11:35:00,2025-07-09 11:35:19,23204.0,23206.0,GTSTT,GTERI,ok,0.0
21126,1723.2,1723.2,2025-07-09 11:35:19,2025-07-09 11:35:21,23206.0,23207.0,GTERI,GTERI,ok,0.0
21127,1723.2,1723.3,2025-07-09 11:35:21,2025-07-09 11:35:31,23207.0,23208.0,GTERI,GTERI,ok,0.09999999999990905
21128,1723.3,1723.3,2025-07-09 11:35:31,2025-07-09 11:35:33,23208.0,23209.0,GTERI,GTERI,ok,0.0
21129,1723.3,1723.5,2025-07-09 11:35:33,2025-07-09 11:35:59,23209.0,23210.0,GTERI,GTERI,ok,0.20000000000004547
21130,1723.5,1723.5,2025-07-09 11:35:59,2025-07-09 11:36:02,23210.0,23211.0,GTERI,GTERI,ok,0.0
21131,1723.5,1723.6,2025-07-09 11:36:02,2025-07-09 11:36:44,23211.0,23212.0,GTERI,GTBTC,ok,0.09999999999990905
21132,1723.6,1723.6,2025-07-09 11:36:44,2025-07-09 11:36:50,23212.0,23213.0,GTBTC,GTERI,ok,0.0
21133,1723.6,1723.6,2025-07-09 11:36:50,2025-07-09 11:36:59,23213.0,23214.0,GTERI,GTSTT,ok,0.0
21135,1723.6,1723.6,2025-07-09 11:36:59,2025-07-09 11:38:12,23214.0,23216.0,GTSTT,GTSTT,ok,0.0
21136,1723.6,1723.6,2025-07-09 11:38:12,2025-07-09 11:38:13,23216.0,23217.0,GTSTT,GTIGF,ok,0.0
21137,1723.6,1723.6,2025-07-09 11:38:13,2025-07-09 11:38:13,23217.0,23218.0,GTIGF,GTSTT,ok,0.0
21138,1723.6,1723.6,2025-07-09 11:38:13,2025-07-09 11:38:13,23218.0,23219.0,GTSTT,GTERI,ok,0.0
21139,1723.6,1723.6,2025-07-09 11:38:13,2025-07-09 11:38:13,23219.0,23220.0,GTERI,GTIGL,ok,0.0
21140,1723.6,1723.6,2025-07-09 11:38:13,2025-07-09 11:38:14,23220.0,23221.0,GTIGL,GTSTC,ok,0.0
21141,1723.6,1723.6,2025-07-09 11:38:14,2025-07-09 11:38:50,23221.0,23222.0,GTSTC,GTSTT,ok,0.0
21171,1723.6,1723.6,2025-07-09 11:38:50,2025-07-09 12:35:48,23222.0,23252.0,GTSTT,GTPDP,ok,0.0
21172,1723.6,1723.6,2025-07-09 12:35:48,2025-07-09 12:38:09,23252.0,23253.0,GTPDP,GTERI,ok,0.0
21175,1723.6,1723.6,2025-07-09 12:38:09,2025-07-09 12:41:24,23253.0,23256.0,GTERI,GTIGN,ok,0.0
21176,1723.6,1723.6,2025-07-09 12:41:24,2025-07-09 12:41:24,23256.0,23257.0,GTIGN,GTSTT,ok,0.0
21177,1723.6,1723.6,2025-07-09 12:41:24,2025-07-09 12:41:31,23257.0,23258.0,GTSTT,GTERI,ok,0.0
21178,1723.6,1723.6,2025-07-09 12:41:31,2025-07-09 12:41:31,23258.0,23259.0,GTERI,GTIGL,ok,0.0
21179,1723.6,1723.6,2025-07-09 12:41:31,2025-07-09 12:41:40,23259.0,23260.0,GTIGL,GTERI,ok,0.0
21180,1723.6,1723.6,2025-07-09 12:41:40,2025-07-09 12:41:42,23260.0,23261.0,GTERI,GTERI,ok,0.0
21181,1723.6,1723.6,2025-07-09 12:41:42,2025-07-09 12:41:45,23261.0,23262.0,GTERI,GTERI,ok,0.0
21182,1723.6,1723.8,2025-07-09 12:41:45,2025-07-09 12:42:16,23262.0,23263.0,GTERI,GTERI,ok,0.20000000000004547
21183,1723.8,1723.8,2025-07-09 12:42:16,2025-07-09 12:42:18,23263.0,23264.0,GTERI,GTERI,ok,0.0
21185,1723.8,1724.7,2025-07-09 12:42:18,2025-07-09 12:44:14,23264.0,23266.0,GTERI,GTERI,ok,0.900000000000091
21186,1724.7,1724.7,2025-07-09 12:44:14,2025-07-09 12:44:15,23266.0,23267.0,GTERI,GTERI,ok,0.0
21187,1724.7,1724.7,2025-07-09 12:44:15,2025-07-09 12:44:26,23267.0,23268.0,GTERI,GTBTC,ok,0.0
21188,1724.7,1724.7,2025-07-09 12:44:26,2025-07-09 12:44:30,23268.0,23269.0,GTBTC,GTERI,ok,0.0
21189,1724.7,1724.7,2025-07-09 12:44:30,2025-07-09 12:44:30,23269.0,23270.0,GTERI,GTERI,ok,0.0
21190,1724.7,1724.7,2025-07-09 12:44:30,2025-07-09 12:44:32,23270.0,23271.0,GTERI,GTERI,ok,0.0
21191,1724.7,1724.7,2025-07-09 12:44:32,2025-07-09 12:44:40,23271.0,23272.0,GTERI,GTIGF,ok,0.0
21192,1724.7,1724.7,2025-07-09 12:44:40,2025-07-09 12:44:40,23272.0,23273.0,GTIGF,GTSTT,ok,0.0
21193,1724.7,1724.7,2025-07-09 12:44:40,2025-07-09 12:44:41,23273.0,23274.0,GTSTT,GTSTC,ok,0.0
21194,1724.7,1724.7,2025-07-09 12:44:41,2025-07-09 12:44:41,23274.0,23275.0,GTSTC,GTERI,ok,0.0
21195,1724.7,1724.7,2025-07-09 12:44:41,2025-07-09 12:44:41,23275.0,23276.0,GTERI,GTIGL,ok,0.0
21197,1724.7,1724.7,2025-07-09 12:44:41,2025-07-09 12:45:34,23276.0,23278.0,GTIGL,GTSTT,ok,0.0
21227,1724.7,1724.7,2025-07-09 12:45:34,2025-07-09 13:44:36,23278.0,23308.0,GTSTT,GTERI,ok,0.0
21242,1724.7,1724.7,2025-07-09 13:44:36,2025-07-09 14:11:54,23308.0,23323.0,GTERI,GTIGN,ok,0.0
21243,1724.7,1724.7,2025-07-09 14:11:54,2025-07-09 14:11:54,23323.0,23324.0,GTIGN,GTSTT,ok,0.0
21244,1724.7,1724.7,2025-07-09 14:11:54,2025-07-09 14:12:02,23324.0,23325.0,GTSTT,GTERI,ok,0.0
21245,1724.7,1724.7,2025-07-09 14:12:02,2025-07-09 14:12:02,23325.0,23326.0,GTERI,GTIGL,ok,0.0
21246,1724.7,1724.7,2025-07-09 14:12:02,2025-07-09 14:12:37,23326.0,23327.0,GTIGL,GTERI,ok,0.0
21247,1724.7,1724.7,2025-07-09 14:12:37,2025-07-09 14:12:39,23327.0,23328.0,GTERI,GTERI,ok,0.0
21248,1724.7,1724.7,2025-07-09 14:12:39,2025-07-09 14:12:40,23328.0,23329.0,GTERI,GTERI,ok,0.0
21249,1724.7,1724.7,2025-07-09 14:12:40,2025-07-09 14:12:41,23329.0,23330.0,GTERI,GTERI,ok,0.0
21251,1724.7,1725.3,2025-07-09 14:12:41,2025-07-09 14:13:35,23330.0,23332.0,GTERI,GTERI,ok,0.599999999999909
21252,1725.3,1725.5,2025-07-09 14:13:35,2025-07-09 14:13:58,23332.0,23333.0,GTERI,GTERI,ok,0.20000000000004547
21253,1725.5,1725.6,2025-07-09 14:13:58,2025-07-09 14:14:00,23333.0,23334.0,GTERI,GTERI,ok,0.09999999999990905
21255,1725.6,1726.7,2025-07-09 14:14:00,2025-07-09 14:14:56,23334.0,23336.0,GTERI,GTBTC,ok,1.1000000000001364
21256,1726.7,1726.8,2025-07-09 14:14:56,2025-07-09 14:15:02,23336.0,23337.0,GTBTC,GTERI,ok,0.09999999999990905
21258,1726.8,1729.4,2025-07-09 14:15:02,2025-07-09 14:16:55,23337.0,23339.0,GTERI,GTERI,ok,2.6000000000001364
21259,1729.4,1729.4,2025-07-09 14:16:55,2025-07-09 14:16:57,23339.0,23340.0,GTERI,GTERI,ok,0.0
21260,1729.4,1729.5,2025-07-09 14:16:57,2025-07-09 14:17:01,23340.0,23341.0,GTERI,GTERI,ok,0.09999999999990905
21261,1729.5,1729.5,2025-07-09 14:17:01,2025-07-09 14:17:04,23341.0,23342.0,GTERI,GTERI,ok,0.0
21262,1729.5,1729.6,2025-07-09 14:17:04,2025-07-09 14:17:27,23342.0,23343.0,GTERI,GTERI,ok,0.09999999999990905
21263,1729.6,1729.6,2025-07-09 14:17:27,2025-07-09 14:17:28,23343.0,23344.0,GTERI,GTERI,ok,0.0
21264,1729.6,1729.6,2025-07-09 14:17:28,2025-07-09 14:17:35,23344.0,23345.0,GTERI,GTERI,ok,0.0
21265,1729.6,1729.6,2025-07-09 14:17:35,2025-07-09 14:18:02,23345.0,23346.0,GTERI,GTERI,ok,0.0
21266,1729.6,1729.6,2025-07-09 14:18:02,2025-07-09 14:18:21,23346.0,23347.0,GTERI,GTSTT,ok,0.0
21267,1729.6,1729.6,2025-07-09 14:18:21,2025-07-09 14:18:45,23347.0,23348.0,GTSTT,GTSTT,ok,0.0
21268,1729.6,1729.6,2025-07-09 14:18:45,2025-07-09 14:18:46,23348.0,23349.0,GTSTT,GTIGF,ok,0.0
21269,1729.6,1729.6,2025-07-09 14:18:46,2025-07-09 14:18:46,23349.0,23350.0,GTIGF,GTSTT,ok,0.0
21270,1729.6,1729.6,2025-07-09 14:18:46,2025-07-09 14:18:46,23350.0,23351.0,GTSTT,GTSTC,ok,0.0
21271,1729.6,1729.6,2025-07-09 14:18:46,2025-07-09 14:18:46,23351.0,23352.0,GTSTC,GTERI,ok,0.0
21272,1729.6,1729.6,2025-07-09 14:18:46,2025-07-09 14:18:46,23352.0,23353.0,GTERI,GTIGL,ok,0.0
21274,1729.6,1729.6,2025-07-09 14:18:46,2025-07-09 14:19:35,23353.0,23355.0,GTIGL,GTSTT,ok,0.0
21304,1729.6,1729.6,2025-07-09 14:19:35,2025-07-09 15:18:37,23355.0,23385.0,GTSTT,GTERI,ok,0.0
21336,1729.6,1729.6,2025-07-09 15:18:37,2025-07-09 16:18:37,23385.0,23416.0,GTERI,GTERI,ok,0.0
21337,1729.6,1729.6,2025-07-09 16:18:37,2025-07-09 16:18:37,23416.0,23416.0,GTERI,GTERI,ok,0.0
21338,1729.6,1729.6,2025-07-09 16:18:37,2025-07-09 16:18:37,23416.0,23416.0,GTERI,GTERI,ok,0.0
21339,1729.6,1729.6,2025-07-09 16:18:37,2025-07-09 16:18:37,23416.0,23416.0,GTERI,GTERI,ok,0.0
21340,1729.6,1729.6,2025-07-09 16:18:37,2025-07-09 16:18:37,23416.0,23416.0,GTERI,GTERI,ok,0.0
21346,1729.6,1729.6,2025-07-09 16:18:37,2025-07-09 16:18:37,23416.0,23416.0,GTERI,GTERI,ok,0.0
21351,1729.6,1729.6,2025-07-09 16:18:37,2025-07-09 16:30:09,23416.0,23422.0,GTERI,GTIGN,ok,0.0
21352,1729.6,1729.6,2025-07-09 16:30:09,2025-07-09 16:30:09,23422.0,23423.0,GTIGN,GTSTT,ok,0.0
21353,1729.6,1729.6,2025-07-09 16:30:09,2025-07-09 16:30:16,23423.0,23424.0,GTSTT,GTERI,ok,0.0
21354,1729.6,1729.6,2025-07-09 16:30:16,2025-07-09 16:30:16,23424.0,23425.0,GTERI,GTIGL,ok,0.0
21355,1729.6,1729.6,2025-07-09 16:30:16,2025-07-09 16:30:31,23425.0,23426.0,GTIGL,GTERI,ok,0.0
21356,1729.6,1729.6,2025-07-09 16:30:31,2025-07-09 16:30:33,23426.0,23427.0,GTERI,GTERI,ok,0.0
21358,1729.6,1729.7,2025-07-09 16:30:33,2025-07-09 16:30:52,23427.0,23429.0,GTERI,GTERI,ok,0.10000000000013642
21359,1729.7,1729.7,2025-07-09 16:30:52,2025-07-09 16:30:59,23429.0,23430.0,GTERI,GTERI,ok,0.0
21360,1729.7,1729.7,2025-07-09 16:30:59,2025-07-09 16:31:01,23430.0,23431.0,GTERI,GTERI,ok,0.0
21361,1729.7,1729.7,2025-07-09 16:31:01,2025-07-09 16:31:04,23431.0,23432.0,GTERI,GTERI,ok,0.0
21363,1729.7,1732.3,2025-07-09 16:31:04,2025-07-09 16:33:10,23432.0,23434.0,GTERI,GTBTC,ok,2.599999999999909
21364,1732.3,1732.4,2025-07-09 16:33:10,2025-07-09 16:33:18,23434.0,23435.0,GTBTC,GTERI,ok,0.10000000000013642
21365,1732.4,1733.6,2025-07-09 16:33:18,2025-07-09 16:34:25,23435.0,23436.0,GTERI,GTERI,ok,1.199999999999818
21366,1733.6,1733.6,2025-07-09 16:34:25,2025-07-09 16:34:28,23436.0,23437.0,GTERI,GTERI,ok,0.0
21368,1733.6,1734.6,2025-07-09 16:34:28,2025-07-09 16:36:18,23437.0,23439.0,GTERI,GTERI,ok,1.0
21370,1734.6,1735.1,2025-07-09 16:36:18,2025-07-09 16:37:44,23439.0,23441.0,GTERI,GTERI,ok,0.5
21371,1735.1,1735.1,2025-07-09 16:37:44,2025-07-09 16:37:46,23441.0,23442.0,GTERI,GTERI,ok,0.0
21372,1735.1,1735.1,2025-07-09 16:37:46,2025-07-09 16:38:05,23442.0,23443.0,GTERI,GTERI,ok,0.0
21373,1735.1,1735.1,2025-07-09 16:38:05,2025-07-09 16:38:06,23443.0,23444.0,GTERI,GTERI,ok,0.0
21374,1735.1,1735.1,2025-07-09 16:38:06,2025-07-09 16:38:07,23444.0,23445.0,GTERI,GTERI,ok,0.0
21375,1735.1,1735.1,2025-07-09 16:38:07,2025-07-09 16:38:09,23445.0,23446.0,GTERI,GTERI,ok,0.0
21376,1735.1,1735.1,2025-07-09 16:38:09,2025-07-09 16:38:13,23446.0,23447.0,GTERI,GTERI,ok,0.0
21378,1735.1,1735.2,2025-07-09 16:38:13,2025-07-09 16:38:50,23447.0,23449.0,GTERI,GTERI,ok,0.10000000000013642
21379,1735.2,1735.2,2025-07-09 16:38:50,2025-07-09 16:38:53,23449.0,23450.0,GTERI,GTERI,ok,0.0
21380,1735.2,1735.4,2025-07-09 16:38:53,2025-07-09 16:39:18,23450.0,23451.0,GTERI,GTERI,ok,0.20000000000004547
21381,1735.4,1735.5,2025-07-09 16:39:18,2025-07-09 16:39:27,23451.0,23452.0,GTERI,GTERI,ok,0.09999999999990905
21382,1735.5,1735.5,2025-07-09 16:39:27,2025-07-09 16:39:28,23452.0,23453.0,GTERI,GTERI,ok,0.0
21383,1735.5,1735.7,2025-07-09 16:39:28,2025-07-09 16:39:57,23453.0,23454.0,GTERI,GTERI,ok,0.20000000000004547
21384,1735.7,1735.7,2025-07-09 16:39:57,2025-07-09 16:40:04,23454.0,23455.0,GTERI,GTERI,ok,0.0
21385,1735.7,1735.7,2025-07-09 16:40:04,2025-07-09 16:40:11,23455.0,23456.0,GTERI,GTIGF,ok,0.0
21386,1735.7,1735.7,2025-07-09 16:40:11,2025-07-09 16:40:11,23456.0,23457.0,GTIGF,GTSTT,ok,0.0
21387,1735.7,1735.7,2025-07-09 16:40:11,2025-07-09 16:40:11,23457.0,23458.0,GTSTT,GTERI,ok,0.0
21388,1735.7,1735.7,2025-07-09 16:40:11,2025-07-09 16:40:11,23458.0,23459.0,GTERI,GTIGL,ok,0.0
21389,1735.7,1735.7,2025-07-09 16:40:11,2025-07-09 16:40:12,23459.0,23460.0,GTIGL,GTSTC,ok,0.0
21391,1735.7,1735.7,2025-07-09 16:40:12,2025-07-09 16:40:52,23460.0,23462.0,GTSTC,GTSTT,ok,0.0
21393,1735.7,1735.7,2025-07-09 16:40:52,2025-07-09 16:44:19,23462.0,23464.0,GTSTT,GTIGN,ok,0.0
21394,1735.7,1735.7,2025-07-09 16:44:19,2025-07-09 16:44:19,23464.0,23465.0,GTIGN,GTSTT,ok,0.0
21395,1735.7,1735.7,2025-07-09 16:44:19,2025-07-09 16:44:20,23465.0,23466.0,GTSTT,GTIGL,ok,0.0
21396,1735.7,1735.7,2025-07-09 16:44:20,2025-07-09 16:44:24,23466.0,23467.0,GTIGL,GTERI,ok,0.0
21397,1735.7,1735.7,2025-07-09 16:44:24,2025-07-09 16:44:27,23467.0,23468.0,GTERI,GTERI,ok,0.0
21398,1735.7,1735.7,2025-07-09 16:44:27,2025-07-09 16:44:29,23468.0,23469.0,GTERI,GTERI,ok,0.0
21399,1735.7,1735.7,2025-07-09 16:44:29,2025-07-09 16:44:31,23469.0,23470.0,GTERI,GTERI,ok,0.0
21400,1735.7,1735.8,2025-07-09 16:44:31,2025-07-09 16:44:41,23470.0,23471.0,GTERI,GTERI,ok,0.09999999999990905
21401,1735.8,1735.8,2025-07-09 16:44:41,2025-07-09 16:44:43,23471.0,23472.0,GTERI,GTERI,ok,0.0
21403,1735.8,1736.1,2025-07-09 16:44:43,2025-07-09 16:45:21,23472.0,23474.0,GTERI,GTERI,ok,0.2999999999999545
21404,1736.1,1736.1,2025-07-09 16:45:21,2025-07-09 16:45:23,23474.0,23475.0,GTERI,GTERI,ok,0.0
21405,1736.1,1736.1,2025-07-09 16:45:23,2025-07-09 16:46:07,23475.0,23476.0,GTERI,GTERI,ok,0.0
21406,1736.1,1736.1,2025-07-09 16:46:07,2025-07-09 16:46:11,23476.0,23477.0,GTERI,GTERI,ok,0.0
21407,1736.1,1736.2,2025-07-09 16:46:11,2025-07-09 16:46:17,23477.0,23478.0,GTERI,GTERI,ok,0.10000000000013642
21408,1736.2,1736.2,2025-07-09 16:46:17,2025-07-09 16:46:19,23478.0,23479.0,GTERI,GTERI,ok,0.0
21409,1736.2,1736.2,2025-07-09 16:46:19,2025-07-09 16:46:28,23479.0,23480.0,GTERI,GTERI,ok,0.0
21410,1736.2,1736.2,2025-07-09 16:46:28,2025-07-09 16:46:29,23480.0,23481.0,GTERI,GTERI,ok,0.0
21411,1736.2,1736.2,2025-07-09 16:46:29,2025-07-09 16:46:31,23481.0,23482.0,GTERI,GTERI,ok,0.0
21412,1736.2,1736.3,2025-07-09 16:46:31,2025-07-09 16:46:39,23482.0,23483.0,GTERI,GTERI,ok,0.09999999999990905
21413,1736.3,1736.3,2025-07-09 16:46:39,2025-07-09 16:46:41,23483.0,23484.0,GTERI,GTERI,ok,0.0
21415,1736.3,1736.4,2025-07-09 16:46:41,2025-07-09 16:47:01,23484.0,23486.0,GTERI,GTERI,ok,0.10000000000013642
21416,1736.4,1736.4,2025-07-09 16:47:01,2025-07-09 16:47:02,23486.0,23487.0,GTERI,GTERI,ok,0.0
21417,1736.4,1736.4,2025-07-09 16:47:02,2025-07-09 16:47:03,23487.0,23488.0,GTERI,GTERI,ok,0.0
21418,1736.4,1736.4,2025-07-09 16:47:03,2025-07-09 16:47:04,23488.0,23489.0,GTERI,GTERI,ok,0.0
21419,1736.4,1736.4,2025-07-09 16:47:04,2025-07-09 16:47:14,23489.0,23490.0,GTERI,GTERI,ok,0.0
21420,1736.4,1736.4,2025-07-09 16:47:14,2025-07-09 16:47:20,23490.0,23491.0,GTERI,GTBTC,ok,0.0
21421,1736.4,1736.4,2025-07-09 16:47:20,2025-07-09 16:47:22,23491.0,23492.0,GTBTC,GTIGF,ok,0.0
21422,1736.4,1736.4,2025-07-09 16:47:22,2025-07-09 16:47:22,23492.0,23493.0,GTIGF,GTSTT,ok,0.0
21423,1736.4,1736.4,2025-07-09 16:47:22,2025-07-09 16:47:22,23493.0,23494.0,GTSTT,GTSTC,ok,0.0
21424,1736.4,1736.4,2025-07-09 16:47:22,2025-07-09 16:47:22,23494.0,23495.0,GTSTC,GTERI,ok,0.0
21425,1736.4,1736.4,2025-07-09 16:47:22,2025-07-09 16:47:22,23495.0,23496.0,GTERI,GTIGL,ok,0.0
21426,1736.4,1736.4,2025-07-09 16:47:22,2025-07-09 16:48:03,23496.0,23497.0,GTIGL,GTSTT,ok,0.0
21429,1736.4,1736.4,2025-07-09 16:48:03,2025-07-09 16:51:18,23497.0,23500.0,GTSTT,GTIGN,ok,0.0
21430,1736.4,1736.4,2025-07-09 16:51:18,2025-07-09 16:51:18,23500.0,23501.0,GTIGN,GTSTT,ok,0.0
21431,1736.4,1736.4,2025-07-09 16:51:18,2025-07-09 16:51:18,23501.0,23502.0,GTSTT,GTIGL,ok,0.0
21432,1736.4,1736.4,2025-07-09 16:51:18,2025-07-09 16:51:22,23502.0,23503.0,GTIGL,GTERI,ok,0.0
21433,1736.4,1736.4,2025-07-09 16:51:22,2025-07-09 16:51:29,23503.0,23504.0,GTERI,GTERI,ok,0.0
21434,1736.4,1736.4,2025-07-09 16:51:29,2025-07-09 16:51:45,23504.0,23505.0,GTERI,GTERI,ok,0.0
21435,1736.4,1736.4,2025-07-09 16:51:45,2025-07-09 16:51:47,23505.0,23506.0,GTERI,GTERI,ok,0.0
21437,1736.4,1737.6,2025-07-09 16:51:47,2025-07-09 16:54:18,23506.0,23508.0,GTERI,GTBTC,ok,1.199999999999818
21438,1737.6,1737.7,2025-07-09 16:54:18,2025-07-09 16:54:28,23508.0,23509.0,GTBTC,GTERI,ok,0.10000000000013642
21440,1737.7,1737.8,2025-07-09 16:54:28,2025-07-09 16:55:01,23509.0,23511.0,GTERI,GTERI,ok,0.09999999999990905
21441,1737.8,1737.8,2025-07-09 16:55:01,2025-07-09 16:55:03,23511.0,23512.0,GTERI,GTERI,ok,0.0
21442,1737.8,1737.9,2025-07-09 16:55:03,2025-07-09 16:55:23,23512.0,23513.0,GTERI,GTERI,ok,0.10000000000013642
21443,1737.9,1737.9,2025-07-09 16:55:23,2025-07-09 16:55:25,23513.0,23514.0,GTERI,GTERI,ok,0.0
21444,1737.9,1738.1,2025-07-09 16:55:25,2025-07-09 16:55:48,23514.0,23515.0,GTERI,GTERI,ok,0.1999999999998181
21445,1738.1,1738.1,2025-07-09 16:55:48,2025-07-09 16:55:54,23515.0,23516.0,GTERI,GTERI,ok,0.0
21446,1738.1,1738.2,2025-07-09 16:55:54,2025-07-09 16:55:56,23516.0,23517.0,GTERI,GTERI,ok,0.10000000000013642
21447,1738.2,1738.2,2025-07-09 16:55:56,2025-07-09 16:55:58,23517.0,23518.0,GTERI,GTERI,ok,0.0
21449,1738.2,1739.7,2025-07-09 16:55:58,2025-07-09 16:57:28,23518.0,23520.0,GTERI,GTERI,ok,1.5
21451,1739.7,1742.0,2025-07-09 16:57:28,2025-07-09 16:59:17,23520.0,23522.0,GTERI,GTERI,ok,2.2999999999999545
21452,1742.0,1742.0,2025-07-09 16:59:17,2025-07-09 16:59:19,23522.0,23523.0,GTERI,GTERI,ok,0.0
21453,1742.0,1742.1,2025-07-09 16:59:19,2025-07-09 16:59:22,23523.0,23524.0,GTERI,GTERI,ok,0.09999999999990905
21454,1742.1,1742.1,2025-07-09 16:59:22,2025-07-09 16:59:28,23524.0,23525.0,GTERI,GTERI,ok,0.0
21455,1742.1,1742.1,2025-07-09 16:59:28,2025-07-09 16:59:32,23525.0,23526.0,GTERI,GTERI,ok,0.0
21456,1742.1,1742.1,2025-07-09 16:59:32,2025-07-09 16:59:41,23526.0,23527.0,GTERI,GTERI,ok,0.0
21457,1742.1,1742.3,2025-07-09 16:59:41,2025-07-09 17:00:17,23527.0,23528.0,GTERI,GTERI,ok,0.20000000000004547
21458,1742.3,1742.3,2025-07-09 17:00:17,2025-07-09 17:00:28,23528.0,23529.0,GTERI,GTERI,ok,0.0
21460,1742.3,1742.3,2025-07-09 17:00:28,2025-07-09 17:01:03,23529.0,23531.0,GTERI,GTERI,ok,0.0
21461,1742.3,1742.3,2025-07-09 17:01:03,2025-07-09 17:01:06,23531.0,23532.0,GTERI,GTERI,ok,0.0
21462,1742.3,1742.3,2025-07-09 17:01:06,2025-07-09 17:01:09,23532.0,23533.0,GTERI,GTERI,ok,0.0
21463,1742.3,1742.3,2025-07-09 17:01:09,2025-07-09 17:01:11,23533.0,23534.0,GTERI,GTERI,ok,0.0
21464,1742.3,1742.3,2025-07-09 17:01:11,2025-07-09 17:01:19,23534.0,23535.0,GTERI,GTERI,ok,0.0
21466,1742.3,1742.4,2025-07-09 17:01:19,2025-07-09 17:03:24,23535.0,23537.0,GTERI,GTSTT,ok,0.10000000000013642
21467,1742.4,1742.4,2025-07-09 17:03:24,2025-07-09 17:03:28,23537.0,23538.0,GTSTT,GTERI,ok,0.0
21468,1742.4,1742.4,2025-07-09 17:03:28,2025-07-09 17:04:20,23538.0,23539.0,GTERI,GTSTT,ok,0.0
21470,1742.4,1742.4,2025-07-09 17:04:20,2025-07-09 17:04:56,23539.0,23541.0,GTSTT,GTSTT,ok,0.0
21471,1742.4,1742.4,2025-07-09 17:04:56,2025-07-09 17:05:06,23541.0,23542.0,GTSTT,GTSTT,ok,0.0
21472,1742.4,1742.4,2025-07-09 17:05:06,2025-07-09 17:05:18,23542.0,23543.0,GTSTT,GTERI,ok,0.0
21473,1742.4,1742.4,2025-07-09 17:05:18,2025-07-09 17:05:19,23543.0,23544.0,GTERI,GTERI,ok,0.0
21474,1742.4,1742.4,2025-07-09 17:05:19,2025-07-09 17:05:21,23544.0,23545.0,GTERI,GTERI,ok,0.0
21475,1742.4,1742.4,2025-07-09 17:05:21,2025-07-09 17:06:02,23545.0,23546.0,GTERI,GTSTT,ok,0.0
21476,1742.4,1742.4,2025-07-09 17:06:02,2025-07-09 17:06:08,23546.0,23547.0,GTSTT,GTSTT,ok,0.0
21477,1742.4,1742.4,2025-07-09 17:06:08,2025-07-09 17:06:28,23547.0,23548.0,GTSTT,GTERI,ok,0.0
21478,1742.4,1742.4,2025-07-09 17:06:28,2025-07-09 17:06:42,23548.0,23549.0,GTERI,GTIGF,ok,0.0
21479,1742.4,1742.4,2025-07-09 17:06:42,2025-07-09 17:06:42,23549.0,23550.0,GTIGF,GTSTT,ok,0.0
21480,1742.4,1742.4,2025-07-09 17:06:42,2025-07-09 17:06:42,23550.0,23551.0,GTSTT,GTIGN,ok,0.0
21481,1742.4,1742.4,2025-07-09 17:06:42,2025-07-09 17:06:42,23551.0,23552.0,GTIGN,GTSTT,ok,0.0
21482,1742.4,1742.4,2025-07-09 17:06:42,2025-07-09 17:06:42,23552.0,23553.0,GTSTT,GTIGL,ok,0.0
21483,1742.4,1742.4,2025-07-09 17:06:42,2025-07-09 17:06:42,23553.0,23554.0,GTIGL,GTIGL,ok,0.0
21484,1742.4,1742.4,2025-07-09 17:06:42,2025-07-09 17:06:42,23554.0,23555.0,GTIGL,GTSTC,ok,0.0
21485,1742.4,1742.4,2025-07-09 17:06:42,2025-07-09 17:06:43,23555.0,23556.0,GTSTC,GTIGF,ok,0.0
21486,1742.4,1742.4,2025-07-09 17:06:43,2025-07-09 17:06:43,23556.0,23557.0,GTIGF,GTSTT,ok,0.0
21487,1742.4,1742.4,2025-07-09 17:06:43,2025-07-09 17:06:44,23557.0,23558.0,GTSTT,GTIGL,ok,0.0
21488,1742.4,1742.4,2025-07-09 17:06:44,2025-07-09 17:06:45,23558.0,23559.0,GTIGL,GTIGN,ok,0.0
21489,1742.4,1742.4,2025-07-09 17:06:45,2025-07-09 17:06:45,23559.0,23560.0,GTIGN,GTSTT,ok,0.0
21490,1742.4,1742.4,2025-07-09 17:06:45,2025-07-09 17:06:46,23560.0,23561.0,GTSTT,GTIGL,ok,0.0
21492,1742.4,1742.4,2025-07-09 17:06:46,2025-07-09 17:06:50,23561.0,23563.0,GTIGL,GTERI,ok,0.0
21493,1742.4,1742.4,2025-07-09 17:06:50,2025-07-09 17:06:51,23563.0,23564.0,GTERI,GTERI,ok,0.0
21494,1742.4,1742.4,2025-07-09 17:06:51,2025-07-09 17:06:53,23564.0,23565.0,GTERI,GTERI,ok,0.0
21495,1742.4,1742.4,2025-07-09 17:06:53,2025-07-09 17:06:55,23565.0,23566.0,GTERI,GTERI,ok,0.0
21496,1742.4,1742.5,2025-07-09 17:06:55,2025-07-09 17:07:23,23566.0,23567.0,GTERI,GTERI,ok,0.09999999999990905
21497,1742.5,1742.5,2025-07-09 17:07:23,2025-07-09 17:07:24,23567.0,23568.0,GTERI,GTERI,ok,0.0
21498,1742.5,1742.5,2025-07-09 17:07:24,2025-07-09 17:07:31,23568.0,23569.0,GTERI,GTERI,ok,0.0
21499,1742.5,1742.5,2025-07-09 17:07:31,2025-07-09 17:08:05,23569.0,23570.0,GTERI,GTSTT,ok,0.0
21500,1742.5,1742.5,2025-07-09 17:08:05,2025-07-09 17:08:39,23570.0,23571.0,GTSTT,GTSTT,ok,0.0
21502,1742.5,1742.5,2025-07-09 17:08:39,2025-07-09 17:09:14,23571.0,23573.0,GTSTT,GTSTT,ok,0.0
21503,1742.5,1742.5,2025-07-09 17:09:14,2025-07-09 17:09:46,23573.0,23574.0,GTSTT,GTBTC,ok,0.0
21504,1742.5,1742.5,2025-07-09 17:09:46,2025-07-09 17:09:54,23574.0,23575.0,GTBTC,GTERI,ok,0.0
21507,1742.5,1742.5,2025-07-09 17:09:54,2025-07-09 17:12:54,23575.0,23578.0,GTERI,GTERI,ok,0.0
21508,1742.5,1742.5,2025-07-09 17:12:54,2025-07-09 17:13:12,23578.0,23579.0,GTERI,GTSTT,ok,0.0
21509,1742.5,1742.5,2025-07-09 17:13:12,2025-07-09 17:13:17,23579.0,23580.0,GTSTT,GTERI,ok,0.0
21510,1742.5,1742.5,2025-07-09 17:13:17,2025-07-09 17:13:21,23580.0,23581.0,GTERI,GTERI,ok,0.0
21511,1742.5,1742.6,2025-07-09 17:13:21,2025-07-09 17:13:38,23581.0,23582.0,GTERI,GTERI,ok,0.09999999999990905
21512,1742.6,1742.6,2025-07-09 17:13:38,2025-07-09 17:13:51,23582.0,23583.0,GTERI,GTERI,ok,0.0
21513,1742.6,1742.6,2025-07-09 17:13:51,2025-07-09 17:13:53,23583.0,23584.0,GTERI,GTERI,ok,0.0
21514,1742.6,1742.6,2025-07-09 17:13:53,2025-07-09 17:13:55,23584.0,23585.0,GTERI,GTERI,ok,0.0
21518,1742.6,1745.0,2025-07-09 17:13:55,2025-07-09 17:15:54,23585.0,23587.0,GTERI,GTERI,ok,2.400000000000091
21517,1745.0,1745.6,2025-07-09 17:15:54,2025-07-09 17:16:24,23587.0,23589.0,GTERI,GTPDP,ok,0.599999999999909
21519,1745.6,1746.5,2025-07-09 17:16:24,2025-07-09 17:17:03,23589.0,23590.0,GTPDP,GTERI,ok,0.900000000000091
21520,1746.5,1746.5,2025-07-09 17:17:03,2025-07-09 17:17:05,23590.0,23591.0,GTERI,GTERI,ok,0.0
21521,1746.5,1747.5,2025-07-09 17:17:05,2025-07-09 17:18:54,23591.0,23592.0,GTERI,GTERI,ok,1.0
21523,1747.5,1748.2,2025-07-09 17:18:54,2025-07-09 17:20:33,23592.0,23594.0,GTERI,GTERI,ok,0.7000000000000455
21524,1748.2,1748.2,2025-07-09 17:20:33,2025-07-09 17:20:34,23594.0,23595.0,GTERI,GTERI,ok,0.0
21525,1748.2,1748.2,2025-07-09 17:20:34,2025-07-09 17:20:35,23595.0,23596.0,GTERI,GTERI,ok,0.0
21526,1748.2,1748.2,2025-07-09 17:20:35,2025-07-09 17:20:36,23596.0,23597.0,GTERI,GTERI,ok,0.0
21527,1748.2,1748.2,2025-07-09 17:20:36,2025-07-09 17:20:51,23597.0,23598.0,GTERI,GTERI,ok,0.0
21528,1748.2,1748.2,2025-07-09 17:20:51,2025-07-09 17:20:58,23598.0,23599.0,GTERI,GTIGF,ok,0.0
21529,1748.2,1748.2,2025-07-09 17:20:58,2025-07-09 17:20:58,23599.0,23600.0,GTIGF,GTSTT,ok,0.0
21530,1748.2,1748.2,2025-07-09 17:20:58,2025-07-09 17:20:58,23600.0,23601.0,GTSTT,GTERI,ok,0.0
21531,1748.2,1748.2,2025-07-09 17:20:58,2025-07-09 17:20:58,23601.0,23602.0,GTERI,GTIGL,ok,0.0
21532,1748.2,1748.2,2025-07-09 17:20:58,2025-07-09 17:20:58,23602.0,23603.0,GTIGL,GTSTC,ok,0.0
21534,1748.2,1748.2,2025-07-09 17:20:58,2025-07-09 17:21:40,23603.0,23605.0,GTSTC,GTSTT,ok,0.0
21564,1748.2,1748.2,2025-07-09 17:21:40,2025-07-09 18:20:54,23605.0,23635.0,GTSTT,GTERI,ok,0.0
21595,1748.2,1748.2,2025-07-09 18:20:54,2025-07-09 19:20:54,23635.0,23666.0,GTERI,GTERI,ok,0.0
21597,1748.2,1748.2,2025-07-09 19:20:54,2025-07-09 19:21:59,23666.0,23668.0,GTERI,GTIGN,ok,0.0
21598,1748.2,1748.2,2025-07-09 19:21:59,2025-07-09 19:21:59,23668.0,23669.0,GTIGN,GTSTT,ok,0.0
21599,1748.2,1748.2,2025-07-09 19:21:59,2025-07-09 19:22:07,23669.0,23670.0,GTSTT,GTERI,ok,0.0
21600,1748.2,1748.2,2025-07-09 19:22:07,2025-07-09 19:22:07,23670.0,23671.0,GTERI,GTIGL,ok,0.0
21601,1748.2,1748.2,2025-07-09 19:22:07,2025-07-09 19:23:02,23671.0,23672.0,GTIGL,GTERI,ok,0.0
21603,1748.2,1748.6,2025-07-09 19:23:02,2025-07-09 19:24:03,23672.0,23674.0,GTERI,GTERI,ok,0.3999999999998636
21604,1748.6,1748.9,2025-07-09 19:24:03,2025-07-09 19:25:01,23674.0,23675.0,GTERI,GTBTC,ok,0.3000000000001819
21605,1748.9,1749.0,2025-07-09 19:25:01,2025-07-09 19:25:05,23675.0,23676.0,GTBTC,GTERI,ok,0.09999999999990905
21606,1749.0,1749.0,2025-07-09 19:25:05,2025-07-09 19:25:15,23676.0,23677.0,GTERI,GTERI,ok,0.0
21607,1749.0,1749.0,2025-07-09 19:25:15,2025-07-09 19:25:17,23677.0,23678.0,GTERI,GTERI,ok,0.0
21609,1749.0,1749.1,2025-07-09 19:25:17,2025-07-09 19:25:32,23678.0,23680.0,GTERI,GTERI,ok,0.09999999999990905
21610,1749.1,1749.1,2025-07-09 19:25:32,2025-07-09 19:25:34,23680.0,23681.0,GTERI,GTERI,ok,0.0
21611,1749.1,1749.1,2025-07-09 19:25:34,2025-07-09 19:25:46,23681.0,23682.0,GTERI,GTIGF,ok,0.0
21612,1749.1,1749.1,2025-07-09 19:25:46,2025-07-09 19:25:46,23682.0,23683.0,GTIGF,GTSTT,ok,0.0
21613,1749.1,1749.1,2025-07-09 19:25:46,2025-07-09 19:25:46,23683.0,23684.0,GTSTT,GTSTC,ok,0.0
21614,1749.1,1749.1,2025-07-09 19:25:46,2025-07-09 19:25:46,23684.0,23685.0,GTSTC,GTERI,ok,0.0
21615,1749.1,1749.1,2025-07-09 19:25:46,2025-07-09 19:25:46,23685.0,23686.0,GTERI,GTIGL,ok,0.0
21616,1749.1,1749.1,2025-07-09 19:25:46,2025-07-09 19:26:33,23686.0,23687.0,GTIGL,GTSTT,ok,0.0
21647,1749.1,1749.1,2025-07-09 19:26:33,2025-07-09 20:25:41,23687.0,23718.0,GTSTT,GTERI,ok,0.0
21678,1749.1,1749.1,2025-07-09 20:25:41,2025-07-09 21:25:41,23718.0,23749.0,GTERI,GTERI,ok,0.0
21700,1749.1,1749.1,2025-07-09 21:25:41,2025-07-09 22:08:09,23749.0,23771.0,GTERI,GTPDP,ok,0.0
21709,1749.1,1749.1,2025-07-09 22:08:09,2025-07-09 22:25:41,23771.0,23780.0,GTPDP,GTERI,ok,0.0
21740,1749.1,1749.1,2025-07-09 22:25:41,2025-07-09 23:25:41,23780.0,23811.0,GTERI,GTERI,ok,0.0
21771,1749.1,1749.1,2025-07-09 23:25:41,2025-07-10 00:25:41,23811.0,23842.0,GTERI,GTERI,ok,0.0
21802,1749.1,1749.1,2025-07-10 00:25:41,2025-07-10 01:25:41,23842.0,23873.0,GTERI,GTERI,ok,0.0
21806,1749.1,1749.1,2025-07-10 01:25:41,2025-07-10 01:31:53,23873.0,23877.0,GTERI,GTSTT,ok,0.0
21808,1749.1,1749.1,2025-07-10 01:31:53,2025-07-10 01:34:20,23877.0,23879.0,GTSTT,GTSTT,ok,0.0
21814,1749.1,1749.1,2025-07-10 01:34:20,2025-07-10 01:43:51,23879.0,23885.0,GTSTT,GTPDP,ok,0.0
21835,1749.1,1749.1,2025-07-10 01:43:51,2025-07-10 02:25:41,23885.0,23906.0,GTPDP,GTERI,ok,0.0
21866,1749.1,1749.1,2025-07-10 02:25:41,2025-07-10 03:25:41,23906.0,23937.0,GTERI,GTERI,ok,0.0
21897,1749.1,1749.1,2025-07-10 03:25:41,2025-07-10 04:25:41,23937.0,23968.0,GTERI,GTERI,ok,0.0
21901,1749.1,1749.1,2025-07-10 04:25:41,2025-07-10 05:25:41,23968.0,23973.0,GTERI,GTERI,ok,0.0
21903,1749.1,1749.1,2025-07-10 05:25:41,2025-07-10 05:25:41,23973.0,23973.0,GTERI,GTERI,ok,0.0
21933,1749.1,1749.1,2025-07-10 05:25:41,2025-07-10 06:25:41,23973.0,24004.0,GTERI,GTERI,ok,0.0
21964,1749.1,1749.1,2025-07-10 06:25:41,2025-07-10 07:25:41,24004.0,24035.0,GTERI,GTERI,ok,0.0
21995,1749.1,1749.1,2025-07-10 07:25:41,2025-07-10 08:25:41,24035.0,24066.0,GTERI,GTERI,ok,0.0
22009,1749.1,1749.1,2025-07-10 08:25:41,2025-07-10 08:50:29,24066.0,24080.0,GTERI,GTIGN,ok,0.0
22010,1749.1,1749.1,2025-07-10 08:50:29,2025-07-10 08:50:29,24080.0,24081.0,GTIGN,GTSTT,ok,0.0
22011,1749.1,1749.1,2025-07-10 08:50:29,2025-07-10 08:50:33,24081.0,24082.0,GTSTT,GTIGF,ok,0.0
22012,1749.1,1749.1,2025-07-10 08:50:33,2025-07-10 08:50:33,24082.0,24083.0,GTIGF,GTSTT,ok,0.0
22013,1749.1,1749.1,2025-07-10 08:50:33,2025-07-10 08:50:34,24083.0,24084.0,GTSTT,GTIGN,ok,0.0
22014,1749.1,1749.1,2025-07-10 08:50:34,2025-07-10 08:50:34,24084.0,24085.0,GTIGN,GTSTT,ok,0.0
22015,1749.1,1749.1,2025-07-10 08:50:34,2025-07-10 08:50:35,24085.0,24086.0,GTSTT,GTIGF,ok,0.0
22016,1749.1,1749.1,2025-07-10 08:50:35,2025-07-10 08:50:35,24086.0,24087.0,GTIGF,GTSTT,ok,0.0
22017,1749.1,1749.1,2025-07-10 08:50:35,2025-07-10 08:50:36,24087.0,24088.0,GTSTT,GTIGN,ok,0.0
22018,1749.1,1749.1,2025-07-10 08:50:36,2025-07-10 08:50:36,24088.0,24089.0,GTIGN,GTSTT,ok,0.0
22019,1749.1,1749.1,2025-07-10 08:50:36,2025-07-10 08:50:45,24089.0,24090.0,GTSTT,GTERI,ok,0.0
22020,1749.1,1749.1,2025-07-10 08:50:45,2025-07-10 08:50:45,24090.0,24091.0,GTERI,GTIGL,ok,0.0
22021,1749.1,1749.1,2025-07-10 08:50:45,2025-07-10 08:50:45,24091.0,24092.0,GTIGL,GTIGL,ok,0.0
22022,1749.1,1749.1,2025-07-10 08:50:45,2025-07-10 08:50:45,24092.0,24093.0,GTIGL,GTIGL,ok,0.0
22023,1749.1,1749.1,2025-07-10 08:50:45,2025-07-10 08:50:45,24093.0,24094.0,GTIGL,GTIGL,ok,0.0
22024,1749.1,1749.1,2025-07-10 08:50:45,2025-07-10 08:50:45,24094.0,24095.0,GTIGL,GTIGL,ok,0.0
22025,1749.1,1749.1,2025-07-10 08:50:45,2025-07-10 08:50:53,24095.0,24096.0,GTIGL,GTERI,ok,0.0
22026,1749.1,1749.1,2025-07-10 08:50:53,2025-07-10 08:51:03,24096.0,24097.0,GTERI,GTERI,ok,0.0
22027,1749.1,1749.1,2025-07-10 08:51:03,2025-07-10 08:51:13,24097.0,24098.0,GTERI,GTERI,ok,0.0
22028,1749.1,1749.1,2025-07-10 08:51:13,2025-07-10 08:51:15,24098.0,24099.0,GTERI,GTERI,ok,0.0
22030,1749.1,1749.8,2025-07-10 08:51:15,2025-07-10 08:52:18,24099.0,24101.0,GTERI,GTERI,ok,0.7000000000000455
22031,1749.8,1749.9,2025-07-10 08:52:18,2025-07-10 08:52:23,24101.0,24102.0,GTERI,GTERI,ok,0.10000000000013642
22032,1749.9,1749.9,2025-07-10 08:52:23,2025-07-10 08:52:25,24102.0,24103.0,GTERI,GTERI,ok,0.0
22033,1749.9,1749.9,2025-07-10 08:52:25,2025-07-10 08:52:27,24103.0,24104.0,GTERI,GTERI,ok,0.0
22034,1749.9,1751.2,2025-07-10 08:52:27,2025-07-10 08:53:36,24104.0,24105.0,GTERI,GTBTC,ok,1.2999999999999545
22035,1751.2,1751.3,2025-07-10 08:53:36,2025-07-10 08:53:42,24105.0,24106.0,GTBTC,GTERI,ok,0.09999999999990905
22037,1751.3,1753.8,2025-07-10 08:53:42,2025-07-10 08:55:32,24106.0,24108.0,GTERI,GTERI,ok,2.5
22038,1753.8,1753.8,2025-07-10 08:55:32,2025-07-10 08:55:34,24108.0,24109.0,GTERI,GTERI,ok,0.0
22039,1753.8,1753.8,2025-07-10 08:55:34,2025-07-10 08:55:36,24109.0,24110.0,GTERI,GTERI,ok,0.0
22040,1753.8,1753.8,2025-07-10 08:55:36,2025-07-10 08:55:40,24110.0,24111.0,GTERI,GTERI,ok,0.0
22041,1753.8,1753.8,2025-07-10 08:55:40,2025-07-10 08:55:43,24111.0,24112.0,GTERI,GTERI,ok,0.0
22043,1753.8,1753.9,2025-07-10 08:55:43,2025-07-10 08:56:06,24112.0,24114.0,GTERI,GTERI,ok,0.10000000000013642
22044,1753.9,1753.9,2025-07-10 08:56:06,2025-07-10 08:56:07,24114.0,24115.0,GTERI,GTERI,ok,0.0
22045,1753.9,1753.9,2025-07-10 08:56:07,2025-07-10 08:56:15,24115.0,24116.0,GTERI,GTERI,ok,0.0
22046,1753.9,1753.9,2025-07-10 08:56:15,2025-07-10 08:56:29,24116.0,24117.0,GTERI,GTIGF,ok,0.0
22047,1753.9,1753.9,2025-07-10 08:56:29,2025-07-10 08:56:29,24117.0,24118.0,GTIGF,GTSTT,ok,0.0
22048,1753.9,1753.9,2025-07-10 08:56:29,2025-07-10 08:56:29,24118.0,24119.0,GTSTT,GTERI,ok,0.0
22049,1753.9,1753.9,2025-07-10 08:56:29,2025-07-10 08:56:29,24119.0,24120.0,GTERI,GTIGL,ok,0.0
22050,1753.9,1753.9,2025-07-10 08:56:29,2025-07-10 08:56:30,24120.0,24121.0,GTIGL,GTSTC,ok,0.0
22051,1753.9,1753.9,2025-07-10 08:56:30,2025-07-10 08:57:12,24121.0,24122.0,GTSTC,GTSTT,ok,0.0
22065,1753.9,1753.9,2025-07-10 08:57:12,2025-07-10 09:22:46,24122.0,24136.0,GTSTT,GTIGN,ok,0.0
22066,1753.9,1753.9,2025-07-10 09:22:46,2025-07-10 09:22:46,24136.0,24137.0,GTIGN,GTSTT,ok,0.0
22067,1753.9,1753.9,2025-07-10 09:22:46,2025-07-10 09:22:55,24137.0,24138.0,GTSTT,GTERI,ok,0.0
22068,1753.9,1753.9,2025-07-10 09:22:55,2025-07-10 09:22:55,24138.0,24139.0,GTERI,GTIGL,ok,0.0
22069,1753.9,1753.9,2025-07-10 09:22:55,2025-07-10 09:23:25,24139.0,24140.0,GTIGL,GTERI,ok,0.0
22070,1753.9,1753.9,2025-07-10 09:23:25,2025-07-10 09:23:28,24140.0,24141.0,GTERI,GTERI,ok,0.0
22072,1753.9,1754.0,2025-07-10 09:23:28,2025-07-10 09:24:07,24141.0,24143.0,GTERI,GTERI,ok,0.09999999999990905
22073,1754.0,1754.0,2025-07-10 09:24:07,2025-07-10 09:24:15,24143.0,24144.0,GTERI,GTERI,ok,0.0
22074,1754.0,1754.0,2025-07-10 09:24:15,2025-07-10 09:24:17,24144.0,24145.0,GTERI,GTERI,ok,0.0
22075,1754.0,1754.0,2025-07-10 09:24:17,2025-07-10 09:24:20,24145.0,24146.0,GTERI,GTERI,ok,0.0
22076,1754.0,1755.7,2025-07-10 09:24:20,2025-07-10 09:25:46,24146.0,24147.0,GTERI,GTBTC,ok,1.7000000000000455
22078,1755.7,1755.9,2025-07-10 09:25:46,2025-07-10 09:25:55,24147.0,24149.0,GTBTC,GTERI,ok,0.20000000000004547
22079,1755.9,1757.9,2025-07-10 09:25:55,2025-07-10 09:27:27,24149.0,24150.0,GTERI,GTERI,ok,2.0
22080,1757.9,1757.9,2025-07-10 09:27:27,2025-07-10 09:27:29,24150.0,24151.0,GTERI,GTERI,ok,0.0
22082,1757.9,1758.8,2025-07-10 09:27:29,2025-07-10 09:28:55,24151.0,24153.0,GTERI,GTERI,ok,0.8999999999998636
22084,1758.8,1759.3,2025-07-10 09:28:55,2025-07-10 09:30:28,24153.0,24155.0,GTERI,GTERI,ok,0.5
22085,1759.3,1759.3,2025-07-10 09:30:28,2025-07-10 09:30:30,24155.0,24156.0,GTERI,GTERI,ok,0.0
22086,1759.3,1759.4,2025-07-10 09:30:30,2025-07-10 09:31:05,24156.0,24157.0,GTERI,GTERI,ok,0.10000000000013642
22087,1759.4,1759.4,2025-07-10 09:31:05,2025-07-10 09:31:07,24157.0,24158.0,GTERI,GTERI,ok,0.0
22088,1759.4,1759.6,2025-07-10 09:31:07,2025-07-10 09:31:47,24158.0,24159.0,GTERI,GTERI,ok,0.1999999999998181
22089,1759.6,1759.6,2025-07-10 09:31:47,2025-07-10 09:31:49,24159.0,24160.0,GTERI,GTERI,ok,0.0
22091,1759.6,1759.6,2025-07-10 09:31:49,2025-07-10 09:31:55,24160.0,24162.0,GTERI,GTERI,ok,0.0
22092,1759.6,1759.6,2025-07-10 09:31:55,2025-07-10 09:32:10,24162.0,24163.0,GTERI,GTERI,ok,0.0
22093,1759.6,1759.6,2025-07-10 09:32:10,2025-07-10 09:32:11,24163.0,24164.0,GTERI,GTERI,ok,0.0
22094,1759.6,1759.7,2025-07-10 09:32:11,2025-07-10 09:32:22,24164.0,24165.0,GTERI,GTERI,ok,0.10000000000013642
22095,1759.7,1759.7,2025-07-10 09:32:22,2025-07-10 09:32:23,24165.0,24166.0,GTERI,GTERI,ok,0.0
22096,1759.7,1759.7,2025-07-10 09:32:23,2025-07-10 09:32:24,24166.0,24167.0,GTERI,GTERI,ok,0.0
22097,1759.7,1759.7,2025-07-10 09:32:24,2025-07-10 09:32:25,24167.0,24168.0,GTERI,GTERI,ok,0.0
22098,1759.7,1759.7,2025-07-10 09:32:25,2025-07-10 09:32:54,24168.0,24169.0,GTERI,GTIGF,ok,0.0
22099,1759.7,1759.7,2025-07-10 09:32:54,2025-07-10 09:32:54,24169.0,24170.0,GTIGF,GTSTT,ok,0.0
22100,1759.7,1759.7,2025-07-10 09:32:54,2025-07-10 09:32:54,24170.0,24171.0,GTSTT,GTERI,ok,0.0
22101,1759.7,1759.7,2025-07-10 09:32:54,2025-07-10 09:32:54,24171.0,24172.0,GTERI,GTIGL,ok,0.0
22102,1759.7,1759.7,2025-07-10 09:32:54,2025-07-10 09:32:55,24172.0,24173.0,GTIGL,GTSTC,ok,0.0
22103,1759.7,1759.7,2025-07-10 09:32:55,2025-07-10 09:33:35,24173.0,24174.0,GTSTC,GTSTT,ok,0.0
22105,1759.7,1759.7,2025-07-10 09:33:35,2025-07-10 09:35:34,24174.0,24176.0,GTSTT,GTIGN,ok,0.0
22106,1759.7,1759.7,2025-07-10 09:35:34,2025-07-10 09:35:34,24176.0,24177.0,GTIGN,GTSTT,ok,0.0
22107,1759.7,1759.7,2025-07-10 09:35:34,2025-07-10 09:35:35,24177.0,24178.0,GTSTT,GTIGL,ok,0.0
22108,1759.7,1759.7,2025-07-10 09:35:35,2025-07-10 09:35:39,24178.0,24179.0,GTIGL,GTERI,ok,0.0
22110,1759.7,1759.7,2025-07-10 09:35:39,2025-07-10 09:36:16,24179.0,24181.0,GTERI,GTERI,ok,0.0
22112,1759.7,1760.3,2025-07-10 09:36:16,2025-07-10 09:37:57,24181.0,24183.0,GTERI,GTERI,ok,0.599999999999909
22113,1760.3,1760.7,2025-07-10 09:37:57,2025-07-10 09:38:36,24183.0,24184.0,GTERI,GTBTC,ok,0.40000000000009095
22114,1760.7,1760.8,2025-07-10 09:38:36,2025-07-10 09:38:41,24184.0,24185.0,GTBTC,GTERI,ok,0.09999999999990905
22115,1760.8,1761.3,2025-07-10 09:38:41,2025-07-10 09:39:30,24185.0,24186.0,GTERI,GTERI,ok,0.5
22116,1761.3,1761.3,2025-07-10 09:39:30,2025-07-10 09:39:33,24186.0,24187.0,GTERI,GTERI,ok,0.0
22118,1761.3,1761.3,2025-07-10 09:39:33,2025-07-10 09:39:55,24187.0,24189.0,GTERI,GTERI,ok,0.0
22119,1761.3,1761.3,2025-07-10 09:39:55,2025-07-10 09:40:01,24189.0,24190.0,GTERI,GTERI,ok,0.0
22120,1761.3,1761.3,2025-07-10 09:40:01,2025-07-10 09:40:07,24190.0,24191.0,GTERI,GTERI,ok,0.0
22121,1761.3,1761.3,2025-07-10 09:40:07,2025-07-10 09:40:17,24191.0,24192.0,GTERI,GTERI,ok,0.0
22122,1761.3,1762.0,2025-07-10 09:40:17,2025-07-10 09:41:41,24192.0,24193.0,GTERI,GTERI,ok,0.7000000000000455
22124,1762.0,1762.0,2025-07-10 09:41:41,2025-07-10 09:42:04,24193.0,24195.0,GTERI,GTSTT,ok,0.0
22125,1762.0,1762.0,2025-07-10 09:42:04,2025-07-10 09:42:27,24195.0,24196.0,GTSTT,GTSTT,ok,0.0
22126,1762.0,1762.0,2025-07-10 09:42:27,2025-07-10 09:43:02,24196.0,24197.0,GTSTT,GTSTT,ok,0.0
22128,1762.0,1762.0,2025-07-10 09:43:02,2025-07-10 09:44:41,24197.0,24199.0,GTSTT,GTERI,ok,0.0
22130,1762.0,1762.0,2025-07-10 09:44:41,2025-07-10 09:47:41,24199.0,24201.0,GTERI,GTERI,ok,0.0
22133,1762.0,1762.0,2025-07-10 09:47:41,2025-07-10 09:50:41,24201.0,24204.0,GTERI,GTERI,ok,0.0
22134,1762.0,1762.0,2025-07-10 09:50:41,2025-07-10 09:51:02,24204.0,24205.0,GTERI,GTSTT,ok,0.0
22136,1762.0,1762.9,2025-07-10 09:51:02,2025-07-10 09:53:41,24205.0,24207.0,GTSTT,GTERI,ok,0.900000000000091
22137,1762.9,1762.9,2025-07-10 09:53:41,2025-07-10 09:53:47,24207.0,24208.0,GTERI,GTERI,ok,0.0
22138,1762.9,1762.9,2025-07-10 09:53:47,2025-07-10 09:53:49,24208.0,24209.0,GTERI,GTERI,ok,0.0
22140,1762.9,1763.3,2025-07-10 09:53:49,2025-07-10 09:54:43,24209.0,24211.0,GTERI,GTERI,ok,0.3999999999998636
22141,1763.3,1763.3,2025-07-10 09:54:43,2025-07-10 09:54:45,24211.0,24212.0,GTERI,GTERI,ok,0.0
22142,1763.3,1763.4,2025-07-10 09:54:45,2025-07-10 09:55:20,24212.0,24213.0,GTERI,GTERI,ok,0.10000000000013642
22143,1763.4,1763.4,2025-07-10 09:55:20,2025-07-10 09:55:23,24213.0,24214.0,GTERI,GTERI,ok,0.0
22144,1763.4,1763.6,2025-07-10 09:55:23,2025-07-10 09:55:54,24214.0,24215.0,GTERI,GTERI,ok,0.1999999999998181
22146,1763.6,1763.6,2025-07-10 09:55:54,2025-07-10 09:55:57,24215.0,24217.0,GTERI,GTERI,ok,0.0
22147,1763.6,1763.6,2025-07-10 09:55:57,2025-07-10 09:56:07,24217.0,24218.0,GTERI,GTERI,ok,0.0
22148,1763.6,1763.6,2025-07-10 09:56:07,2025-07-10 09:56:09,24218.0,24219.0,GTERI,GTERI,ok,0.0
22149,1763.6,1763.7,2025-07-10 09:56:09,2025-07-10 09:56:23,24219.0,24220.0,GTERI,GTERI,ok,0.10000000000013642
22150,1763.7,1763.7,2025-07-10 09:56:23,2025-07-10 09:56:25,24220.0,24221.0,GTERI,GTERI,ok,0.0
22151,1763.7,1763.8,2025-07-10 09:56:25,2025-07-10 09:56:41,24221.0,24222.0,GTERI,GTERI,ok,0.09999999999990905
22152,1763.8,1763.8,2025-07-10 09:56:41,2025-07-10 09:56:44,24222.0,24223.0,GTERI,GTERI,ok,0.0
22153,1763.8,1763.8,2025-07-10 09:56:44,2025-07-10 09:56:54,24223.0,24224.0,GTERI,GTIGF,ok,0.0
22154,1763.8,1763.8,2025-07-10 09:56:54,2025-07-10 09:56:54,24224.0,24225.0,GTIGF,GTSTT,ok,0.0
22155,1763.8,1763.8,2025-07-10 09:56:54,2025-07-10 09:56:54,24225.0,24226.0,GTSTT,GTSTC,ok,0.0
22156,1763.8,1763.8,2025-07-10 09:56:54,2025-07-10 09:56:54,24226.0,24227.0,GTSTC,GTERI,ok,0.0
22157,1763.8,1763.8,2025-07-10 09:56:54,2025-07-10 09:56:54,24227.0,24228.0,GTERI,GTIGL,ok,0.0
22159,1763.8,1763.8,2025-07-10 09:56:54,2025-07-10 09:58:04,24228.0,24230.0,GTIGL,GTSTT,ok,0.0
22180,1763.8,1763.8,2025-07-10 09:58:04,2025-07-10 10:38:03,24230.0,24251.0,GTSTT,GTIGN,ok,0.0
22181,1763.8,1763.8,2025-07-10 10:38:03,2025-07-10 10:38:03,24251.0,24252.0,GTIGN,GTSTT,ok,0.0
22182,1763.8,1763.8,2025-07-10 10:38:03,2025-07-10 10:38:11,24252.0,24253.0,GTSTT,GTERI,ok,0.0
22183,1763.8,1763.8,2025-07-10 10:38:11,2025-07-10 10:38:11,24253.0,24254.0,GTERI,GTIGL,ok,0.0
22184,1763.8,1763.8,2025-07-10 10:38:11,2025-07-10 10:38:39,24254.0,24255.0,GTIGL,GTSTT,ok,0.0
22185,1763.8,1763.8,2025-07-10 10:38:39,2025-07-10 10:38:45,24255.0,24256.0,GTSTT,GTSTT,ok,0.0
22186,1763.8,1763.8,2025-07-10 10:38:45,2025-07-10 10:38:48,24256.0,24257.0,GTSTT,GTERI,ok,0.0
22187,1763.8,1763.8,2025-07-10 10:38:48,2025-07-10 10:39:14,24257.0,24258.0,GTERI,GTERI,ok,0.0
22188,1763.8,1763.8,2025-07-10 10:39:14,2025-07-10 10:39:16,24258.0,24259.0,GTERI,GTERI,ok,0.0
22190,1763.8,1764.3,2025-07-10 10:39:16,2025-07-10 10:40:41,24259.0,24261.0,GTERI,GTERI,ok,0.5
22191,1764.3,1764.5,2025-07-10 10:40:41,2025-07-10 10:41:04,24261.0,24262.0,GTERI,GTBTC,ok,0.20000000000004547
22192,1764.5,1764.5,2025-07-10 10:41:04,2025-07-10 10:41:11,24262.0,24263.0,GTBTC,GTERI,ok,0.0
22193,1764.5,1764.7,2025-07-10 10:41:11,2025-07-10 10:41:46,24263.0,24264.0,GTERI,GTERI,ok,0.20000000000004547
22194,1764.7,1764.7,2025-07-10 10:41:46,2025-07-10 10:41:49,24264.0,24265.0,GTERI,GTERI,ok,0.0
22196,1764.7,1764.7,2025-07-10 10:41:49,2025-07-10 10:43:04,24265.0,24267.0,GTERI,GTSTT,ok,0.0
22197,1764.7,1764.7,2025-07-10 10:43:04,2025-07-10 10:43:15,24267.0,24268.0,GTSTT,GTSTT,ok,0.0
22198,1764.7,1764.7,2025-07-10 10:43:15,2025-07-10 10:43:50,24268.0,24269.0,GTSTT,GTERI,ok,0.0
22199,1764.7,1764.7,2025-07-10 10:43:50,2025-07-10 10:43:52,24269.0,24270.0,GTERI,GTERI,ok,0.0
22201,1764.7,1764.9,2025-07-10 10:43:52,2025-07-10 10:44:11,24270.0,24272.0,GTERI,GTERI,ok,0.20000000000004547
22203,1764.9,1766.1,2025-07-10 10:44:11,2025-07-10 10:46:27,24272.0,24274.0,GTERI,GTERI,ok,1.199999999999818
22204,1766.1,1766.2,2025-07-10 10:46:27,2025-07-10 10:46:34,24274.0,24275.0,GTERI,GTERI,ok,0.10000000000013642
22205,1766.2,1766.2,2025-07-10 10:46:34,2025-07-10 10:46:36,24275.0,24276.0,GTERI,GTERI,ok,0.0
22206,1766.2,1766.2,2025-07-10 10:46:36,2025-07-10 10:46:38,24276.0,24277.0,GTERI,GTERI,ok,0.0
22207,1766.2,1766.7,2025-07-10 10:46:38,2025-07-10 10:47:11,24277.0,24278.0,GTERI,GTERI,ok,0.5
22210,1766.7,1770.1,2025-07-10 10:47:11,2025-07-10 10:50:03,24278.0,24281.0,GTERI,GTERI,ok,3.3999999999998636
22211,1770.1,1770.1,2025-07-10 10:50:03,2025-07-10 10:50:05,24281.0,24282.0,GTERI,GTERI,ok,0.0
22212,1770.1,1770.1,2025-07-10 10:50:05,2025-07-10 10:50:11,24282.0,24283.0,GTERI,GTERI,ok,0.0
22213,1770.1,1770.1,2025-07-10 10:50:11,2025-07-10 10:50:12,24283.0,24284.0,GTERI,GTERI,ok,0.0
22214,1770.1,1770.1,2025-07-10 10:50:12,2025-07-10 10:50:22,24284.0,24285.0,GTERI,GTERI,ok,0.0
22215,1770.1,1770.2,2025-07-10 10:50:22,2025-07-10 10:50:32,24285.0,24286.0,GTERI,GTERI,ok,0.10000000000013642
22217,1770.2,1770.2,2025-07-10 10:50:32,2025-07-10 10:52:02,24286.0,24288.0,GTERI,GTSTT,ok,0.0
22218,1770.2,1770.2,2025-07-10 10:52:02,2025-07-10 10:52:47,24288.0,24289.0,GTSTT,GTSTT,ok,0.0
22219,1770.2,1770.2,2025-07-10 10:52:47,2025-07-10 10:53:11,24289.0,24290.0,GTSTT,GTERI,ok,0.0
22221,1770.2,1770.2,2025-07-10 10:53:11,2025-07-10 10:54:30,24290.0,24292.0,GTERI,GTERI,ok,0.0
22222,1770.2,1770.2,2025-07-10 10:54:30,2025-07-10 10:54:32,24292.0,24293.0,GTERI,GTERI,ok,0.0
22223,1770.2,1770.2,2025-07-10 10:54:32,2025-07-10 10:54:34,24293.0,24294.0,GTERI,GTERI,ok,0.0
22224,1770.2,1770.2,2025-07-10 10:54:34,2025-07-10 10:54:36,24294.0,24295.0,GTERI,GTERI,ok,0.0
22225,1770.2,1770.2,2025-07-10 10:54:36,2025-07-10 10:54:39,24295.0,24296.0,GTERI,GTERI,ok,0.0
22226,1770.2,1770.2,2025-07-10 10:54:39,2025-07-10 10:54:41,24296.0,24297.0,GTERI,GTERI,ok,0.0
22227,1770.2,1770.3,2025-07-10 10:54:41,2025-07-10 10:54:53,24297.0,24298.0,GTERI,GTERI,ok,0.09999999999990905
22228,1770.3,1770.3,2025-07-10 10:54:53,2025-07-10 10:55:04,24298.0,24299.0,GTERI,GTERI,ok,0.0
22229,1770.3,1770.4,2025-07-10 10:55:04,2025-07-10 10:55:15,24299.0,24300.0,GTERI,GTERI,ok,0.10000000000013642
22230,1770.4,1770.4,2025-07-10 10:55:15,2025-07-10 10:55:16,24300.0,24301.0,GTERI,GTERI,ok,0.0
22231,1770.4,1770.4,2025-07-10 10:55:16,2025-07-10 10:55:18,24301.0,24302.0,GTERI,GTERI,ok,0.0
22232,1770.4,1770.4,2025-07-10 10:55:18,2025-07-10 10:55:20,24302.0,24303.0,GTERI,GTERI,ok,0.0
22234,1770.4,1770.5,2025-07-10 10:55:20,2025-07-10 10:56:09,24303.0,24305.0,GTERI,GTSTT,ok,0.09999999999990905
22235,1770.5,1770.5,2025-07-10 10:56:09,2025-07-10 10:56:11,24305.0,24306.0,GTSTT,GTERI,ok,0.0
22236,1770.5,1770.5,2025-07-10 10:56:11,2025-07-10 10:56:48,24306.0,24307.0,GTERI,GTSTT,ok,0.0
22237,1770.5,1770.5,2025-07-10 10:56:48,2025-07-10 10:57:32,24307.0,24308.0,GTSTT,GTSTT,ok,0.0
22239,1770.5,1770.5,2025-07-10 10:57:32,2025-07-10 10:59:11,24308.0,24310.0,GTSTT,GTERI,ok,0.0
22241,1770.5,1770.5,2025-07-10 10:59:11,2025-07-10 11:00:19,24310.0,24312.0,GTERI,GTSTT,ok,0.0
22242,1770.5,1770.7,2025-07-10 11:00:19,2025-07-10 11:01:45,24312.0,24313.0,GTSTT,GTERI,ok,0.20000000000004547
22244,1770.7,1770.7,2025-07-10 11:01:45,2025-07-10 11:02:00,24313.0,24315.0,GTERI,GTERI,ok,0.0
22245,1770.7,1770.7,2025-07-10 11:02:00,2025-07-10 11:02:02,24315.0,24316.0,GTERI,GTERI,ok,0.0
22246,1770.7,1770.7,2025-07-10 11:02:02,2025-07-10 11:02:05,24316.0,24317.0,GTERI,GTERI,ok,0.0
22247,1770.7,1770.7,2025-07-10 11:02:05,2025-07-10 11:02:11,24317.0,24318.0,GTERI,GTERI,ok,0.0
22249,1770.7,1774.5,2025-07-10 11:02:11,2025-07-10 11:05:11,24318.0,24320.0,GTERI,GTERI,ok,3.7999999999999545
22250,1774.5,1774.5,2025-07-10 11:05:11,2025-07-10 11:05:12,24320.0,24321.0,GTERI,GTERI,ok,0.0
22251,1774.5,1774.6,2025-07-10 11:05:12,2025-07-10 11:05:15,24321.0,24322.0,GTERI,GTERI,ok,0.09999999999990905
22252,1774.6,1774.8,2025-07-10 11:05:15,2025-07-10 11:05:54,24322.0,24323.0,GTERI,GTERI,ok,0.20000000000004547
22253,1774.8,1774.8,2025-07-10 11:05:54,2025-07-10 11:05:57,24323.0,24324.0,GTERI,GTERI,ok,0.0
22255,1774.8,1774.8,2025-07-10 11:05:57,2025-07-10 11:06:03,24324.0,24326.0,GTERI,GTERI,ok,0.0
22256,1774.8,1774.8,2025-07-10 11:06:03,2025-07-10 11:06:14,24326.0,24327.0,GTERI,GTIGF,ok,0.0
22257,1774.8,1774.8,2025-07-10 11:06:14,2025-07-10 11:06:14,24327.0,24328.0,GTIGF,GTSTT,ok,0.0
22258,1774.8,1774.8,2025-07-10 11:06:14,2025-07-10 11:06:14,24328.0,24329.0,GTSTT,GTERI,ok,0.0
22259,1774.8,1774.8,2025-07-10 11:06:14,2025-07-10 11:06:14,24329.0,24330.0,GTERI,GTIGL,ok,0.0
22260,1774.8,1774.8,2025-07-10 11:06:14,2025-07-10 11:06:14,24330.0,24331.0,GTIGL,GTSTC,ok,0.0
22261,1774.8,1774.8,2025-07-10 11:06:14,2025-07-10 11:07:16,24331.0,24332.0,GTSTC,GTSTT,ok,0.0
22265,1774.8,1774.8,2025-07-10 11:07:16,2025-07-10 11:12:40,24332.0,24336.0,GTSTT,GTIGN,ok,0.0
22266,1774.8,1774.8,2025-07-10 11:12:40,2025-07-10 11:12:40,24336.0,24337.0,GTIGN,GTSTT,ok,0.0
22267,1774.8,1774.8,2025-07-10 11:12:40,2025-07-10 11:12:49,24337.0,24338.0,GTSTT,GTERI,ok,0.0
22268,1774.8,1774.8,2025-07-10 11:12:49,2025-07-10 11:12:49,24338.0,24339.0,GTERI,GTIGL,ok,0.0
22269,1774.8,1774.8,2025-07-10 11:12:49,2025-07-10 11:12:56,24339.0,24340.0,GTIGL,GTERI,ok,0.0
22270,1774.8,1774.8,2025-07-10 11:12:56,2025-07-10 11:12:58,24340.0,24341.0,GTERI,GTERI,ok,0.0
22271,1774.8,1774.8,2025-07-10 11:12:58,2025-07-10 11:13:00,24341.0,24342.0,GTERI,GTERI,ok,0.0
22272,1774.8,1774.8,2025-07-10 11:13:00,2025-07-10 11:13:03,24342.0,24343.0,GTERI,GTERI,ok,0.0
22273,1774.8,1774.9,2025-07-10 11:13:03,2025-07-10 11:13:11,24343.0,24344.0,GTERI,GTERI,ok,0.10000000000013642
22274,1774.9,1774.9,2025-07-10 11:13:11,2025-07-10 11:13:12,24344.0,24345.0,GTERI,GTERI,ok,0.0
22275,1774.9,1775.3,2025-07-10 11:13:12,2025-07-10 11:13:46,24345.0,24346.0,GTERI,GTERI,ok,0.3999999999998636
22277,1775.3,1775.6,2025-07-10 11:13:46,2025-07-10 11:14:28,24346.0,24348.0,GTERI,GTERI,ok,0.2999999999999545
22278,1775.6,1775.6,2025-07-10 11:14:28,2025-07-10 11:14:29,24348.0,24349.0,GTERI,GTERI,ok,0.0
22279,1775.6,1775.6,2025-07-10 11:14:29,2025-07-10 11:14:30,24349.0,24350.0,GTERI,GTERI,ok,0.0
22280,1775.6,1775.6,2025-07-10 11:14:30,2025-07-10 11:14:31,24350.0,24351.0,GTERI,GTERI,ok,0.0
22281,1775.6,1775.6,2025-07-10 11:14:31,2025-07-10 11:14:32,24351.0,24352.0,GTERI,GTERI,ok,0.0
22282,1775.6,1776.3,2025-07-10 11:14:32,2025-07-10 11:15:42,24352.0,24353.0,GTERI,GTBTC,ok,0.7000000000000455
22283,1776.3,1776.3,2025-07-10 11:15:42,2025-07-10 11:15:46,24353.0,24354.0,GTBTC,GTERI,ok,0.0
22285,1776.3,1776.6,2025-07-10 11:15:46,2025-07-10 11:16:05,24354.0,24356.0,GTERI,GTERI,ok,0.2999999999999545
22286,1776.6,1776.6,2025-07-10 11:16:05,2025-07-10 11:16:09,24356.0,24357.0,GTERI,GTERI,ok,0.0
22287,1776.6,1776.6,2025-07-10 11:16:09,2025-07-10 11:16:11,24357.0,24358.0,GTERI,GTERI,ok,0.0
22288,1776.6,1776.6,2025-07-10 11:16:11,2025-07-10 11:16:13,24358.0,24359.0,GTERI,GTERI,ok,0.0
22290,1776.6,1780.0,2025-07-10 11:16:13,2025-07-10 11:18:46,24359.0,24361.0,GTERI,GTERI,ok,3.400000000000091
22291,1780.0,1780.5,2025-07-10 11:18:46,2025-07-10 11:19:11,24361.0,24362.0,GTERI,GTERI,ok,0.5
22292,1780.5,1780.5,2025-07-10 11:19:11,2025-07-10 11:19:13,24362.0,24363.0,GTERI,GTERI,ok,0.0
22293,1780.5,1780.5,2025-07-10 11:19:13,2025-07-10 11:19:33,24363.0,24364.0,GTERI,GTERI,ok,0.0
22294,1780.5,1780.5,2025-07-10 11:19:33,2025-07-10 11:19:37,24364.0,24365.0,GTERI,GTERI,ok,0.0
22295,1780.5,1780.6,2025-07-10 11:19:37,2025-07-10 11:19:47,24365.0,24366.0,GTERI,GTERI,ok,0.09999999999990905
22296,1780.6,1780.6,2025-07-10 11:19:47,2025-07-10 11:19:49,24366.0,24367.0,GTERI,GTERI,ok,0.0
22297,1780.6,1780.6,2025-07-10 11:19:49,2025-07-10 11:19:59,24367.0,24368.0,GTERI,GTERI,ok,0.0
22299,1780.6,1780.6,2025-07-10 11:19:59,2025-07-10 11:20:02,24368.0,24370.0,GTERI,GTERI,ok,0.0
22300,1780.6,1780.6,2025-07-10 11:20:02,2025-07-10 11:20:04,24370.0,24371.0,GTERI,GTERI,ok,0.0
22301,1780.6,1780.6,2025-07-10 11:20:04,2025-07-10 11:20:06,24371.0,24372.0,GTERI,GTERI,ok,0.0
22302,1780.6,1780.6,2025-07-10 11:20:06,2025-07-10 11:20:09,24372.0,24373.0,GTERI,GTERI,ok,0.0
22303,1780.6,1780.6,2025-07-10 11:20:09,2025-07-10 11:20:16,24373.0,24374.0,GTERI,GTERI,ok,0.0
22304,1780.6,1780.6,2025-07-10 11:20:16,2025-07-10 11:20:26,24374.0,24375.0,GTERI,GTERI,ok,0.0
22305,1780.6,1780.6,2025-07-10 11:20:26,2025-07-10 11:20:27,24375.0,24376.0,GTERI,GTERI,ok,0.0
22306,1780.6,1780.6,2025-07-10 11:20:27,2025-07-10 11:20:31,24376.0,24377.0,GTERI,GTERI,ok,0.0
22307,1780.6,1780.6,2025-07-10 11:20:31,2025-07-10 11:20:33,24377.0,24378.0,GTERI,GTERI,ok,0.0
22308,1780.6,1780.6,2025-07-10 11:20:33,2025-07-10 11:20:46,24378.0,24379.0,GTERI,GTIGF,ok,0.0
22309,1780.6,1780.6,2025-07-10 11:20:46,2025-07-10 11:20:46,24379.0,24380.0,GTIGF,GTSTT,ok,0.0
22310,1780.6,1780.6,2025-07-10 11:20:46,2025-07-10 11:20:46,24380.0,24381.0,GTSTT,GTSTC,ok,0.0
22311,1780.6,1780.6,2025-07-10 11:20:46,2025-07-10 11:20:47,24381.0,24382.0,GTSTC,GTERI,ok,0.0
22312,1780.6,1780.6,2025-07-10 11:20:47,2025-07-10 11:20:47,24382.0,24383.0,GTERI,GTIGL,ok,0.0
22313,1780.6,1780.6,2025-07-10 11:20:47,2025-07-10 11:21:36,24383.0,24384.0,GTIGL,GTSTT,ok,0.0
22344,1780.6,1780.6,2025-07-10 11:21:36,2025-07-10 12:20:42,24384.0,24415.0,GTSTT,GTERI,ok,0.0
22375,1780.6,1780.6,2025-07-10 12:20:42,2025-07-10 13:20:42,24415.0,24446.0,GTERI,GTERI,ok,0.0
22406,1780.6,1780.6,2025-07-10 13:20:42,2025-07-10 14:20:42,24446.0,24477.0,GTERI,GTERI,ok,0.0
22437,1780.6,1780.6,2025-07-10 14:20:42,2025-07-10 15:20:42,24477.0,24508.0,GTERI,GTERI,ok,0.0
22447,1780.6,1780.6,2025-07-10 15:20:42,2025-07-10 15:38:39,24508.0,24518.0,GTERI,GTIGN,ok,0.0
22448,1780.6,1780.6,2025-07-10 15:38:39,2025-07-10 15:38:39,24518.0,24519.0,GTIGN,GTSTT,ok,0.0
22449,1780.6,1780.6,2025-07-10 15:38:39,2025-07-10 15:38:47,24519.0,24520.0,GTSTT,GTERI,ok,0.0
22450,1780.6,1780.6,2025-07-10 15:38:47,2025-07-10 15:38:47,24520.0,24521.0,GTERI,GTIGL,ok,0.0
22451,1780.6,1780.6,2025-07-10 15:38:47,2025-07-10 15:38:53,24521.0,24522.0,GTIGL,GTERI,ok,0.0
22452,1780.6,1780.6,2025-07-10 15:38:53,2025-07-10 15:38:55,24522.0,24523.0,GTERI,GTERI,ok,0.0
22453,1780.6,1780.7,2025-07-10 15:38:55,2025-07-10 15:39:16,24523.0,24524.0,GTERI,GTERI,ok,0.10000000000013642
22454,1780.7,1780.8,2025-07-10 15:39:16,2025-07-10 15:39:28,24524.0,24525.0,GTERI,GTERI,ok,0.09999999999990905
22455,1780.8,1780.8,2025-07-10 15:39:28,2025-07-10 15:39:30,24525.0,24526.0,GTERI,GTERI,ok,0.0
22456,1780.8,1780.8,2025-07-10 15:39:30,2025-07-10 15:39:32,24526.0,24527.0,GTERI,GTERI,ok,0.0
22458,1780.8,1783.4,2025-07-10 15:39:32,2025-07-10 15:41:40,24527.0,24529.0,GTERI,GTBTC,ok,2.6000000000001364
22459,1783.4,1783.6,2025-07-10 15:41:40,2025-07-10 15:41:48,24529.0,24530.0,GTBTC,GTERI,ok,0.1999999999998181
22461,1783.6,1784.6,2025-07-10 15:41:48,2025-07-10 15:42:44,24530.0,24532.0,GTERI,GTERI,ok,1.0
22462,1784.6,1784.7,2025-07-10 15:42:44,2025-07-10 15:42:46,24532.0,24533.0,GTERI,GTERI,ok,0.10000000000013642
22464,1784.7,1785.4,2025-07-10 15:42:46,2025-07-10 15:44:16,24533.0,24535.0,GTERI,GTIGF,ok,0.7000000000000455
22465,1785.4,1785.4,2025-07-10 15:44:16,2025-07-10 15:44:16,24535.0,24536.0,GTIGF,GTSTT,ok,0.0
22466,1785.4,1785.4,2025-07-10 15:44:16,2025-07-10 15:44:16,24536.0,24537.0,GTSTT,GTERI,ok,0.0
22467,1785.4,1785.4,2025-07-10 15:44:16,2025-07-10 15:44:16,24537.0,24538.0,GTERI,GTSTC,ok,0.0
22468,1785.4,1785.4,2025-07-10 15:44:16,2025-07-10 15:44:17,24538.0,24539.0,GTSTC,GTIGL,ok,0.0
22469,1785.4,1785.4,2025-07-10 15:44:17,2025-07-10 15:45:23,24539.0,24540.0,GTIGL,GTSTT,ok,0.0
22486,1785.4,1785.4,2025-07-10 15:45:23,2025-07-10 16:18:11,24540.0,24557.0,GTSTT,GTIGN,ok,0.0
22487,1785.4,1785.4,2025-07-10 16:18:11,2025-07-10 16:18:11,24557.0,24558.0,GTIGN,GTSTT,ok,0.0
22489,1785.4,1785.4,2025-07-10 16:18:11,2025-07-10 16:18:19,24558.0,24560.0,GTSTT,GTERI,ok,0.0
22490,1785.4,1785.4,2025-07-10 16:18:19,2025-07-10 16:18:19,24560.0,24561.0,GTERI,GTIGL,ok,0.0
22491,1785.4,1785.4,2025-07-10 16:18:19,2025-07-10 16:19:04,24561.0,24562.0,GTIGL,GTERI,ok,0.0
22492,1785.4,1785.4,2025-07-10 16:19:04,2025-07-10 16:19:07,24562.0,24563.0,GTERI,GTERI,ok,0.0
22493,1785.4,1785.4,2025-07-10 16:19:07,2025-07-10 16:19:08,24563.0,24564.0,GTERI,GTERI,ok,0.0
22494,1785.4,1785.4,2025-07-10 16:19:08,2025-07-10 16:19:09,24564.0,24565.0,GTERI,GTERI,ok,0.0
22495,1785.4,1785.4,2025-07-10 16:19:09,2025-07-10 16:19:12,24565.0,24566.0,GTERI,GTERI,ok,0.0
22496,1785.4,1786.2,2025-07-10 16:19:12,2025-07-10 16:20:13,24566.0,24567.0,GTERI,GTERI,ok,0.7999999999999545
22498,1786.2,1786.2,2025-07-10 16:20:13,2025-07-10 16:20:21,24567.0,24569.0,GTERI,GTERI,ok,0.0
22499,1786.2,1786.2,2025-07-10 16:20:21,2025-07-10 16:20:23,24569.0,24570.0,GTERI,GTERI,ok,0.0
22500,1786.2,1787.2,2025-07-10 16:20:23,2025-07-10 16:21:12,24570.0,24571.0,GTERI,GTBTC,ok,1.0
22501,1787.2,1787.4,2025-07-10 16:21:12,2025-07-10 16:21:18,24571.0,24572.0,GTBTC,GTERI,ok,0.20000000000004547
22503,1787.4,1790.1,2025-07-10 16:21:18,2025-07-10 16:23:13,24572.0,24574.0,GTERI,GTERI,ok,2.699999999999818
22504,1790.1,1790.1,2025-07-10 16:23:13,2025-07-10 16:23:15,24574.0,24575.0,GTERI,GTERI,ok,0.0
22505,1790.1,1790.1,2025-07-10 16:23:15,2025-07-10 16:23:17,24575.0,24576.0,GTERI,GTERI,ok,0.0
22506,1790.1,1790.1,2025-07-10 16:23:17,2025-07-10 16:23:22,24576.0,24577.0,GTERI,GTERI,ok,0.0
22507,1790.1,1790.1,2025-07-10 16:23:22,2025-07-10 16:23:25,24577.0,24578.0,GTERI,GTERI,ok,0.0
22508,1790.1,1790.2,2025-07-10 16:23:25,2025-07-10 16:23:41,24578.0,24579.0,GTERI,GTERI,ok,0.10000000000013642
22509,1790.2,1790.2,2025-07-10 16:23:41,2025-07-10 16:23:43,24579.0,24580.0,GTERI,GTERI,ok,0.0
22510,1790.2,1790.2,2025-07-10 16:23:43,2025-07-10 16:23:45,24580.0,24581.0,GTERI,GTERI,ok,0.0
22511,1790.2,1790.2,2025-07-10 16:23:45,2025-07-10 16:23:46,24581.0,24582.0,GTERI,GTERI,ok,0.0
22512,1790.2,1790.2,2025-07-10 16:23:46,2025-07-10 16:23:53,24582.0,24583.0,GTERI,GTERI,ok,0.0
22513,1790.2,1790.2,2025-07-10 16:23:53,2025-07-10 16:24:01,24583.0,24584.0,GTERI,GTIGF,ok,0.0
22514,1790.2,1790.2,2025-07-10 16:24:01,2025-07-10 16:24:01,24584.0,24585.0,GTIGF,GTSTT,ok,0.0
22515,1790.2,1790.2,2025-07-10 16:24:01,2025-07-10 16:24:01,24585.0,24586.0,GTSTT,GTERI,ok,0.0
22516,1790.2,1790.2,2025-07-10 16:24:01,2025-07-10 16:24:01,24586.0,24587.0,GTERI,GTIGL,ok,0.0
22517,1790.2,1790.2,2025-07-10 16:24:01,2025-07-10 16:24:03,24587.0,24588.0,GTIGL,GTSTC,ok,0.0
22519,1790.2,1790.2,2025-07-10 16:24:03,2025-07-10 16:24:49,24588.0,24590.0,GTSTC,GTSTT,ok,0.0
22530,1790.2,1790.2,2025-07-10 16:24:49,2025-07-10 16:44:48,24590.0,24601.0,GTSTT,GTPDP,ok,0.0
22545,1790.2,1790.2,2025-07-10 16:44:48,2025-07-10 17:14:19,24601.0,24616.0,GTPDP,GTPDP,ok,0.0
22550,1790.2,1790.2,2025-07-10 17:14:19,2025-07-10 17:23:57,24616.0,24621.0,GTPDP,GTERI,ok,0.0
22563,1790.2,1790.2,2025-07-10 17:23:57,2025-07-10 17:47:51,24621.0,24634.0,GTERI,GTIGN,ok,0.0
22564,1790.2,1790.2,2025-07-10 17:47:51,2025-07-10 17:47:51,24634.0,24635.0,GTIGN,GTSTT,ok,0.0
22565,1790.2,1790.2,2025-07-10 17:47:51,2025-07-10 17:47:51,24635.0,24636.0,GTSTT,GTSTT,ok,0.0
22566,1790.2,1790.2,2025-07-10 17:47:51,2025-07-10 17:47:59,24636.0,24637.0,GTSTT,GTERI,ok,0.0
22567,1790.2,1790.2,2025-07-10 17:47:59,2025-07-10 17:47:59,24637.0,24638.0,GTERI,GTIGL,ok,0.0
22568,1790.2,1790.2,2025-07-10 17:47:59,2025-07-10 17:48:28,24638.0,24639.0,GTIGL,GTSTT,ok,0.0
22569,1790.2,1790.2,2025-07-10 17:48:28,2025-07-10 17:48:29,24639.0,24640.0,GTSTT,GTSTT,ok,0.0
22570,1790.2,1790.2,2025-07-10 17:48:29,2025-07-10 17:48:32,24640.0,24641.0,GTSTT,GTERI,ok,0.0
22571,1790.2,1790.2,2025-07-10 17:48:32,2025-07-10 17:48:36,24641.0,24642.0,GTERI,GTERI,ok,0.0
22572,1790.2,1790.3,2025-07-10 17:48:36,2025-07-10 17:48:40,24642.0,24643.0,GTERI,GTERI,ok,0.09999999999990905
22573,1790.3,1790.3,2025-07-10 17:48:40,2025-07-10 17:48:53,24643.0,24644.0,GTERI,GTERI,ok,0.0
22575,1790.3,1790.3,2025-07-10 17:48:53,2025-07-10 17:49:24,24644.0,24646.0,GTERI,GTERI,ok,0.0
22576,1790.3,1790.3,2025-07-10 17:49:24,2025-07-10 17:49:26,24646.0,24647.0,GTERI,GTERI,ok,0.0
22579,1790.3,1792.1,2025-07-10 17:49:26,2025-07-10 17:50:50,24647.0,24648.0,GTERI,GTERI,ok,1.7999999999999545
22580,1792.1,1792.1,2025-07-10 17:50:50,2025-07-10 17:50:52,24648.0,24649.0,GTERI,GTBTC,ok,0.0
22581,1792.1,1792.2,2025-07-10 17:50:52,2025-07-10 17:50:58,24649.0,24650.0,GTBTC,GTERI,ok,0.10000000000013642
22578,1792.2,1792.7,2025-07-10 17:50:58,2025-07-10 17:51:20,24650.0,24652.0,GTERI,GTPDP,ok,0.5
22582,1792.7,1794.2,2025-07-10 17:51:20,2025-07-10 17:52:32,24652.0,24653.0,GTPDP,GTERI,ok,1.5
22583,1794.2,1794.2,2025-07-10 17:52:32,2025-07-10 17:52:34,24653.0,24654.0,GTERI,GTERI,ok,0.0
22584,1794.2,1795.0,2025-07-10 17:52:34,2025-07-10 17:53:58,24654.0,24655.0,GTERI,GTERI,ok,0.7999999999999545
22585,1795.0,1795.1,2025-07-10 17:53:58,2025-07-10 17:54:10,24655.0,24656.0,GTERI,GTSTC,ok,0.09999999999990905
22587,1795.1,1795.8,2025-07-10 17:54:10,2025-07-10 17:55:45,24656.0,24658.0,GTSTC,GTERI,ok,0.7000000000000455
22588,1795.8,1795.9,2025-07-10 17:55:45,2025-07-10 17:55:47,24658.0,24659.0,GTERI,GTERI,ok,0.10000000000013642
22590,1795.9,1796.1,2025-07-10 17:55:47,2025-07-10 17:56:24,24659.0,24661.0,GTERI,GTERI,ok,0.1999999999998181
22591,1796.1,1796.1,2025-07-10 17:56:24,2025-07-10 17:56:26,24661.0,24662.0,GTERI,GTERI,ok,0.0
22592,1796.1,1796.2,2025-07-10 17:56:26,2025-07-10 17:56:41,24662.0,24663.0,GTERI,GTIGF,ok,0.10000000000013642
22593,1796.2,1796.2,2025-07-10 17:56:41,2025-07-10 17:56:41,24663.0,24664.0,GTIGF,GTSTT,ok,0.0
22594,1796.2,1796.2,2025-07-10 17:56:41,2025-07-10 17:56:41,24664.0,24665.0,GTSTT,GTERI,ok,0.0
22595,1796.2,1796.2,2025-07-10 17:56:41,2025-07-10 17:56:41,24665.0,24666.0,GTERI,GTIGL,ok,0.0
22596,1796.2,1796.2,2025-07-10 17:56:41,2025-07-10 17:57:25,24666.0,24667.0,GTIGL,GTSTT,ok,0.0
22612,1796.2,1796.2,2025-07-10 17:57:25,2025-07-10 18:27:36,24667.0,24683.0,GTSTT,GTIGN,ok,0.0
22613,1796.2,1796.2,2025-07-10 18:27:36,2025-07-10 18:27:36,24683.0,24684.0,GTIGN,GTSTT,ok,0.0
22614,1796.2,1796.2,2025-07-10 18:27:36,2025-07-10 18:27:43,24684.0,24685.0,GTSTT,GTERI,ok,0.0
22615,1796.2,1796.2,2025-07-10 18:27:43,2025-07-10 18:27:43,24685.0,24686.0,GTERI,GTIGL,ok,0.0
22616,1796.2,1796.2,2025-07-10 18:27:43,2025-07-10 18:27:51,24686.0,24687.0,GTIGL,GTERI,ok,0.0
22617,1796.2,1796.2,2025-07-10 18:27:51,2025-07-10 18:27:54,24687.0,24688.0,GTERI,GTERI,ok,0.0
22618,1796.2,1796.2,2025-07-10 18:27:54,2025-07-10 18:28:06,24688.0,24689.0,GTERI,GTERI,ok,0.0
22619,1796.2,1796.2,2025-07-10 18:28:06,2025-07-10 18:28:08,24689.0,24690.0,GTERI,GTERI,ok,0.0
22621,1796.2,1796.6,2025-07-10 18:28:08,2025-07-10 18:29:44,24690.0,24692.0,GTERI,GTERI,ok,0.3999999999998636
22622,1796.6,1796.6,2025-07-10 18:29:44,2025-07-10 18:29:51,24692.0,24693.0,GTERI,GTERI,ok,0.0
22623,1796.6,1796.7,2025-07-10 18:29:51,2025-07-10 18:30:10,24693.0,24694.0,GTERI,GTERI,ok,0.10000000000013642
22624,1796.7,1796.7,2025-07-10 18:30:10,2025-07-10 18:30:12,24694.0,24695.0,GTERI,GTERI,ok,0.0
22626,1796.7,1796.9,2025-07-10 18:30:12,2025-07-10 18:30:42,24695.0,24697.0,GTERI,GTERI,ok,0.20000000000004547
22627,1796.9,1797.1,2025-07-10 18:30:42,2025-07-10 18:31:34,24697.0,24698.0,GTERI,GTERI,ok,0.1999999999998181
22628,1797.1,1797.1,2025-07-10 18:31:34,2025-07-10 18:31:35,24698.0,24699.0,GTERI,GTERI,ok,0.0
22629,1797.1,1797.1,2025-07-10 18:31:35,2025-07-10 18:31:42,24699.0,24700.0,GTERI,GTIGF,ok,0.0
22630,1797.1,1797.1,2025-07-10 18:31:42,2025-07-10 18:31:42,24700.0,24701.0,GTIGF,GTSTT,ok,0.0
22631,1797.1,1797.1,2025-07-10 18:31:42,2025-07-10 18:31:42,24701.0,24702.0,GTSTT,GTERI,ok,0.0
22632,1797.1,1797.1,2025-07-10 18:31:42,2025-07-10 18:31:43,24702.0,24703.0,GTERI,GTIGL,ok,0.0
22634,1797.1,1797.1,2025-07-10 18:31:43,2025-07-10 18:32:23,24703.0,24705.0,GTIGL,GTSTT,ok,0.0
22635,1797.1,1797.1,2025-07-10 18:32:23,2025-07-10 18:33:10,24705.0,24706.0,GTSTT,GTIGN,ok,0.0
22636,1797.1,1797.1,2025-07-10 18:33:10,2025-07-10 18:33:10,24706.0,24707.0,GTIGN,GTSTT,ok,0.0
22637,1797.1,1797.1,2025-07-10 18:33:10,2025-07-10 18:33:11,24707.0,24708.0,GTSTT,GTIGL,ok,0.0
22638,1797.1,1797.1,2025-07-10 18:33:11,2025-07-10 18:33:14,24708.0,24709.0,GTIGL,GTERI,ok,0.0
22639,1797.1,1797.2,2025-07-10 18:33:14,2025-07-10 18:33:31,24709.0,24710.0,GTERI,GTERI,ok,0.10000000000013642
22640,1797.2,1797.2,2025-07-10 18:33:31,2025-07-10 18:33:33,24710.0,24711.0,GTERI,GTERI,ok,0.0
22641,1797.2,1797.2,2025-07-10 18:33:33,2025-07-10 18:33:43,24711.0,24712.0,GTERI,GTERI,ok,0.0
22642,1797.2,1797.2,2025-07-10 18:33:43,2025-07-10 18:33:45,24712.0,24713.0,GTERI,GTERI,ok,0.0
22643,1797.2,1797.3,2025-07-10 18:33:45,2025-07-10 18:34:10,24713.0,24714.0,GTERI,GTERI,ok,0.09999999999990905
22644,1797.3,1797.4,2025-07-10 18:34:10,2025-07-10 18:34:20,24714.0,24715.0,GTERI,GTERI,ok,0.10000000000013642
22646,1797.4,1797.4,2025-07-10 18:34:20,2025-07-10 18:34:24,24715.0,24717.0,GTERI,GTERI,ok,0.0
22647,1797.4,1797.4,2025-07-10 18:34:24,2025-07-10 18:34:26,24717.0,24718.0,GTERI,GTIGF,ok,0.0
22648,1797.4,1797.4,2025-07-10 18:34:26,2025-07-10 18:34:26,24718.0,24719.0,GTIGF,GTSTT,ok,0.0
22649,1797.4,1797.4,2025-07-10 18:34:26,2025-07-10 18:34:27,24719.0,24720.0,GTSTT,GTERI,ok,0.0
22650,1797.4,1797.4,2025-07-10 18:34:27,2025-07-10 18:34:27,24720.0,24721.0,GTERI,GTIGL,ok,0.0
22651,1797.4,1797.4,2025-07-10 18:34:27,2025-07-10 18:35:08,24721.0,24722.0,GTIGL,GTSTT,ok,0.0
22654,1797.4,1797.4,2025-07-10 18:35:08,2025-07-10 18:39:10,24722.0,24725.0,GTSTT,GTIGN,ok,0.0
22655,1797.4,1797.4,2025-07-10 18:39:10,2025-07-10 18:39:10,24725.0,24726.0,GTIGN,GTSTT,ok,0.0
22656,1797.4,1797.4,2025-07-10 18:39:10,2025-07-10 18:39:11,24726.0,24727.0,GTSTT,GTIGL,ok,0.0
22657,1797.4,1797.4,2025-07-10 18:39:11,2025-07-10 18:39:15,24727.0,24728.0,GTIGL,GTERI,ok,0.0
22658,1797.4,1797.4,2025-07-10 18:39:15,2025-07-10 18:39:44,24728.0,24729.0,GTERI,GTERI,ok,0.0
22659,1797.4,1797.4,2025-07-10 18:39:44,2025-07-10 18:39:47,24729.0,24730.0,GTERI,GTERI,ok,0.0
22661,1797.4,1798.1,2025-07-10 18:39:47,2025-07-10 18:41:30,24730.0,24732.0,GTERI,GTERI,ok,0.6999999999998181
22662,1798.1,1798.1,2025-07-10 18:41:30,2025-07-10 18:41:31,24732.0,24733.0,GTERI,GTERI,ok,0.0
22663,1798.1,1798.2,2025-07-10 18:41:31,2025-07-10 18:41:45,24733.0,24734.0,GTERI,GTERI,ok,0.10000000000013642
22664,1798.2,1798.2,2025-07-10 18:41:45,2025-07-10 18:41:53,24734.0,24735.0,GTERI,GTERI,ok,0.0
22665,1798.2,1798.2,2025-07-10 18:41:53,2025-07-10 18:42:03,24735.0,24736.0,GTERI,GTERI,ok,0.0
22666,1798.2,1798.2,2025-07-10 18:42:03,2025-07-10 18:42:04,24736.0,24737.0,GTERI,GTERI,ok,0.0
22667,1798.2,1798.3,2025-07-10 18:42:04,2025-07-10 18:42:11,24737.0,24738.0,GTERI,GTERI,ok,0.09999999999990905
22668,1798.3,1798.3,2025-07-10 18:42:11,2025-07-10 18:42:12,24738.0,24739.0,GTERI,GTERI,ok,0.0
22669,1798.3,1798.3,2025-07-10 18:42:12,2025-07-10 18:42:18,24739.0,24740.0,GTERI,GTERI,ok,0.0
22671,1798.3,1798.3,2025-07-10 18:42:18,2025-07-10 18:42:31,24740.0,24742.0,GTERI,GTIGF,ok,0.0
22672,1798.3,1798.3,2025-07-10 18:42:31,2025-07-10 18:42:31,24742.0,24743.0,GTIGF,GTSTT,ok,0.0
22673,1798.3,1798.3,2025-07-10 18:42:31,2025-07-10 18:42:31,24743.0,24744.0,GTSTT,GTERI,ok,0.0
22674,1798.3,1798.3,2025-07-10 18:42:31,2025-07-10 18:42:31,24744.0,24745.0,GTERI,GTIGL,ok,0.0
22675,1798.3,1798.3,2025-07-10 18:42:31,2025-07-10 18:43:17,24745.0,24746.0,GTIGL,GTSTT,ok,0.0
22705,1798.3,1798.3,2025-07-10 18:43:17,2025-07-10 19:42:22,24746.0,24776.0,GTSTT,GTERI,ok,0.0
22736,1798.3,1798.3,2025-07-10 19:42:22,2025-07-10 20:42:22,24776.0,24807.0,GTERI,GTERI,ok,0.0
22767,1798.3,1798.3,2025-07-10 20:42:22,2025-07-10 21:42:22,24807.0,24838.0,GTERI,GTERI,ok,0.0
22798,1798.3,1798.3,2025-07-10 21:42:22,2025-07-10 22:42:22,24838.0,24869.0,GTERI,GTERI,ok,0.0
22829,1798.3,1798.3,2025-07-10 22:42:22,2025-07-10 23:42:22,24869.0,24900.0,GTERI,GTERI,ok,0.0
22860,1798.3,1798.3,2025-07-10 23:42:22,2025-07-11 00:42:22,24900.0,24931.0,GTERI,GTERI,ok,0.0
22891,1798.3,1798.3,2025-07-11 00:42:22,2025-07-11 01:42:22,24931.0,24962.0,GTERI,GTERI,ok,0.0
22922,1798.3,1798.3,2025-07-11 01:42:22,2025-07-11 02:42:22,24962.0,24993.0,GTERI,GTERI,ok,0.0
22953,1798.3,1798.3,2025-07-11 02:42:22,2025-07-11 03:42:22,24993.0,25024.0,GTERI,GTERI,ok,0.0
22984,1798.3,1798.3,2025-07-11 03:42:22,2025-07-11 04:42:22,25024.0,25055.0,GTERI,GTERI,ok,0.0
23015,1798.3,1798.3,2025-07-11 04:42:22,2025-07-11 05:42:22,25055.0,25086.0,GTERI,GTERI,ok,0.0
23046,1798.3,1798.3,2025-07-11 05:42:22,2025-07-11 06:42:22,25086.0,25117.0,GTERI,GTERI,ok,0.0
23066,1798.3,1798.3,2025-07-11 06:42:22,2025-07-11 07:19:41,25117.0,25137.0,GTERI,GTPDP,ok,0.0
23076,1798.3,1798.3,2025-07-11 07:19:41,2025-07-11 07:42:22,25137.0,25148.0,GTPDP,GTERI,ok,0.0
23106,1798.3,1798.3,2025-07-11 07:42:22,2025-07-11 08:41:23,25148.0,25178.0,GTERI,GTIGN,ok,0.0
23107,1798.3,1798.3,2025-07-11 08:41:23,2025-07-11 08:41:23,25178.0,25179.0,GTIGN,GTSTT,ok,0.0
23109,1798.3,1798.3,2025-07-11 08:41:23,2025-07-11 08:41:35,25179.0,25181.0,GTSTT,GTERI,ok,0.0
23110,1798.3,1798.3,2025-07-11 08:41:35,2025-07-11 08:41:35,25181.0,25182.0,GTERI,GTIGL,ok,0.0
23111,1798.3,1798.3,2025-07-11 08:41:35,2025-07-11 08:41:48,25182.0,25183.0,GTIGL,GTERI,ok,0.0
23112,1798.3,1798.3,2025-07-11 08:41:48,2025-07-11 08:41:53,25183.0,25184.0,GTERI,GTIGF,ok,0.0
23113,1798.3,1798.3,2025-07-11 08:41:53,2025-07-11 08:41:54,25184.0,25185.0,GTIGF,GTSTT,ok,0.0
23114,1798.3,1798.3,2025-07-11 08:41:54,2025-07-11 08:41:54,25185.0,25186.0,GTSTT,GTERI,ok,0.0
23115,1798.3,1798.3,2025-07-11 08:41:54,2025-07-11 08:41:54,25186.0,25187.0,GTERI,GTIGL,ok,0.0
23116,1798.3,1798.3,2025-07-11 08:41:54,2025-07-11 08:42:35,25187.0,25188.0,GTIGL,GTSTT,ok,0.0
23120,1798.3,1798.3,2025-07-11 08:42:35,2025-07-11 08:47:57,25188.0,25192.0,GTSTT,GTIGN,ok,0.0
23121,1798.3,1798.3,2025-07-11 08:47:57,2025-07-11 08:47:57,25192.0,25193.0,GTIGN,GTSTT,ok,0.0
23122,1798.3,1798.3,2025-07-11 08:47:57,2025-07-11 08:48:04,25193.0,25194.0,GTSTT,GTERI,ok,0.0
23123,1798.3,1798.3,2025-07-11 08:48:04,2025-07-11 08:48:04,25194.0,25195.0,GTERI,GTIGL,ok,0.0
23124,1798.3,1798.3,2025-07-11 08:48:04,2025-07-11 08:48:06,25195.0,25196.0,GTIGL,GTERI,ok,0.0
23125,1798.3,1798.3,2025-07-11 08:48:06,2025-07-11 08:48:08,25196.0,25197.0,GTERI,GTERI,ok,0.0
23127,1798.3,1799.1,2025-07-11 08:48:08,2025-07-11 08:49:57,25197.0,25199.0,GTERI,GTERI,ok,0.7999999999999545
23128,1799.1,1799.1,2025-07-11 08:49:57,2025-07-11 08:49:58,25199.0,25200.0,GTERI,GTERI,ok,0.0
23129,1799.1,1799.3,2025-07-11 08:49:58,2025-07-11 08:50:30,25200.0,25201.0,GTERI,GTERI,ok,0.20000000000004547
23130,1799.3,1799.4,2025-07-11 08:50:30,2025-07-11 08:50:37,25201.0,25202.0,GTERI,GTERI,ok,0.10000000000013642
23131,1799.4,1799.4,2025-07-11 08:50:37,2025-07-11 08:50:41,25202.0,25203.0,GTERI,GTIGF,ok,0.0
23132,1799.4,1799.4,2025-07-11 08:50:41,2025-07-11 08:50:41,25203.0,25204.0,GTIGF,GTSTT,ok,0.0
23133,1799.4,1799.4,2025-07-11 08:50:41,2025-07-11 08:50:41,25204.0,25205.0,GTSTT,GTERI,ok,0.0
23134,1799.4,1799.4,2025-07-11 08:50:41,2025-07-11 08:50:42,25205.0,25206.0,GTERI,GTIGL,ok,0.0
23135,1799.4,1799.4,2025-07-11 08:50:42,2025-07-11 08:51:22,25206.0,25207.0,GTIGL,GTSTT,ok,0.0
23138,1799.4,1799.4,2025-07-11 08:51:22,2025-07-11 08:54:08,25207.0,25210.0,GTSTT,GTIGN,ok,0.0
23139,1799.4,1799.4,2025-07-11 08:54:08,2025-07-11 08:54:08,25210.0,25211.0,GTIGN,GTSTT,ok,0.0
23140,1799.4,1799.4,2025-07-11 08:54:08,2025-07-11 08:54:09,25211.0,25212.0,GTSTT,GTIGL,ok,0.0
23141,1799.4,1799.4,2025-07-11 08:54:09,2025-07-11 08:54:12,25212.0,25213.0,GTIGL,GTERI,ok,0.0
23142,1799.4,1799.4,2025-07-11 08:54:12,2025-07-11 08:54:31,25213.0,25214.0,GTERI,GTERI,ok,0.0
23143,1799.4,1799.4,2025-07-11 08:54:31,2025-07-11 08:54:34,25214.0,25215.0,GTERI,GTERI,ok,0.0
23144,1799.4,1799.7,2025-07-11 08:54:34,2025-07-11 08:55:10,25215.0,25216.0,GTERI,GTERI,ok,0.2999999999999545
23146,1799.7,1800.1,2025-07-11 08:55:10,2025-07-11 08:55:52,25216.0,25218.0,GTERI,GTIGF,ok,0.3999999999998636
23147,1800.1,1800.1,2025-07-11 08:55:52,2025-07-11 08:55:52,25218.0,25219.0,GTIGF,GTSTT,ok,0.0
23148,1800.1,1800.1,2025-07-11 08:55:52,2025-07-11 08:55:52,25219.0,25220.0,GTSTT,GTERI,ok,0.0
23149,1800.1,1800.1,2025-07-11 08:55:52,2025-07-11 08:55:52,25220.0,25221.0,GTERI,GTIGL,ok,0.0
23150,1800.1,1800.1,2025-07-11 08:55:52,2025-07-11 08:56:36,25221.0,25222.0,GTIGL,GTSTT,ok,0.0
23153,1800.1,1800.1,2025-07-11 08:56:36,2025-07-11 09:00:03,25222.0,25225.0,GTSTT,GTIGN,ok,0.0
23154,1800.1,1800.1,2025-07-11 09:00:03,2025-07-11 09:00:03,25225.0,25226.0,GTIGN,GTSTT,ok,0.0
23155,1800.1,1800.1,2025-07-11 09:00:03,2025-07-11 09:00:03,25226.0,25227.0,GTSTT,GTIGL,ok,0.0
23156,1800.1,1800.1,2025-07-11 09:00:03,2025-07-11 09:00:07,25227.0,25228.0,GTIGL,GTERI,ok,0.0
23158,1800.1,1801.3,2025-07-11 09:00:07,2025-07-11 09:02:16,25228.0,25230.0,GTERI,GTERI,ok,1.2000000000000455
23159,1801.3,1801.4,2025-07-11 09:02:16,2025-07-11 09:02:23,25230.0,25231.0,GTERI,GTERI,ok,0.10000000000013642
23160,1801.4,1801.4,2025-07-11 09:02:23,2025-07-11 09:02:25,25231.0,25232.0,GTERI,GTERI,ok,0.0
23161,1801.4,1801.4,2025-07-11 09:02:25,2025-07-11 09:02:27,25232.0,25233.0,GTERI,GTERI,ok,0.0
23162,1801.4,1802.2,2025-07-11 09:02:27,2025-07-11 09:03:09,25233.0,25234.0,GTERI,GTERI,ok,0.7999999999999545
23164,1802.2,1805.3,2025-07-11 09:03:09,2025-07-11 09:05:21,25234.0,25236.0,GTERI,GTERI,ok,3.099999999999909
23165,1805.3,1805.3,2025-07-11 09:05:21,2025-07-11 09:05:23,25236.0,25237.0,GTERI,GTERI,ok,0.0
23166,1805.3,1805.3,2025-07-11 09:05:23,2025-07-11 09:05:25,25237.0,25238.0,GTERI,GTERI,ok,0.0
23167,1805.3,1805.3,2025-07-11 09:05:25,2025-07-11 09:05:30,25238.0,25239.0,GTERI,GTERI,ok,0.0
23169,1805.3,1805.3,2025-07-11 09:05:30,2025-07-11 09:05:34,25239.0,25241.0,GTERI,GTERI,ok,0.0
23170,1805.3,1805.4,2025-07-11 09:05:34,2025-07-11 09:05:46,25241.0,25242.0,GTERI,GTERI,ok,0.10000000000013642
23171,1805.4,1805.4,2025-07-11 09:05:46,2025-07-11 09:05:55,25242.0,25243.0,GTERI,GTERI,ok,0.0
23172,1805.4,1805.4,2025-07-11 09:05:55,2025-07-11 09:06:01,25243.0,25244.0,GTERI,GTERI,ok,0.0
23173,1805.4,1805.4,2025-07-11 09:06:01,2025-07-11 09:06:04,25244.0,25245.0,GTERI,GTERI,ok,0.0
23174,1805.4,1805.4,2025-07-11 09:06:04,2025-07-11 09:06:09,25245.0,25246.0,GTERI,GTERI,ok,0.0
23175,1805.4,1805.4,2025-07-11 09:06:09,2025-07-11 09:06:11,25246.0,25247.0,GTERI,GTIGF,ok,0.0
23176,1805.4,1805.4,2025-07-11 09:06:11,2025-07-11 09:06:11,25247.0,25248.0,GTIGF,GTSTT,ok,0.0
23177,1805.4,1805.4,2025-07-11 09:06:11,2025-07-11 09:06:11,25248.0,25249.0,GTSTT,GTERI,ok,0.0
23178,1805.4,1805.4,2025-07-11 09:06:11,2025-07-11 09:06:11,25249.0,25250.0,GTERI,GTIGL,ok,0.0
23179,1805.4,1805.4,2025-07-11 09:06:11,2025-07-11 09:06:59,25250.0,25251.0,GTIGL,GTSTT,ok,0.0
23210,1805.4,1805.4,2025-07-11 09:06:59,2025-07-11 10:06:07,25251.0,25282.0,GTSTT,GTERI,ok,0.0
23241,1805.4,1805.4,2025-07-11 10:06:07,2025-07-11 11:06:07,25282.0,25313.0,GTERI,GTERI,ok,0.0
23272,1805.4,1805.4,2025-07-11 11:06:07,2025-07-11 12:06:07,25313.0,25344.0,GTERI,GTERI,ok,0.0
23303,1805.4,1805.4,2025-07-11 12:06:07,2025-07-11 13:06:07,25344.0,25375.0,GTERI,GTERI,ok,0.0
23334,1805.4,1805.4,2025-07-11 13:06:07,2025-07-11 14:06:07,25375.0,25406.0,GTERI,GTERI,ok,0.0
23365,1805.4,1805.4,2025-07-11 14:06:07,2025-07-11 15:06:07,25406.0,25437.0,GTERI,GTERI,ok,0.0
23378,1805.4,1805.4,2025-07-11 15:06:07,2025-07-11 15:33:22,25437.0,25451.0,GTERI,GTPDP,ok,0.0
23394,1805.4,1805.4,2025-07-11 15:33:22,2025-07-11 16:06:07,25451.0,25467.0,GTPDP,GTERI,ok,0.0
23397,1805.4,1805.4,2025-07-11 16:06:07,2025-07-11 16:12:16,25467.0,25471.0,GTERI,GTPDP,ok,0.0
23424,1805.4,1805.4,2025-07-11 16:12:16,2025-07-11 17:06:07,25471.0,25499.0,GTPDP,GTERI,ok,0.0
23455,1805.4,1805.4,2025-07-11 17:06:07,2025-07-11 18:06:07,25499.0,25530.0,GTERI,GTERI,ok,0.0
23486,1805.4,1805.4,2025-07-11 18:06:07,2025-07-11 19:06:07,25530.0,25561.0,GTERI,GTERI,ok,0.0
23496,1805.4,1805.4,2025-07-11 19:06:07,2025-07-11 19:23:56,25561.0,25571.0,GTERI,GTPDP,ok,0.0
23517,1805.4,1805.4,2025-07-11 19:23:56,2025-07-11 20:06:07,25571.0,25592.0,GTPDP,GTERI,ok,0.0
23548,1805.4,1805.4,2025-07-11 20:06:07,2025-07-11 21:06:07,25592.0,25623.0,GTERI,GTERI,ok,0.0
23579,1805.4,1805.4,2025-07-11 21:06:07,2025-07-11 22:06:07,25623.0,25654.0,GTERI,GTERI,ok,0.0
23610,1805.4,1805.4,2025-07-11 22:06:07,2025-07-11 23:06:07,25654.0,25685.0,GTERI,GTERI,ok,0.0
23641,1805.4,1805.4,2025-07-11 23:06:07,2025-07-12 00:06:07,25685.0,25716.0,GTERI,GTERI,ok,0.0
23672,1805.4,1805.4,2025-07-12 00:06:07,2025-07-12 01:06:07,25716.0,25747.0,GTERI,GTERI,ok,0.0
23703,1805.4,1805.4,2025-07-12 01:06:07,2025-07-12 02:06:07,25747.0,25778.0,GTERI,GTERI,ok,0.0
23734,1805.4,1805.4,2025-07-12 02:06:07,2025-07-12 03:06:07,25778.0,25809.0,GTERI,GTERI,ok,0.0
23765,1805.4,1805.4,2025-07-12 03:06:07,2025-07-12 04:06:07,25809.0,25840.0,GTERI,GTERI,ok,0.0
23796,1805.4,1805.4,2025-07-12 04:06:07,2025-07-12 05:06:07,25840.0,25871.0,GTERI,GTERI,ok,0.0
23827,1805.4,1805.4,2025-07-12 05:06:07,2025-07-12 06:06:07,25871.0,25902.0,GTERI,GTERI,ok,0.0
23858,1805.4,1805.4,2025-07-12 06:06:07,2025-07-12 07:06:07,25902.0,25933.0,GTERI,GTERI,ok,0.0
23889,1805.4,1805.4,2025-07-12 07:06:07,2025-07-12 08:06:07,25933.0,25964.0,GTERI,GTERI,ok,0.0
23920,1805.4,1805.4,2025-07-12 08:06:07,2025-07-12 09:06:07,25964.0,25995.0,GTERI,GTERI,ok,0.0
23951,1805.4,1805.4,2025-07-12 09:06:07,2025-07-12 10:06:07,25995.0,26026.0,GTERI,GTERI,ok,0.0
23982,1805.4,1805.4,2025-07-12 10:06:07,2025-07-12 11:06:07,26026.0,26057.0,GTERI,GTERI,ok,0.0
24013,1805.4,1805.4,2025-07-12 11:06:07,2025-07-12 12:06:07,26057.0,26088.0,GTERI,GTERI,ok,0.0
24044,1805.4,1805.4,2025-07-12 12:06:07,2025-07-12 13:06:07,26088.0,26119.0,GTERI,GTERI,ok,0.0
24075,1805.4,1805.4,2025-07-12 13:06:07,2025-07-12 14:06:07,26119.0,26150.0,GTERI,GTERI,ok,0.0
24106,1805.4,1805.4,2025-07-12 14:06:07,2025-07-12 15:06:07,26150.0,26181.0,GTERI,GTERI,ok,0.0
24137,1805.4,1805.4,2025-07-12 15:06:07,2025-07-12 16:06:07,26181.0,26212.0,GTERI,GTERI,ok,0.0
24167,1805.4,1805.4,2025-07-12 16:06:07,2025-07-12 17:06:07,26212.0,26242.0,GTERI,GTERI,ok,0.0
24198,1805.4,1805.4,2025-07-12 17:06:07,2025-07-12 18:06:07,26242.0,26273.0,GTERI,GTERI,ok,0.0
24229,1805.4,1805.4,2025-07-12 18:06:07,2025-07-12 19:06:07,26273.0,26304.0,GTERI,GTERI,ok,0.0
24260,1805.4,1805.4,2025-07-12 19:06:07,2025-07-12 20:06:07,26304.0,26335.0,GTERI,GTERI,ok,0.0
24291,1805.4,1805.4,2025-07-12 20:06:07,2025-07-12 21:06:07,26335.0,26366.0,GTERI,GTERI,ok,0.0
24322,1805.4,1805.4,2025-07-12 21:06:07,2025-07-12 22:06:07,26366.0,26397.0,GTERI,GTERI,ok,0.0
24353,1805.4,1805.4,2025-07-12 22:06:07,2025-07-12 23:06:07,26397.0,26428.0,GTERI,GTERI,ok,0.0
24384,1805.4,1805.4,2025-07-12 23:06:07,2025-07-13 00:06:07,26428.0,26459.0,GTERI,GTERI,ok,0.0
24415,1805.4,1805.4,2025-07-13 00:06:07,2025-07-13 01:06:07,26459.0,26490.0,GTERI,GTERI,ok,0.0
24446,1805.4,1805.4,2025-07-13 01:06:07,2025-07-13 02:06:07,26490.0,26521.0,GTERI,GTERI,ok,0.0
24477,1805.4,1805.4,2025-07-13 02:06:07,2025-07-13 03:06:07,26521.0,26552.0,GTERI,GTERI,ok,0.0
24508,1805.4,1805.4,2025-07-13 03:06:07,2025-07-13 04:06:07,26552.0,26583.0,GTERI,GTERI,ok,0.0
24539,1805.4,1805.4,2025-07-13 04:06:07,2025-07-13 05:06:07,26583.0,26614.0,GTERI,GTERI,ok,0.0
24570,1805.4,1805.4,2025-07-13 05:06:07,2025-07-13 06:06:07,26614.0,26645.0,GTERI,GTERI,ok,0.0
24601,1805.4,1805.4,2025-07-13 06:06:07,2025-07-13 07:06:07,26645.0,26676.0,GTERI,GTERI,ok,0.0
24632,1805.4,1805.4,2025-07-13 07:06:07,2025-07-13 08:06:07,26676.0,26707.0,GTERI,GTERI,ok,0.0
24663,1805.4,1805.4,2025-07-13 08:06:07,2025-07-13 09:06:07,26707.0,26738.0,GTERI,GTERI,ok,0.0
24694,1805.4,1805.4,2025-07-13 09:06:07,2025-07-13 10:06:07,26738.0,26769.0,GTERI,GTERI,ok,0.0
24725,1805.4,1805.4,2025-07-13 10:06:07,2025-07-13 11:06:07,26769.0,26800.0,GTERI,GTERI,ok,0.0
24756,1805.4,1805.4,2025-07-13 11:06:07,2025-07-13 12:06:07,26800.0,26831.0,GTERI,GTERI,ok,0.0
24787,1805.4,1805.4,2025-07-13 12:06:07,2025-07-13 13:06:07,26831.0,26862.0,GTERI,GTERI,ok,0.0
24818,1805.4,1805.4,2025-07-13 13:06:07,2025-07-13 14:06:07,26862.0,26893.0,GTERI,GTERI,ok,0.0
24849,1805.4,1805.4,2025-07-13 14:06:07,2025-07-13 15:06:07,26893.0,26924.0,GTERI,GTERI,ok,0.0
24880,1805.4,1805.4,2025-07-13 15:06:07,2025-07-13 16:06:07,26924.0,26955.0,GTERI,GTERI,ok,0.0
24911,1805.4,1805.4,2025-07-13 16:06:07,2025-07-13 17:06:07,26955.0,26986.0,GTERI,GTERI,ok,0.0
24942,1805.4,1805.4,2025-07-13 17:06:07,2025-07-13 18:06:07,26986.0,27017.0,GTERI,GTERI,ok,0.0
24973,1805.4,1805.4,2025-07-13 18:06:07,2025-07-13 19:06:07,27017.0,27048.0,GTERI,GTERI,ok,0.0
25004,1805.4,1805.4,2025-07-13 19:06:07,2025-07-13 20:06:07,27048.0,27079.0,GTERI,GTERI,ok,0.0
25035,1805.4,1805.4,2025-07-13 20:06:07,2025-07-13 21:06:07,27079.0,27110.0,GTERI,GTERI,ok,0.0
25066,1805.4,1805.4,2025-07-13 21:06:07,2025-07-13 22:06:07,27110.0,27141.0,GTERI,GTERI,ok,0.0
25097,1805.4,1805.4,2025-07-13 22:06:07,2025-07-13 23:06:07,27141.0,27172.0,GTERI,GTERI,ok,0.0
25128,1805.4,1805.4,2025-07-13 23:06:07,2025-07-14 00:06:07,27172.0,27203.0,GTERI,GTERI,ok,0.0
25159,1805.4,1805.4,2025-07-14 00:06:07,2025-07-14 01:06:07,27203.0,27234.0,GTERI,GTERI,ok,0.0
25190,1805.4,1805.4,2025-07-14 01:06:07,2025-07-14 02:06:07,27234.0,27265.0,GTERI,GTERI,ok,0.0
25221,1805.4,1805.4,2025-07-14 02:06:07,2025-07-14 03:06:07,27265.0,27296.0,GTERI,GTERI,ok,0.0
25252,1805.4,1805.4,2025-07-14 03:06:07,2025-07-14 04:06:07,27296.0,27327.0,GTERI,GTERI,ok,0.0
25283,1805.4,1805.4,2025-07-14 04:06:07,2025-07-14 05:06:07,27327.0,27358.0,GTERI,GTERI,ok,0.0
25314,1805.4,1805.4,2025-07-14 05:06:07,2025-07-14 06:06:07,27358.0,27389.0,GTERI,GTERI,ok,0.0
25344,1805.4,1805.4,2025-07-14 06:06:07,2025-07-14 07:06:07,27389.0,27419.0,GTERI,GTERI,ok,0.0
25375,1805.4,1805.4,2025-07-14 07:06:07,2025-07-14 08:06:07,27419.0,27450.0,GTERI,GTERI,ok,0.0
25406,1805.4,1805.4,2025-07-14 08:06:07,2025-07-14 09:06:07,27450.0,27481.0,GTERI,GTERI,ok,0.0
25437,1805.4,1805.4,2025-07-14 09:06:07,2025-07-14 10:06:07,27481.0,27512.0,GTERI,GTERI,ok,0.0
25462,1805.4,1805.4,2025-07-14 10:06:07,2025-07-14 10:54:18,27512.0,27537.0,GTERI,GTIGN,ok,0.0
25463,1805.4,1805.4,2025-07-14 10:54:18,2025-07-14 10:54:18,27537.0,27538.0,GTIGN,GTSTT,ok,0.0
25465,1805.4,1805.6,2025-07-14 10:54:18,2025-07-14 10:54:48,27538.0,27540.0,GTSTT,GTERI,ok,0.1999999999998181
25466,1805.6,1805.6,2025-07-14 10:54:48,2025-07-14 10:54:48,27540.0,27541.0,GTERI,GTIGL,ok,0.0
25467,1805.6,1805.6,2025-07-14 10:54:48,2025-07-14 10:54:50,27541.0,27542.0,GTIGL,GTERI,ok,0.0
25468,1805.6,1805.6,2025-07-14 10:54:50,2025-07-14 10:54:52,27542.0,27543.0,GTERI,GTERI,ok,0.0
25469,1805.6,1806.4,2025-07-14 10:54:52,2025-07-14 10:55:33,27543.0,27544.0,GTERI,GTMPF,ok,0.8000000000001819
25471,1806.4,1808.8,2025-07-14 10:55:33,2025-07-14 10:57:28,27544.0,27546.0,GTMPF,GTERI,ok,2.3999999999998636
25474,1808.8,1813.3,2025-07-14 10:57:28,2025-07-14 11:00:28,27546.0,27549.0,GTERI,GTERI,ok,4.5
25478,1813.3,1817.5,2025-07-14 11:00:28,2025-07-14 11:03:20,27549.0,27551.0,GTERI,GTERI,ok,4.2000000000000455
25479,1817.5,1817.5,2025-07-14 11:03:20,2025-07-14 11:03:22,27551.0,27552.0,GTERI,GTERI,ok,0.0
25480,1817.5,1817.5,2025-07-14 11:03:22,2025-07-14 11:03:28,27552.0,27553.0,GTERI,GTERI,ok,0.0
25481,1817.5,1817.5,2025-07-14 11:03:28,2025-07-14 11:04:32,27553.0,27555.0,GTERI,GTERI,ok,0.0
25482,1817.5,1817.5,2025-07-14 11:04:32,2025-07-14 11:04:34,27555.0,27556.0,GTERI,GTERI,ok,0.0
25483,1817.5,1817.6,2025-07-14 11:04:34,2025-07-14 11:04:40,27556.0,27557.0,GTERI,GTERI,ok,0.09999999999990905
25476,1817.6,1817.7,2025-07-14 11:04:40,2025-07-14 11:04:56,27557.0,27558.0,GTERI,GTPDP,ok,0.10000000000013642
25484,1817.7,1817.8,2025-07-14 11:04:56,2025-07-14 11:05:03,27558.0,27559.0,GTPDP,GTERI,ok,0.09999999999990905
25485,1817.8,1817.8,2025-07-14 11:05:03,2025-07-14 11:05:08,27559.0,27560.0,GTERI,GTERI,ok,0.0
25486,1817.8,1818.1,2025-07-14 11:05:08,2025-07-14 11:05:52,27560.0,27561.0,GTERI,GTERI,ok,0.2999999999999545
25487,1818.1,1818.3,2025-07-14 11:05:52,2025-07-14 11:06:06,27561.0,27562.0,GTERI,GTERI,ok,0.20000000000004547
25488,1818.3,1818.3,2025-07-14 11:06:06,2025-07-14 11:06:11,27562.0,27563.0,GTERI,GTERI,ok,0.0
25489,1818.3,1818.4,2025-07-14 11:06:11,2025-07-14 11:06:22,27563.0,27564.0,GTERI,GTERI,ok,0.10000000000013642
25490,1818.4,1818.4,2025-07-14 11:06:22,2025-07-14 11:06:28,27564.0,27565.0,GTERI,GTERI,ok,0.0
25491,1818.4,1818.7,2025-07-14 11:06:28,2025-07-14 11:07:11,27565.0,27566.0,GTERI,GTERI,ok,0.2999999999999545
25492,1818.7,1818.7,2025-07-14 11:07:11,2025-07-14 11:07:11,27566.0,27566.0,GTERI,GTERI,ok,0.0
25493,1818.7,1818.8,2025-07-14 11:07:11,2025-07-14 11:07:17,27566.0,27567.0,GTERI,GTERI,ok,0.09999999999990905
25494,1818.8,1819.0,2025-07-14 11:07:17,2025-07-14 11:07:54,27567.0,27568.0,GTERI,GTERI,ok,0.20000000000004547
25496,1819.0,1819.1,2025-07-14 11:07:54,2025-07-14 11:08:16,27568.0,27570.0,GTERI,GTERI,ok,0.09999999999990905
25497,1819.1,1819.1,2025-07-14 11:08:16,2025-07-14 11:08:59,27570.0,27571.0,GTERI,GTSTT,ok,0.0
25498,1819.1,1819.1,2025-07-14 11:08:59,2025-07-14 11:09:28,27571.0,27572.0,GTSTT,GTERI,ok,0.0
25499,1819.1,1819.1,2025-07-14 11:09:28,2025-07-14 11:09:30,27572.0,27573.0,GTERI,GTSTT,ok,0.0
25500,1819.1,1819.1,2025-07-14 11:09:30,2025-07-14 11:09:36,27573.0,27574.0,GTSTT,GTERI,ok,0.0
25501,1819.1,1819.1,2025-07-14 11:09:36,2025-07-14 11:09:38,27574.0,27575.0,GTERI,GTERI,ok,0.0
25502,1819.1,1819.1,2025-07-14 11:09:38,2025-07-14 11:09:40,27575.0,27576.0,GTERI,GTERI,ok,0.0
25503,1819.1,1819.1,2025-07-14 11:09:40,2025-07-14 11:09:41,27576.0,27577.0,GTERI,GTERI,ok,0.0
25504,1819.1,1819.1,2025-07-14 11:09:41,2025-07-14 11:09:44,27577.0,27578.0,GTERI,GTERI,ok,0.0
25505,1819.1,1819.1,2025-07-14 11:09:44,2025-07-14 11:09:47,27578.0,27579.0,GTERI,GTERI,ok,0.0
25506,1819.1,1819.2,2025-07-14 11:09:47,2025-07-14 11:10:00,27579.0,27580.0,GTERI,GTERI,ok,0.10000000000013642
25507,1819.2,1819.4,2025-07-14 11:10:00,2025-07-14 11:10:33,27580.0,27581.0,GTERI,GTERI,ok,0.20000000000004547
25508,1819.4,1819.5,2025-07-14 11:10:33,2025-07-14 11:10:37,27581.0,27582.0,GTERI,GTERI,ok,0.09999999999990905
25509,1819.5,1819.6,2025-07-14 11:10:37,2025-07-14 11:10:47,27582.0,27583.0,GTERI,GTERI,ok,0.09999999999990905
25513,1819.6,1819.8,2025-07-14 11:10:47,2025-07-14 11:11:12,27583.0,27585.0,GTERI,GTERI,ok,0.20000000000004547
25514,1819.8,1820.0,2025-07-14 11:11:12,2025-07-14 11:11:31,27585.0,27586.0,GTERI,GTERI,ok,0.20000000000004547
25512,1820.0,1820.1,2025-07-14 11:11:31,2025-07-14 11:11:46,27586.0,27587.0,GTERI,GTPDP,ok,0.09999999999990905
25515,1820.1,1820.4,2025-07-14 11:11:46,2025-07-14 11:12:14,27587.0,27588.0,GTPDP,GTERI,ok,0.3000000000001819
25516,1820.4,1820.5,2025-07-14 11:12:14,2025-07-14 11:12:16,27588.0,27589.0,GTERI,GTERI,ok,0.09999999999990905
25517,1820.5,1820.6,2025-07-14 11:12:16,2025-07-14 11:12:29,27589.0,27590.0,GTERI,GTERI,ok,0.09999999999990905
25518,1820.6,1820.6,2025-07-14 11:12:29,2025-07-14 11:12:34,27590.0,27591.0,GTERI,GTERI,ok,0.0
25519,1820.6,1820.7,2025-07-14 11:12:34,2025-07-14 11:12:42,27591.0,27592.0,GTERI,GTERI,ok,0.10000000000013642
25520,1820.7,1820.7,2025-07-14 11:12:42,2025-07-14 11:12:47,27592.0,27593.0,GTERI,GTERI,ok,0.0
25521,1820.7,1820.7,2025-07-14 11:12:47,2025-07-14 11:13:03,27593.0,27595.0,GTERI,GTERI,ok,0.0
25522,1820.7,1820.7,2025-07-14 11:13:03,2025-07-14 11:13:07,27595.0,27596.0,GTERI,GTERI,ok,0.0
25524,1820.7,1823.9,2025-07-14 11:13:07,2025-07-14 11:15:29,27596.0,27598.0,GTERI,GTERI,ok,3.2000000000000455
25528,1823.9,1828.2,2025-07-14 11:15:29,2025-07-14 11:18:29,27598.0,27600.0,GTERI,GTERI,ok,4.2999999999999545
25527,1828.2,1828.8,2025-07-14 11:18:29,2025-07-14 11:18:59,27600.0,27602.0,GTERI,GTPDP,ok,0.599999999999909
25529,1828.8,1828.8,2025-07-14 11:18:59,2025-07-14 11:19:04,27602.0,27603.0,GTPDP,GTERI,ok,0.0
25530,1828.8,1828.8,2025-07-14 11:19:04,2025-07-14 11:19:12,27603.0,27604.0,GTERI,GTERI,ok,0.0
25531,1828.8,1828.8,2025-07-14 11:19:12,2025-07-14 11:19:15,27604.0,27605.0,GTERI,GTERI,ok,0.0
25532,1828.8,1830.0,2025-07-14 11:19:15,2025-07-14 11:21:29,27605.0,27606.0,GTERI,GTERI,ok,1.2000000000000455
25534,1830.0,1830.6,2025-07-14 11:21:29,2025-07-14 11:22:33,27606.0,27608.0,GTERI,GTERI,ok,0.599999999999909
25535,1830.6,1830.9,2025-07-14 11:22:33,2025-07-14 11:23:14,27608.0,27609.0,GTERI,GTERI,ok,0.3000000000001819
25536,1830.9,1830.9,2025-07-14 11:23:14,2025-07-14 11:23:17,27609.0,27610.0,GTERI,GTIGF,ok,0.0
25537,1830.9,1830.9,2025-07-14 11:23:17,2025-07-14 11:23:17,27610.0,27611.0,GTIGF,GTSTT,ok,0.0
25538,1830.9,1830.9,2025-07-14 11:23:17,2025-07-14 11:23:18,27611.0,27612.0,GTSTT,GTERI,ok,0.0
25539,1830.9,1830.9,2025-07-14 11:23:18,2025-07-14 11:23:18,27612.0,27613.0,GTERI,GTIGL,ok,0.0
25541,1830.9,1830.9,2025-07-14 11:23:18,2025-07-14 11:24:06,27613.0,27615.0,GTIGL,GTSTT,ok,0.0
25548,1830.9,1830.9,2025-07-14 11:24:06,2025-07-14 11:36:39,27615.0,27622.0,GTSTT,GTIGN,ok,0.0
25549,1830.9,1830.9,2025-07-14 11:36:39,2025-07-14 11:36:39,27622.0,27623.0,GTIGN,GTSTT,ok,0.0
25550,1830.9,1830.9,2025-07-14 11:36:39,2025-07-14 11:36:47,27623.0,27624.0,GTSTT,GTERI,ok,0.0
25551,1830.9,1830.9,2025-07-14 11:36:47,2025-07-14 11:36:47,27624.0,27625.0,GTERI,GTIGL,ok,0.0
25552,1830.9,1831.0,2025-07-14 11:36:47,2025-07-14 11:36:58,27625.0,27626.0,GTIGL,GTERI,ok,0.09999999999990905
25553,1831.0,1831.0,2025-07-14 11:36:58,2025-07-14 11:37:01,27626.0,27627.0,GTERI,GTERI,ok,0.0
25554,1831.0,1831.2,2025-07-14 11:37:01,2025-07-14 11:37:34,27627.0,27628.0,GTERI,GTERI,ok,0.20000000000004547
25555,1831.2,1831.2,2025-07-14 11:37:34,2025-07-14 11:37:37,27628.0,27629.0,GTERI,GTERI,ok,0.0
25557,1831.2,1831.8,2025-07-14 11:37:37,2025-07-14 11:38:44,27629.0,27631.0,GTERI,GTERI,ok,0.599999999999909
25558,1831.8,1831.8,2025-07-14 11:38:44,2025-07-14 11:38:47,27631.0,27632.0,GTERI,GTERI,ok,0.0
25559,1831.8,1831.9,2025-07-14 11:38:47,2025-07-14 11:38:58,27632.0,27633.0,GTERI,GTERI,ok,0.10000000000013642
25560,1831.9,1831.9,2025-07-14 11:38:58,2025-07-14 11:39:00,27633.0,27634.0,GTERI,GTERI,ok,0.0
25561,1831.9,1831.9,2025-07-14 11:39:00,2025-07-14 11:39:09,27634.0,27635.0,GTERI,GTIGF,ok,0.0
25562,1831.9,1831.9,2025-07-14 11:39:09,2025-07-14 11:39:09,27635.0,27636.0,GTIGF,GTSTT,ok,0.0
25563,1831.9,1831.9,2025-07-14 11:39:09,2025-07-14 11:39:09,27636.0,27637.0,GTSTT,GTERI,ok,0.0
25564,1831.9,1831.9,2025-07-14 11:39:09,2025-07-14 11:39:09,27637.0,27638.0,GTERI,GTIGL,ok,0.0
25565,1831.9,1831.9,2025-07-14 11:39:09,2025-07-14 11:39:51,27638.0,27639.0,GTIGL,GTSTT,ok,0.0
25569,1831.9,1831.9,2025-07-14 11:39:51,2025-07-14 11:45:49,27639.0,27643.0,GTSTT,GTIGN,ok,0.0
25570,1831.9,1831.9,2025-07-14 11:45:49,2025-07-14 11:45:49,27643.0,27644.0,GTIGN,GTSTT,ok,0.0
25571,1831.9,1831.9,2025-07-14 11:45:49,2025-07-14 11:45:56,27644.0,27645.0,GTSTT,GTERI,ok,0.0
25572,1831.9,1831.9,2025-07-14 11:45:56,2025-07-14 11:45:56,27645.0,27646.0,GTERI,GTIGL,ok,0.0
25573,1831.9,1832.0,2025-07-14 11:45:56,2025-07-14 11:45:58,27646.0,27647.0,GTIGL,GTERI,ok,0.09999999999990905
25574,1832.0,1832.0,2025-07-14 11:45:58,2025-07-14 11:46:00,27647.0,27648.0,GTERI,GTERI,ok,0.0
25576,1832.0,1832.0,2025-07-14 11:46:00,2025-07-14 11:46:10,27648.0,27650.0,GTERI,GTERI,ok,0.0
25577,1832.0,1832.0,2025-07-14 11:46:10,2025-07-14 11:46:12,27650.0,27651.0,GTERI,GTERI,ok,0.0
25578,1832.0,1832.9,2025-07-14 11:46:12,2025-07-14 11:47:28,27651.0,27652.0,GTERI,GTERI,ok,0.900000000000091
25579,1832.9,1832.9,2025-07-14 11:47:28,2025-07-14 11:47:30,27652.0,27653.0,GTERI,GTERI,ok,0.0
25580,1832.9,1832.9,2025-07-14 11:47:30,2025-07-14 11:47:36,27653.0,27654.0,GTERI,GTERI,ok,0.0
25581,1832.9,1832.9,2025-07-14 11:47:36,2025-07-14 11:47:42,27654.0,27655.0,GTERI,GTIGF,ok,0.0
25582,1832.9,1832.9,2025-07-14 11:47:42,2025-07-14 11:47:42,27655.0,27656.0,GTIGF,GTSTT,ok,0.0
25583,1832.9,1832.9,2025-07-14 11:47:42,2025-07-14 11:47:42,27656.0,27657.0,GTSTT,GTERI,ok,0.0
25584,1832.9,1832.9,2025-07-14 11:47:42,2025-07-14 11:47:42,27657.0,27658.0,GTERI,GTIGL,ok,0.0
25586,1832.9,1832.9,2025-07-14 11:47:42,2025-07-14 11:48:21,27658.0,27660.0,GTIGL,GTSTT,ok,0.0
25597,1832.9,1832.9,2025-07-14 11:48:21,2025-07-14 12:06:35,27660.0,27670.0,GTSTT,GTIGN,ok,0.0
25598,1832.9,1832.9,2025-07-14 12:06:35,2025-07-14 12:06:35,27670.0,27671.0,GTIGN,GTSTT,ok,0.0
25599,1832.9,1832.9,2025-07-14 12:06:35,2025-07-14 12:06:43,27671.0,27672.0,GTSTT,GTERI,ok,0.0
25600,1832.9,1832.9,2025-07-14 12:06:43,2025-07-14 12:06:43,27672.0,27673.0,GTERI,GTIGL,ok,0.0
25601,1832.9,1832.9,2025-07-14 12:06:43,2025-07-14 12:06:57,27673.0,27674.0,GTIGL,GTERI,ok,0.0
25602,1832.9,1833.0,2025-07-14 12:06:57,2025-07-14 12:07:10,27674.0,27675.0,GTERI,GTERI,ok,0.09999999999990905
25603,1833.0,1833.0,2025-07-14 12:07:10,2025-07-14 12:07:12,27675.0,27676.0,GTERI,GTERI,ok,0.0
25604,1833.0,1833.0,2025-07-14 12:07:12,2025-07-14 12:07:28,27676.0,27677.0,GTERI,GTERI,ok,0.0
25605,1833.0,1833.0,2025-07-14 12:07:28,2025-07-14 12:07:30,27677.0,27678.0,GTERI,GTERI,ok,0.0
25606,1833.0,1833.0,2025-07-14 12:07:30,2025-07-14 12:07:32,27678.0,27679.0,GTERI,GTERI,ok,0.0
25608,1833.0,1833.1,2025-07-14 12:07:32,2025-07-14 12:08:16,27679.0,27681.0,GTERI,GTERI,ok,0.09999999999990905
25609,1833.1,1833.1,2025-07-14 12:08:16,2025-07-14 12:08:18,27681.0,27682.0,GTERI,GTERI,ok,0.0
25610,1833.1,1833.7,2025-07-14 12:08:18,2025-07-14 12:09:44,27682.0,27683.0,GTERI,GTERI,ok,0.6000000000001364
25611,1833.7,1833.8,2025-07-14 12:09:44,2025-07-14 12:09:56,27683.0,27684.0,GTERI,GTERI,ok,0.09999999999990905
25612,1833.8,1833.8,2025-07-14 12:09:56,2025-07-14 12:09:58,27684.0,27685.0,GTERI,GTERI,ok,0.0
25614,1833.8,1833.9,2025-07-14 12:09:58,2025-07-14 12:10:09,27685.0,27687.0,GTERI,GTERI,ok,0.10000000000013642
25615,1833.9,1833.9,2025-07-14 12:10:09,2025-07-14 12:10:11,27687.0,27688.0,GTERI,GTERI,ok,0.0
25616,1833.9,1833.9,2025-07-14 12:10:11,2025-07-14 12:10:22,27688.0,27689.0,GTERI,GTIGF,ok,0.0
25617,1833.9,1833.9,2025-07-14 12:10:22,2025-07-14 12:10:22,27689.0,27690.0,GTIGF,GTSTT,ok,0.0
25618,1833.9,1833.9,2025-07-14 12:10:22,2025-07-14 12:10:22,27690.0,27691.0,GTSTT,GTERI,ok,0.0
25619,1833.9,1833.9,2025-07-14 12:10:22,2025-07-14 12:10:23,27691.0,27692.0,GTERI,GTIGL,ok,0.0
25621,1833.9,1833.9,2025-07-14 12:10:23,2025-07-14 12:12:18,27692.0,27694.0,GTIGL,GTSTT,ok,0.0
25637,1833.9,1833.9,2025-07-14 12:12:18,2025-07-14 12:42:34,27694.0,27710.0,GTSTT,GTPDP,ok,0.0
25651,1833.9,1833.9,2025-07-14 12:42:34,2025-07-14 13:10:18,27710.0,27724.0,GTPDP,GTERI,ok,0.0
25658,1833.9,1833.9,2025-07-14 13:10:18,2025-07-14 13:22:47,27724.0,27731.0,GTERI,GTIGN,ok,0.0
25659,1833.9,1833.9,2025-07-14 13:22:47,2025-07-14 13:22:47,27731.0,27732.0,GTIGN,GTSTT,ok,0.0
25660,1833.9,1833.9,2025-07-14 13:22:47,2025-07-14 13:22:54,27732.0,27733.0,GTSTT,GTERI,ok,0.0
25661,1833.9,1833.9,2025-07-14 13:22:54,2025-07-14 13:22:54,27733.0,27734.0,GTERI,GTIGL,ok,0.0
25662,1833.9,1833.9,2025-07-14 13:22:54,2025-07-14 13:22:56,27734.0,27735.0,GTIGL,GTERI,ok,0.0
25663,1833.9,1833.9,2025-07-14 13:22:56,2025-07-14 13:22:58,27735.0,27736.0,GTERI,GTERI,ok,0.0
25664,1833.9,1834.0,2025-07-14 13:22:58,2025-07-14 13:23:04,27736.0,27737.0,GTERI,GTERI,ok,0.09999999999990905
25665,1834.0,1834.0,2025-07-14 13:23:04,2025-07-14 13:23:06,27737.0,27738.0,GTERI,GTERI,ok,0.0
25666,1834.0,1834.0,2025-07-14 13:23:06,2025-07-14 13:23:23,27738.0,27739.0,GTERI,GTERI,ok,0.0
25667,1834.0,1834.0,2025-07-14 13:23:23,2025-07-14 13:23:25,27739.0,27740.0,GTERI,GTERI,ok,0.0
25668,1834.0,1834.1,2025-07-14 13:23:25,2025-07-14 13:23:31,27740.0,27741.0,GTERI,GTERI,ok,0.09999999999990905
25671,1834.1,1835.2,2025-07-14 13:23:31,2025-07-14 13:25:54,27741.0,27744.0,GTERI,GTERI,ok,1.1000000000001364
25672,1835.2,1835.2,2025-07-14 13:25:54,2025-07-14 13:25:57,27744.0,27745.0,GTERI,GTERI,ok,0.0
25673,1835.2,1835.2,2025-07-14 13:25:57,2025-07-14 13:25:58,27745.0,27746.0,GTERI,GTERI,ok,0.0
25674,1835.2,1835.4,2025-07-14 13:25:58,2025-07-14 13:26:22,27746.0,27747.0,GTERI,GTERI,ok,0.20000000000004547
25675,1835.4,1835.4,2025-07-14 13:26:22,2025-07-14 13:26:24,27747.0,27748.0,GTERI,GTERI,ok,0.0
25676,1835.4,1835.6,2025-07-14 13:26:24,2025-07-14 13:26:45,27748.0,27749.0,GTERI,GTERI,ok,0.1999999999998181
25677,1835.6,1835.6,2025-07-14 13:26:45,2025-07-14 13:26:59,27749.0,27750.0,GTERI,GTERI,ok,0.0
25679,1835.6,1836.7,2025-07-14 13:26:59,2025-07-14 13:28:03,27750.0,27752.0,GTERI,GTERI,ok,1.1000000000001364
25680,1836.7,1836.7,2025-07-14 13:28:03,2025-07-14 13:28:18,27752.0,27753.0,GTERI,GTERI,ok,0.0
25681,1836.7,1836.7,2025-07-14 13:28:18,2025-07-14 13:28:22,27753.0,27754.0,GTERI,GTERI,ok,0.0
25682,1836.7,1836.7,2025-07-14 13:28:22,2025-07-14 13:28:26,27754.0,27755.0,GTERI,GTERI,ok,0.0
25683,1836.7,1836.7,2025-07-14 13:28:26,2025-07-14 13:28:28,27755.0,27756.0,GTERI,GTERI,ok,0.0
25684,1836.7,1837.0,2025-07-14 13:28:28,2025-07-14 13:28:54,27756.0,27757.0,GTERI,GTERI,ok,0.2999999999999545
25685,1837.0,1837.6,2025-07-14 13:28:54,2025-07-14 13:29:36,27757.0,27758.0,GTERI,GTERI,ok,0.599999999999909
25688,1837.6,1840.4,2025-07-14 13:29:36,2025-07-14 13:31:54,27758.0,27761.0,GTERI,GTERI,ok,2.800000000000182
25689,1840.4,1840.8,2025-07-14 13:31:54,2025-07-14 13:32:09,27761.0,27762.0,GTERI,GTERI,ok,0.3999999999998636
25692,1840.8,1841.0,2025-07-14 13:32:09,2025-07-14 13:32:21,27762.0,27763.0,GTERI,GTERI,ok,0.20000000000004547
25693,1841.0,1843.1,2025-07-14 13:32:21,2025-07-14 13:34:36,27763.0,27766.0,GTERI,GTIGF,ok,2.099999999999909
25694,1843.1,1843.1,2025-07-14 13:34:36,2025-07-14 13:34:36,27766.0,27767.0,GTIGF,GTSTT,ok,0.0
25695,1843.1,1843.1,2025-07-14 13:34:36,2025-07-14 13:34:36,27767.0,27768.0,GTSTT,GTERI,ok,0.0
25696,1843.1,1843.1,2025-07-14 13:34:36,2025-07-14 13:34:36,27768.0,27769.0,GTERI,GTIGL,ok,0.0
25697,1843.1,1843.1,2025-07-14 13:34:36,2025-07-14 13:35:17,27769.0,27770.0,GTIGL,GTSTT,ok,0.0
25691,1843.1,1843.1,2025-07-14 13:35:17,2025-07-14 13:35:39,27770.0,27771.0,GTSTT,GTPDP,ok,0.0
25700,1843.1,1843.1,2025-07-14 13:35:39,2025-07-14 13:42:49,27771.0,27774.0,GTPDP,GTIGN,ok,0.0
25701,1843.1,1843.1,2025-07-14 13:42:49,2025-07-14 13:42:49,27774.0,27775.0,GTIGN,GTSTT,ok,0.0
25702,1843.1,1843.1,2025-07-14 13:42:49,2025-07-14 13:42:56,27775.0,27776.0,GTSTT,GTERI,ok,0.0
25703,1843.1,1843.1,2025-07-14 13:42:56,2025-07-14 13:42:56,27776.0,27777.0,GTERI,GTIGL,ok,0.0
25704,1843.1,1843.1,2025-07-14 13:42:56,2025-07-14 13:42:58,27777.0,27778.0,GTIGL,GTERI,ok,0.0
25705,1843.1,1843.1,2025-07-14 13:42:58,2025-07-14 13:43:02,27778.0,27779.0,GTERI,GTERI,ok,0.0
25706,1843.1,1843.1,2025-07-14 13:43:02,2025-07-14 13:43:06,27779.0,27780.0,GTERI,GTERI,ok,0.0
25707,1843.1,1843.1,2025-07-14 13:43:06,2025-07-14 13:43:08,27780.0,27781.0,GTERI,GTERI,ok,0.0
25708,1843.1,1843.1,2025-07-14 13:43:08,2025-07-14 13:43:12,27781.0,27782.0,GTERI,GTERI,ok,0.0
25709,1843.1,1843.1,2025-07-14 13:43:12,2025-07-14 13:43:14,27782.0,27783.0,GTERI,GTERI,ok,0.0
25711,1843.1,1844.7,2025-07-14 13:43:14,2025-07-14 13:45:14,27783.0,27785.0,GTERI,GTERI,ok,1.6000000000001364
25712,1844.7,1845.4,2025-07-14 13:45:14,2025-07-14 13:45:57,27785.0,27786.0,GTERI,GTERI,ok,0.7000000000000455
25715,1845.4,1848.2,2025-07-14 13:45:57,2025-07-14 13:48:57,27786.0,27789.0,GTERI,GTERI,ok,2.7999999999999545
25716,1848.2,1848.7,2025-07-14 13:48:57,2025-07-14 13:49:31,27789.0,27790.0,GTERI,GTERI,ok,0.5
25718,1848.7,1849.5,2025-07-14 13:49:31,2025-07-14 13:51:12,27790.0,27792.0,GTERI,GTERI,ok,0.7999999999999545
25719,1849.5,1849.6,2025-07-14 13:51:12,2025-07-14 13:51:14,27792.0,27793.0,GTERI,GTERI,ok,0.09999999999990905
25720,1849.6,1849.6,2025-07-14 13:51:14,2025-07-14 13:51:37,27793.0,27794.0,GTERI,GTERI,ok,0.0
25721,1849.6,1849.6,2025-07-14 13:51:37,2025-07-14 13:51:43,27794.0,27795.0,GTERI,GTERI,ok,0.0
25722,1849.6,1849.6,2025-07-14 13:51:43,2025-07-14 13:51:45,27795.0,27796.0,GTERI,GTERI,ok,0.0
25723,1849.6,1849.7,2025-07-14 13:51:45,2025-07-14 13:51:57,27796.0,27797.0,GTERI,GTERI,ok,0.10000000000013642
25725,1849.7,1850.9,2025-07-14 13:51:57,2025-07-14 13:53:48,27797.0,27799.0,GTERI,GTERI,ok,1.2000000000000455
25726,1850.9,1850.9,2025-07-14 13:53:48,2025-07-14 13:53:50,27799.0,27800.0,GTERI,GTERI,ok,0.0
25728,1850.9,1851.2,2025-07-14 13:53:50,2025-07-14 13:54:57,27800.0,27802.0,GTERI,GTERI,ok,0.2999999999999545
25730,1851.2,1852.1,2025-07-14 13:54:57,2025-07-14 13:57:36,27802.0,27804.0,GTERI,GTSTT,ok,0.8999999999998636
25731,1852.1,1852.1,2025-07-14 13:57:36,2025-07-14 13:57:57,27804.0,27805.0,GTSTT,GTERI,ok,0.0
25733,1852.1,1852.1,2025-07-14 13:57:57,2025-07-14 13:58:25,27805.0,27808.0,GTERI,GTSTT,ok,0.0
25734,1852.1,1852.1,2025-07-14 13:58:25,2025-07-14 13:59:02,27808.0,27809.0,GTSTT,GTSTT,ok,0.0
25735,1852.1,1852.1,2025-07-14 13:59:02,2025-07-14 13:59:10,27809.0,27810.0,GTSTT,GTSTT,ok,0.0
25736,1852.1,1852.1,2025-07-14 13:59:10,2025-07-14 13:59:45,27810.0,27811.0,GTSTT,GTSTT,ok,0.0
25738,1852.1,1852.1,2025-07-14 13:59:45,2025-07-14 14:00:20,27811.0,27813.0,GTSTT,GTSTT,ok,0.0
25739,1852.1,1852.3,2025-07-14 14:00:20,2025-07-14 14:00:57,27813.0,27814.0,GTSTT,GTERI,ok,0.20000000000004547
25740,1852.3,1852.8,2025-07-14 14:00:57,2025-07-14 14:01:51,27814.0,27815.0,GTERI,GTERI,ok,0.5
25741,1852.8,1852.8,2025-07-14 14:01:51,2025-07-14 14:01:53,27815.0,27816.0,GTERI,GTERI,ok,0.0
25742,1852.8,1852.9,2025-07-14 14:01:53,2025-07-14 14:01:56,27816.0,27817.0,GTERI,GTERI,ok,0.10000000000013642
25744,1852.9,1853.2,2025-07-14 14:01:56,2025-07-14 14:02:22,27817.0,27819.0,GTERI,GTERI,ok,0.2999999999999545
25745,1853.2,1853.2,2025-07-14 14:02:22,2025-07-14 14:02:25,27819.0,27820.0,GTERI,GTERI,ok,0.0
25746,1853.2,1853.2,2025-07-14 14:02:25,2025-07-14 14:02:27,27820.0,27821.0,GTERI,GTERI,ok,0.0
25747,1853.2,1853.2,2025-07-14 14:02:27,2025-07-14 14:02:29,27821.0,27822.0,GTERI,GTERI,ok,0.0
25748,1853.2,1853.2,2025-07-14 14:02:29,2025-07-14 14:02:30,27822.0,27823.0,GTERI,GTERI,ok,0.0
25749,1853.2,1853.2,2025-07-14 14:02:30,2025-07-14 14:02:32,27823.0,27824.0,GTERI,GTERI,ok,0.0
25750,1853.2,1854.9,2025-07-14 14:02:32,2025-07-14 14:03:57,27824.0,27825.0,GTERI,GTERI,ok,1.7000000000000455
25753,1854.9,1857.7,2025-07-14 14:03:57,2025-07-14 14:06:15,27825.0,27828.0,GTERI,GTERI,ok,2.7999999999999545
25754,1857.7,1857.7,2025-07-14 14:06:15,2025-07-14 14:06:16,27828.0,27829.0,GTERI,GTERI,ok,0.0
25755,1857.7,1857.7,2025-07-14 14:06:16,2025-07-14 14:06:17,27829.0,27830.0,GTERI,GTERI,ok,0.0
25756,1857.7,1857.7,2025-07-14 14:06:17,2025-07-14 14:06:19,27830.0,27831.0,GTERI,GTERI,ok,0.0
25757,1857.7,1857.9,2025-07-14 14:06:19,2025-07-14 14:06:57,27831.0,27832.0,GTERI,GTERI,ok,0.20000000000004547
25758,1857.9,1857.9,2025-07-14 14:06:57,2025-07-14 14:07:22,27832.0,27833.0,GTERI,GTERI,ok,0.0
25759,1857.9,1858.0,2025-07-14 14:07:22,2025-07-14 14:07:28,27833.0,27834.0,GTERI,GTERI,ok,0.09999999999990905
25760,1858.0,1858.0,2025-07-14 14:07:28,2025-07-14 14:07:43,27834.0,27835.0,GTERI,GTERI,ok,0.0
25762,1858.0,1858.0,2025-07-14 14:07:43,2025-07-14 14:08:53,27835.0,27837.0,GTERI,GTERI,ok,0.0
25763,1858.0,1858.0,2025-07-14 14:08:53,2025-07-14 14:08:57,27837.0,27838.0,GTERI,GTERI,ok,0.0
25764,1858.0,1858.0,2025-07-14 14:08:57,2025-07-14 14:08:59,27838.0,27839.0,GTERI,GTERI,ok,0.0
25765,1858.0,1858.0,2025-07-14 14:08:59,2025-07-14 14:09:16,27839.0,27840.0,GTERI,GTERI,ok,0.0
25766,1858.0,1858.0,2025-07-14 14:09:16,2025-07-14 14:09:17,27840.0,27841.0,GTERI,GTERI,ok,0.0
25767,1858.0,1858.0,2025-07-14 14:09:17,2025-07-14 14:09:18,27841.0,27842.0,GTERI,GTERI,ok,0.0
25768,1858.0,1858.0,2025-07-14 14:09:18,2025-07-14 14:09:19,27842.0,27843.0,GTERI,GTERI,ok,0.0
25769,1858.0,1858.0,2025-07-14 14:09:19,2025-07-14 14:09:21,27843.0,27844.0,GTERI,GTERI,ok,0.0
25770,1858.0,1858.1,2025-07-14 14:09:21,2025-07-14 14:09:23,27844.0,27845.0,GTERI,GTERI,ok,0.09999999999990905
25771,1858.1,1858.1,2025-07-14 14:09:23,2025-07-14 14:09:36,27845.0,27846.0,GTERI,GTERI,ok,0.0
25772,1858.1,1858.2,2025-07-14 14:09:36,2025-07-14 14:09:41,27846.0,27847.0,GTERI,GTERI,ok,0.10000000000013642
25773,1858.2,1858.2,2025-07-14 14:09:41,2025-07-14 14:09:43,27847.0,27848.0,GTERI,GTERI,ok,0.0
25774,1858.2,1858.2,2025-07-14 14:09:43,2025-07-14 14:09:45,27848.0,27849.0,GTERI,GTERI,ok,0.0
25775,1858.2,1858.3,2025-07-14 14:09:45,2025-07-14 14:09:57,27849.0,27850.0,GTERI,GTERI,ok,0.09999999999990905
25778,1858.3,1862.0,2025-07-14 14:09:57,2025-07-14 14:12:51,27850.0,27853.0,GTERI,GTERI,ok,3.7000000000000455
25779,1862.0,1862.1,2025-07-14 14:12:51,2025-07-14 14:12:54,27853.0,27854.0,GTERI,GTERI,ok,0.09999999999990905
25780,1862.1,1862.1,2025-07-14 14:12:54,2025-07-14 14:12:57,27854.0,27855.0,GTERI,GTERI,ok,0.0
25782,1862.1,1863.6,2025-07-14 14:12:57,2025-07-14 14:15:57,27855.0,27857.0,GTERI,GTERI,ok,1.5
25785,1863.6,1863.7,2025-07-14 14:15:57,2025-07-14 14:16:27,27857.0,27860.0,GTERI,GTERI,ok,0.10000000000013642
25786,1863.7,1863.8,2025-07-14 14:16:27,2025-07-14 14:16:28,27860.0,27861.0,GTERI,GTERI,ok,0.09999999999990905
25787,1863.8,1864.0,2025-07-14 14:16:28,2025-07-14 14:17:03,27861.0,27862.0,GTERI,GTERI,ok,0.20000000000004547
25788,1864.0,1864.0,2025-07-14 14:17:03,2025-07-14 14:17:08,27862.0,27863.0,GTERI,GTERI,ok,0.0
25789,1864.0,1864.1,2025-07-14 14:17:08,2025-07-14 14:17:09,27863.0,27864.0,GTERI,GTERI,ok,0.09999999999990905
25790,1864.1,1864.1,2025-07-14 14:17:09,2025-07-14 14:17:10,27864.0,27865.0,GTERI,GTERI,ok,0.0
25791,1864.1,1864.1,2025-07-14 14:17:10,2025-07-14 14:17:26,27865.0,27866.0,GTERI,GTERI,ok,0.0
25792,1864.1,1864.1,2025-07-14 14:17:26,2025-07-14 14:17:31,27866.0,27867.0,GTERI,GTIGF,ok,0.0
25793,1864.1,1864.1,2025-07-14 14:17:31,2025-07-14 14:17:31,27867.0,27868.0,GTIGF,GTSTT,ok,0.0
25794,1864.1,1864.1,2025-07-14 14:17:31,2025-07-14 14:17:31,27868.0,27869.0,GTSTT,GTERI,ok,0.0
25795,1864.1,1864.1,2025-07-14 14:17:31,2025-07-14 14:17:31,27869.0,27870.0,GTERI,GTIGL,ok,0.0
25796,1864.1,1864.1,2025-07-14 14:17:31,2025-07-14 14:18:06,27870.0,27871.0,GTIGL,GTSTT,ok,0.0
25805,1864.1,1864.1,2025-07-14 14:18:06,2025-07-14 14:33:49,27871.0,27880.0,GTSTT,GTIGN,ok,0.0
25806,1864.1,1864.1,2025-07-14 14:33:49,2025-07-14 14:33:49,27880.0,27881.0,GTIGN,GTSTT,ok,0.0
25807,1864.1,1864.1,2025-07-14 14:33:49,2025-07-14 14:33:49,27881.0,27882.0,GTSTT,GTSTT,ok,0.0
25808,1864.1,1864.1,2025-07-14 14:33:49,2025-07-14 14:33:58,27882.0,27883.0,GTSTT,GTERI,ok,0.0
25809,1864.1,1864.1,2025-07-14 14:33:58,2025-07-14 14:33:58,27883.0,27884.0,GTERI,GTIGL,ok,0.0
25810,1864.1,1864.1,2025-07-14 14:33:58,2025-07-14 14:34:05,27884.0,27885.0,GTIGL,GTERI,ok,0.0
25812,1864.1,1864.1,2025-07-14 14:34:05,2025-07-14 14:34:13,27885.0,27887.0,GTERI,GTERI,ok,0.0
25813,1864.1,1864.1,2025-07-14 14:34:13,2025-07-14 14:34:14,27887.0,27888.0,GTERI,GTERI,ok,0.0
25814,1864.1,1864.2,2025-07-14 14:34:14,2025-07-14 14:34:33,27888.0,27889.0,GTERI,GTERI,ok,0.10000000000013642
25815,1864.2,1864.3,2025-07-14 14:34:33,2025-07-14 14:34:43,27889.0,27890.0,GTERI,GTERI,ok,0.09999999999990905
25816,1864.3,1864.3,2025-07-14 14:34:43,2025-07-14 14:34:45,27890.0,27891.0,GTERI,GTERI,ok,0.0
25817,1864.3,1864.3,2025-07-14 14:34:45,2025-07-14 14:34:56,27891.0,27892.0,GTERI,GTERI,ok,0.0
25818,1864.3,1864.3,2025-07-14 14:34:56,2025-07-14 14:34:58,27892.0,27893.0,GTERI,GTERI,ok,0.0
25819,1864.3,1864.4,2025-07-14 14:34:58,2025-07-14 14:35:14,27893.0,27894.0,GTERI,GTERI,ok,0.10000000000013642
25820,1864.4,1864.4,2025-07-14 14:35:14,2025-07-14 14:35:15,27894.0,27895.0,GTERI,GTERI,ok,0.0
25822,1864.4,1865.1,2025-07-14 14:35:15,2025-07-14 14:36:57,27895.0,27897.0,GTERI,GTERI,ok,0.6999999999998181
25824,1865.1,1866.1,2025-07-14 14:36:57,2025-07-14 14:38:22,27897.0,27899.0,GTERI,GTERI,ok,1.0
25825,1866.1,1866.1,2025-07-14 14:38:22,2025-07-14 14:38:30,27899.0,27900.0,GTERI,GTERI,ok,0.0
25826,1866.1,1866.1,2025-07-14 14:38:30,2025-07-14 14:38:32,27900.0,27901.0,GTERI,GTERI,ok,0.0
25827,1866.1,1866.1,2025-07-14 14:38:32,2025-07-14 14:38:34,27901.0,27902.0,GTERI,GTERI,ok,0.0
25828,1866.1,1867.6,2025-07-14 14:38:34,2025-07-14 14:39:57,27902.0,27903.0,GTERI,GTERI,ok,1.5
25830,1867.6,1870.0,2025-07-14 14:39:57,2025-07-14 14:41:50,27903.0,27905.0,GTERI,GTERI,ok,2.400000000000091
25831,1870.0,1870.0,2025-07-14 14:41:50,2025-07-14 14:41:52,27905.0,27906.0,GTERI,GTERI,ok,0.0
25832,1870.0,1870.0,2025-07-14 14:41:52,2025-07-14 14:41:55,27906.0,27907.0,GTERI,GTERI,ok,0.0
25833,1870.0,1870.0,2025-07-14 14:41:55,2025-07-14 14:42:07,27907.0,27908.0,GTERI,GTERI,ok,0.0
25835,1870.0,1870.0,2025-07-14 14:42:07,2025-07-14 14:42:12,27908.0,27910.0,GTERI,GTERI,ok,0.0
25836,1870.0,1870.1,2025-07-14 14:42:12,2025-07-14 14:42:27,27910.0,27911.0,GTERI,GTERI,ok,0.09999999999990905
25837,1870.1,1870.1,2025-07-14 14:42:27,2025-07-14 14:42:30,27911.0,27912.0,GTERI,GTERI,ok,0.0
25838,1870.1,1870.1,2025-07-14 14:42:30,2025-07-14 14:42:31,27912.0,27913.0,GTERI,GTERI,ok,0.0
25839,1870.1,1870.1,2025-07-14 14:42:31,2025-07-14 14:42:32,27913.0,27914.0,GTERI,GTERI,ok,0.0
25840,1870.1,1870.1,2025-07-14 14:42:32,2025-07-14 14:42:33,27914.0,27915.0,GTERI,GTERI,ok,0.0
25841,1870.1,1870.1,2025-07-14 14:42:33,2025-07-14 14:42:37,27915.0,27916.0,GTERI,GTERI,ok,0.0
25842,1870.1,1870.1,2025-07-14 14:42:37,2025-07-14 14:42:38,27916.0,27917.0,GTERI,GTERI,ok,0.0
25843,1870.1,1870.1,2025-07-14 14:42:38,2025-07-14 14:42:44,27917.0,27918.0,GTERI,GTIGF,ok,0.0
25844,1870.1,1870.1,2025-07-14 14:42:44,2025-07-14 14:42:44,27918.0,27919.0,GTIGF,GTSTT,ok,0.0
25845,1870.1,1870.1,2025-07-14 14:42:44,2025-07-14 14:42:44,27919.0,27920.0,GTSTT,GTERI,ok,0.0
25846,1870.1,1870.1,2025-07-14 14:42:44,2025-07-14 14:42:44,27920.0,27921.0,GTERI,GTIGL,ok,0.0
25847,1870.1,1870.1,2025-07-14 14:42:44,2025-07-14 14:43:25,27921.0,27922.0,GTIGL,GTSTT,ok,0.0
25878,1870.1,1870.1,2025-07-14 14:43:25,2025-07-14 15:42:39,27922.0,27953.0,GTSTT,GTERI,ok,0.0
25885,1870.1,1870.1,2025-07-14 15:42:39,2025-07-14 15:54:52,27953.0,27960.0,GTERI,GTIGN,ok,0.0
25886,1870.1,1870.1,2025-07-14 15:54:52,2025-07-14 15:54:52,27960.0,27961.0,GTIGN,GTSTT,ok,0.0
25887,1870.1,1870.1,2025-07-14 15:54:52,2025-07-14 15:55:00,27961.0,27962.0,GTSTT,GTERI,ok,0.0
25888,1870.1,1870.1,2025-07-14 15:55:00,2025-07-14 15:55:00,27962.0,27963.0,GTERI,GTIGL,ok,0.0
25889,1870.1,1870.1,2025-07-14 15:55:00,2025-07-14 15:55:02,27963.0,27964.0,GTIGL,GTERI,ok,0.0
25890,1870.1,1870.1,2025-07-14 15:55:02,2025-07-14 15:55:04,27964.0,27965.0,GTERI,GTERI,ok,0.0
25891,1870.1,1870.2,2025-07-14 15:55:04,2025-07-14 15:55:28,27965.0,27966.0,GTERI,GTERI,ok,0.10000000000013642
25892,1870.2,1870.3,2025-07-14 15:55:28,2025-07-14 15:55:36,27966.0,27967.0,GTERI,GTERI,ok,0.09999999999990905
25894,1870.3,1872.0,2025-07-14 15:55:36,2025-07-14 15:57:28,27967.0,27969.0,GTERI,GTERI,ok,1.7000000000000455
25895,1872.0,1872.0,2025-07-14 15:57:28,2025-07-14 15:57:30,27969.0,27970.0,GTERI,GTERI,ok,0.0
25896,1872.0,1872.0,2025-07-14 15:57:30,2025-07-14 15:57:32,27970.0,27971.0,GTERI,GTERI,ok,0.0
25897,1872.0,1872.1,2025-07-14 15:57:32,2025-07-14 15:57:40,27971.0,27972.0,GTERI,GTERI,ok,0.09999999999990905
25898,1872.1,1872.3,2025-07-14 15:57:40,2025-07-14 15:58:00,27972.0,27973.0,GTERI,GTERI,ok,0.20000000000004547
25900,1872.3,1872.7,2025-07-14 15:58:00,2025-07-14 15:58:23,27973.0,27975.0,GTERI,GTPFR,ok,0.40000000000009095
25902,1872.7,1872.7,2025-07-14 15:58:23,2025-07-15 07:35:24,27975.0,27977.0,GTPFR,GTPNR,ok,0.0
25903,1872.7,1872.7,2025-07-15 07:35:24,2025-07-15 07:35:26,27977.0,27978.0,GTPNR,GTIGN,ok,0.0
25905,1872.7,1872.7,2025-07-15 07:35:26,2025-07-15 07:35:26,27978.0,27979.0,GTIGN,GTSTT,ok,0.0
25906,1872.7,1872.7,2025-07-15 07:35:26,2025-07-15 07:35:27,27979.0,27981.0,GTSTT,GTSTT,ok,0.0
25907,1872.7,1872.7,2025-07-15 07:35:27,2025-07-15 07:35:27,27981.0,27982.0,GTSTT,GTMPN,ok,0.0
25908,1872.7,1872.7,2025-07-15 07:35:27,2025-07-15 07:36:06,27982.0,27983.0,GTMPN,GTRTL,ok,0.0
25909,1872.7,1872.7,2025-07-15 07:36:06,2025-07-15 07:36:06,27983.0,27984.0,GTRTL,GTIGL,ok,0.0
25911,1872.7,1876.0,2025-07-15 07:36:06,2025-07-15 07:38:31,27984.0,27986.0,GTIGL,GTBTC,ok,3.2999999999999545
25912,1876.0,1876.1,2025-07-15 07:38:31,2025-07-15 07:38:37,27986.0,27987.0,GTBTC,GTERI,ok,0.09999999999990905
25914,1876.1,1876.8,2025-07-15 07:38:37,2025-07-15 07:40:11,27987.0,27989.0,GTERI,GTERI,ok,0.7000000000000455
25915,1876.8,1877.3,2025-07-15 07:40:11,2025-07-15 07:40:40,27989.0,27990.0,GTERI,GTERI,ok,0.5
25916,1877.3,1877.3,2025-07-15 07:40:40,2025-07-15 07:40:44,27990.0,27991.0,GTERI,GTERI,ok,0.0
25917,1877.3,1877.6,2025-07-15 07:40:44,2025-07-15 07:40:57,27991.0,27992.0,GTERI,GTERI,ok,0.2999999999999545
25918,1877.6,1877.6,2025-07-15 07:40:57,2025-07-15 07:41:04,27992.0,27993.0,GTERI,GTERI,ok,0.0
25919,1877.6,1877.8,2025-07-15 07:41:04,2025-07-15 07:41:21,27993.0,27994.0,GTERI,GTERI,ok,0.20000000000004547
25920,1877.8,1877.8,2025-07-15 07:41:21,2025-07-15 07:41:23,27994.0,27995.0,GTERI,GTERI,ok,0.0
25922,1877.8,1877.9,2025-07-15 07:41:23,2025-07-15 07:41:37,27995.0,27997.0,GTERI,GTERI,ok,0.10000000000013642
25923,1877.9,1879.6,2025-07-15 07:41:37,2025-07-15 07:43:25,27997.0,27998.0,GTERI,GTERI,ok,1.699999999999818
25925,1879.6,1879.9,2025-07-15 07:43:25,2025-07-15 07:43:39,27998.0,28000.0,GTERI,GTERI,ok,0.3000000000001819
25926,1879.9,1881.0,2025-07-15 07:43:39,2025-07-15 07:44:37,28000.0,28001.0,GTERI,GTERI,ok,1.099999999999909
25929,1881.0,1885.6,2025-07-15 07:44:37,2025-07-15 07:47:37,28001.0,28004.0,GTERI,GTERI,ok,4.599999999999909
25931,1885.6,1890.6,2025-07-15 07:47:37,2025-07-15 07:50:37,28004.0,28006.0,GTERI,GTERI,ok,5.0
25932,1890.6,1890.6,2025-07-15 07:50:37,2025-07-15 07:50:37,28006.0,28006.0,GTERI,GTERI,ok,0.0
25933,1890.6,1890.6,2025-07-15 07:50:37,2025-07-15 07:50:37,28006.0,28006.0,GTERI,GTERI,ok,0.0
25935,1890.6,1893.0,2025-07-15 07:50:37,2025-07-15 07:52:11,28006.0,28008.0,GTERI,GTERI,ok,2.400000000000091
25936,1893.0,1893.1,2025-07-15 07:52:11,2025-07-15 07:52:18,28008.0,28009.0,GTERI,GTERI,ok,0.09999999999990905
25937,1893.1,1893.1,2025-07-15 07:52:18,2025-07-15 07:52:20,28009.0,28010.0,GTERI,GTERI,ok,0.0
25940,1893.1,1893.1,2025-07-15 07:52:20,2025-07-15 07:52:22,28010.0,28011.0,GTERI,GTERI,ok,0.0
25939,1893.1,1894.2,2025-07-15 07:52:22,2025-07-15 07:53:13,28011.0,28013.0,GTERI,GTPDP,ok,1.1000000000001364
25941,1894.2,1894.9,2025-07-15 07:53:13,2025-07-15 07:53:37,28013.0,28014.0,GTPDP,GTERI,ok,0.7000000000000455
25944,1894.9,1899.6,2025-07-15 07:53:37,2025-07-15 07:56:37,28014.0,28017.0,GTERI,GTERI,ok,4.699999999999818
25945,1899.6,1904.7,2025-07-15 07:56:37,2025-07-15 07:59:37,28017.0,28018.0,GTERI,GTERI,ok,5.100000000000136
25943,1904.7,1905.2,2025-07-15 07:59:37,2025-07-15 07:59:55,28018.0,28019.0,GTERI,GTPDP,ok,0.5
25946,1905.2,1905.7,2025-07-15 07:59:55,2025-07-15 08:00:22,28019.0,28020.0,GTPDP,GTERI,ok,0.5
25947,1905.7,1906.7,2025-07-15 08:00:22,2025-07-15 08:01:10,28020.0,28021.0,GTERI,GTERI,ok,1.0
25948,1906.7,1907.0,2025-07-15 08:01:10,2025-07-15 08:01:25,28021.0,28022.0,GTERI,GTERI,ok,0.2999999999999545
25950,1907.0,1908.7,2025-07-15 08:01:25,2025-07-15 08:02:23,28022.0,28023.0,GTERI,GTERI,ok,1.7000000000000455
25951,1908.7,1909.1,2025-07-15 08:02:23,2025-07-15 08:02:37,28023.0,28026.0,GTERI,GTERI,ok,0.3999999999998636
25952,1909.1,1909.4,2025-07-15 08:02:37,2025-07-15 08:02:48,28026.0,28027.0,GTERI,GTERI,ok,0.3000000000001819
25953,1909.4,1914.0,2025-07-15 08:02:48,2025-07-15 08:05:37,28027.0,28028.0,GTERI,GTERI,ok,4.599999999999909
25954,1914.0,1914.6,2025-07-15 08:05:37,2025-07-15 08:05:57,28028.0,28029.0,GTERI,GTERI,ok,0.599999999999909
25957,1914.6,1917.2,2025-07-15 08:05:57,2025-07-15 08:07:36,28029.0,28030.0,GTERI,GTERI,ok,2.6000000000001364
25956,1917.2,1918.0,2025-07-15 08:07:36,2025-07-15 08:08:06,28030.0,28032.0,GTERI,GTPDP,ok,0.7999999999999545
25958,1918.0,1918.5,2025-07-15 08:08:06,2025-07-15 08:08:37,28032.0,28033.0,GTPDP,GTERI,ok,0.5
25959,1918.5,1919.8,2025-07-15 08:08:37,2025-07-15 08:09:46,28033.0,28034.0,GTERI,GTERI,ok,1.2999999999999545
25961,1919.8,1922.6,2025-07-15 08:09:46,2025-07-15 08:11:37,28034.0,28036.0,GTERI,GTERI,ok,2.7999999999999545
25962,1922.6,1923.3,2025-07-15 08:11:37,2025-07-15 08:11:59,28036.0,28037.0,GTERI,GTERI,ok,0.7000000000000455
25963,1923.3,1925.1,2025-07-15 08:11:59,2025-07-15 08:13:05,28037.0,28038.0,GTERI,GTPDP,ok,1.7999999999999545
25967,1925.1,1925.7,2025-07-15 08:13:05,2025-07-15 08:13:26,28038.0,28040.0,GTPDP,GTERI,ok,0.6000000000001364
25968,1925.7,1925.9,2025-07-15 08:13:26,2025-07-15 08:13:33,28040.0,28041.0,GTERI,GTERI,ok,0.20000000000004547
25966,1925.9,1926.0,2025-07-15 08:13:33,2025-07-15 08:13:40,28041.0,28042.0,GTERI,GTPDP,ok,0.09999999999990905
25969,1926.0,1926.5,2025-07-15 08:13:40,2025-07-15 08:13:57,28042.0,28043.0,GTPDP,GTERI,ok,0.5
25970,1926.5,1927.6,2025-07-15 08:13:57,2025-07-15 08:14:37,28043.0,28044.0,GTERI,GTERI,ok,1.099999999999909
25971,1927.6,1928.5,2025-07-15 08:14:37,2025-07-15 08:15:08,28044.0,28045.0,GTERI,GTERI,ok,0.900000000000091
25973,1928.5,1932.7,2025-07-15 08:15:08,2025-07-15 08:17:37,28045.0,28048.0,GTERI,GTERI,ok,4.2000000000000455
25974,1932.7,1933.8,2025-07-15 08:17:37,2025-07-15 08:18:26,28048.0,28050.0,GTERI,GTERI,ok,1.099999999999909
25977,1933.8,1934.1,2025-07-15 08:18:26,2025-07-15 08:18:40,28050.0,28051.0,GTERI,GTERI,ok,0.2999999999999545
25976,1934.1,1934.1,2025-07-15 08:18:40,2025-07-15 08:18:42,28051.0,28052.0,GTERI,GTPDP,ok,0.0
25978,1934.1,1934.7,2025-07-15 08:18:42,2025-07-15 08:19:03,28052.0,28053.0,GTPDP,GTERI,ok,0.6000000000001364
25981,1934.7,1936.7,2025-07-15 08:19:03,2025-07-15 08:20:38,28053.0,28055.0,GTERI,GTERI,ok,2.0
25982,1936.7,1937.3,2025-07-15 08:20:38,2025-07-15 08:21:06,28055.0,28056.0,GTERI,GTERI,ok,0.599999999999909
25980,1937.3,1937.4,2025-07-15 08:21:06,2025-07-15 08:21:08,28056.0,28058.0,GTERI,GTPDP,ok,0.10000000000013642
25983,1937.4,1940.5,2025-07-15 08:21:08,2025-07-15 08:23:38,28058.0,28059.0,GTPDP,GTERI,ok,3.099999999999909
25984,1940.5,1940.5,2025-07-15 08:23:38,2025-07-15 08:23:40,28059.0,28060.0,GTERI,GTERI,ok,0.0
25985,1940.5,1940.5,2025-07-15 08:23:40,2025-07-15 08:23:42,28060.0,28061.0,GTERI,GTERI,ok,0.0
25986,1940.5,1940.5,2025-07-15 08:23:42,2025-07-15 08:23:44,28061.0,28062.0,GTERI,GTERI,ok,0.0
25988,1940.5,1941.0,2025-07-15 08:23:44,2025-07-15 08:24:47,28062.0,28064.0,GTERI,GTERI,ok,0.5
25989,1941.0,1941.0,2025-07-15 08:24:47,2025-07-15 08:24:49,28064.0,28065.0,GTERI,GTERI,ok,0.0
25990,1941.0,1941.0,2025-07-15 08:24:49,2025-07-15 08:24:51,28065.0,28066.0,GTERI,GTERI,ok,0.0
25991,1941.0,1941.0,2025-07-15 08:24:51,2025-07-15 08:24:53,28066.0,28067.0,GTERI,GTERI,ok,0.0
25992,1941.0,1941.1,2025-07-15 08:24:53,2025-07-15 08:25:01,28067.0,28068.0,GTERI,GTERI,ok,0.09999999999990905
25993,1941.1,1941.1,2025-07-15 08:25:01,2025-07-15 08:25:06,28068.0,28069.0,GTERI,GTERI,ok,0.0
25994,1941.1,1941.1,2025-07-15 08:25:06,2025-07-15 08:25:08,28069.0,28070.0,GTERI,GTERI,ok,0.0
25995,1941.1,1941.1,2025-07-15 08:25:08,2025-07-15 08:25:14,28070.0,28071.0,GTERI,GTIGF,ok,0.0
25996,1941.1,1941.1,2025-07-15 08:25:14,2025-07-15 08:25:14,28071.0,28072.0,GTIGF,GTSTT,ok,0.0
25997,1941.1,1941.1,2025-07-15 08:25:14,2025-07-15 08:25:14,28072.0,28073.0,GTSTT,GTERI,ok,0.0
25998,1941.1,1941.1,2025-07-15 08:25:14,2025-07-15 08:25:14,28073.0,28074.0,GTERI,GTIGL,ok,0.0
25999,1941.1,1941.1,2025-07-15 08:25:14,2025-07-15 08:25:15,28074.0,28075.0,GTIGL,GTSTC,ok,0.0
26001,1941.1,1941.1,2025-07-15 08:25:15,2025-07-15 08:26:09,28075.0,28077.0,GTSTC,GTSTT,ok,0.0
26015,1941.1,1941.1,2025-07-15 08:26:09,2025-07-15 08:52:18,28077.0,28091.0,GTSTT,GTIGN,ok,0.0
26016,1941.1,1941.1,2025-07-15 08:52:18,2025-07-15 08:52:18,28091.0,28092.0,GTIGN,GTSTT,ok,0.0
26017,1941.1,1941.1,2025-07-15 08:52:18,2025-07-15 08:52:25,28092.0,28093.0,GTSTT,GTERI,ok,0.0
26018,1941.1,1941.1,2025-07-15 08:52:25,2025-07-15 08:52:25,28093.0,28094.0,GTERI,GTIGL,ok,0.0
26019,1941.1,1941.1,2025-07-15 08:52:25,2025-07-15 08:52:27,28094.0,28095.0,GTIGL,GTERI,ok,0.0
26020,1941.1,1941.1,2025-07-15 08:52:27,2025-07-15 08:52:29,28095.0,28096.0,GTERI,GTERI,ok,0.0
26021,1941.1,1941.1,2025-07-15 08:52:29,2025-07-15 08:52:37,28096.0,28097.0,GTERI,GTERI,ok,0.0
26022,1941.1,1941.1,2025-07-15 08:52:37,2025-07-15 08:52:39,28097.0,28098.0,GTERI,GTERI,ok,0.0
26023,1941.1,1941.1,2025-07-15 08:52:39,2025-07-15 08:52:41,28098.0,28099.0,GTERI,GTERI,ok,0.0
26024,1941.1,1941.1,2025-07-15 08:52:41,2025-07-15 08:52:43,28099.0,28100.0,GTERI,GTERI,ok,0.0
26025,1941.1,1941.1,2025-07-15 08:52:43,2025-07-15 08:52:54,28100.0,28101.0,GTERI,GTERI,ok,0.0
26027,1941.1,1941.1,2025-07-15 08:52:54,2025-07-15 08:54:14,28101.0,28103.0,GTERI,GTERI,ok,0.0
26028,1941.1,1941.6,2025-07-15 08:54:14,2025-07-15 08:55:05,28103.0,28104.0,GTERI,GTERI,ok,0.5
26029,1941.6,1941.7,2025-07-15 08:55:05,2025-07-15 08:55:08,28104.0,28105.0,GTERI,GTERI,ok,0.10000000000013642
26030,1941.7,1941.7,2025-07-15 08:55:08,2025-07-15 08:55:15,28105.0,28106.0,GTERI,GTERI,ok,0.0
26031,1941.7,1941.8,2025-07-15 08:55:15,2025-07-15 08:55:19,28106.0,28107.0,GTERI,GTBTC,ok,0.09999999999990905
26032,1941.8,1941.8,2025-07-15 08:55:19,2025-07-15 08:55:25,28107.0,28108.0,GTBTC,GTERI,ok,0.0
26034,1941.8,1942.6,2025-07-15 08:55:25,2025-07-15 08:56:55,28108.0,28110.0,GTERI,GTERI,ok,0.7999999999999545
26035,1942.6,1942.6,2025-07-15 08:56:55,2025-07-15 08:56:57,28110.0,28111.0,GTERI,GTERI,ok,0.0
26036,1942.6,1942.6,2025-07-15 08:56:57,2025-07-15 08:56:59,28111.0,28112.0,GTERI,GTERI,ok,0.0
26037,1942.6,1942.6,2025-07-15 08:56:59,2025-07-15 08:57:08,28112.0,28113.0,GTERI,GTERI,ok,0.0
26038,1942.6,1942.6,2025-07-15 08:57:08,2025-07-15 08:57:10,28113.0,28114.0,GTERI,GTERI,ok,0.0
26039,1942.6,1942.7,2025-07-15 08:57:10,2025-07-15 08:57:19,28114.0,28115.0,GTERI,GTERI,ok,0.10000000000013642
26040,1942.7,1942.7,2025-07-15 08:57:19,2025-07-15 08:57:22,28115.0,28116.0,GTERI,GTERI,ok,0.0
26041,1942.7,1942.7,2025-07-15 08:57:22,2025-07-15 08:57:24,28116.0,28117.0,GTERI,GTERI,ok,0.0
26042,1942.7,1942.7,2025-07-15 08:57:24,2025-07-15 08:57:29,28117.0,28118.0,GTERI,GTIGF,ok,0.0
26043,1942.7,1942.7,2025-07-15 08:57:29,2025-07-15 08:57:29,28118.0,28119.0,GTIGF,GTSTT,ok,0.0
26044,1942.7,1942.7,2025-07-15 08:57:29,2025-07-15 08:57:29,28119.0,28120.0,GTSTT,GTERI,ok,0.0
26045,1942.7,1942.7,2025-07-15 08:57:29,2025-07-15 08:57:29,28120.0,28121.0,GTERI,GTIGL,ok,0.0
26046,1942.7,1942.7,2025-07-15 08:57:29,2025-07-15 08:57:29,28121.0,28122.0,GTIGL,GTSTC,ok,0.0
26048,1942.7,1942.7,2025-07-15 08:57:29,2025-07-15 08:58:15,28122.0,28124.0,GTSTC,GTSTT,ok,0.0
26050,1942.7,1942.7,2025-07-15 08:58:15,2025-07-15 09:01:54,28124.0,28126.0,GTSTT,GTSTT,ok,0.0
26052,1942.7,1942.7,2025-07-15 09:01:54,2025-07-15 09:02:33,28126.0,28128.0,GTSTT,GTIGN,ok,0.0
26053,1942.7,1942.7,2025-07-15 09:02:33,2025-07-15 09:02:33,28128.0,28129.0,GTIGN,GTSTT,ok,0.0
26054,1942.7,1942.7,2025-07-15 09:02:33,2025-07-15 09:02:40,28129.0,28130.0,GTSTT,GTERI,ok,0.0
26055,1942.7,1942.7,2025-07-15 09:02:40,2025-07-15 09:02:40,28130.0,28131.0,GTERI,GTIGL,ok,0.0
26056,1942.7,1942.7,2025-07-15 09:02:40,2025-07-15 09:02:41,28131.0,28132.0,GTIGL,GTERI,ok,0.0
26057,1942.7,1942.7,2025-07-15 09:02:41,2025-07-15 09:02:42,28132.0,28133.0,GTERI,GTERI,ok,0.0
26058,1942.7,1942.7,2025-07-15 09:02:42,2025-07-15 09:02:44,28133.0,28134.0,GTERI,GTERI,ok,0.0
26059,1942.7,1942.7,2025-07-15 09:02:44,2025-07-15 09:02:46,28134.0,28135.0,GTERI,GTIGF,ok,0.0
26060,1942.7,1942.7,2025-07-15 09:02:46,2025-07-15 09:02:46,28135.0,28136.0,GTIGF,GTSTT,ok,0.0
26061,1942.7,1942.7,2025-07-15 09:02:46,2025-07-15 09:02:47,28136.0,28137.0,GTSTT,GTERI,ok,0.0
26062,1942.7,1942.7,2025-07-15 09:02:47,2025-07-15 09:02:47,28137.0,28138.0,GTERI,GTIGL,ok,0.0
26063,1942.7,1942.7,2025-07-15 09:02:47,2025-07-15 09:03:21,28138.0,28139.0,GTIGL,GTSTT,ok,0.0
26067,1942.7,1942.7,2025-07-15 09:03:21,2025-07-15 09:08:27,28139.0,28143.0,GTSTT,GTIGN,ok,0.0
26068,1942.7,1942.7,2025-07-15 09:08:27,2025-07-15 09:08:27,28143.0,28144.0,GTIGN,GTSTT,ok,0.0
26069,1942.7,1942.7,2025-07-15 09:08:27,2025-07-15 09:08:34,28144.0,28145.0,GTSTT,GTERI,ok,0.0
26070,1942.7,1942.7,2025-07-15 09:08:34,2025-07-15 09:08:34,28145.0,28146.0,GTERI,GTIGL,ok,0.0
26071,1942.7,1942.7,2025-07-15 09:08:34,2025-07-15 09:08:55,28146.0,28147.0,GTIGL,GTERI,ok,0.0
26072,1942.7,1942.7,2025-07-15 09:08:55,2025-07-15 09:08:58,28147.0,28148.0,GTERI,GTERI,ok,0.0
26073,1942.7,1942.9,2025-07-15 09:08:58,2025-07-15 09:09:58,28148.0,28149.0,GTERI,GTERI,ok,0.20000000000004547
26074,1942.9,1942.9,2025-07-15 09:09:58,2025-07-15 09:10:01,28149.0,28150.0,GTERI,GTERI,ok,0.0
26076,1942.9,1943.3,2025-07-15 09:10:01,2025-07-15 09:11:16,28150.0,28152.0,GTERI,GTERI,ok,0.3999999999998636
26077,1943.3,1943.3,2025-07-15 09:11:16,2025-07-15 09:11:18,28152.0,28153.0,GTERI,GTERI,ok,0.0
26078,1943.3,1943.4,2025-07-15 09:11:18,2025-07-15 09:11:29,28153.0,28154.0,GTERI,GTERI,ok,0.10000000000013642
26079,1943.4,1943.4,2025-07-15 09:11:29,2025-07-15 09:11:29,28154.0,28155.0,GTERI,GTBTC,ok,0.0
26080,1943.4,1943.4,2025-07-15 09:11:29,2025-07-15 09:11:32,28155.0,28156.0,GTBTC,GTERI,ok,0.0
26082,1943.4,1943.8,2025-07-15 09:11:32,2025-07-15 09:12:15,28156.0,28158.0,GTERI,GTERI,ok,0.3999999999998636
26083,1943.8,1944.5,2025-07-15 09:12:15,2025-07-15 09:13:11,28158.0,28159.0,GTERI,GTERI,ok,0.7000000000000455
26084,1944.5,1944.6,2025-07-15 09:13:11,2025-07-15 09:13:29,28159.0,28160.0,GTERI,GTERI,ok,0.09999999999990905
26086,1944.6,1945.0,2025-07-15 09:13:29,2025-07-15 09:14:11,28160.0,28162.0,GTERI,GTERI,ok,0.40000000000009095
26087,1945.0,1945.0,2025-07-15 09:14:11,2025-07-15 09:14:14,28162.0,28163.0,GTERI,GTERI,ok,0.0
26088,1945.0,1945.0,2025-07-15 09:14:14,2025-07-15 09:14:18,28163.0,28164.0,GTERI,GTERI,ok,0.0
26089,1945.0,1945.0,2025-07-15 09:14:18,2025-07-15 09:14:19,28164.0,28165.0,GTERI,GTERI,ok,0.0
26090,1945.0,1945.0,2025-07-15 09:14:19,2025-07-15 09:14:21,28165.0,28166.0,GTERI,GTERI,ok,0.0
26091,1945.0,1945.0,2025-07-15 09:14:21,2025-07-15 09:14:21,28166.0,28166.0,GTERI,GTERI,ok,0.0
26092,1945.0,1945.0,2025-07-15 09:14:21,2025-07-15 09:14:24,28166.0,28167.0,GTERI,GTERI,ok,0.0
26093,1945.0,1945.0,2025-07-15 09:14:24,2025-07-15 09:14:30,28167.0,28168.0,GTERI,GTIGF,ok,0.0
26094,1945.0,1945.0,2025-07-15 09:14:30,2025-07-15 09:14:30,28168.0,28169.0,GTIGF,GTSTT,ok,0.0
26095,1945.0,1945.0,2025-07-15 09:14:30,2025-07-15 09:14:30,28169.0,28170.0,GTSTT,GTERI,ok,0.0
26096,1945.0,1945.0,2025-07-15 09:14:30,2025-07-15 09:14:30,28170.0,28171.0,GTERI,GTIGL,ok,0.0
26097,1945.0,1945.0,2025-07-15 09:14:30,2025-07-15 09:14:31,28171.0,28172.0,GTIGL,GTSTC,ok,0.0
26099,1945.0,1945.0,2025-07-15 09:14:31,2025-07-15 09:16:16,28172.0,28174.0,GTSTC,GTSTT,ok,0.0
26100,1945.0,1945.0,2025-07-15 09:16:16,2025-07-15 09:17:33,28174.0,28175.0,GTSTT,GTIGN,ok,0.0
26101,1945.0,1945.0,2025-07-15 09:17:33,2025-07-15 09:17:33,28175.0,28176.0,GTIGN,GTSTT,ok,0.0
26102,1945.0,1945.0,2025-07-15 09:17:33,2025-07-15 09:17:34,28176.0,28177.0,GTSTT,GTIGL,ok,0.0
26103,1945.0,1945.0,2025-07-15 09:17:34,2025-07-15 09:17:38,28177.0,28178.0,GTIGL,GTERI,ok,0.0
26104,1945.0,1945.0,2025-07-15 09:17:38,2025-07-15 09:17:41,28178.0,28179.0,GTERI,GTERI,ok,0.0
26105,1945.0,1945.0,2025-07-15 09:17:41,2025-07-15 09:17:45,28179.0,28180.0,GTERI,GTERI,ok,0.0
26106,1945.0,1945.0,2025-07-15 09:17:45,2025-07-15 09:17:47,28180.0,28181.0,GTERI,GTERI,ok,0.0
26107,1945.0,1945.1,2025-07-15 09:17:47,2025-07-15 09:18:01,28181.0,28182.0,GTERI,GTERI,ok,0.09999999999990905
26108,1945.1,1945.1,2025-07-15 09:18:01,2025-07-15 09:18:02,28182.0,28183.0,GTERI,GTERI,ok,0.0
26109,1945.1,1945.1,2025-07-15 09:18:02,2025-07-15 09:18:04,28183.0,28184.0,GTERI,GTERI,ok,0.0
26111,1945.1,1945.6,2025-07-15 09:18:04,2025-07-15 09:18:48,28184.0,28186.0,GTERI,GTERI,ok,0.5
26112,1945.6,1945.6,2025-07-15 09:18:48,2025-07-15 09:18:55,28186.0,28187.0,GTERI,GTERI,ok,0.0
26114,1945.6,1946.1,2025-07-15 09:18:55,2025-07-15 09:20:35,28187.0,28189.0,GTERI,GTBTC,ok,0.5
26115,1946.1,1946.1,2025-07-15 09:20:35,2025-07-15 09:20:41,28189.0,28190.0,GTBTC,GTERI,ok,0.0
26116,1946.1,1946.1,2025-07-15 09:20:41,2025-07-15 09:21:07,28190.0,28191.0,GTERI,GTERI,ok,0.0
26117,1946.1,1946.2,2025-07-15 09:21:07,2025-07-15 09:21:09,28191.0,28192.0,GTERI,GTERI,ok,0.10000000000013642
26118,1946.2,1946.2,2025-07-15 09:21:09,2025-07-15 09:21:10,28192.0,28193.0,GTERI,GTERI,ok,0.0
26119,1946.2,1946.2,2025-07-15 09:21:10,2025-07-15 09:21:12,28193.0,28194.0,GTERI,GTERI,ok,0.0
26120,1946.2,1946.2,2025-07-15 09:21:12,2025-07-15 09:21:20,28194.0,28195.0,GTERI,GTERI,ok,0.0
26121,1946.2,1946.2,2025-07-15 09:21:20,2025-07-15 09:21:24,28195.0,28196.0,GTERI,GTERI,ok,0.0
26122,1946.2,1946.2,2025-07-15 09:21:24,2025-07-15 09:21:25,28196.0,28197.0,GTERI,GTERI,ok,0.0
26123,1946.2,1946.2,2025-07-15 09:21:25,2025-07-15 09:21:26,28197.0,28198.0,GTERI,GTERI,ok,0.0
26124,1946.2,1946.2,2025-07-15 09:21:26,2025-07-15 09:21:29,28198.0,28199.0,GTERI,GTIGF,ok,0.0
26125,1946.2,1946.2,2025-07-15 09:21:29,2025-07-15 09:21:29,28199.0,28200.0,GTIGF,GTSTT,ok,0.0
26126,1946.2,1946.2,2025-07-15 09:21:29,2025-07-15 09:21:30,28200.0,28201.0,GTSTT,GTERI,ok,0.0
26127,1946.2,1946.2,2025-07-15 09:21:30,2025-07-15 09:21:30,28201.0,28202.0,GTERI,GTIGL,ok,0.0
26128,1946.2,1946.2,2025-07-15 09:21:30,2025-07-15 09:21:31,28202.0,28203.0,GTIGL,GTSTC,ok,0.0
26130,1946.2,1946.2,2025-07-15 09:21:31,2025-07-15 09:22:44,28203.0,28205.0,GTSTC,GTSTT,ok,0.0
26161,1946.2,1946.2,2025-07-15 09:22:44,2025-07-15 10:21:24,28205.0,28235.0,GTSTT,GTERI,ok,0.0
26192,1946.2,1946.2,2025-07-15 10:21:24,2025-07-15 11:21:24,28235.0,28266.0,GTERI,GTERI,ok,0.0
26212,1946.2,1946.2,2025-07-15 11:21:24,2025-07-15 11:59:52,28266.0,28286.0,GTERI,GTIGN,ok,0.0
26213,1946.2,1946.2,2025-07-15 11:59:52,2025-07-15 11:59:52,28286.0,28287.0,GTIGN,GTSTT,ok,0.0
26214,1946.2,1946.2,2025-07-15 11:59:52,2025-07-15 12:00:00,28287.0,28288.0,GTSTT,GTERI,ok,0.0
26215,1946.2,1946.2,2025-07-15 12:00:00,2025-07-15 12:00:00,28288.0,28289.0,GTERI,GTIGL,ok,0.0
26216,1946.2,1946.2,2025-07-15 12:00:00,2025-07-15 12:00:04,28289.0,28290.0,GTIGL,GTERI,ok,0.0
26217,1946.2,1946.2,2025-07-15 12:00:04,2025-07-15 12:00:06,28290.0,28291.0,GTERI,GTERI,ok,0.0
26218,1946.2,1946.2,2025-07-15 12:00:06,2025-07-15 12:00:08,28291.0,28292.0,GTERI,GTERI,ok,0.0
26219,1946.2,1946.2,2025-07-15 12:00:08,2025-07-15 12:00:10,28292.0,28293.0,GTERI,GTERI,ok,0.0
26221,1946.2,1946.8,2025-07-15 12:00:10,2025-07-15 12:01:38,28293.0,28295.0,GTERI,GTERI,ok,0.599999999999909
26222,1946.8,1946.8,2025-07-15 12:01:38,2025-07-15 12:01:40,28295.0,28296.0,GTERI,GTERI,ok,0.0
26223,1946.8,1947.0,2025-07-15 12:01:40,2025-07-15 12:02:04,28296.0,28297.0,GTERI,GTERI,ok,0.20000000000004547
26225,1947.0,1947.1,2025-07-15 12:02:04,2025-07-15 12:02:23,28297.0,28299.0,GTERI,GTERI,ok,0.09999999999990905
26226,1947.1,1947.1,2025-07-15 12:02:23,2025-07-15 12:02:35,28299.0,28300.0,GTERI,GTERI,ok,0.0
26227,1947.1,1947.2,2025-07-15 12:02:35,2025-07-15 12:02:53,28300.0,28301.0,GTERI,GTBTC,ok,0.10000000000013642
26228,1947.2,1947.3,2025-07-15 12:02:53,2025-07-15 12:02:55,28301.0,28302.0,GTBTC,GTERI,ok,0.09999999999990905
26229,1947.3,1947.3,2025-07-15 12:02:55,2025-07-15 12:02:57,28302.0,28303.0,GTERI,GTERI,ok,0.0
26230,1947.3,1947.3,2025-07-15 12:02:57,2025-07-15 12:03:00,28303.0,28304.0,GTERI,GTERI,ok,0.0
26232,1947.3,1947.7,2025-07-15 12:03:00,2025-07-15 12:04:24,28304.0,28306.0,GTERI,GTERI,ok,0.40000000000009095
26233,1947.7,1947.8,2025-07-15 12:04:24,2025-07-15 12:04:42,28306.0,28307.0,GTERI,GTERI,ok,0.09999999999990905
26234,1947.8,1947.8,2025-07-15 12:04:42,2025-07-15 12:05:21,28307.0,28308.0,GTERI,GTSTT,ok,0.0
26235,1947.8,1947.8,2025-07-15 12:05:21,2025-07-15 12:05:39,28308.0,28309.0,GTSTT,GTSTT,ok,0.0
26236,1947.8,1947.8,2025-07-15 12:05:39,2025-07-15 12:05:40,28309.0,28310.0,GTSTT,GTIGF,ok,0.0
26237,1947.8,1947.8,2025-07-15 12:05:40,2025-07-15 12:05:40,28310.0,28311.0,GTIGF,GTSTT,ok,0.0
26238,1947.8,1947.8,2025-07-15 12:05:40,2025-07-15 12:05:40,28311.0,28312.0,GTSTT,GTERI,ok,0.0
26239,1947.8,1947.8,2025-07-15 12:05:40,2025-07-15 12:05:40,28312.0,28313.0,GTERI,GTIGL,ok,0.0
26240,1947.8,1947.8,2025-07-15 12:05:40,2025-07-15 12:05:41,28313.0,28314.0,GTIGL,GTSTC,ok,0.0
26242,1947.8,1947.8,2025-07-15 12:05:41,2025-07-15 12:06:41,28314.0,28316.0,GTSTC,GTSTT,ok,0.0
26274,1947.8,1947.8,2025-07-15 12:06:41,2025-07-15 12:57:35,28316.0,28342.0,GTSTT,GTIGN,ok,0.0
26275,1947.8,1947.8,2025-07-15 12:57:35,2025-07-15 12:57:35,28342.0,28343.0,GTIGN,GTSTT,ok,0.0
26276,1947.8,1947.8,2025-07-15 12:57:35,2025-07-15 12:57:43,28343.0,28344.0,GTSTT,GTERI,ok,0.0
26277,1947.8,1947.8,2025-07-15 12:57:43,2025-07-15 12:57:43,28344.0,28345.0,GTERI,GTIGL,ok,0.0
26278,1947.8,1947.9,2025-07-15 12:57:43,2025-07-15 12:57:54,28345.0,28346.0,GTIGL,GTERI,ok,0.10000000000013642
26279,1947.9,1947.9,2025-07-15 12:57:54,2025-07-15 12:57:56,28346.0,28347.0,GTERI,GTERI,ok,0.0
26280,1947.9,1947.9,2025-07-15 12:57:56,2025-07-15 12:58:02,28347.0,28348.0,GTERI,GTERI,ok,0.0
26281,1947.9,1947.9,2025-07-15 12:58:02,2025-07-15 12:58:09,28348.0,28349.0,GTERI,GTERI,ok,0.0
26282,1947.9,1948.0,2025-07-15 12:58:09,2025-07-15 12:58:12,28349.0,28350.0,GTERI,GTERI,ok,0.09999999999990905
26284,1948.0,1948.1,2025-07-15 12:58:12,2025-07-15 12:58:46,28350.0,28352.0,GTERI,GTERI,ok,0.09999999999990905
26285,1948.1,1948.2,2025-07-15 12:58:46,2025-07-15 12:58:48,28352.0,28353.0,GTERI,GTERI,ok,0.10000000000013642
26286,1948.2,1948.3,2025-07-15 12:58:48,2025-07-15 12:59:57,28353.0,28354.0,GTERI,GTSTT,ok,0.09999999999990905
26287,1948.3,1948.3,2025-07-15 12:59:57,2025-07-15 13:00:14,28354.0,28355.0,GTSTT,GTSTT,ok,0.0
26289,1948.3,1948.3,2025-07-15 13:00:14,2025-07-15 13:00:35,28355.0,28357.0,GTSTT,GTBTC,ok,0.0
26290,1948.3,1948.3,2025-07-15 13:00:35,2025-07-15 13:00:41,28357.0,28358.0,GTBTC,GTERI,ok,0.0
26291,1948.3,1948.5,2025-07-15 13:00:41,2025-07-15 13:02:22,28358.0,28359.0,GTERI,GTERI,ok,0.20000000000004547
26292,1948.5,1948.6,2025-07-15 13:02:22,2025-07-15 13:02:24,28359.0,28360.0,GTERI,GTERI,ok,0.09999999999990905
26294,1948.6,1948.6,2025-07-15 13:02:24,2025-07-15 13:02:44,28360.0,28362.0,GTERI,GTERI,ok,0.0
26295,1948.6,1948.6,2025-07-15 13:02:44,2025-07-15 13:02:47,28362.0,28363.0,GTERI,GTERI,ok,0.0
26296,1948.6,1948.7,2025-07-15 13:02:47,2025-07-15 13:02:58,28363.0,28364.0,GTERI,GTERI,ok,0.10000000000013642
26297,1948.7,1948.7,2025-07-15 13:02:58,2025-07-15 13:03:00,28364.0,28365.0,GTERI,GTERI,ok,0.0
26298,1948.7,1948.8,2025-07-15 13:03:00,2025-07-15 13:03:18,28365.0,28366.0,GTERI,GTERI,ok,0.09999999999990905
26299,1948.8,1948.8,2025-07-15 13:03:18,2025-07-15 13:03:20,28366.0,28367.0,GTERI,GTERI,ok,0.0
26300,1948.8,1948.9,2025-07-15 13:03:20,2025-07-15 13:03:41,28367.0,28368.0,GTERI,GTERI,ok,0.10000000000013642
26301,1948.9,1949.0,2025-07-15 13:03:41,2025-07-15 13:03:45,28368.0,28369.0,GTERI,GTERI,ok,0.09999999999990905
26302,1949.0,1949.0,2025-07-15 13:03:45,2025-07-15 13:03:47,28369.0,28370.0,GTERI,GTERI,ok,0.0
26304,1949.0,1949.6,2025-07-15 13:03:47,2025-07-15 13:05:35,28370.0,28372.0,GTERI,GTERI,ok,0.599999999999909
26305,1949.6,1949.6,2025-07-15 13:05:35,2025-07-15 13:05:38,28372.0,28373.0,GTERI,GTERI,ok,0.0
26306,1949.6,1949.6,2025-07-15 13:05:38,2025-07-15 13:05:39,28373.0,28374.0,GTERI,GTERI,ok,0.0
26307,1949.6,1949.6,2025-07-15 13:05:39,2025-07-15 13:05:49,28374.0,28375.0,GTERI,GTERI,ok,0.0
26308,1949.6,1949.6,2025-07-15 13:05:49,2025-07-15 13:05:54,28375.0,28376.0,GTERI,GTERI,ok,0.0
26309,1949.6,1949.6,2025-07-15 13:05:54,2025-07-15 13:05:57,28376.0,28377.0,GTERI,GTERI,ok,0.0
26310,1949.6,1949.6,2025-07-15 13:05:57,2025-07-15 13:06:06,28377.0,28378.0,GTERI,GTERI,ok,0.0
26311,1949.6,1949.6,2025-07-15 13:06:06,2025-07-15 13:06:10,28378.0,28379.0,GTERI,GTERI,ok,0.0
26312,1949.6,1949.6,2025-07-15 13:06:10,2025-07-15 13:06:17,28379.0,28380.0,GTERI,GTIGF,ok,0.0
26313,1949.6,1949.6,2025-07-15 13:06:17,2025-07-15 13:06:17,28380.0,28381.0,GTIGF,GTSTT,ok,0.0
26314,1949.6,1949.6,2025-07-15 13:06:17,2025-07-15 13:06:18,28381.0,28382.0,GTSTT,GTERI,ok,0.0
26315,1949.6,1949.6,2025-07-15 13:06:18,2025-07-15 13:06:18,28382.0,28383.0,GTERI,GTIGL,ok,0.0
26316,1949.6,1949.6,2025-07-15 13:06:18,2025-07-15 13:06:19,28383.0,28384.0,GTIGL,GTSTC,ok,0.0
26317,1949.6,1949.6,2025-07-15 13:06:19,2025-07-15 13:06:27,28384.0,28385.0,GTSTC,GTIGN,ok,0.0
26318,1949.6,1949.6,2025-07-15 13:06:27,2025-07-15 13:06:27,28385.0,28386.0,GTIGN,GTSTT,ok,0.0
26319,1949.6,1949.6,2025-07-15 13:06:27,2025-07-15 13:06:28,28386.0,28387.0,GTSTT,GTIGL,ok,0.0
26320,1949.6,1949.6,2025-07-15 13:06:28,2025-07-15 13:06:32,28387.0,28388.0,GTIGL,GTIGF,ok,0.0
26321,1949.6,1949.6,2025-07-15 13:06:32,2025-07-15 13:06:32,28388.0,28389.0,GTIGF,GTSTT,ok,0.0
26322,1949.6,1949.6,2025-07-15 13:06:32,2025-07-15 13:06:32,28389.0,28390.0,GTSTT,GTERI,ok,0.0
26323,1949.6,1949.6,2025-07-15 13:06:32,2025-07-15 13:06:32,28390.0,28391.0,GTERI,GTIGL,ok,0.0
26325,1949.6,1949.6,2025-07-15 13:06:32,2025-07-15 13:07:35,28391.0,28393.0,GTIGL,GTSTT,ok,0.0
26355,1949.6,1949.6,2025-07-15 13:07:35,2025-07-15 14:06:27,28393.0,28423.0,GTSTT,GTERI,ok,0.0
26386,1949.6,1949.6,2025-07-15 14:06:27,2025-07-15 15:06:27,28423.0,28454.0,GTERI,GTERI,ok,0.0
26417,1949.6,1949.6,2025-07-15 15:06:27,2025-07-15 16:06:27,28454.0,28485.0,GTERI,GTERI,ok,0.0
26448,1949.6,1949.6,2025-07-15 16:06:27,2025-07-15 17:06:27,28485.0,28516.0,GTERI,GTERI,ok,0.0
26474,1949.6,1949.6,2025-07-15 17:06:27,2025-07-15 17:55:49,28516.0,28542.0,GTERI,GTIGN,ok,0.0
26475,1949.6,1949.6,2025-07-15 17:55:49,2025-07-15 17:55:49,28542.0,28543.0,GTIGN,GTSTT,ok,0.0
26476,1949.6,1949.6,2025-07-15 17:55:49,2025-07-15 17:56:02,28543.0,28544.0,GTSTT,GTERI,ok,0.0
26477,1949.6,1949.6,2025-07-15 17:56:02,2025-07-15 17:56:02,28544.0,28545.0,GTERI,GTIGL,ok,0.0
26478,1949.6,1949.6,2025-07-15 17:56:02,2025-07-15 17:56:07,28545.0,28546.0,GTIGL,GTERI,ok,0.0
26479,1949.6,1949.6,2025-07-15 17:56:07,2025-07-15 17:56:10,28546.0,28547.0,GTERI,GTERI,ok,0.0
26480,1949.6,1949.6,2025-07-15 17:56:10,2025-07-15 17:56:12,28547.0,28548.0,GTERI,GTERI,ok,0.0
26481,1949.6,1949.6,2025-07-15 17:56:12,2025-07-15 17:56:15,28548.0,28549.0,GTERI,GTERI,ok,0.0
26483,1949.6,1950.3,2025-07-15 17:56:15,2025-07-15 17:57:45,28549.0,28551.0,GTERI,GTERI,ok,0.7000000000000455
26484,1950.3,1950.3,2025-07-15 17:57:45,2025-07-15 17:57:48,28551.0,28552.0,GTERI,GTERI,ok,0.0
26485,1950.3,1950.4,2025-07-15 17:57:48,2025-07-15 17:58:14,28552.0,28553.0,GTERI,GTERI,ok,0.10000000000013642
26486,1950.4,1950.5,2025-07-15 17:58:14,2025-07-15 17:58:39,28553.0,28554.0,GTERI,GTERI,ok,0.09999999999990905
26487,1950.5,1950.5,2025-07-15 17:58:39,2025-07-15 17:58:48,28554.0,28555.0,GTERI,GTERI,ok,0.0
26488,1950.5,1950.5,2025-07-15 17:58:48,2025-07-15 17:58:49,28555.0,28556.0,GTERI,GTBTC,ok,0.0
26490,1950.5,1950.5,2025-07-15 17:58:49,2025-07-15 17:58:50,28556.0,28558.0,GTBTC,GTERI,ok,0.0
26491,1950.5,1950.5,2025-07-15 17:58:50,2025-07-15 17:58:58,28558.0,28559.0,GTERI,GTERI,ok,0.0
26492,1950.5,1950.6,2025-07-15 17:58:58,2025-07-15 17:59:07,28559.0,28560.0,GTERI,GTERI,ok,0.09999999999990905
26493,1950.6,1950.6,2025-07-15 17:59:07,2025-07-15 17:59:08,28560.0,28561.0,GTERI,GTERI,ok,0.0
26494,1950.6,1950.7,2025-07-15 17:59:08,2025-07-15 17:59:53,28561.0,28562.0,GTERI,GTERI,ok,0.10000000000013642
26495,1950.7,1950.7,2025-07-15 17:59:53,2025-07-15 17:59:56,28562.0,28563.0,GTERI,GTERI,ok,0.0
26496,1950.7,1950.9,2025-07-15 17:59:56,2025-07-15 18:00:37,28563.0,28564.0,GTERI,GTERI,ok,0.20000000000004547
26497,1950.9,1950.9,2025-07-15 18:00:37,2025-07-15 18:00:39,28564.0,28565.0,GTERI,GTERI,ok,0.0
26499,1950.9,1950.9,2025-07-15 18:00:39,2025-07-15 18:01:43,28565.0,28567.0,GTERI,GTERI,ok,0.0
26500,1950.9,1950.9,2025-07-15 18:01:43,2025-07-15 18:01:45,28567.0,28568.0,GTERI,GTERI,ok,0.0
26501,1950.9,1950.9,2025-07-15 18:01:45,2025-07-15 18:01:46,28568.0,28569.0,GTERI,GTERI,ok,0.0
26502,1950.9,1951.0,2025-07-15 18:01:46,2025-07-15 18:01:58,28569.0,28570.0,GTERI,GTERI,ok,0.09999999999990905
26503,1951.0,1951.0,2025-07-15 18:01:58,2025-07-15 18:02:26,28570.0,28571.0,GTERI,GTERI,ok,0.0
26504,1951.0,1951.0,2025-07-15 18:02:26,2025-07-15 18:02:28,28571.0,28572.0,GTERI,GTERI,ok,0.0
26506,1951.0,1951.2,2025-07-15 18:02:28,2025-07-15 18:02:57,28572.0,28574.0,GTERI,GTERI,ok,0.20000000000004547
26507,1951.2,1951.2,2025-07-15 18:02:57,2025-07-15 18:02:59,28574.0,28575.0,GTERI,GTERI,ok,0.0
26508,1951.2,1951.3,2025-07-15 18:02:59,2025-07-15 18:03:17,28575.0,28576.0,GTERI,GTERI,ok,0.09999999999990905
26509,1951.3,1951.3,2025-07-15 18:03:17,2025-07-15 18:03:19,28576.0,28577.0,GTERI,GTERI,ok,0.0
26510,1951.3,1951.4,2025-07-15 18:03:19,2025-07-15 18:03:29,28577.0,28578.0,GTERI,GTERI,ok,0.10000000000013642
26511,1951.4,1951.5,2025-07-15 18:03:29,2025-07-15 18:03:48,28578.0,28579.0,GTERI,GTERI,ok,0.09999999999990905
26512,1951.5,1951.6,2025-07-15 18:03:48,2025-07-15 18:04:08,28579.0,28580.0,GTERI,GTERI,ok,0.09999999999990905
26513,1951.6,1951.7,2025-07-15 18:04:08,2025-07-15 18:04:17,28580.0,28581.0,GTERI,GTERI,ok,0.10000000000013642
26514,1951.7,1951.7,2025-07-15 18:04:17,2025-07-15 18:04:23,28581.0,28582.0,GTERI,GTERI,ok,0.0
26516,1951.7,1952.3,2025-07-15 18:04:23,2025-07-15 18:04:58,28582.0,28584.0,GTERI,GTERI,ok,0.599999999999909
26518,1952.3,1956.2,2025-07-15 18:04:58,2025-07-15 18:07:58,28584.0,28586.0,GTERI,GTERI,ok,3.900000000000091
26519,1956.2,1956.3,2025-07-15 18:07:58,2025-07-15 18:08:03,28586.0,28587.0,GTERI,GTSTC,ok,0.09999999999990905
26520,1956.3,1956.4,2025-07-15 18:08:03,2025-07-15 18:08:05,28587.0,28588.0,GTSTC,GTMPF,ok,0.10000000000013642
26521,1956.4,1956.4,2025-07-15 18:08:05,2025-07-15 18:08:05,28588.0,28588.0,GTMPF,GTMPF,ok,0.0
26523,1956.4,1957.7,2025-07-15 18:08:05,2025-07-15 18:09:03,28588.0,28590.0,GTMPF,GTERI,ok,1.2999999999999545
26524,1957.7,1958.3,2025-07-15 18:09:03,2025-07-15 18:09:29,28590.0,28591.0,GTERI,GTERI,ok,0.599999999999909
26525,1958.3,1958.7,2025-07-15 18:09:29,2025-07-15 18:09:46,28591.0,28592.0,GTERI,GTERI,ok,0.40000000000009095
26528,1958.7,1960.4,2025-07-15 18:09:46,2025-07-15 18:10:58,28592.0,28594.0,GTERI,GTERI,ok,1.7000000000000455
26527,1960.4,1960.4,2025-07-15 18:10:58,2025-07-15 18:10:59,28594.0,28595.0,GTERI,GTPDP,ok,0.0
26529,1960.4,1961.2,2025-07-15 18:10:59,2025-07-15 18:11:34,28595.0,28596.0,GTPDP,GTIGF,ok,0.7999999999999545
26530,1961.2,1961.2,2025-07-15 18:11:34,2025-07-15 18:11:34,28596.0,28597.0,GTIGF,GTSTT,ok,0.0
26531,1961.2,1961.2,2025-07-15 18:11:34,2025-07-15 18:11:34,28597.0,28598.0,GTSTT,GTERI,ok,0.0
26532,1961.2,1961.2,2025-07-15 18:11:34,2025-07-15 18:11:34,28598.0,28599.0,GTERI,GTIGL,ok,0.0
26533,1961.2,1961.2,2025-07-15 18:11:34,2025-07-15 18:11:38,28599.0,28600.0,GTIGL,GTIGN,ok,0.0
26534,1961.2,1961.2,2025-07-15 18:11:38,2025-07-15 18:11:38,28600.0,28601.0,GTIGN,GTSTT,ok,0.0
26535,1961.2,1961.2,2025-07-15 18:11:38,2025-07-15 18:11:38,28601.0,28602.0,GTSTT,GTIGL,ok,0.0
26536,1961.2,1961.3,2025-07-15 18:11:38,2025-07-15 18:11:42,28602.0,28603.0,GTIGL,GTERI,ok,0.09999999999990905
26537,1961.3,1964.4,2025-07-15 18:11:42,2025-07-15 18:13:48,28603.0,28604.0,GTERI,GTERI,ok,3.1000000000001364
26539,1964.4,1965.0,2025-07-15 18:13:48,2025-07-15 18:14:11,28604.0,28606.0,GTERI,GTERI,ok,0.599999999999909
26540,1965.0,1965.8,2025-07-15 18:14:11,2025-07-15 18:14:45,28606.0,28607.0,GTERI,GTERI,ok,0.7999999999999545
26541,1965.8,1966.6,2025-07-15 18:14:45,2025-07-15 18:15:10,28607.0,28608.0,GTERI,GTERI,ok,0.7999999999999545
26543,1966.6,1968.4,2025-07-15 18:15:10,2025-07-15 18:16:22,28608.0,28610.0,GTERI,GTERI,ok,1.800000000000182
26544,1968.4,1968.4,2025-07-15 18:16:22,2025-07-15 18:16:22,28610.0,28610.0,GTERI,GTERI,ok,0.0
26547,1968.4,1968.4,2025-07-15 18:16:22,2025-07-15 18:16:22,28610.0,28610.0,GTERI,GTERI,ok,0.0
26548,1968.4,1969.0,2025-07-15 18:16:22,2025-07-15 18:16:47,28610.0,28611.0,GTERI,GTERI,ok,0.599999999999909
26546,1969.0,1969.2,2025-07-15 18:16:47,2025-07-15 18:16:57,28611.0,28612.0,GTERI,GTPDP,ok,0.20000000000004547
26549,1969.2,1970.5,2025-07-15 18:16:57,2025-07-15 18:17:45,28612.0,28614.0,GTPDP,GTERI,ok,1.2999999999999545
26550,1970.5,1972.5,2025-07-15 18:17:45,2025-07-15 18:18:55,28614.0,28615.0,GTERI,GTERI,ok,2.0
26552,1972.5,1975.6,2025-07-15 18:18:55,2025-07-15 18:20:45,28615.0,28617.0,GTERI,GTERI,ok,3.099999999999909
26553,1975.6,1975.8,2025-07-15 18:20:45,2025-07-15 18:20:53,28617.0,28618.0,GTERI,GTERI,ok,0.20000000000004547
26555,1975.8,1977.8,2025-07-15 18:20:53,2025-07-15 18:22:05,28618.0,28620.0,GTERI,GTPDP,ok,2.0
26556,1977.8,1978.1,2025-07-15 18:22:05,2025-07-15 18:22:16,28620.0,28621.0,GTPDP,GTERI,ok,0.2999999999999545
26557,1978.1,1978.5,2025-07-15 18:22:16,2025-07-15 18:22:29,28621.0,28622.0,GTERI,GTERI,ok,0.40000000000009095
26558,1978.5,1979.7,2025-07-15 18:22:29,2025-07-15 18:23:12,28622.0,28623.0,GTERI,GTERI,ok,1.2000000000000455
26559,1979.7,1980.7,2025-07-15 18:23:12,2025-07-15 18:23:45,28623.0,28624.0,GTERI,GTERI,ok,1.0
26561,1980.7,1981.9,2025-07-15 18:23:45,2025-07-15 18:24:30,28624.0,28625.0,GTERI,GTPDP,ok,1.2000000000000455
26562,1981.9,1982.1,2025-07-15 18:24:30,2025-07-15 18:24:35,28625.0,28626.0,GTPDP,GTERI,ok,0.1999999999998181
26563,1982.1,1983.0,2025-07-15 18:24:35,2025-07-15 18:25:07,28626.0,28628.0,GTERI,GTERI,ok,0.900000000000091
26564,1983.0,1983.7,2025-07-15 18:25:07,2025-07-15 18:25:33,28628.0,28629.0,GTERI,GTERI,ok,0.7000000000000455
26565,1983.7,1985.7,2025-07-15 18:25:33,2025-07-15 18:26:45,28629.0,28630.0,GTERI,GTERI,ok,2.0
26566,1985.7,1986.4,2025-07-15 18:26:45,2025-07-15 18:27:20,28630.0,28631.0,GTERI,GTERI,ok,0.7000000000000455
26569,1986.4,1986.4,2025-07-15 18:27:20,2025-07-15 18:27:20,28631.0,28631.0,GTERI,GTERI,ok,0.0
26570,1986.4,1986.5,2025-07-15 18:27:20,2025-07-15 18:27:27,28631.0,28632.0,GTERI,GTERI,ok,0.09999999999990905
26571,1986.5,1986.5,2025-07-15 18:27:27,2025-07-15 18:27:29,28632.0,28633.0,GTERI,GTERI,ok,0.0
26572,1986.5,1986.5,2025-07-15 18:27:29,2025-07-15 18:27:31,28633.0,28634.0,GTERI,GTERI,ok,0.0
26568,1986.5,1988.0,2025-07-15 18:27:31,2025-07-15 18:28:34,28634.0,28637.0,GTERI,GTPDP,ok,1.5
26573,1988.0,1988.1,2025-07-15 18:28:34,2025-07-15 18:28:35,28637.0,28638.0,GTPDP,GTERI,ok,0.09999999999990905
26574,1988.1,1989.4,2025-07-15 18:28:35,2025-07-15 18:29:45,28638.0,28639.0,GTERI,GTERI,ok,1.300000000000182
26575,1989.4,1994.4,2025-07-15 18:29:45,2025-07-15 18:32:45,28639.0,28640.0,GTERI,GTERI,ok,5.0
26576,1994.4,1999.2,2025-07-15 18:32:45,2025-07-15 18:35:45,28640.0,28642.0,GTERI,GTERI,ok,4.7999999999999545
26578,1999.2,1999.2,2025-07-15 18:35:45,2025-07-15 18:35:45,28642.0,28642.0,GTERI,GTERI,ok,0.0
26579,1999.2,2003.7,2025-07-15 18:35:45,2025-07-15 18:38:45,28642.0,28644.0,GTERI,GTERI,ok,4.5
26580,2003.7,2008.5,2025-07-15 18:38:45,2025-07-15 18:41:45,28644.0,28646.0,GTERI,GTERI,ok,4.7999999999999545
26582,2008.5,2013.6,2025-07-15 18:41:45,2025-07-15 18:44:45,28646.0,28648.0,GTERI,GTERI,ok,5.099999999999909
26586,2013.6,2018.0,2025-07-15 18:44:45,2025-07-15 18:47:45,28648.0,28652.0,GTERI,GTERI,ok,4.400000000000091
26587,2018.0,2022.7,2025-07-15 18:47:45,2025-07-15 18:50:45,28652.0,28653.0,GTERI,GTERI,ok,4.7000000000000455
26588,2022.7,2027.7,2025-07-15 18:50:45,2025-07-15 18:53:46,28653.0,28654.0,GTERI,GTERI,ok,5.0
26591,2027.7,2032.3,2025-07-15 18:53:46,2025-07-15 18:56:46,28654.0,28656.0,GTERI,GTERI,ok,4.599999999999909
26590,2032.3,2033.0,2025-07-15 18:56:46,2025-07-15 18:57:16,28656.0,28658.0,GTERI,GTPDP,ok,0.7000000000000455
26592,2033.0,2035.2,2025-07-15 18:57:16,2025-07-15 18:59:47,28658.0,28659.0,GTPDP,GTERI,ok,2.2000000000000455
26595,2035.2,2037.8,2025-07-15 18:59:47,2025-07-15 19:02:24,28659.0,28662.0,GTERI,GTERI,ok,2.599999999999909
26596,2037.8,2038.1,2025-07-15 19:02:24,2025-07-15 19:02:47,28662.0,28663.0,GTERI,GTERI,ok,0.2999999999999545
26598,2038.1,2041.3,2025-07-15 19:02:47,2025-07-15 19:05:47,28663.0,28665.0,GTERI,GTERI,ok,3.2000000000000455
26600,2041.3,2043.7,2025-07-15 19:05:47,2025-07-15 19:07:27,28665.0,28667.0,GTERI,GTERI,ok,2.400000000000091
26601,2043.7,2043.9,2025-07-15 19:07:27,2025-07-15 19:07:41,28667.0,28668.0,GTERI,GTERI,ok,0.20000000000004547
26603,2043.9,2044.9,2025-07-15 19:07:41,2025-07-15 19:08:47,28668.0,28670.0,GTERI,GTERI,ok,1.0
26604,2044.9,2045.9,2025-07-15 19:08:47,2025-07-15 19:09:51,28670.0,28671.0,GTERI,GTERI,ok,1.0
26606,2045.9,2046.3,2025-07-15 19:09:51,2025-07-15 19:10:49,28671.0,28673.0,GTERI,GTERI,ok,0.3999999999998636
26607,2046.3,2046.4,2025-07-15 19:10:49,2025-07-15 19:10:56,28673.0,28674.0,GTERI,GTERI,ok,0.10000000000013642
26608,2046.4,2046.4,2025-07-15 19:10:56,2025-07-15 19:10:58,28674.0,28675.0,GTERI,GTERI,ok,0.0
26609,2046.4,2046.4,2025-07-15 19:10:58,2025-07-15 19:11:00,28675.0,28676.0,GTERI,GTERI,ok,0.0
26610,2046.4,2046.8,2025-07-15 19:11:00,2025-07-15 19:11:47,28676.0,28677.0,GTERI,GTERI,ok,0.3999999999998636
26611,2046.8,2046.9,2025-07-15 19:11:47,2025-07-15 19:11:53,28677.0,28678.0,GTERI,GTERI,ok,0.10000000000013642
26612,2046.9,2046.9,2025-07-15 19:11:53,2025-07-15 19:11:55,28678.0,28679.0,GTERI,GTERI,ok,0.0
26613,2046.9,2046.9,2025-07-15 19:11:55,2025-07-15 19:12:02,28679.0,28680.0,GTERI,GTERI,ok,0.0
26615,2046.9,2047.1,2025-07-15 19:12:02,2025-07-15 19:12:18,28680.0,28682.0,GTERI,GTPFR,ok,0.1999999999998181
26618,2047.1,2047.2,2025-07-15 19:12:18,2025-07-16 10:39:16,28682.0,28684.0,GTPFR,GTPNR,ok,0.10000000000013642
26619,2047.2,2047.2,2025-07-16 10:39:16,2025-07-16 10:39:18,28684.0,28686.0,GTPNR,GTIGN,ok,0.0
26620,2047.2,2047.2,2025-07-16 10:39:18,2025-07-16 10:39:18,28686.0,28687.0,GTIGN,GTSTT,ok,0.0
26621,2047.2,2047.2,2025-07-16 10:39:18,2025-07-16 10:39:18,28687.0,28688.0,GTSTT,GTSTT,ok,0.0
26622,2047.2,2047.2,2025-07-16 10:39:18,2025-07-16 10:39:19,28688.0,28689.0,GTSTT,GTMPN,ok,0.0
26623,2047.2,2047.2,2025-07-16 10:39:19,2025-07-16 10:40:00,28689.0,28690.0,GTMPN,GTRTL,ok,0.0
26624,2047.2,2047.2,2025-07-16 10:40:00,2025-07-16 10:40:00,28690.0,28691.0,GTRTL,GTIGL,ok,0.0
26626,2047.2,2047.5,2025-07-16 10:40:00,2025-07-16 10:41:26,28691.0,28693.0,GTIGL,GTSTT,ok,0.2999999999999545
26627,2047.5,2047.5,2025-07-16 10:41:26,2025-07-16 10:41:44,28693.0,28694.0,GTSTT,GTSTT,ok,0.0
26628,2047.5,2047.5,2025-07-16 10:41:44,2025-07-16 10:42:23,28694.0,28695.0,GTSTT,GTBTC,ok,0.0
26629,2047.5,2047.5,2025-07-16 10:42:23,2025-07-16 10:42:30,28695.0,28696.0,GTBTC,GTERI,ok,0.0
26630,2047.5,2047.6,2025-07-16 10:42:30,2025-07-16 10:43:05,28696.0,28697.0,GTERI,GTERI,ok,0.09999999999990905
26631,2047.6,2047.7,2025-07-16 10:43:05,2025-07-16 10:43:15,28697.0,28698.0,GTERI,GTERI,ok,0.10000000000013642
26632,2047.7,2047.7,2025-07-16 10:43:15,2025-07-16 10:43:19,28698.0,28699.0,GTERI,GTERI,ok,0.0
26634,2047.7,2047.8,2025-07-16 10:43:19,2025-07-16 10:44:10,28699.0,28701.0,GTERI,GTSTT,ok,0.09999999999990905
26635,2047.8,2047.8,2025-07-16 10:44:10,2025-07-16 10:44:40,28701.0,28702.0,GTSTT,GTSTT,ok,0.0
26636,2047.8,2047.8,2025-07-16 10:44:40,2025-07-16 10:44:40,28702.0,28703.0,GTSTT,GTIGF,ok,0.0
26637,2047.8,2047.8,2025-07-16 10:44:40,2025-07-16 10:44:40,28703.0,28704.0,GTIGF,GTSTT,ok,0.0
26638,2047.8,2047.8,2025-07-16 10:44:40,2025-07-16 10:44:40,28704.0,28705.0,GTSTT,GTERI,ok,0.0
26639,2047.8,2047.8,2025-07-16 10:44:40,2025-07-16 10:44:41,28705.0,28706.0,GTERI,GTSTC,ok,0.0
26640,2047.8,2047.8,2025-07-16 10:44:41,2025-07-16 10:44:41,28706.0,28707.0,GTSTC,GTIGL,ok,0.0
26641,2047.8,2047.8,2025-07-16 10:44:41,2025-07-16 10:45:15,28707.0,28708.0,GTIGL,GTSTT,ok,0.0
26643,2047.8,2047.8,2025-07-16 10:45:15,2025-07-16 10:47:47,28708.0,28710.0,GTSTT,GTIGN,ok,0.0
26644,2047.8,2047.8,2025-07-16 10:47:47,2025-07-16 10:47:47,28710.0,28711.0,GTIGN,GTSTT,ok,0.0
26645,2047.8,2047.8,2025-07-16 10:47:47,2025-07-16 10:47:48,28711.0,28712.0,GTSTT,GTIGL,ok,0.0
26646,2047.8,2047.8,2025-07-16 10:47:48,2025-07-16 10:47:52,28712.0,28713.0,GTIGL,GTERI,ok,0.0
26647,2047.8,2047.8,2025-07-16 10:47:52,2025-07-16 10:47:54,28713.0,28714.0,GTERI,GTERI,ok,0.0
26648,2047.8,2047.8,2025-07-16 10:47:54,2025-07-16 10:47:56,28714.0,28715.0,GTERI,GTERI,ok,0.0
26650,2047.8,2047.9,2025-07-16 10:47:56,2025-07-16 10:48:22,28715.0,28717.0,GTERI,GTERI,ok,0.10000000000013642
26652,2047.9,2048.1,2025-07-16 10:48:22,2025-07-16 10:50:17,28717.0,28719.0,GTERI,GTSTT,ok,0.1999999999998181
26653,2048.1,2048.1,2025-07-16 10:50:17,2025-07-16 10:50:32,28719.0,28720.0,GTSTT,GTSTT,ok,0.0
26654,2048.1,2048.1,2025-07-16 10:50:32,2025-07-16 10:50:41,28720.0,28721.0,GTSTT,GTERI,ok,0.0
26655,2048.1,2048.2,2025-07-16 10:50:41,2025-07-16 10:50:47,28721.0,28722.0,GTERI,GTBTC,ok,0.09999999999990905
26656,2048.2,2048.2,2025-07-16 10:50:47,2025-07-16 10:50:56,28722.0,28723.0,GTBTC,GTERI,ok,0.0
26657,2048.2,2048.4,2025-07-16 10:50:56,2025-07-16 10:51:17,28723.0,28724.0,GTERI,GTERI,ok,0.20000000000027285
26658,2048.4,2048.5,2025-07-16 10:51:17,2025-07-16 10:51:30,28724.0,28725.0,GTERI,GTERI,ok,0.09999999999990905
26659,2048.5,2048.6,2025-07-16 10:51:30,2025-07-16 10:51:34,28725.0,28726.0,GTERI,GTERI,ok,0.09999999999990905
26660,2048.6,2048.6,2025-07-16 10:51:34,2025-07-16 10:51:36,28726.0,28727.0,GTERI,GTERI,ok,0.0
26661,2048.6,2048.6,2025-07-16 10:51:36,2025-07-16 10:51:39,28727.0,28728.0,GTERI,GTERI,ok,0.0
26662,2048.6,2048.7,2025-07-16 10:51:39,2025-07-16 10:51:44,28728.0,28729.0,GTERI,GTERI,ok,0.09999999999990905
26664,2048.7,2049.1,2025-07-16 10:51:44,2025-07-16 10:52:26,28729.0,28731.0,GTERI,GTERI,ok,0.40000000000009095
26665,2049.1,2049.2,2025-07-16 10:52:26,2025-07-16 10:52:33,28731.0,28732.0,GTERI,GTERI,ok,0.09999999999990905
26668,2049.2,2049.4,2025-07-16 10:52:33,2025-07-16 10:52:58,28732.0,28733.0,GTERI,GTERI,ok,0.20000000000027285
26667,2049.4,2049.5,2025-07-16 10:52:58,2025-07-16 10:53:12,28733.0,28734.0,GTERI,GTPDP,ok,0.09999999999990905
26669,2049.5,2049.6,2025-07-16 10:53:12,2025-07-16 10:53:37,28734.0,28735.0,GTPDP,GTERI,ok,0.09999999999990905
26670,2049.6,2049.7,2025-07-16 10:53:37,2025-07-16 10:53:57,28735.0,28736.0,GTERI,GTERI,ok,0.09999999999990905
26671,2049.7,2049.8,2025-07-16 10:53:57,2025-07-16 10:54:07,28736.0,28737.0,GTERI,GTERI,ok,0.1000000000003638
26672,2049.8,2049.8,2025-07-16 10:54:07,2025-07-16 10:54:16,28737.0,28739.0,GTERI,GTERI,ok,0.0
26673,2049.8,2049.9,2025-07-16 10:54:16,2025-07-16 10:54:29,28739.0,28740.0,GTERI,GTERI,ok,0.09999999999990905
26674,2049.9,2050.0,2025-07-16 10:54:29,2025-07-16 10:54:34,28740.0,28741.0,GTERI,GTERI,ok,0.09999999999990905
26675,2050.0,2050.5,2025-07-16 10:54:34,2025-07-16 10:55:23,28741.0,28742.0,GTERI,GTERI,ok,0.5
26676,2050.5,2050.6,2025-07-16 10:55:23,2025-07-16 10:55:32,28742.0,28743.0,GTERI,GTERI,ok,0.09999999999990905
26677,2050.6,2050.6,2025-07-16 10:55:32,2025-07-16 10:55:40,28743.0,28744.0,GTERI,GTERI,ok,0.0
26678,2050.6,2050.6,2025-07-16 10:55:40,2025-07-16 10:55:42,28744.0,28745.0,GTERI,GTERI,ok,0.0
26679,2050.6,2050.7,2025-07-16 10:55:42,2025-07-16 10:55:43,28745.0,28746.0,GTERI,GTERI,ok,0.09999999999990905
26680,2050.7,2051.4,2025-07-16 10:55:43,2025-07-16 10:57:00,28746.0,28747.0,GTERI,GTERI,ok,0.7000000000002728
26682,2051.4,2051.9,2025-07-16 10:57:00,2025-07-16 10:59:49,28747.0,28749.0,GTERI,GTERI,ok,0.5
26683,2051.9,2051.9,2025-07-16 10:59:49,2025-07-16 10:59:53,28749.0,28750.0,GTERI,GTERI,ok,0.0
26684,2051.9,2051.9,2025-07-16 10:59:53,2025-07-16 10:59:55,28750.0,28751.0,GTERI,GTERI,ok,0.0
26685,2051.9,2052.0,2025-07-16 10:59:55,2025-07-16 11:00:00,28751.0,28752.0,GTERI,GTERI,ok,0.09999999999990905
26687,2052.0,2052.4,2025-07-16 11:00:00,2025-07-16 11:00:34,28752.0,28754.0,GTERI,GTERI,ok,0.40000000000009095
26688,2052.4,2052.6,2025-07-16 11:00:34,2025-07-16 11:00:51,28754.0,28755.0,GTERI,GTERI,ok,0.1999999999998181
26690,2052.6,2052.6,2025-07-16 11:00:51,2025-07-16 11:00:51,28755.0,28755.0,GTERI,GTERI,ok,0.0
26691,2052.6,2053.6,2025-07-16 11:00:51,2025-07-16 11:02:10,28755.0,28757.0,GTERI,GTERI,ok,1.0
26692,2053.6,2054.1,2025-07-16 11:02:10,2025-07-16 11:02:40,28757.0,28759.0,GTERI,GTERI,ok,0.5
26693,2054.1,2054.3,2025-07-16 11:02:40,2025-07-16 11:02:59,28759.0,28760.0,GTERI,GTERI,ok,0.20000000000027285
26694,2054.3,2054.6,2025-07-16 11:02:59,2025-07-16 11:03:22,28760.0,28761.0,GTERI,GTERI,ok,0.29999999999972715
26695,2054.6,2055.7,2025-07-16 11:03:22,2025-07-16 11:04:45,28761.0,28762.0,GTERI,GTERI,ok,1.099999999999909
26696,2055.7,2055.9,2025-07-16 11:04:45,2025-07-16 11:05:01,28762.0,28763.0,GTERI,GTERI,ok,0.20000000000027285
26697,2055.9,2056.2,2025-07-16 11:05:01,2025-07-16 11:05:22,28763.0,28764.0,GTERI,GTERI,ok,0.29999999999972715
26698,2056.2,2056.5,2025-07-16 11:05:22,2025-07-16 11:05:50,28764.0,28765.0,GTERI,GTERI,ok,0.3000000000001819
26699,2056.5,2056.6,2025-07-16 11:05:50,2025-07-16 11:05:59,28765.0,28766.0,GTERI,GTERI,ok,0.09999999999990905
26700,2056.6,2056.7,2025-07-16 11:05:59,2025-07-16 11:06:03,28766.0,28767.0,GTERI,GTERI,ok,0.09999999999990905
26701,2056.7,2057.1,2025-07-16 11:06:03,2025-07-16 11:06:39,28767.0,28768.0,GTERI,GTERI,ok,0.40000000000009095
26702,2057.1,2057.3,2025-07-16 11:06:39,2025-07-16 11:07:07,28768.0,28769.0,GTERI,GTERI,ok,0.20000000000027285
26703,2057.3,2057.3,2025-07-16 11:07:07,2025-07-16 11:07:10,28769.0,28770.0,GTERI,GTERI,ok,0.0
26704,2057.3,2057.7,2025-07-16 11:07:10,2025-07-16 11:08:00,28770.0,28771.0,GTERI,GTERI,ok,0.3999999999996362
26705,2057.7,2058.1,2025-07-16 11:08:00,2025-07-16 11:08:37,28771.0,28772.0,GTERI,GTERI,ok,0.40000000000009095
26706,2058.1,2058.3,2025-07-16 11:08:37,2025-07-16 11:08:49,28772.0,28773.0,GTERI,GTERI,ok,0.20000000000027285
26707,2058.3,2058.4,2025-07-16 11:08:49,2025-07-16 11:08:59,28773.0,28774.0,GTERI,GTERI,ok,0.09999999999990905
26708,2058.4,2058.8,2025-07-16 11:08:59,2025-07-16 11:09:34,28774.0,28775.0,GTERI,GTERI,ok,0.40000000000009095
26709,2058.8,2059.2,2025-07-16 11:09:34,2025-07-16 11:10:09,28775.0,28777.0,GTERI,GTERI,ok,0.3999999999996362
26710,2059.2,2059.3,2025-07-16 11:10:09,2025-07-16 11:10:18,28777.0,28778.0,GTERI,GTERI,ok,0.1000000000003638
26711,2059.3,2059.4,2025-07-16 11:10:18,2025-07-16 11:10:27,28778.0,28779.0,GTERI,GTERI,ok,0.09999999999990905
26712,2059.4,2059.5,2025-07-16 11:10:27,2025-07-16 11:10:35,28779.0,28780.0,GTERI,GTERI,ok,0.09999999999990905
26713,2059.5,2059.7,2025-07-16 11:10:35,2025-07-16 11:10:46,28780.0,28781.0,GTERI,GTERI,ok,0.1999999999998181
26714,2059.7,2059.8,2025-07-16 11:10:46,2025-07-16 11:10:57,28781.0,28782.0,GTERI,GTERI,ok,0.1000000000003638
26715,2059.8,2060.3,2025-07-16 11:10:57,2025-07-16 11:11:29,28782.0,28783.0,GTERI,GTERI,ok,0.5
26716,2060.3,2060.7,2025-07-16 11:11:29,2025-07-16 11:12:00,28783.0,28784.0,GTERI,GTERI,ok,0.3999999999996362
26717,2060.7,2060.7,2025-07-16 11:12:00,2025-07-16 11:12:02,28784.0,28785.0,GTERI,GTERI,ok,0.0
26718,2060.7,2060.9,2025-07-16 11:12:02,2025-07-16 11:12:13,28785.0,28786.0,GTERI,GTERI,ok,0.20000000000027285
26719,2060.9,2061.3,2025-07-16 11:12:13,2025-07-16 11:12:44,28786.0,28787.0,GTERI,GTERI,ok,0.40000000000009095
26720,2061.3,2061.5,2025-07-16 11:12:44,2025-07-16 11:12:56,28787.0,28788.0,GTERI,GTERI,ok,0.1999999999998181
26721,2061.5,2061.5,2025-07-16 11:12:56,2025-07-16 11:13:02,28788.0,28789.0,GTERI,GTERI,ok,0.0
26722,2061.5,2061.9,2025-07-16 11:13:02,2025-07-16 11:13:37,28789.0,28790.0,GTERI,GTERI,ok,0.40000000000009095
26723,2061.9,2062.3,2025-07-16 11:13:37,2025-07-16 11:14:10,28790.0,28791.0,GTERI,GTERI,ok,0.40000000000009095
26724,2062.3,2062.9,2025-07-16 11:14:10,2025-07-16 11:15:01,28791.0,28792.0,GTERI,GTERI,ok,0.599999999999909
26725,2062.9,2063.4,2025-07-16 11:15:01,2025-07-16 11:15:37,28792.0,28793.0,GTERI,GTERI,ok,0.5
26727,2063.4,2064.0,2025-07-16 11:15:37,2025-07-16 11:16:32,28793.0,28794.0,GTERI,GTERI,ok,0.599999999999909
26728,2064.0,2064.1,2025-07-16 11:16:32,2025-07-16 11:16:36,28794.0,28795.0,GTERI,GTERI,ok,0.09999999999990905
26729,2064.1,2064.2,2025-07-16 11:16:36,2025-07-16 11:16:43,28795.0,28797.0,GTERI,GTERI,ok,0.09999999999990905
26730,2064.2,2065.1,2025-07-16 11:16:43,2025-07-16 11:17:51,28797.0,28799.0,GTERI,GTERI,ok,0.900000000000091
26731,2065.1,2065.3,2025-07-16 11:17:51,2025-07-16 11:18:03,28799.0,28800.0,GTERI,GTERI,ok,0.20000000000027285
26732,2065.3,2065.4,2025-07-16 11:18:03,2025-07-16 11:18:11,28800.0,28801.0,GTERI,GTERI,ok,0.09999999999990905
26735,2065.4,2065.4,2025-07-16 11:18:11,2025-07-16 11:18:13,28801.0,28802.0,GTERI,GTERI,ok,0.0
26736,2065.4,2065.5,2025-07-16 11:18:13,2025-07-16 11:18:19,28802.0,28803.0,GTERI,GTERI,ok,0.09999999999990905
26737,2065.5,2065.6,2025-07-16 11:18:19,2025-07-16 11:18:36,28803.0,28804.0,GTERI,GTERI,ok,0.09999999999990905
26734,2065.6,2066.3,2025-07-16 11:18:36,2025-07-16 11:19:23,28804.0,28805.0,GTERI,GTPDP,ok,0.7000000000002728
26738,2066.3,2067.3,2025-07-16 11:19:23,2025-07-16 11:21:04,28805.0,28807.0,GTPDP,GTERI,ok,1.0
26739,2067.3,2067.4,2025-07-16 11:21:04,2025-07-16 11:21:16,28807.0,28808.0,GTERI,GTERI,ok,0.09999999999990905
26740,2067.4,2067.5,2025-07-16 11:21:16,2025-07-16 11:21:54,28808.0,28809.0,GTERI,GTERI,ok,0.09999999999990905
26742,2067.5,2067.9,2025-07-16 11:21:54,2025-07-16 11:22:36,28809.0,28811.0,GTERI,GTERI,ok,0.40000000000009095
26743,2067.9,2067.9,2025-07-16 11:22:36,2025-07-16 11:22:36,28811.0,28811.0,GTERI,GTERI,ok,0.0
26747,2067.9,2067.9,2025-07-16 11:22:36,2025-07-16 11:22:36,28811.0,28811.0,GTERI,GTERI,ok,0.0
26748,2067.9,2068.1,2025-07-16 11:22:36,2025-07-16 11:22:58,28811.0,28813.0,GTERI,GTERI,ok,0.1999999999998181
26749,2068.1,2068.7,2025-07-16 11:22:58,2025-07-16 11:23:45,28813.0,28814.0,GTERI,GTERI,ok,0.599999999999909
26750,2068.7,2068.9,2025-07-16 11:23:45,2025-07-16 11:24:04,28814.0,28816.0,GTERI,GTERI,ok,0.20000000000027285
26751,2068.9,2069.2,2025-07-16 11:24:04,2025-07-16 11:24:34,28816.0,28817.0,GTERI,GTERI,ok,0.29999999999972715
26752,2069.2,2069.4,2025-07-16 11:24:34,2025-07-16 11:24:50,28817.0,28818.0,GTERI,GTERI,ok,0.20000000000027285
26753,2069.4,2069.7,2025-07-16 11:24:50,2025-07-16 11:25:17,28818.0,28819.0,GTERI,GTERI,ok,0.29999999999972715
26754,2069.7,2069.9,2025-07-16 11:25:17,2025-07-16 11:25:30,28819.0,28820.0,GTERI,GTERI,ok,0.20000000000027285
26755,2069.9,2070.4,2025-07-16 11:25:30,2025-07-16 11:26:03,28820.0,28821.0,GTERI,GTERI,ok,0.5
26756,2070.4,2071.1,2025-07-16 11:26:03,2025-07-16 11:26:53,28821.0,28822.0,GTERI,GTERI,ok,0.6999999999998181
26757,2071.1,2071.2,2025-07-16 11:26:53,2025-07-16 11:27:02,28822.0,28823.0,GTERI,GTERI,ok,0.09999999999990905
26758,2071.2,2071.2,2025-07-16 11:27:02,2025-07-16 11:27:04,28823.0,28824.0,GTERI,GTERI,ok,0.0
26759,2071.2,2071.6,2025-07-16 11:27:04,2025-07-16 11:27:34,28824.0,28825.0,GTERI,GTERI,ok,0.40000000000009095
26746,2071.6,2071.8,2025-07-16 11:27:34,2025-07-16 11:27:51,28825.0,28826.0,GTERI,GTPDP,ok,0.20000000000027285
26760,2071.8,2071.8,2025-07-16 11:27:51,2025-07-16 11:27:55,28826.0,28827.0,GTPDP,GTERI,ok,0.0
26761,2071.8,2072.1,2025-07-16 11:27:55,2025-07-16 11:28:09,28827.0,28828.0,GTERI,GTERI,ok,0.29999999999972715
26762,2072.1,2073.6,2025-07-16 11:28:09,2025-07-16 11:30:05,28828.0,28829.0,GTERI,GTERI,ok,1.5
26763,2073.6,2073.9,2025-07-16 11:30:05,2025-07-16 11:30:30,28829.0,28830.0,GTERI,GTERI,ok,0.3000000000001819
26765,2073.9,2075.0,2025-07-16 11:30:30,2025-07-16 11:31:50,28830.0,28832.0,GTERI,GTERI,ok,1.099999999999909
26766,2075.0,2075.3,2025-07-16 11:31:50,2025-07-16 11:32:13,28832.0,28833.0,GTERI,GTERI,ok,0.3000000000001819
26767,2075.3,2075.7,2025-07-16 11:32:13,2025-07-16 11:32:55,28833.0,28834.0,GTERI,GTERI,ok,0.3999999999996362
26768,2075.7,2075.8,2025-07-16 11:32:55,2025-07-16 11:33:05,28834.0,28835.0,GTERI,GTERI,ok,0.1000000000003638
26770,2075.8,2076.0,2025-07-16 11:33:05,2025-07-16 11:33:24,28835.0,28837.0,GTERI,GTERI,ok,0.1999999999998181
26771,2076.0,2076.0,2025-07-16 11:33:24,2025-07-16 11:33:29,28837.0,28838.0,GTERI,GTERI,ok,0.0
26772,2076.0,2076.0,2025-07-16 11:33:29,2025-07-16 11:33:31,28838.0,28839.0,GTERI,GTERI,ok,0.0
26773,2076.0,2076.0,2025-07-16 11:33:31,2025-07-16 11:33:31,28839.0,28839.0,GTERI,GTERI,ok,0.0
26774,2076.0,2076.0,2025-07-16 11:33:31,2025-07-16 11:33:46,28839.0,28840.0,GTERI,GTERI,ok,0.0
26775,2076.0,2076.0,2025-07-16 11:33:46,2025-07-16 11:33:48,28840.0,28841.0,GTERI,GTERI,ok,0.0
26778,2076.0,2077.3,2025-07-16 11:33:48,2025-07-16 11:34:50,28841.0,28842.0,GTERI,GTERI,ok,1.300000000000182
26777,2077.3,2077.5,2025-07-16 11:34:50,2025-07-16 11:35:01,28842.0,28843.0,GTERI,GTPDP,ok,0.1999999999998181
26780,2077.5,2079.0,2025-07-16 11:35:01,2025-07-16 11:36:06,28843.0,28846.0,GTPDP,GTERI,ok,1.5
26781,2079.0,2079.6,2025-07-16 11:36:06,2025-07-16 11:36:34,28846.0,28847.0,GTERI,GTERI,ok,0.599999999999909
26782,2079.6,2083.4,2025-07-16 11:36:34,2025-07-16 11:39:06,28847.0,28849.0,GTERI,GTERI,ok,3.800000000000182
26788,2083.4,2084.2,2025-07-16 11:39:06,2025-07-16 11:39:37,28849.0,28851.0,GTERI,GTERI,ok,0.7999999999997272
26789,2084.2,2084.8,2025-07-16 11:39:37,2025-07-16 11:40:00,28851.0,28852.0,GTERI,GTERI,ok,0.6000000000003638
26784,2084.8,2086.4,2025-07-16 11:40:00,2025-07-16 11:41:04,28852.0,28853.0,GTERI,GTPDP,ok,1.599999999999909
26785,2086.4,2086.4,2025-07-16 11:41:04,2025-07-16 11:41:04,28853.0,28853.0,GTPDP,GTPDP,ok,0.0
26790,2086.4,2087.6,2025-07-16 11:41:04,2025-07-16 11:41:56,28853.0,28854.0,GTPDP,GTERI,ok,1.199999999999818
26791,2087.6,2087.9,2025-07-16 11:41:56,2025-07-16 11:42:06,28854.0,28855.0,GTERI,GTERI,ok,0.3000000000001819
26787,2087.9,2088.4,2025-07-16 11:42:06,2025-07-16 11:42:25,28855.0,28856.0,GTERI,GTPDP,ok,0.5
26792,2088.4,2091.5,2025-07-16 11:42:25,2025-07-16 11:44:24,28856.0,28858.0,GTPDP,GTERI,ok,3.099999999999909
26794,2091.5,2092.6,2025-07-16 11:44:24,2025-07-16 11:45:07,28858.0,28860.0,GTERI,GTERI,ok,1.099999999999909
26796,2092.6,2093.7,2025-07-16 11:45:07,2025-07-16 11:45:45,28860.0,28861.0,GTERI,GTERI,ok,1.099999999999909
26797,2093.7,2096.0,2025-07-16 11:45:45,2025-07-16 11:47:12,28861.0,28864.0,GTERI,GTERI,ok,2.300000000000182
26798,2096.0,2096.2,2025-07-16 11:47:12,2025-07-16 11:47:19,28864.0,28865.0,GTERI,GTERI,ok,0.1999999999998181
26799,2096.2,2097.4,2025-07-16 11:47:19,2025-07-16 11:48:07,28865.0,28866.0,GTERI,GTERI,ok,1.2000000000002728
26800,2097.4,2097.9,2025-07-16 11:48:07,2025-07-16 11:48:22,28866.0,28867.0,GTERI,GTERI,ok,0.5
26801,2097.9,2101.2,2025-07-16 11:48:22,2025-07-16 11:50:34,28867.0,28869.0,GTERI,GTERI,ok,3.299999999999727
26802,2101.2,2102.1,2025-07-16 11:50:34,2025-07-16 11:51:07,28869.0,28870.0,GTERI,GTERI,ok,0.900000000000091
26804,2102.1,2104.0,2025-07-16 11:51:07,2025-07-16 11:52:19,28870.0,28872.0,GTERI,GTERI,ok,1.900000000000091
26805,2104.0,2105.1,2025-07-16 11:52:19,2025-07-16 11:53:01,28872.0,28873.0,GTERI,GTERI,ok,1.099999999999909
26807,2105.1,2106.7,2025-07-16 11:53:01,2025-07-16 11:54:07,28873.0,28875.0,GTERI,GTERI,ok,1.599999999999909
26808,2106.7,2106.9,2025-07-16 11:54:07,2025-07-16 11:54:18,28875.0,28876.0,GTERI,GTERI,ok,0.20000000000027285
26810,2106.9,2110.8,2025-07-16 11:54:18,2025-07-16 11:57:04,28876.0,28878.0,GTERI,GTERI,ok,3.900000000000091
26811,2110.8,2110.9,2025-07-16 11:57:04,2025-07-16 11:57:07,28878.0,28879.0,GTERI,GTERI,ok,0.09999999999990905
26812,2110.9,2110.9,2025-07-16 11:57:07,2025-07-16 11:57:07,28879.0,28880.0,GTERI,GTERI,ok,0.0
26813,2110.9,2110.9,2025-07-16 11:57:07,2025-07-16 11:57:10,28880.0,28881.0,GTERI,GTERI,ok,0.0
26814,2110.9,2111.4,2025-07-16 11:57:10,2025-07-16 11:57:48,28881.0,28882.0,GTERI,GTERI,ok,0.5
26816,2111.4,2111.4,2025-07-16 11:57:48,2025-07-16 11:57:50,28882.0,28884.0,GTERI,GTERI,ok,0.0
26817,2111.4,2111.4,2025-07-16 11:57:50,2025-07-16 11:57:56,28884.0,28885.0,GTERI,GTERI,ok,0.0
26818,2111.4,2111.4,2025-07-16 11:57:56,2025-07-16 11:57:57,28885.0,28886.0,GTERI,GTERI,ok,0.0
26819,2111.4,2111.4,2025-07-16 11:57:57,2025-07-16 11:58:02,28886.0,28887.0,GTERI,GTERI,ok,0.0
26820,2111.4,2111.4,2025-07-16 11:58:02,2025-07-16 11:58:03,28887.0,28888.0,GTERI,GTERI,ok,0.0
26821,2111.4,2111.4,2025-07-16 11:58:03,2025-07-16 11:58:09,28888.0,28889.0,GTERI,GTERI,ok,0.0
26822,2111.4,2111.4,2025-07-16 11:58:09,2025-07-16 11:58:12,28889.0,28890.0,GTERI,GTERI,ok,0.0
26823,2111.4,2111.4,2025-07-16 11:58:12,2025-07-16 11:58:16,28890.0,28891.0,GTERI,GTERI,ok,0.0
26824,2111.4,2111.4,2025-07-16 11:58:16,2025-07-16 11:58:20,28891.0,28892.0,GTERI,GTIGF,ok,0.0
26825,2111.4,2111.4,2025-07-16 11:58:20,2025-07-16 11:58:20,28892.0,28893.0,GTIGF,GTSTT,ok,0.0
26826,2111.4,2111.4,2025-07-16 11:58:20,2025-07-16 11:58:21,28893.0,28894.0,GTSTT,GTSTC,ok,0.0
26827,2111.4,2111.4,2025-07-16 11:58:21,2025-07-16 11:58:21,28894.0,28895.0,GTSTC,GTERI,ok,0.0
26828,2111.4,2111.4,2025-07-16 11:58:21,2025-07-16 11:58:21,28895.0,28896.0,GTERI,GTIGL,ok,0.0
26829,2111.4,2111.4,2025-07-16 11:58:21,2025-07-16 11:59:04,28896.0,28897.0,GTIGL,GTSTT,ok,0.0
26833,2111.4,2111.4,2025-07-16 11:59:04,2025-07-16 12:04:59,28897.0,28901.0,GTSTT,GTIGN,ok,0.0
26834,2111.4,2111.4,2025-07-16 12:04:59,2025-07-16 12:04:59,28901.0,28902.0,GTIGN,GTSTT,ok,0.0
26835,2111.4,2111.4,2025-07-16 12:04:59,2025-07-16 12:05:06,28902.0,28903.0,GTSTT,GTERI,ok,0.0
26836,2111.4,2111.4,2025-07-16 12:05:06,2025-07-16 12:05:06,28903.0,28904.0,GTERI,GTIGL,ok,0.0
26838,2111.4,2111.4,2025-07-16 12:05:06,2025-07-16 12:06:34,28904.0,28906.0,GTIGL,GTSTT,ok,0.0
26839,2111.4,2111.4,2025-07-16 12:06:34,2025-07-16 12:06:56,28906.0,28907.0,GTSTT,GTSTT,ok,0.0
26841,2111.4,2111.4,2025-07-16 12:06:56,2025-07-16 12:07:59,28907.0,28909.0,GTSTT,GTERI,ok,0.0
26842,2111.4,2111.4,2025-07-16 12:07:59,2025-07-16 12:08:01,28909.0,28910.0,GTERI,GTBTC,ok,0.0
26843,2111.4,2111.4,2025-07-16 12:08:01,2025-07-16 12:08:03,28910.0,28911.0,GTBTC,GTERI,ok,0.0
26844,2111.4,2111.5,2025-07-16 12:08:03,2025-07-16 12:08:07,28911.0,28912.0,GTERI,GTERI,ok,0.09999999999990905
26845,2111.5,2111.5,2025-07-16 12:08:07,2025-07-16 12:08:07,28912.0,28913.0,GTERI,GTERI,ok,0.0
26846,2111.5,2111.5,2025-07-16 12:08:07,2025-07-16 12:08:09,28913.0,28914.0,GTERI,GTERI,ok,0.0
26847,2111.5,2112.0,2025-07-16 12:08:09,2025-07-16 12:09:26,28914.0,28915.0,GTERI,GTERI,ok,0.5
26848,2112.0,2112.1,2025-07-16 12:09:26,2025-07-16 12:09:37,28915.0,28916.0,GTERI,GTERI,ok,0.09999999999990905
26850,2112.1,2112.2,2025-07-16 12:09:37,2025-07-16 12:09:51,28916.0,28918.0,GTERI,GTERI,ok,0.09999999999990905
26851,2112.2,2112.2,2025-07-16 12:09:51,2025-07-16 12:09:53,28918.0,28919.0,GTERI,GTERI,ok,0.0
26852,2112.2,2112.3,2025-07-16 12:09:53,2025-07-16 12:10:07,28919.0,28920.0,GTERI,GTERI,ok,0.1000000000003638
26853,2112.3,2112.3,2025-07-16 12:10:07,2025-07-16 12:10:09,28920.0,28921.0,GTERI,GTERI,ok,0.0
26854,2112.3,2112.4,2025-07-16 12:10:09,2025-07-16 12:10:17,28921.0,28922.0,GTERI,GTERI,ok,0.09999999999990905
26855,2112.4,2112.5,2025-07-16 12:10:17,2025-07-16 12:10:36,28922.0,28923.0,GTERI,GTERI,ok,0.09999999999990905
26856,2112.5,2112.8,2025-07-16 12:10:36,2025-07-16 12:11:07,28923.0,28924.0,GTERI,GTERI,ok,0.3000000000001819
26858,2112.8,2113.3,2025-07-16 12:11:07,2025-07-16 12:12:20,28924.0,28926.0,GTERI,GTIGF,ok,0.5
26859,2113.3,2113.3,2025-07-16 12:12:20,2025-07-16 12:12:20,28926.0,28927.0,GTIGF,GTSTT,ok,0.0
26860,2113.3,2113.3,2025-07-16 12:12:20,2025-07-16 12:12:20,28927.0,28928.0,GTSTT,GTSTC,ok,0.0
26861,2113.3,2113.3,2025-07-16 12:12:20,2025-07-16 12:12:20,28928.0,28929.0,GTSTC,GTERI,ok,0.0
26862,2113.3,2113.3,2025-07-16 12:12:20,2025-07-16 12:12:20,28929.0,28930.0,GTERI,GTIGL,ok,0.0
26863,2113.3,2113.3,2025-07-16 12:12:20,2025-07-16 12:12:54,28930.0,28931.0,GTIGL,GTSTT,ok,0.0
26881,2113.3,2113.3,2025-07-16 12:12:54,2025-07-16 12:47:16,28931.0,28949.0,GTSTT,GTIGN,ok,0.0
26882,2113.3,2113.3,2025-07-16 12:47:16,2025-07-16 12:47:16,28949.0,28950.0,GTIGN,GTSTT,ok,0.0
26883,2113.3,2113.3,2025-07-16 12:47:16,2025-07-16 12:47:24,28950.0,28951.0,GTSTT,GTERI,ok,0.0
26884,2113.3,2113.3,2025-07-16 12:47:24,2025-07-16 12:47:24,28951.0,28952.0,GTERI,GTIGL,ok,0.0
26885,2113.3,2113.3,2025-07-16 12:47:24,2025-07-16 12:47:26,28952.0,28953.0,GTIGL,GTERI,ok,0.0
26886,2113.3,2113.3,2025-07-16 12:47:26,2025-07-16 12:47:29,28953.0,28954.0,GTERI,GTERI,ok,0.0
26887,2113.3,2113.3,2025-07-16 12:47:29,2025-07-16 12:47:43,28954.0,28955.0,GTERI,GTERI,ok,0.0
26888,2113.3,2113.3,2025-07-16 12:47:43,2025-07-16 12:47:44,28955.0,28956.0,GTERI,GTERI,ok,0.0
26889,2113.3,2113.3,2025-07-16 12:47:44,2025-07-16 12:47:45,28956.0,28957.0,GTERI,GTERI,ok,0.0
26890,2113.3,2113.3,2025-07-16 12:47:45,2025-07-16 12:47:47,28957.0,28958.0,GTERI,GTERI,ok,0.0
26892,2113.3,2114.1,2025-07-16 12:47:47,2025-07-16 12:49:52,28958.0,28960.0,GTERI,GTERI,ok,0.7999999999997272
26894,2114.1,2114.1,2025-07-16 12:49:52,2025-07-16 12:49:54,28960.0,28962.0,GTERI,GTERI,ok,0.0
26895,2114.1,2114.3,2025-07-16 12:49:54,2025-07-16 12:50:13,28962.0,28963.0,GTERI,GTERI,ok,0.20000000000027285
26896,2114.3,2114.3,2025-07-16 12:50:13,2025-07-16 12:50:15,28963.0,28964.0,GTERI,GTERI,ok,0.0
26897,2114.3,2114.3,2025-07-16 12:50:15,2025-07-16 12:50:16,28964.0,28965.0,GTERI,GTBTC,ok,0.0
26898,2114.3,2114.3,2025-07-16 12:50:16,2025-07-16 12:50:21,28965.0,28966.0,GTBTC,GTERI,ok,0.0
26899,2114.3,2114.3,2025-07-16 12:50:21,2025-07-16 12:50:26,28966.0,28967.0,GTERI,GTERI,ok,0.0
26900,2114.3,2114.3,2025-07-16 12:50:26,2025-07-16 12:50:28,28967.0,28968.0,GTERI,GTERI,ok,0.0
26901,2114.3,2114.4,2025-07-16 12:50:28,2025-07-16 12:50:44,28968.0,28969.0,GTERI,GTERI,ok,0.09999999999990905
26902,2114.4,2114.4,2025-07-16 12:50:44,2025-07-16 12:50:46,28969.0,28970.0,GTERI,GTERI,ok,0.0
26903,2114.4,2114.6,2025-07-16 12:50:46,2025-07-16 12:51:05,28970.0,28971.0,GTERI,GTERI,ok,0.1999999999998181
26904,2114.6,2114.6,2025-07-16 12:51:05,2025-07-16 12:51:13,28971.0,28972.0,GTERI,GTERI,ok,0.0
26906,2114.6,2115.2,2025-07-16 12:51:13,2025-07-16 12:52:34,28972.0,28974.0,GTERI,GTERI,ok,0.599999999999909
26907,2115.2,2115.2,2025-07-16 12:52:34,2025-07-16 12:52:36,28974.0,28975.0,GTERI,GTERI,ok,0.0
26908,2115.2,2115.2,2025-07-16 12:52:36,2025-07-16 12:52:38,28975.0,28976.0,GTERI,GTERI,ok,0.0
26909,2115.2,2115.2,2025-07-16 12:52:38,2025-07-16 12:52:43,28976.0,28977.0,GTERI,GTERI,ok,0.0
26910,2115.2,2115.2,2025-07-16 12:52:43,2025-07-16 12:52:44,28977.0,28978.0,GTERI,GTERI,ok,0.0
26911,2115.2,2115.2,2025-07-16 12:52:44,2025-07-16 12:52:49,28978.0,28979.0,GTERI,GTERI,ok,0.0
26912,2115.2,2115.2,2025-07-16 12:52:49,2025-07-16 12:53:01,28979.0,28980.0,GTERI,GTERI,ok,0.0
26913,2115.2,2115.2,2025-07-16 12:53:01,2025-07-16 12:53:04,28980.0,28981.0,GTERI,GTERI,ok,0.0
26914,2115.2,2115.2,2025-07-16 12:53:04,2025-07-16 12:53:21,28981.0,28982.0,GTERI,GTERI,ok,0.0
26915,2115.2,2115.2,2025-07-16 12:53:21,2025-07-16 12:53:40,28982.0,28983.0,GTERI,GTSTT,ok,0.0
26916,2115.2,2115.2,2025-07-16 12:53:40,2025-07-16 12:53:50,28983.0,28984.0,GTSTT,GTSTT,ok,0.0
26918,2115.2,2115.2,2025-07-16 12:53:50,2025-07-16 12:53:56,28984.0,28986.0,GTSTT,GTIGF,ok,0.0
26919,2115.2,2115.2,2025-07-16 12:53:56,2025-07-16 12:53:56,28986.0,28987.0,GTIGF,GTSTT,ok,0.0
26920,2115.2,2115.2,2025-07-16 12:53:56,2025-07-16 12:53:56,28987.0,28988.0,GTSTT,GTERI,ok,0.0
26921,2115.2,2115.2,2025-07-16 12:53:56,2025-07-16 12:53:56,28988.0,28989.0,GTERI,GTSTC,ok,0.0
26922,2115.2,2115.2,2025-07-16 12:53:56,2025-07-16 12:53:57,28989.0,28990.0,GTSTC,GTIGL,ok,0.0
26923,2115.2,2115.2,2025-07-16 12:53:57,2025-07-16 12:54:31,28990.0,28991.0,GTIGL,GTSTT,ok,0.0
26927,2115.2,2115.2,2025-07-16 12:54:31,2025-07-16 13:00:46,28991.0,28995.0,GTSTT,GTIGN,ok,0.0
26928,2115.2,2115.2,2025-07-16 13:00:46,2025-07-16 13:00:46,28995.0,28996.0,GTIGN,GTSTT,ok,0.0
26929,2115.2,2115.2,2025-07-16 13:00:46,2025-07-16 13:00:52,28996.0,28997.0,GTSTT,GTIGF,ok,0.0
26930,2115.2,2115.2,2025-07-16 13:00:52,2025-07-16 13:00:52,28997.0,28998.0,GTIGF,GTSTT,ok,0.0
26931,2115.2,2115.2,2025-07-16 13:00:52,2025-07-16 13:00:54,28998.0,28999.0,GTSTT,GTERI,ok,0.0
26932,2115.2,2115.2,2025-07-16 13:00:54,2025-07-16 13:00:54,28999.0,29000.0,GTERI,GTIGL,ok,0.0
26933,2115.2,2115.2,2025-07-16 13:00:54,2025-07-16 13:00:54,29000.0,29001.0,GTIGL,GTIGL,ok,0.0
26934,2115.2,2115.2,2025-07-16 13:00:54,2025-07-16 13:01:40,29001.0,29002.0,GTIGL,GTSTT,ok,0.0
26965,2115.2,2115.2,2025-07-16 13:01:40,2025-07-16 14:00:48,29002.0,29033.0,GTSTT,GTERI,ok,0.0
26974,2115.2,2115.2,2025-07-16 14:00:48,2025-07-16 14:17:01,29033.0,29042.0,GTERI,GTSTT,ok,0.0
26976,2115.2,2115.2,2025-07-16 14:17:01,2025-07-16 14:18:34,29042.0,29044.0,GTSTT,GTSTT,ok,0.0
26998,2115.2,2115.2,2025-07-16 14:18:34,2025-07-16 15:00:48,29044.0,29066.0,GTSTT,GTERI,ok,0.0
27029,2115.2,2115.2,2025-07-16 15:00:48,2025-07-16 16:00:48,29066.0,29097.0,GTERI,GTERI,ok,0.0
27058,2115.2,2115.2,2025-07-16 16:00:48,2025-07-16 16:56:18,29097.0,29126.0,GTERI,GTIGN,ok,0.0
27059,2115.2,2115.2,2025-07-16 16:56:18,2025-07-16 16:56:18,29126.0,29127.0,GTIGN,GTSTT,ok,0.0
27060,2115.2,2115.4,2025-07-16 16:56:18,2025-07-16 16:57:00,29127.0,29128.0,GTSTT,GTERI,ok,0.20000000000027285
27061,2115.4,2115.4,2025-07-16 16:57:00,2025-07-16 16:57:00,29128.0,29129.0,GTERI,GTIGL,ok,0.0
27062,2115.4,2115.7,2025-07-16 16:57:00,2025-07-16 16:57:24,29129.0,29130.0,GTIGL,GTERI,ok,0.29999999999972715
27063,2115.7,2115.7,2025-07-16 16:57:24,2025-07-16 16:57:27,29130.0,29131.0,GTERI,GTERI,ok,0.0
27064,2115.7,2115.7,2025-07-16 16:57:27,2025-07-16 16:57:28,29131.0,29132.0,GTERI,GTERI,ok,0.0
27065,2115.7,2115.8,2025-07-16 16:57:28,2025-07-16 16:57:30,29132.0,29133.0,GTERI,GTERI,ok,0.1000000000003638
27066,2115.8,2115.8,2025-07-16 16:57:30,2025-07-16 16:57:32,29133.0,29134.0,GTERI,GTERI,ok,0.0
27068,2115.8,2118.0,2025-07-16 16:57:32,2025-07-16 16:59:18,29134.0,29136.0,GTERI,GTBTC,ok,2.199999999999818
27069,2118.0,2118.2,2025-07-16 16:59:18,2025-07-16 16:59:24,29136.0,29137.0,GTBTC,GTERI,ok,0.1999999999998181
27071,2118.2,2122.1,2025-07-16 16:59:24,2025-07-16 17:01:56,29137.0,29139.0,GTERI,GTERI,ok,3.900000000000091
27073,2122.1,2122.4,2025-07-16 17:01:56,2025-07-16 17:02:10,29139.0,29141.0,GTERI,GTERI,ok,0.3000000000001819
27074,2122.4,2122.7,2025-07-16 17:02:10,2025-07-16 17:02:24,29141.0,29142.0,GTERI,GTERI,ok,0.29999999999972715
