linha,Hodômetro_anterior,Hodômetro_atual,data_anterior,data_atual,tipo_mensagem_anterior,tipo_mensagem_atual,tipo_problema,Diferenca
35,3706.2,3706.2,2025-06-11 16:28:26,2025-06-11 17:28:26,GTERI,GTERI,ok,0.0
66,3706.2,3706.2,2025-06-11 17:28:26,2025-06-11 18:28:26,GTERI,GTERI,ok,0.0
97,3706.2,3706.2,2025-06-11 18:28:26,2025-06-11 19:28:26,GTERI,GTERI,ok,0.0
128,3706.2,3706.2,2025-06-11 19:28:26,2025-06-11 20:28:26,GTERI,GTERI,ok,0.0
159,3706.2,3706.2,2025-06-11 20:28:26,2025-06-11 21:28:26,GTERI,GTERI,ok,0.0
190,3706.2,3706.2,2025-06-11 21:28:26,2025-06-11 22:28:26,GTERI,GTERI,ok,0.0
221,3706.2,3706.2,2025-06-11 22:28:26,2025-06-11 23:28:26,GTERI,GTERI,ok,0.0
252,3706.2,3706.2,2025-06-11 23:28:26,2025-06-12 00:28:26,GTERI,GTERI,ok,0.0
283,3706.2,3706.2,2025-06-12 00:28:26,2025-06-12 01:28:26,GTERI,GTERI,ok,0.0
314,3706.2,3706.2,2025-06-12 01:28:26,2025-06-12 02:28:26,GTERI,GTERI,ok,0.0
336,3706.2,3706.2,2025-06-12 02:28:26,2025-06-12 03:13:11,GTERI,GTPDP,ok,0.0
337,3706.2,3706.2,2025-06-12 03:13:11,2025-06-12 03:28:26,GTPDP,GTERI,ok,0.0
338,3706.2,3706.2,2025-06-12 03:28:26,2025-06-12 03:28:26,GTERI,GTERI,ok,0.0
343,3706.2,3706.2,2025-06-12 03:28:26,2025-06-12 04:28:26,GTERI,GTERI,ok,0.0
345,3706.2,3706.2,2025-06-12 04:28:26,2025-06-12 05:05:26,GTERI,GTPDP,ok,0.0
347,3706.2,3706.2,2025-06-12 05:05:26,2025-06-12 05:07:55,GTPDP,GTPDP,ok,0.0
357,3706.2,3706.2,2025-06-12 05:07:55,2025-06-12 05:28:26,GTPDP,GTERI,ok,0.0
388,3706.2,3706.2,2025-06-12 05:28:26,2025-06-12 06:28:26,GTERI,GTERI,ok,0.0
410,3706.2,3706.2,2025-06-12 06:28:26,2025-06-12 07:09:33,GTERI,GTPDP,ok,0.0
420,3706.2,3706.2,2025-06-12 07:09:33,2025-06-12 07:28:26,GTPDP,GTERI,ok,0.0
451,3706.2,3706.2,2025-06-12 07:28:26,2025-06-12 08:28:26,GTERI,GTERI,ok,0.0
459,3706.2,3706.2,2025-06-12 08:28:26,2025-06-12 08:43:13,GTERI,GTSTT,ok,0.0
461,3706.2,3706.2,2025-06-12 08:43:13,2025-06-12 08:44:10,GTSTT,GTSTT,ok,0.0
466,3706.2,3706.2,2025-06-12 08:44:10,2025-06-12 08:53:36,GTSTT,GTSTT,ok,0.0
467,3706.2,3706.2,2025-06-12 08:53:36,2025-06-12 08:53:50,GTSTT,GTSTT,ok,0.0
470,3706.2,3706.2,2025-06-12 08:53:50,2025-06-12 08:56:32,GTSTT,GTSTT,ok,0.0
471,3706.2,3706.2,2025-06-12 08:56:32,2025-06-12 08:56:35,GTSTT,GTSTT,ok,0.0
474,3706.2,3706.2,2025-06-12 08:56:35,2025-06-12 09:00:19,GTSTT,GTSTT,ok,0.0
475,3706.2,3706.2,2025-06-12 09:00:19,2025-06-12 09:00:22,GTSTT,GTSTT,ok,0.0
490,3706.2,3706.2,2025-06-12 09:00:22,2025-06-12 09:28:26,GTSTT,GTERI,ok,0.0
521,3706.2,3706.2,2025-06-12 09:28:26,2025-06-12 10:28:26,GTERI,GTERI,ok,0.0
552,3706.2,3706.2,2025-06-12 10:28:26,2025-06-12 11:28:26,GTERI,GTERI,ok,0.0
569,3706.2,3706.2,2025-06-12 11:28:26,2025-06-12 12:02:11,GTERI,GTIGN,ok,0.0
570,3706.2,3706.2,2025-06-12 12:02:11,2025-06-12 12:02:11,GTIGN,GTSTT,ok,0.0
571,3706.2,3706.2,2025-06-12 12:02:11,2025-06-12 12:02:11,GTSTT,GTIGF,ok,0.0
572,3706.2,3706.2,2025-06-12 12:02:11,2025-06-12 12:02:11,GTIGF,GTSTT,ok,0.0
573,3706.2,3706.2,2025-06-12 12:02:11,2025-06-12 12:02:13,GTSTT,GTIGN,ok,0.0
574,3706.2,3706.2,2025-06-12 12:02:13,2025-06-12 12:02:13,GTIGN,GTSTT,ok,0.0
575,3706.2,3706.2,2025-06-12 12:02:13,2025-06-12 12:02:15,GTSTT,GTIGF,ok,0.0
576,3706.2,3706.2,2025-06-12 12:02:15,2025-06-12 12:02:15,GTIGF,GTSTT,ok,0.0
577,3706.2,3706.2,2025-06-12 12:02:15,2025-06-12 12:02:16,GTSTT,GTIGN,ok,0.0
578,3706.2,3706.2,2025-06-12 12:02:16,2025-06-12 12:02:16,GTIGN,GTSTT,ok,0.0
579,3706.2,3706.2,2025-06-12 12:02:16,2025-06-12 12:02:16,GTSTT,GTIGF,ok,0.0
580,3706.2,3706.2,2025-06-12 12:02:16,2025-06-12 12:02:16,GTIGF,GTSTT,ok,0.0
582,3706.2,3706.2,2025-06-12 12:02:16,2025-06-12 12:02:17,GTSTT,GTIGN,ok,0.0
583,3706.2,3706.2,2025-06-12 12:02:17,2025-06-12 12:02:17,GTIGN,GTSTT,ok,0.0
584,3706.2,3706.2,2025-06-12 12:02:17,2025-06-12 12:02:28,GTSTT,GTERI,ok,0.0
585,3706.2,3706.2,2025-06-12 12:02:28,2025-06-12 12:02:28,GTERI,GTIGL,ok,0.0
586,3706.2,3706.2,2025-06-12 12:02:28,2025-06-12 12:02:28,GTIGL,GTIGL,ok,0.0
587,3706.2,3706.2,2025-06-12 12:02:28,2025-06-12 12:02:28,GTIGL,GTIGL,ok,0.0
588,3706.2,3706.2,2025-06-12 12:02:28,2025-06-12 12:02:28,GTIGL,GTIGL,ok,0.0
589,3706.2,3706.2,2025-06-12 12:02:28,2025-06-12 12:02:28,GTIGL,GTIGL,ok,0.0
590,3706.2,3706.2,2025-06-12 12:02:28,2025-06-12 12:02:28,GTIGL,GTIGL,ok,0.0
591,3706.2,3706.2,2025-06-12 12:02:28,2025-06-12 12:02:28,GTIGL,GTIGL,ok,0.0
593,3706.2,3706.3,2025-06-12 12:02:28,2025-06-12 12:04:18,GTIGL,GTERI,ok,0.1000000000003638
594,3706.3,3706.3,2025-06-12 12:04:18,2025-06-12 12:04:20,GTERI,GTERI,ok,0.0
595,3706.3,3706.3,2025-06-12 12:04:20,2025-06-12 12:04:26,GTERI,GTERI,ok,0.0
596,3706.3,3706.4,2025-06-12 12:04:26,2025-06-12 12:04:29,GTERI,GTERI,ok,0.09999999999990905
597,3706.4,3706.5,2025-06-12 12:04:29,2025-06-12 12:04:47,GTERI,GTERI,ok,0.09999999999990905
598,3706.5,3706.5,2025-06-12 12:04:47,2025-06-12 12:04:49,GTERI,GTERI,ok,0.0
599,3706.5,3706.9,2025-06-12 12:04:49,2025-06-12 12:05:27,GTERI,GTERI,ok,0.40000000000009095
601,3706.9,3707.7,2025-06-12 12:05:27,2025-06-12 12:06:29,GTERI,GTERI,ok,0.7999999999997272
602,3707.7,3708.1,2025-06-12 12:06:29,2025-06-12 12:07:05,GTERI,GTERI,ok,0.40000000000009095
603,3708.1,3708.1,2025-06-12 12:07:05,2025-06-12 12:07:08,GTERI,GTERI,ok,0.0
604,3708.1,3708.1,2025-06-12 12:07:08,2025-06-12 12:07:10,GTERI,GTERI,ok,0.0
605,3708.1,3708.1,2025-06-12 12:07:10,2025-06-12 12:07:14,GTERI,GTERI,ok,0.0
606,3708.1,3708.2,2025-06-12 12:07:14,2025-06-12 12:07:45,GTERI,GTERI,ok,0.09999999999990905
607,3708.2,3708.2,2025-06-12 12:07:45,2025-06-12 12:07:46,GTERI,GTERI,ok,0.0
609,3708.2,3708.2,2025-06-12 12:07:46,2025-06-12 12:08:23,GTERI,GTIGF,ok,0.0
610,3708.2,3708.2,2025-06-12 12:08:23,2025-06-12 12:08:23,GTIGF,GTSTT,ok,0.0
611,3708.2,3708.2,2025-06-12 12:08:23,2025-06-12 12:08:24,GTSTT,GTERI,ok,0.0
612,3708.2,3708.2,2025-06-12 12:08:24,2025-06-12 12:08:24,GTERI,GTIGL,ok,0.0
613,3708.2,3708.2,2025-06-12 12:08:24,2025-06-12 12:09:04,GTIGL,GTSTT,ok,0.0
618,3708.2,3708.2,2025-06-12 12:09:04,2025-06-12 12:17:06,GTSTT,GTIGN,ok,0.0
619,3708.2,3708.2,2025-06-12 12:17:06,2025-06-12 12:17:06,GTIGN,GTSTT,ok,0.0
620,3708.2,3708.2,2025-06-12 12:17:06,2025-06-12 12:17:07,GTSTT,GTIGF,ok,0.0
621,3708.2,3708.2,2025-06-12 12:17:07,2025-06-12 12:17:07,GTIGF,GTSTT,ok,0.0
622,3708.2,3708.2,2025-06-12 12:17:07,2025-06-12 12:17:08,GTSTT,GTIGN,ok,0.0
623,3708.2,3708.2,2025-06-12 12:17:08,2025-06-12 12:17:08,GTIGN,GTSTT,ok,0.0
624,3708.2,3708.2,2025-06-12 12:17:08,2025-06-12 12:17:16,GTSTT,GTERI,ok,0.0
625,3708.2,3708.2,2025-06-12 12:17:16,2025-06-12 12:17:16,GTERI,GTIGL,ok,0.0
626,3708.2,3708.2,2025-06-12 12:17:16,2025-06-12 12:17:16,GTIGL,GTIGL,ok,0.0
627,3708.2,3708.2,2025-06-12 12:17:16,2025-06-12 12:17:16,GTIGL,GTIGL,ok,0.0
628,3708.2,3708.2,2025-06-12 12:17:16,2025-06-12 12:17:28,GTIGL,GTERI,ok,0.0
629,3708.2,3708.2,2025-06-12 12:17:28,2025-06-12 12:17:30,GTERI,GTERI,ok,0.0
630,3708.2,3708.2,2025-06-12 12:17:30,2025-06-12 12:17:35,GTERI,GTERI,ok,0.0
631,3708.2,3708.2,2025-06-12 12:17:35,2025-06-12 12:17:45,GTERI,GTERI,ok,0.0
633,3708.2,3708.3,2025-06-12 12:17:45,2025-06-12 12:18:25,GTERI,GTERI,ok,0.1000000000003638
634,3708.3,3708.3,2025-06-12 12:18:25,2025-06-12 12:19:06,GTERI,GTERI,ok,0.0
635,3708.3,3708.4,2025-06-12 12:19:06,2025-06-12 12:19:13,GTERI,GTERI,ok,0.09999999999990905
636,3708.4,3708.4,2025-06-12 12:19:13,2025-06-12 12:19:19,GTERI,GTERI,ok,0.0
637,3708.4,3708.5,2025-06-12 12:19:19,2025-06-12 12:19:22,GTERI,GTERI,ok,0.09999999999990905
638,3708.5,3708.6,2025-06-12 12:19:22,2025-06-12 12:20:14,GTERI,GTERI,ok,0.09999999999990905
640,3708.6,3708.7,2025-06-12 12:20:14,2025-06-12 12:20:28,GTERI,GTERI,ok,0.09999999999990905
641,3708.7,3708.8,2025-06-12 12:20:28,2025-06-12 12:20:43,GTERI,GTERI,ok,0.1000000000003638
642,3708.8,3709.1,2025-06-12 12:20:43,2025-06-12 12:21:07,GTERI,GTERI,ok,0.29999999999972715
643,3709.1,3709.3,2025-06-12 12:21:07,2025-06-12 12:21:22,GTERI,GTERI,ok,0.20000000000027285
644,3709.3,3709.6,2025-06-12 12:21:22,2025-06-12 12:21:51,GTERI,GTERI,ok,0.29999999999972715
646,3709.6,3709.9,2025-06-12 12:21:51,2025-06-12 12:22:32,GTERI,GTERI,ok,0.3000000000001819
647,3709.9,3709.9,2025-06-12 12:22:32,2025-06-12 12:22:38,GTERI,GTERI,ok,0.0
648,3709.9,3709.9,2025-06-12 12:22:38,2025-06-12 12:22:41,GTERI,GTERI,ok,0.0
649,3709.9,3710.0,2025-06-12 12:22:41,2025-06-12 12:22:59,GTERI,GTERI,ok,0.09999999999990905
650,3710.0,3710.0,2025-06-12 12:22:59,2025-06-12 12:23:01,GTERI,GTERI,ok,0.0
651,3710.0,3710.0,2025-06-12 12:23:01,2025-06-12 12:23:14,GTERI,GTERI,ok,0.0
652,3710.0,3710.0,2025-06-12 12:23:14,2025-06-12 12:23:24,GTERI,GTIGF,ok,0.0
653,3710.0,3710.0,2025-06-12 12:23:24,2025-06-12 12:23:24,GTIGF,GTSTT,ok,0.0
654,3710.0,3710.0,2025-06-12 12:23:24,2025-06-12 12:23:25,GTSTT,GTERI,ok,0.0
655,3710.0,3710.0,2025-06-12 12:23:25,2025-06-12 12:23:25,GTERI,GTIGL,ok,0.0
656,3710.0,3710.0,2025-06-12 12:23:25,2025-06-12 12:24:09,GTIGL,GTSTT,ok,0.0
659,3710.0,3710.0,2025-06-12 12:24:09,2025-06-12 12:27:41,GTSTT,GTIGN,ok,0.0
660,3710.0,3710.0,2025-06-12 12:27:41,2025-06-12 12:27:41,GTIGN,GTSTT,ok,0.0
661,3710.0,3710.0,2025-06-12 12:27:41,2025-06-12 12:27:42,GTSTT,GTIGF,ok,0.0
662,3710.0,3710.0,2025-06-12 12:27:42,2025-06-12 12:27:42,GTIGF,GTSTT,ok,0.0
663,3710.0,3710.0,2025-06-12 12:27:42,2025-06-12 12:27:42,GTSTT,GTIGL,ok,0.0
664,3710.0,3710.0,2025-06-12 12:27:42,2025-06-12 12:27:42,GTIGL,GTIGL,ok,0.0
665,3710.0,3710.0,2025-06-12 12:27:42,2025-06-12 12:27:43,GTIGL,GTIGN,ok,0.0
666,3710.0,3710.0,2025-06-12 12:27:43,2025-06-12 12:27:43,GTIGN,GTSTT,ok,0.0
667,3710.0,3710.0,2025-06-12 12:27:43,2025-06-12 12:27:43,GTSTT,GTIGL,ok,0.0
668,3710.0,3710.0,2025-06-12 12:27:43,2025-06-12 12:27:47,GTIGL,GTERI,ok,0.0
670,3710.0,3710.2,2025-06-12 12:27:47,2025-06-12 12:29:39,GTERI,GTERI,ok,0.1999999999998181
671,3710.2,3710.2,2025-06-12 12:29:39,2025-06-12 12:29:41,GTERI,GTERI,ok,0.0
673,3710.2,3710.7,2025-06-12 12:29:41,2025-06-12 12:30:27,GTERI,GTERI,ok,0.5
674,3710.7,3711.0,2025-06-12 12:30:27,2025-06-12 12:30:51,GTERI,GTERI,ok,0.3000000000001819
675,3711.0,3711.1,2025-06-12 12:30:51,2025-06-12 12:31:11,GTERI,GTERI,ok,0.09999999999990905
676,3711.1,3711.3,2025-06-12 12:31:11,2025-06-12 12:31:28,GTERI,GTERI,ok,0.20000000000027285
677,3711.3,3711.3,2025-06-12 12:31:28,2025-06-12 12:31:40,GTERI,GTERI,ok,0.0
678,3711.3,3711.4,2025-06-12 12:31:40,2025-06-12 12:31:44,GTERI,GTERI,ok,0.09999999999990905
679,3711.4,3711.4,2025-06-12 12:31:44,2025-06-12 12:32:01,GTERI,GTERI,ok,0.0
680,3711.4,3711.4,2025-06-12 12:32:01,2025-06-12 12:32:05,GTERI,GTERI,ok,0.0
681,3711.4,3711.5,2025-06-12 12:32:05,2025-06-12 12:32:07,GTERI,GTERI,ok,0.09999999999990905
682,3711.5,3711.5,2025-06-12 12:32:07,2025-06-12 12:32:09,GTERI,GTERI,ok,0.0
683,3711.5,3711.5,2025-06-12 12:32:09,2025-06-12 12:32:11,GTERI,GTERI,ok,0.0
685,3711.5,3711.6,2025-06-12 12:32:11,2025-06-12 12:32:28,GTERI,GTERI,ok,0.09999999999990905
686,3711.6,3711.6,2025-06-12 12:32:28,2025-06-12 12:32:53,GTERI,GTERI,ok,0.0
687,3711.6,3711.6,2025-06-12 12:32:53,2025-06-12 12:32:54,GTERI,GTERI,ok,0.0
688,3711.6,3711.6,2025-06-12 12:32:54,2025-06-12 12:32:56,GTERI,GTERI,ok,0.0
689,3711.6,3711.6,2025-06-12 12:32:56,2025-06-12 12:33:01,GTERI,GTERI,ok,0.0
690,3711.6,3711.6,2025-06-12 12:33:01,2025-06-12 12:33:29,GTERI,GTERI,ok,0.0
691,3711.6,3711.6,2025-06-12 12:33:29,2025-06-12 12:33:51,GTERI,GTERI,ok,0.0
692,3711.6,3711.6,2025-06-12 12:33:51,2025-06-12 12:33:58,GTERI,GTIGF,ok,0.0
693,3711.6,3711.6,2025-06-12 12:33:58,2025-06-12 12:33:58,GTIGF,GTSTT,ok,0.0
694,3711.6,3711.6,2025-06-12 12:33:58,2025-06-12 12:33:58,GTSTT,GTERI,ok,0.0
695,3711.6,3711.6,2025-06-12 12:33:58,2025-06-12 12:33:58,GTERI,GTIGL,ok,0.0
697,3711.6,3711.6,2025-06-12 12:33:58,2025-06-12 12:34:38,GTIGL,GTSTT,ok,0.0
699,3711.6,3711.6,2025-06-12 12:34:38,2025-06-12 12:37:52,GTSTT,GTIGN,ok,0.0
700,3711.6,3711.6,2025-06-12 12:37:52,2025-06-12 12:37:52,GTIGN,GTSTT,ok,0.0
701,3711.6,3711.6,2025-06-12 12:37:52,2025-06-12 12:37:53,GTSTT,GTIGF,ok,0.0
702,3711.6,3711.6,2025-06-12 12:37:53,2025-06-12 12:37:53,GTIGF,GTSTT,ok,0.0
703,3711.6,3711.6,2025-06-12 12:37:53,2025-06-12 12:37:53,GTSTT,GTIGL,ok,0.0
704,3711.6,3711.6,2025-06-12 12:37:53,2025-06-12 12:37:53,GTIGL,GTIGL,ok,0.0
705,3711.6,3711.6,2025-06-12 12:37:53,2025-06-12 12:37:54,GTIGL,GTIGN,ok,0.0
706,3711.6,3711.6,2025-06-12 12:37:54,2025-06-12 12:37:54,GTIGN,GTSTT,ok,0.0
707,3711.6,3711.6,2025-06-12 12:37:54,2025-06-12 12:37:54,GTSTT,GTIGL,ok,0.0
708,3711.6,3711.6,2025-06-12 12:37:54,2025-06-12 12:37:58,GTIGL,GTERI,ok,0.0
710,3711.6,3711.6,2025-06-12 12:37:58,2025-06-12 12:38:31,GTERI,GTERI,ok,0.0
711,3711.6,3711.6,2025-06-12 12:38:31,2025-06-12 12:38:34,GTERI,GTERI,ok,0.0
712,3711.6,3711.6,2025-06-12 12:38:34,2025-06-12 12:38:36,GTERI,GTERI,ok,0.0
713,3711.6,3712.0,2025-06-12 12:38:36,2025-06-12 12:39:28,GTERI,GTERI,ok,0.40000000000009095
715,3712.0,3713.0,2025-06-12 12:39:28,2025-06-12 12:41:00,GTERI,GTERI,ok,1.0
717,3713.0,3713.0,2025-06-12 12:41:00,2025-06-12 12:42:31,GTERI,GTERI,ok,0.0
718,3713.0,3713.0,2025-06-12 12:42:31,2025-06-12 12:42:33,GTERI,GTERI,ok,0.0
719,3713.0,3713.1,2025-06-12 12:42:33,2025-06-12 12:42:37,GTERI,GTERI,ok,0.09999999999990905
720,3713.1,3713.2,2025-06-12 12:42:37,2025-06-12 12:43:00,GTERI,GTERI,ok,0.09999999999990905
721,3713.2,3713.3,2025-06-12 12:43:00,2025-06-12 12:43:13,GTERI,GTERI,ok,0.1000000000003638
722,3713.3,3713.6,2025-06-12 12:43:13,2025-06-12 12:44:00,GTERI,GTERI,ok,0.29999999999972715
723,3713.6,3713.6,2025-06-12 12:44:00,2025-06-12 12:44:01,GTERI,GTERI,ok,0.0
725,3713.6,3713.7,2025-06-12 12:44:01,2025-06-12 12:45:45,GTERI,GTERI,ok,0.09999999999990905
726,3713.7,3713.9,2025-06-12 12:45:45,2025-06-12 12:46:20,GTERI,GTERI,ok,0.20000000000027285
728,3713.9,3714.0,2025-06-12 12:46:20,2025-06-12 12:46:45,GTERI,GTERI,ok,0.09999999999990905
729,3714.0,3714.1,2025-06-12 12:46:45,2025-06-12 12:47:00,GTERI,GTERI,ok,0.09999999999990905
730,3714.1,3714.1,2025-06-12 12:47:00,2025-06-12 12:47:01,GTERI,GTERI,ok,0.0
731,3714.1,3714.2,2025-06-12 12:47:01,2025-06-12 12:47:08,GTERI,GTERI,ok,0.09999999999990905
732,3714.2,3714.2,2025-06-12 12:47:08,2025-06-12 12:47:10,GTERI,GTERI,ok,0.0
733,3714.2,3714.2,2025-06-12 12:47:10,2025-06-12 12:47:21,GTERI,GTERI,ok,0.0
735,3714.2,3714.3,2025-06-12 12:47:21,2025-06-12 12:48:41,GTERI,GTIGF,ok,0.1000000000003638
736,3714.3,3714.3,2025-06-12 12:48:41,2025-06-12 12:48:41,GTIGF,GTSTT,ok,0.0
737,3714.3,3714.3,2025-06-12 12:48:41,2025-06-12 12:48:41,GTSTT,GTERI,ok,0.0
738,3714.3,3714.3,2025-06-12 12:48:41,2025-06-12 12:48:41,GTERI,GTIGL,ok,0.0
739,3714.3,3714.3,2025-06-12 12:48:41,2025-06-12 12:49:30,GTIGL,GTSTT,ok,0.0
770,3714.3,3714.3,2025-06-12 12:49:30,2025-06-12 13:48:37,GTSTT,GTERI,ok,0.0
801,3714.3,3714.3,2025-06-12 13:48:37,2025-06-12 14:48:37,GTERI,GTERI,ok,0.0
814,3714.3,3714.3,2025-06-12 14:48:37,2025-06-12 15:12:51,GTERI,GTSTT,ok,0.0
815,3714.3,3714.3,2025-06-12 15:12:51,2025-06-12 15:13:04,GTSTT,GTSTT,ok,0.0
834,3714.3,3714.3,2025-06-12 15:13:04,2025-06-12 15:48:37,GTSTT,GTERI,ok,0.0
866,3714.3,3714.3,2025-06-12 15:48:37,2025-06-12 16:48:37,GTERI,GTERI,ok,0.0
897,3714.3,3714.3,2025-06-12 16:48:37,2025-06-12 17:48:37,GTERI,GTERI,ok,0.0
928,3714.3,3714.3,2025-06-12 17:48:37,2025-06-12 18:48:37,GTERI,GTERI,ok,0.0
959,3714.3,3714.3,2025-06-12 18:48:37,2025-06-12 19:48:37,GTERI,GTERI,ok,0.0
990,3714.3,3714.3,2025-06-12 19:48:37,2025-06-12 20:48:37,GTERI,GTERI,ok,0.0
1021,3714.3,3714.3,2025-06-12 20:48:37,2025-06-12 21:48:37,GTERI,GTERI,ok,0.0
1052,3714.3,3714.3,2025-06-12 21:48:37,2025-06-12 22:48:37,GTERI,GTERI,ok,0.0
1083,3714.3,3714.3,2025-06-12 22:48:37,2025-06-12 23:48:37,GTERI,GTERI,ok,0.0
1114,3714.3,3714.3,2025-06-12 23:48:37,2025-06-13 00:48:37,GTERI,GTERI,ok,0.0
1145,3714.3,3714.3,2025-06-13 00:48:37,2025-06-13 01:48:37,GTERI,GTERI,ok,0.0
1176,3714.3,3714.3,2025-06-13 01:48:37,2025-06-13 02:48:37,GTERI,GTERI,ok,0.0
1207,3714.3,3714.3,2025-06-13 02:48:37,2025-06-13 03:48:37,GTERI,GTERI,ok,0.0
1239,3714.3,3714.3,2025-06-13 03:48:37,2025-06-13 04:48:37,GTERI,GTERI,ok,0.0
1271,3714.3,3714.3,2025-06-13 04:48:37,2025-06-13 05:48:37,GTERI,GTERI,ok,0.0
1302,3714.3,3714.3,2025-06-13 05:48:37,2025-06-13 06:48:37,GTERI,GTERI,ok,0.0
1333,3714.3,3714.3,2025-06-13 06:48:37,2025-06-13 07:48:37,GTERI,GTERI,ok,0.0
1364,3714.3,3714.3,2025-06-13 07:48:37,2025-06-13 08:48:37,GTERI,GTERI,ok,0.0
1395,3714.3,3714.3,2025-06-13 08:48:37,2025-06-13 09:48:37,GTERI,GTERI,ok,0.0
1404,3714.3,3714.3,2025-06-13 09:48:37,2025-06-13 10:04:37,GTERI,GTIGN,ok,0.0
1405,3714.3,3714.3,2025-06-13 10:04:37,2025-06-13 10:04:37,GTIGN,GTSTT,ok,0.0
1406,3714.3,3714.3,2025-06-13 10:04:37,2025-06-13 10:04:38,GTSTT,GTSTT,ok,0.0
1407,3714.3,3714.3,2025-06-13 10:04:38,2025-06-13 10:04:39,GTSTT,GTIGF,ok,0.0
1408,3714.3,3714.3,2025-06-13 10:04:39,2025-06-13 10:04:39,GTIGF,GTSTT,ok,0.0
1409,3714.3,3714.3,2025-06-13 10:04:39,2025-06-13 10:04:40,GTSTT,GTIGN,ok,0.0
1410,3714.3,3714.3,2025-06-13 10:04:40,2025-06-13 10:04:40,GTIGN,GTSTT,ok,0.0
1411,3714.3,3714.4,2025-06-13 10:04:40,2025-06-13 10:04:58,GTSTT,GTERI,ok,0.09999999999990905
1412,3714.4,3714.4,2025-06-13 10:04:58,2025-06-13 10:04:58,GTERI,GTIGL,ok,0.0
1413,3714.4,3714.4,2025-06-13 10:04:58,2025-06-13 10:04:58,GTIGL,GTIGL,ok,0.0
1414,3714.4,3714.4,2025-06-13 10:04:58,2025-06-13 10:04:58,GTIGL,GTIGL,ok,0.0
1415,3714.4,3714.4,2025-06-13 10:04:58,2025-06-13 10:05:26,GTIGL,GTIGF,ok,0.0
1416,3714.4,3714.4,2025-06-13 10:05:26,2025-06-13 10:05:26,GTIGF,GTSTT,ok,0.0
1417,3714.4,3714.4,2025-06-13 10:05:26,2025-06-13 10:05:27,GTSTT,GTERI,ok,0.0
1418,3714.4,3714.4,2025-06-13 10:05:27,2025-06-13 10:05:27,GTERI,GTIGL,ok,0.0
1420,3714.4,3714.4,2025-06-13 10:05:27,2025-06-13 10:06:07,GTIGL,GTSTT,ok,0.0
1450,3714.4,3714.4,2025-06-13 10:06:07,2025-06-13 11:05:21,GTSTT,GTERI,ok,0.0
1481,3714.4,3714.4,2025-06-13 11:05:21,2025-06-13 12:05:21,GTERI,GTERI,ok,0.0
1512,3714.4,3714.4,2025-06-13 12:05:21,2025-06-13 13:05:21,GTERI,GTERI,ok,0.0
1543,3714.4,3714.4,2025-06-13 13:05:21,2025-06-13 14:04:31,GTERI,GTIGN,ok,0.0
1544,3714.4,3714.4,2025-06-13 14:04:31,2025-06-13 14:04:31,GTIGN,GTSTT,ok,0.0
1545,3714.4,3714.4,2025-06-13 14:04:31,2025-06-13 14:04:42,GTSTT,GTIGF,ok,0.0
1546,3714.4,3714.4,2025-06-13 14:04:42,2025-06-13 14:04:42,GTIGF,GTSTT,ok,0.0
1547,3714.4,3714.4,2025-06-13 14:04:42,2025-06-13 14:04:43,GTSTT,GTIGN,ok,0.0
1548,3714.4,3714.4,2025-06-13 14:04:43,2025-06-13 14:04:43,GTIGN,GTSTT,ok,0.0
1549,3714.4,3714.4,2025-06-13 14:04:43,2025-06-13 14:04:44,GTSTT,GTIGL,ok,0.0
1550,3714.4,3714.4,2025-06-13 14:04:44,2025-06-13 14:04:44,GTIGL,GTIGL,ok,0.0
1551,3714.4,3714.4,2025-06-13 14:04:44,2025-06-13 14:04:44,GTIGL,GTIGL,ok,0.0
1552,3714.4,3714.4,2025-06-13 14:04:44,2025-06-13 14:04:47,GTIGL,GTERI,ok,0.0
1554,3714.4,3714.5,2025-06-13 14:04:47,2025-06-13 14:07:26,GTERI,GTERI,ok,0.09999999999990905
1555,3714.5,3714.5,2025-06-13 14:07:26,2025-06-13 14:07:28,GTERI,GTERI,ok,0.0
1556,3714.5,3714.5,2025-06-13 14:07:28,2025-06-13 14:07:35,GTERI,GTERI,ok,0.0
1557,3714.5,3714.5,2025-06-13 14:07:35,2025-06-13 14:07:38,GTERI,GTERI,ok,0.0
1559,3714.5,3714.6,2025-06-13 14:07:38,2025-06-13 14:07:48,GTERI,GTERI,ok,0.09999999999990905
1560,3714.6,3714.7,2025-06-13 14:07:48,2025-06-13 14:08:04,GTERI,GTERI,ok,0.09999999999990905
1561,3714.7,3714.9,2025-06-13 14:08:04,2025-06-13 14:08:32,GTERI,GTERI,ok,0.20000000000027285
1563,3714.9,3715.9,2025-06-13 14:08:32,2025-06-13 14:10:15,GTERI,GTERI,ok,1.0
1564,3715.9,3715.9,2025-06-13 14:10:15,2025-06-13 14:10:15,GTERI,GTERI,ok,0.0
1565,3715.9,3716.3,2025-06-13 14:10:15,2025-06-13 14:10:48,GTERI,GTERI,ok,0.40000000000009095
1566,3716.3,3716.3,2025-06-13 14:10:48,2025-06-13 14:11:14,GTERI,GTERI,ok,0.0
1567,3716.3,3716.4,2025-06-13 14:11:14,2025-06-13 14:11:25,GTERI,GTERI,ok,0.09999999999990905
1568,3716.4,3716.4,2025-06-13 14:11:25,2025-06-13 14:11:31,GTERI,GTERI,ok,0.0
1570,3716.4,3716.6,2025-06-13 14:11:31,2025-06-13 14:11:55,GTERI,GTERI,ok,0.1999999999998181
1571,3716.6,3716.7,2025-06-13 14:11:55,2025-06-13 14:12:05,GTERI,GTERI,ok,0.09999999999990905
1572,3716.7,3716.8,2025-06-13 14:12:05,2025-06-13 14:12:10,GTERI,GTERI,ok,0.1000000000003638
1573,3716.8,3717.1,2025-06-13 14:12:10,2025-06-13 14:12:34,GTERI,GTERI,ok,0.29999999999972715
1574,3717.1,3717.3,2025-06-13 14:12:34,2025-06-13 14:13:07,GTERI,GTERI,ok,0.20000000000027285
1576,3717.3,3717.5,2025-06-13 14:13:07,2025-06-13 14:13:48,GTERI,GTERI,ok,0.1999999999998181
1577,3717.5,3718.4,2025-06-13 14:13:48,2025-06-13 14:15:41,GTERI,GTERI,ok,0.900000000000091
1579,3718.4,3718.4,2025-06-13 14:15:41,2025-06-13 14:15:52,GTERI,GTERI,ok,0.0
1580,3718.4,3718.7,2025-06-13 14:15:52,2025-06-13 14:16:28,GTERI,GTERI,ok,0.29999999999972715
1581,3718.7,3718.8,2025-06-13 14:16:28,2025-06-13 14:16:36,GTERI,GTERI,ok,0.1000000000003638
1582,3718.8,3718.9,2025-06-13 14:16:36,2025-06-13 14:16:42,GTERI,GTERI,ok,0.09999999999990905
1583,3718.9,3718.9,2025-06-13 14:16:42,2025-06-13 14:16:48,GTERI,GTERI,ok,0.0
1584,3718.9,3718.9,2025-06-13 14:16:48,2025-06-13 14:17:39,GTERI,GTERI,ok,0.0
1587,3718.9,3719.7,2025-06-13 14:17:39,2025-06-13 14:19:48,GTERI,GTERI,ok,0.7999999999997272
1588,3719.7,3719.8,2025-06-13 14:19:48,2025-06-13 14:20:51,GTERI,GTERI,ok,0.1000000000003638
1589,3719.8,3719.8,2025-06-13 14:20:51,2025-06-13 14:20:52,GTERI,GTERI,ok,0.0
1590,3719.8,3719.8,2025-06-13 14:20:52,2025-06-13 14:20:53,GTERI,GTERI,ok,0.0
1592,3719.8,3720.0,2025-06-13 14:20:53,2025-06-13 14:22:18,GTERI,GTERI,ok,0.1999999999998181
1593,3720.0,3720.0,2025-06-13 14:22:18,2025-06-13 14:22:21,GTERI,GTERI,ok,0.0
1594,3720.0,3720.0,2025-06-13 14:22:21,2025-06-13 14:22:25,GTERI,GTERI,ok,0.0
1595,3720.0,3720.1,2025-06-13 14:22:25,2025-06-13 14:22:48,GTERI,GTERI,ok,0.09999999999990905
1596,3720.1,3720.2,2025-06-13 14:22:48,2025-06-13 14:23:12,GTERI,GTERI,ok,0.09999999999990905
1597,3720.2,3720.2,2025-06-13 14:23:12,2025-06-13 14:23:28,GTERI,GTERI,ok,0.0
1598,3720.2,3720.2,2025-06-13 14:23:28,2025-06-13 14:23:38,GTERI,GTERI,ok,0.0
1599,3720.2,3720.2,2025-06-13 14:23:38,2025-06-13 14:23:43,GTERI,GTERI,ok,0.0
1601,3720.2,3720.3,2025-06-13 14:23:43,2025-06-13 14:23:53,GTERI,GTERI,ok,0.1000000000003638
1602,3720.3,3720.3,2025-06-13 14:23:53,2025-06-13 14:24:01,GTERI,GTERI,ok,0.0
1603,3720.3,3720.4,2025-06-13 14:24:01,2025-06-13 14:25:24,GTERI,GTERI,ok,0.09999999999990905
1605,3720.4,3720.6,2025-06-13 14:25:24,2025-06-13 14:25:48,GTERI,GTERI,ok,0.1999999999998181
1606,3720.6,3721.0,2025-06-13 14:25:48,2025-06-13 14:27:22,GTERI,GTERI,ok,0.40000000000009095
1607,3721.0,3721.0,2025-06-13 14:27:22,2025-06-13 14:27:24,GTERI,GTERI,ok,0.0
1609,3721.0,3721.0,2025-06-13 14:27:24,2025-06-13 14:27:53,GTERI,GTIGF,ok,0.0
1610,3721.0,3721.0,2025-06-13 14:27:53,2025-06-13 14:27:53,GTIGF,GTSTT,ok,0.0
1611,3721.0,3721.0,2025-06-13 14:27:53,2025-06-13 14:27:53,GTSTT,GTERI,ok,0.0
1612,3721.0,3721.0,2025-06-13 14:27:53,2025-06-13 14:27:54,GTERI,GTIGL,ok,0.0
1614,3721.0,3721.0,2025-06-13 14:27:54,2025-06-13 14:30:10,GTIGL,GTSTT,ok,0.0
1619,3721.0,3721.0,2025-06-13 14:30:10,2025-06-13 14:39:13,GTSTT,GTSTT,ok,0.0
1620,3721.0,3721.0,2025-06-13 14:39:13,2025-06-13 14:39:38,GTSTT,GTSTT,ok,0.0
1643,3721.0,3721.0,2025-06-13 14:39:38,2025-06-13 15:22:25,GTSTT,GTIGN,ok,0.0
1644,3721.0,3721.0,2025-06-13 15:22:25,2025-06-13 15:22:25,GTIGN,GTSTT,ok,0.0
1645,3721.0,3721.0,2025-06-13 15:22:25,2025-06-13 15:22:26,GTSTT,GTIGF,ok,0.0
1646,3721.0,3721.0,2025-06-13 15:22:26,2025-06-13 15:22:26,GTIGF,GTSTT,ok,0.0
1647,3721.0,3721.0,2025-06-13 15:22:26,2025-06-13 15:22:27,GTSTT,GTIGN,ok,0.0
1648,3721.0,3721.0,2025-06-13 15:22:27,2025-06-13 15:22:27,GTIGN,GTSTT,ok,0.0
1649,3721.0,3721.0,2025-06-13 15:22:27,2025-06-13 15:22:43,GTSTT,GTERI,ok,0.0
1650,3721.0,3721.0,2025-06-13 15:22:43,2025-06-13 15:22:43,GTERI,GTIGL,ok,0.0
1651,3721.0,3721.0,2025-06-13 15:22:43,2025-06-13 15:22:43,GTIGL,GTIGL,ok,0.0
1652,3721.0,3721.0,2025-06-13 15:22:43,2025-06-13 15:22:43,GTIGL,GTIGL,ok,0.0
1654,3721.0,3721.1,2025-06-13 15:22:43,2025-06-13 15:23:52,GTIGL,GTIGF,ok,0.09999999999990905
1655,3721.1,3721.1,2025-06-13 15:23:52,2025-06-13 15:23:52,GTIGF,GTSTT,ok,0.0
1656,3721.1,3721.1,2025-06-13 15:23:52,2025-06-13 15:23:52,GTSTT,GTERI,ok,0.0
1657,3721.1,3721.1,2025-06-13 15:23:52,2025-06-13 15:23:52,GTERI,GTIGL,ok,0.0
1658,3721.1,3721.1,2025-06-13 15:23:52,2025-06-13 15:24:32,GTIGL,GTSTT,ok,0.0
1692,3721.1,3721.1,2025-06-13 15:24:32,2025-06-13 16:23:47,GTSTT,GTERI,ok,0.0
1723,3721.1,3721.1,2025-06-13 16:23:47,2025-06-13 17:23:47,GTERI,GTERI,ok,0.0
1754,3721.1,3721.1,2025-06-13 17:23:47,2025-06-13 18:23:47,GTERI,GTERI,ok,0.0
1785,3721.1,3721.1,2025-06-13 18:23:47,2025-06-13 19:23:47,GTERI,GTERI,ok,0.0
1816,3721.1,3721.1,2025-06-13 19:23:47,2025-06-13 20:23:47,GTERI,GTERI,ok,0.0
1847,3721.1,3721.1,2025-06-13 20:23:47,2025-06-13 21:23:47,GTERI,GTERI,ok,0.0
1867,3721.1,3721.1,2025-06-13 21:23:47,2025-06-13 22:01:29,GTERI,GTIGN,ok,0.0
1868,3721.1,3721.1,2025-06-13 22:01:29,2025-06-13 22:01:29,GTIGN,GTSTT,ok,0.0
1869,3721.1,3721.1,2025-06-13 22:01:29,2025-06-13 22:01:33,GTSTT,GTIGF,ok,0.0
1870,3721.1,3721.1,2025-06-13 22:01:33,2025-06-13 22:01:33,GTIGF,GTSTT,ok,0.0
1871,3721.1,3721.1,2025-06-13 22:01:33,2025-06-13 22:01:35,GTSTT,GTIGN,ok,0.0
1872,3721.1,3721.1,2025-06-13 22:01:35,2025-06-13 22:01:35,GTIGN,GTSTT,ok,0.0
1873,3721.1,3721.3,2025-06-13 22:01:35,2025-06-13 22:02:11,GTSTT,GTERI,ok,0.20000000000027285
1874,3721.3,3721.3,2025-06-13 22:02:11,2025-06-13 22:02:11,GTERI,GTIGL,ok,0.0
1875,3721.3,3721.3,2025-06-13 22:02:11,2025-06-13 22:02:11,GTIGL,GTIGL,ok,0.0
1876,3721.3,3721.3,2025-06-13 22:02:11,2025-06-13 22:02:11,GTIGL,GTIGL,ok,0.0
1877,3721.3,3721.4,2025-06-13 22:02:11,2025-06-13 22:02:16,GTIGL,GTERI,ok,0.09999999999990905
1878,3721.4,3721.5,2025-06-13 22:02:16,2025-06-13 22:02:28,GTERI,GTERI,ok,0.09999999999990905
1879,3721.5,3721.5,2025-06-13 22:02:28,2025-06-13 22:02:30,GTERI,GTERI,ok,0.0
1880,3721.5,3721.6,2025-06-13 22:02:30,2025-06-13 22:02:47,GTERI,GTERI,ok,0.09999999999990905
1881,3721.6,3721.6,2025-06-13 22:02:47,2025-06-13 22:02:49,GTERI,GTERI,ok,0.0
1883,3721.6,3721.6,2025-06-13 22:02:49,2025-06-13 22:02:55,GTERI,GTERI,ok,0.0
1884,3721.6,3721.6,2025-06-13 22:02:55,2025-06-13 22:03:04,GTERI,GTIGF,ok,0.0
1885,3721.6,3721.6,2025-06-13 22:03:04,2025-06-13 22:03:04,GTIGF,GTSTT,ok,0.0
1886,3721.6,3721.6,2025-06-13 22:03:04,2025-06-13 22:03:04,GTSTT,GTERI,ok,0.0
1887,3721.6,3721.6,2025-06-13 22:03:04,2025-06-13 22:03:04,GTERI,GTIGL,ok,0.0
1888,3721.6,3721.6,2025-06-13 22:03:04,2025-06-13 22:04:15,GTIGL,GTSTT,ok,0.0
1890,3721.6,3721.6,2025-06-13 22:04:15,2025-06-13 22:06:38,GTSTT,GTSTT,ok,0.0
1892,3721.6,3721.6,2025-06-13 22:06:38,2025-06-13 22:07:48,GTSTT,GTSTT,ok,0.0
1893,3721.6,3721.6,2025-06-13 22:07:48,2025-06-13 22:08:43,GTSTT,GTIGN,ok,0.0
1894,3721.6,3721.6,2025-06-13 22:08:43,2025-06-13 22:08:43,GTIGN,GTSTT,ok,0.0
1895,3721.6,3721.6,2025-06-13 22:08:43,2025-06-13 22:08:51,GTSTT,GTERI,ok,0.0
1896,3721.6,3721.6,2025-06-13 22:08:51,2025-06-13 22:08:51,GTERI,GTIGL,ok,0.0
1897,3721.6,3721.6,2025-06-13 22:08:51,2025-06-13 22:08:52,GTIGL,GTIGF,ok,0.0
1898,3721.6,3721.6,2025-06-13 22:08:52,2025-06-13 22:08:52,GTIGF,GTSTT,ok,0.0
1899,3721.6,3721.6,2025-06-13 22:08:52,2025-06-13 22:08:52,GTSTT,GTERI,ok,0.0
1900,3721.6,3721.6,2025-06-13 22:08:52,2025-06-13 22:08:52,GTERI,GTIGL,ok,0.0
1901,3721.6,3721.6,2025-06-13 22:08:52,2025-06-13 22:08:53,GTIGL,GTIGN,ok,0.0
1903,3721.6,3721.6,2025-06-13 22:08:53,2025-06-13 22:08:53,GTIGN,GTSTT,ok,0.0
1904,3721.6,3721.6,2025-06-13 22:08:53,2025-06-13 22:08:53,GTSTT,GTIGL,ok,0.0
1905,3721.6,3721.6,2025-06-13 22:08:53,2025-06-13 22:08:57,GTIGL,GTERI,ok,0.0
1906,3721.6,3721.7,2025-06-13 22:08:57,2025-06-13 22:10:01,GTERI,GTERI,ok,0.09999999999990905
1907,3721.7,3721.7,2025-06-13 22:10:01,2025-06-13 22:10:05,GTERI,GTERI,ok,0.0
1909,3721.7,3722.5,2025-06-13 22:10:05,2025-06-13 22:11:51,GTERI,GTERI,ok,0.8000000000001819
1910,3722.5,3722.5,2025-06-13 22:11:51,2025-06-13 22:11:58,GTERI,GTERI,ok,0.0
1911,3722.5,3722.7,2025-06-13 22:11:58,2025-06-13 22:12:26,GTERI,GTERI,ok,0.1999999999998181
1913,3722.7,3722.9,2025-06-13 22:12:26,2025-06-13 22:13:03,GTERI,GTERI,ok,0.20000000000027285
1914,3722.9,3722.9,2025-06-13 22:13:03,2025-06-13 22:13:05,GTERI,GTERI,ok,0.0
1915,3722.9,3723.5,2025-06-13 22:13:05,2025-06-13 22:14:17,GTERI,GTERI,ok,0.599999999999909
1916,3723.5,3723.7,2025-06-13 22:14:17,2025-06-13 22:14:47,GTERI,GTERI,ok,0.1999999999998181
1918,3723.7,3723.8,2025-06-13 22:14:47,2025-06-13 22:14:58,GTERI,GTERI,ok,0.1000000000003638
1919,3723.8,3724.1,2025-06-13 22:14:58,2025-06-13 22:15:23,GTERI,GTERI,ok,0.29999999999972715
1920,3724.1,3724.5,2025-06-13 22:15:23,2025-06-13 22:16:13,GTERI,GTERI,ok,0.40000000000009095
1921,3724.5,3724.8,2025-06-13 22:16:13,2025-06-13 22:16:53,GTERI,GTERI,ok,0.3000000000001819
1923,3724.8,3724.8,2025-06-13 22:16:53,2025-06-13 22:17:02,GTERI,GTERI,ok,0.0
1924,3724.8,3724.9,2025-06-13 22:17:02,2025-06-13 22:17:05,GTERI,GTERI,ok,0.09999999999990905
1925,3724.9,3724.9,2025-06-13 22:17:05,2025-06-13 22:17:07,GTERI,GTERI,ok,0.0
1926,3724.9,3724.9,2025-06-13 22:17:07,2025-06-13 22:17:13,GTERI,GTERI,ok,0.0
1927,3724.9,3725.3,2025-06-13 22:17:13,2025-06-13 22:17:58,GTERI,GTERI,ok,0.40000000000009095
1928,3725.3,3725.3,2025-06-13 22:17:58,2025-06-13 22:18:05,GTERI,GTERI,ok,0.0
1930,3725.3,3725.8,2025-06-13 22:18:05,2025-06-13 22:18:57,GTERI,GTERI,ok,0.5
1931,3725.8,3726.1,2025-06-13 22:18:57,2025-06-13 22:19:39,GTERI,GTERI,ok,0.29999999999972715
1932,3726.1,3726.2,2025-06-13 22:19:39,2025-06-13 22:19:44,GTERI,GTERI,ok,0.09999999999990905
1933,3726.2,3726.4,2025-06-13 22:19:44,2025-06-13 22:20:07,GTERI,GTERI,ok,0.20000000000027285
1934,3726.4,3726.4,2025-06-13 22:20:07,2025-06-13 22:20:17,GTERI,GTERI,ok,0.0
1935,3726.4,3726.5,2025-06-13 22:20:17,2025-06-13 22:20:22,GTERI,GTERI,ok,0.09999999999990905
1936,3726.5,3726.5,2025-06-13 22:20:22,2025-06-13 22:20:30,GTERI,GTERI,ok,0.0
1937,3726.5,3726.5,2025-06-13 22:20:30,2025-06-13 22:20:34,GTERI,GTERI,ok,0.0
1938,3726.5,3726.5,2025-06-13 22:20:34,2025-06-13 22:20:36,GTERI,GTERI,ok,0.0
1939,3726.5,3726.6,2025-06-13 22:20:36,2025-06-13 22:20:38,GTERI,GTERI,ok,0.09999999999990905
1941,3726.6,3726.8,2025-06-13 22:20:38,2025-06-13 22:20:58,GTERI,GTERI,ok,0.20000000000027285
1942,3726.8,3727.0,2025-06-13 22:20:58,2025-06-13 22:21:33,GTERI,GTERI,ok,0.1999999999998181
1943,3727.0,3727.0,2025-06-13 22:21:33,2025-06-13 22:21:40,GTERI,GTERI,ok,0.0
1944,3727.0,3727.0,2025-06-13 22:21:40,2025-06-13 22:21:43,GTERI,GTERI,ok,0.0
1946,3727.0,3728.0,2025-06-13 22:21:43,2025-06-13 22:22:59,GTERI,GTERI,ok,1.0
1947,3728.0,3728.1,2025-06-13 22:22:59,2025-06-13 22:23:22,GTERI,GTERI,ok,0.09999999999990905
1948,3728.1,3728.1,2025-06-13 22:23:22,2025-06-13 22:23:24,GTERI,GTERI,ok,0.0
1949,3728.1,3728.2,2025-06-13 22:23:24,2025-06-13 22:23:29,GTERI,GTERI,ok,0.09999999999990905
1950,3728.2,3728.2,2025-06-13 22:23:29,2025-06-13 22:23:47,GTERI,GTERI,ok,0.0
1951,3728.2,3728.2,2025-06-13 22:23:47,2025-06-13 22:23:49,GTERI,GTERI,ok,0.0
1952,3728.2,3728.3,2025-06-13 22:23:49,2025-06-13 22:23:55,GTERI,GTERI,ok,0.1000000000003638
1953,3728.3,3728.3,2025-06-13 22:23:55,2025-06-13 22:23:58,GTERI,GTERI,ok,0.0
1954,3728.3,3728.3,2025-06-13 22:23:58,2025-06-13 22:24:00,GTERI,GTERI,ok,0.0
1955,3728.3,3728.3,2025-06-13 22:24:00,2025-06-13 22:24:03,GTERI,GTERI,ok,0.0
1956,3728.3,3728.4,2025-06-13 22:24:03,2025-06-13 22:24:20,GTERI,GTERI,ok,0.09999999999990905
1957,3728.4,3728.4,2025-06-13 22:24:20,2025-06-13 22:24:27,GTERI,GTERI,ok,0.0
1959,3728.4,3728.4,2025-06-13 22:24:27,2025-06-13 22:25:13,GTERI,GTIGF,ok,0.0
1960,3728.4,3728.4,2025-06-13 22:25:13,2025-06-13 22:25:13,GTIGF,GTSTT,ok,0.0
1961,3728.4,3728.4,2025-06-13 22:25:13,2025-06-13 22:25:13,GTSTT,GTERI,ok,0.0
1962,3728.4,3728.4,2025-06-13 22:25:13,2025-06-13 22:25:13,GTERI,GTIGL,ok,0.0
1963,3728.4,3728.4,2025-06-13 22:25:13,2025-06-13 22:26:17,GTIGL,GTSTT,ok,0.0
1965,3728.4,3728.4,2025-06-13 22:26:17,2025-06-13 22:28:03,GTSTT,GTIGN,ok,0.0
1966,3728.4,3728.4,2025-06-13 22:28:03,2025-06-13 22:28:03,GTIGN,GTSTT,ok,0.0
1967,3728.4,3728.4,2025-06-13 22:28:03,2025-06-13 22:28:03,GTSTT,GTIGL,ok,0.0
1968,3728.4,3728.4,2025-06-13 22:28:03,2025-06-13 22:28:04,GTIGL,GTIGF,ok,0.0
1969,3728.4,3728.4,2025-06-13 22:28:04,2025-06-13 22:28:04,GTIGF,GTSTT,ok,0.0
1970,3728.4,3728.4,2025-06-13 22:28:04,2025-06-13 22:28:05,GTSTT,GTIGL,ok,0.0
1971,3728.4,3728.4,2025-06-13 22:28:05,2025-06-13 22:28:05,GTIGL,GTIGN,ok,0.0
1972,3728.4,3728.4,2025-06-13 22:28:05,2025-06-13 22:28:05,GTIGN,GTSTT,ok,0.0
1973,3728.4,3728.4,2025-06-13 22:28:05,2025-06-13 22:28:06,GTSTT,GTIGL,ok,0.0
1974,3728.4,3728.4,2025-06-13 22:28:06,2025-06-13 22:28:10,GTIGL,GTERI,ok,0.0
1975,3728.4,3728.4,2025-06-13 22:28:10,2025-06-13 22:28:12,GTERI,GTERI,ok,0.0
1976,3728.4,3728.4,2025-06-13 22:28:12,2025-06-13 22:28:16,GTERI,GTERI,ok,0.0
1977,3728.4,3728.4,2025-06-13 22:28:16,2025-06-13 22:28:17,GTERI,GTERI,ok,0.0
1978,3728.4,3728.4,2025-06-13 22:28:17,2025-06-13 22:28:31,GTERI,GTIGF,ok,0.0
1979,3728.4,3728.4,2025-06-13 22:28:31,2025-06-13 22:28:31,GTIGF,GTSTT,ok,0.0
1980,3728.4,3728.4,2025-06-13 22:28:31,2025-06-13 22:28:32,GTSTT,GTERI,ok,0.0
1981,3728.4,3728.4,2025-06-13 22:28:32,2025-06-13 22:28:32,GTERI,GTIGL,ok,0.0
1983,3728.4,3728.4,2025-06-13 22:28:32,2025-06-13 22:29:30,GTIGL,GTSTT,ok,0.0
2013,3728.4,3728.4,2025-06-13 22:29:30,2025-06-13 23:28:27,GTSTT,GTERI,ok,0.0
2044,3728.4,3728.4,2025-06-13 23:28:27,2025-06-14 00:28:27,GTERI,GTERI,ok,0.0
2076,3728.4,3728.4,2025-06-14 00:28:27,2025-06-14 01:28:27,GTERI,GTERI,ok,0.0
2107,3728.4,3728.4,2025-06-14 01:28:27,2025-06-14 02:28:27,GTERI,GTERI,ok,0.0
2138,3728.4,3728.4,2025-06-14 02:28:27,2025-06-14 03:28:27,GTERI,GTERI,ok,0.0
2170,3728.4,3728.4,2025-06-14 03:28:27,2025-06-14 04:28:27,GTERI,GTERI,ok,0.0
2201,3728.4,3728.4,2025-06-14 04:28:27,2025-06-14 05:28:27,GTERI,GTERI,ok,0.0
2232,3728.4,3728.4,2025-06-14 05:28:27,2025-06-14 06:28:27,GTERI,GTERI,ok,0.0
2263,3728.4,3728.4,2025-06-14 06:28:27,2025-06-14 07:28:27,GTERI,GTERI,ok,0.0
2294,3728.4,3728.4,2025-06-14 07:28:27,2025-06-14 08:28:27,GTERI,GTERI,ok,0.0
2325,3728.4,3728.4,2025-06-14 08:28:27,2025-06-14 09:28:27,GTERI,GTERI,ok,0.0
2356,3728.4,3728.4,2025-06-14 09:28:27,2025-06-14 10:28:27,GTERI,GTERI,ok,0.0
2357,3728.4,3728.4,2025-06-14 10:28:27,2025-06-14 10:28:36,GTERI,GTSTT,ok,0.0
2359,3728.4,3728.4,2025-06-14 10:28:36,2025-06-14 10:30:45,GTSTT,GTSTT,ok,0.0
2389,3728.4,3728.4,2025-06-14 10:30:45,2025-06-14 11:28:27,GTSTT,GTERI,ok,0.0
2420,3728.4,3728.4,2025-06-14 11:28:27,2025-06-14 12:28:27,GTERI,GTERI,ok,0.0
2451,3728.4,3728.4,2025-06-14 12:28:27,2025-06-14 13:28:27,GTERI,GTERI,ok,0.0
2469,3728.4,3728.4,2025-06-14 13:28:27,2025-06-14 14:03:29,GTERI,GTIGN,ok,0.0
2470,3728.4,3728.4,2025-06-14 14:03:29,2025-06-14 14:03:29,GTIGN,GTSTT,ok,0.0
2472,3728.4,3728.4,2025-06-14 14:03:29,2025-06-14 14:03:56,GTSTT,GTIGF,ok,0.0
2473,3728.4,3728.4,2025-06-14 14:03:56,2025-06-14 14:03:56,GTIGF,GTSTT,ok,0.0
2474,3728.4,3728.4,2025-06-14 14:03:56,2025-06-14 14:03:58,GTSTT,GTIGN,ok,0.0
2475,3728.4,3728.4,2025-06-14 14:03:58,2025-06-14 14:03:58,GTIGN,GTSTT,ok,0.0
2476,3728.4,3728.4,2025-06-14 14:03:58,2025-06-14 14:04:23,GTSTT,GTERI,ok,0.0
2477,3728.4,3728.4,2025-06-14 14:04:23,2025-06-14 14:04:23,GTERI,GTIGL,ok,0.0
2478,3728.4,3728.4,2025-06-14 14:04:23,2025-06-14 14:04:23,GTIGL,GTIGL,ok,0.0
2479,3728.4,3728.4,2025-06-14 14:04:23,2025-06-14 14:04:23,GTIGL,GTIGL,ok,0.0
2480,3728.4,3728.4,2025-06-14 14:04:23,2025-06-14 14:05:40,GTIGL,GTERI,ok,0.0
2481,3728.4,3728.5,2025-06-14 14:05:40,2025-06-14 14:05:44,GTERI,GTERI,ok,0.09999999999990905
2483,3728.5,3728.5,2025-06-14 14:05:44,2025-06-14 14:05:48,GTERI,GTERI,ok,0.0
2484,3728.5,3728.5,2025-06-14 14:05:48,2025-06-14 14:05:50,GTERI,GTERI,ok,0.0
2485,3728.5,3728.5,2025-06-14 14:05:50,2025-06-14 14:05:58,GTERI,GTERI,ok,0.0
2486,3728.5,3728.5,2025-06-14 14:05:58,2025-06-14 14:06:01,GTERI,GTERI,ok,0.0
2487,3728.5,3728.5,2025-06-14 14:06:01,2025-06-14 14:06:03,GTERI,GTERI,ok,0.0
2488,3728.5,3728.7,2025-06-14 14:06:03,2025-06-14 14:06:22,GTERI,GTERI,ok,0.1999999999998181
2489,3728.7,3728.7,2025-06-14 14:06:22,2025-06-14 14:06:28,GTERI,GTERI,ok,0.0
2490,3728.7,3728.7,2025-06-14 14:06:28,2025-06-14 14:06:30,GTERI,GTERI,ok,0.0
2491,3728.7,3728.8,2025-06-14 14:06:30,2025-06-14 14:06:41,GTERI,GTERI,ok,0.1000000000003638
2492,3728.8,3728.8,2025-06-14 14:06:41,2025-06-14 14:06:43,GTERI,GTERI,ok,0.0
2493,3728.8,3728.8,2025-06-14 14:06:43,2025-06-14 14:07:03,GTERI,GTERI,ok,0.0
2495,3728.8,3728.8,2025-06-14 14:07:03,2025-06-14 14:08:43,GTERI,GTIGF,ok,0.0
2496,3728.8,3728.8,2025-06-14 14:08:43,2025-06-14 14:08:43,GTIGF,GTSTT,ok,0.0
2497,3728.8,3728.8,2025-06-14 14:08:43,2025-06-14 14:08:43,GTSTT,GTIGN,ok,0.0
2498,3728.8,3728.8,2025-06-14 14:08:43,2025-06-14 14:08:43,GTIGN,GTSTT,ok,0.0
2499,3728.8,3728.8,2025-06-14 14:08:43,2025-06-14 14:08:43,GTSTT,GTIGL,ok,0.0
2500,3728.8,3728.8,2025-06-14 14:08:43,2025-06-14 14:08:43,GTIGL,GTIGL,ok,0.0
2501,3728.8,3728.8,2025-06-14 14:08:43,2025-06-14 14:08:43,GTIGL,GTIGF,ok,0.0
2502,3728.8,3728.8,2025-06-14 14:08:43,2025-06-14 14:08:43,GTIGF,GTSTT,ok,0.0
2503,3728.8,3728.8,2025-06-14 14:08:43,2025-06-14 14:08:44,GTSTT,GTIGL,ok,0.0
2504,3728.8,3728.8,2025-06-14 14:08:44,2025-06-14 14:09:28,GTIGL,GTSTT,ok,0.0
2510,3728.8,3728.8,2025-06-14 14:09:28,2025-06-14 14:18:02,GTSTT,GTSTT,ok,0.0
2511,3728.8,3728.8,2025-06-14 14:18:02,2025-06-14 14:18:35,GTSTT,GTIGN,ok,0.0
2512,3728.8,3728.8,2025-06-14 14:18:35,2025-06-14 14:18:35,GTIGN,GTSTT,ok,0.0
2513,3728.8,3728.8,2025-06-14 14:18:35,2025-06-14 14:18:36,GTSTT,GTIGF,ok,0.0
2514,3728.8,3728.8,2025-06-14 14:18:36,2025-06-14 14:18:36,GTIGF,GTSTT,ok,0.0
2515,3728.8,3728.8,2025-06-14 14:18:36,2025-06-14 14:18:37,GTSTT,GTIGN,ok,0.0
2516,3728.8,3728.8,2025-06-14 14:18:37,2025-06-14 14:18:37,GTIGN,GTSTT,ok,0.0
2517,3728.8,3728.8,2025-06-14 14:18:37,2025-06-14 14:18:46,GTSTT,GTERI,ok,0.0
2518,3728.8,3728.8,2025-06-14 14:18:46,2025-06-14 14:18:46,GTERI,GTIGL,ok,0.0
2519,3728.8,3728.8,2025-06-14 14:18:46,2025-06-14 14:18:46,GTIGL,GTIGL,ok,0.0
2520,3728.8,3728.8,2025-06-14 14:18:46,2025-06-14 14:18:46,GTIGL,GTIGL,ok,0.0
2522,3728.8,3728.8,2025-06-14 14:18:46,2025-06-14 14:21:44,GTIGL,GTERI,ok,0.0
2524,3728.8,3728.9,2025-06-14 14:21:44,2025-06-14 14:23:27,GTERI,GTERI,ok,0.09999999999990905
2525,3728.9,3729.0,2025-06-14 14:23:27,2025-06-14 14:23:34,GTERI,GTERI,ok,0.09999999999990905
2526,3729.0,3729.0,2025-06-14 14:23:34,2025-06-14 14:23:37,GTERI,GTERI,ok,0.0
2527,3729.0,3729.0,2025-06-14 14:23:37,2025-06-14 14:23:39,GTERI,GTERI,ok,0.0
2529,3729.0,3729.1,2025-06-14 14:23:39,2025-06-14 14:23:58,GTERI,GTERI,ok,0.09999999999990905
2530,3729.1,3729.2,2025-06-14 14:23:58,2025-06-14 14:24:00,GTERI,GTERI,ok,0.09999999999990905
2531,3729.2,3729.4,2025-06-14 14:24:00,2025-06-14 14:24:34,GTERI,GTERI,ok,0.20000000000027285
2532,3729.4,3729.4,2025-06-14 14:24:34,2025-06-14 14:24:36,GTERI,GTERI,ok,0.0
2533,3729.4,3729.4,2025-06-14 14:24:36,2025-06-14 14:24:37,GTERI,GTERI,ok,0.0
2534,3729.4,3729.5,2025-06-14 14:24:37,2025-06-14 14:24:39,GTERI,GTERI,ok,0.09999999999990905
2535,3729.5,3729.5,2025-06-14 14:24:39,2025-06-14 14:24:44,GTERI,GTERI,ok,0.0
2537,3729.5,3731.0,2025-06-14 14:24:44,2025-06-14 14:26:34,GTERI,GTERI,ok,1.5
2538,3731.0,3731.2,2025-06-14 14:26:34,2025-06-14 14:26:44,GTERI,GTERI,ok,0.1999999999998181
2539,3731.2,3731.3,2025-06-14 14:26:44,2025-06-14 14:26:50,GTERI,GTERI,ok,0.1000000000003638
2540,3731.3,3731.4,2025-06-14 14:26:50,2025-06-14 14:26:57,GTERI,GTERI,ok,0.09999999999990905
2541,3731.4,3731.5,2025-06-14 14:26:57,2025-06-14 14:27:03,GTERI,GTERI,ok,0.09999999999990905
2542,3731.5,3732.3,2025-06-14 14:27:03,2025-06-14 14:27:44,GTERI,GTERI,ok,0.8000000000001819
2544,3732.3,3733.8,2025-06-14 14:27:44,2025-06-14 14:28:40,GTERI,GTERI,ok,1.5
2545,3733.8,3734.8,2025-06-14 14:28:40,2025-06-14 14:29:25,GTERI,GTERI,ok,1.0
2546,3734.8,3735.1,2025-06-14 14:29:25,2025-06-14 14:29:39,GTERI,GTERI,ok,0.29999999999972715
2548,3735.1,3736.6,2025-06-14 14:29:39,2025-06-14 14:30:44,GTERI,GTERI,ok,1.5
2550,3736.6,3741.2,2025-06-14 14:30:44,2025-06-14 14:33:44,GTERI,GTERI,ok,4.599999999999909
2553,3741.2,3745.6,2025-06-14 14:33:44,2025-06-14 14:36:44,GTERI,GTERI,ok,4.400000000000091
2555,3745.6,3750.1,2025-06-14 14:36:44,2025-06-14 14:39:44,GTERI,GTERI,ok,4.5
2558,3750.1,3754.1,2025-06-14 14:39:44,2025-06-14 14:42:44,GTERI,GTERI,ok,4.0
2560,3754.1,3758.6,2025-06-14 14:42:44,2025-06-14 14:45:44,GTERI,GTERI,ok,4.5
2563,3758.6,3762.6,2025-06-14 14:45:44,2025-06-14 14:48:21,GTERI,GTERI,ok,4.0
2564,3762.6,3763.1,2025-06-14 14:48:21,2025-06-14 14:48:44,GTERI,GTERI,ok,0.5
2566,3763.1,3766.6,2025-06-14 14:48:44,2025-06-14 14:51:26,GTERI,GTERI,ok,3.5
2567,3766.6,3767.0,2025-06-14 14:51:26,2025-06-14 14:51:44,GTERI,GTERI,ok,0.40000000000009095
2570,3767.0,3771.5,2025-06-14 14:51:44,2025-06-14 14:54:44,GTERI,GTERI,ok,4.5
2572,3771.5,3773.5,2025-06-14 14:54:44,2025-06-14 14:56:10,GTERI,GTERI,ok,2.0
2573,3773.5,3775.9,2025-06-14 14:56:10,2025-06-14 14:57:44,GTERI,GTERI,ok,2.400000000000091
2575,3775.9,3778.3,2025-06-14 14:57:44,2025-06-14 14:59:18,GTERI,GTERI,ok,2.400000000000091
2577,3778.3,3780.4,2025-06-14 14:59:18,2025-06-14 15:00:44,GTERI,GTERI,ok,2.099999999999909
2579,3780.4,3785.2,2025-06-14 15:00:44,2025-06-14 15:03:44,GTERI,GTERI,ok,4.799999999999727
2582,3785.2,3790.0,2025-06-14 15:03:44,2025-06-14 15:06:44,GTERI,GTERI,ok,4.800000000000182
2584,3790.0,3794.9,2025-06-14 15:06:44,2025-06-14 15:09:44,GTERI,GTERI,ok,4.900000000000091
2587,3794.9,3799.6,2025-06-14 15:09:44,2025-06-14 15:12:44,GTERI,GTERI,ok,4.699999999999818
2589,3799.6,3802.1,2025-06-14 15:12:44,2025-06-14 15:14:52,GTERI,GTERI,ok,2.5
2590,3802.1,3802.4,2025-06-14 15:14:52,2025-06-14 15:15:08,GTERI,GTERI,ok,0.3000000000001819
2591,3802.4,3802.4,2025-06-14 15:15:08,2025-06-14 15:15:12,GTERI,GTERI,ok,0.0
2592,3802.4,3802.5,2025-06-14 15:15:12,2025-06-14 15:15:16,GTERI,GTERI,ok,0.09999999999990905
2593,3802.5,3802.6,2025-06-14 15:15:16,2025-06-14 15:15:21,GTERI,GTERI,ok,0.09999999999990905
2594,3802.6,3802.6,2025-06-14 15:15:21,2025-06-14 15:15:26,GTERI,GTERI,ok,0.0
2595,3802.6,3802.7,2025-06-14 15:15:26,2025-06-14 15:15:30,GTERI,GTERI,ok,0.09999999999990905
2596,3802.7,3802.8,2025-06-14 15:15:30,2025-06-14 15:15:34,GTERI,GTERI,ok,0.1000000000003638
2597,3802.8,3802.8,2025-06-14 15:15:34,2025-06-14 15:15:38,GTERI,GTERI,ok,0.0
2598,3802.8,3802.9,2025-06-14 15:15:38,2025-06-14 15:15:44,GTERI,GTERI,ok,0.09999999999990905
2602,3802.9,3807.7,2025-06-14 15:15:44,2025-06-14 15:18:44,GTERI,GTERI,ok,4.799999999999727
2604,3807.7,3812.4,2025-06-14 15:18:44,2025-06-14 15:21:44,GTERI,GTERI,ok,4.700000000000273
2607,3812.4,3816.9,2025-06-14 15:21:44,2025-06-14 15:24:44,GTERI,GTERI,ok,4.5
2609,3816.9,3820.0,2025-06-14 15:24:44,2025-06-14 15:26:51,GTERI,GTERI,ok,3.099999999999909
2610,3820.0,3821.3,2025-06-14 15:26:51,2025-06-14 15:27:44,GTERI,GTERI,ok,1.300000000000182
2612,3821.3,3822.3,2025-06-14 15:27:44,2025-06-14 15:28:27,GTERI,GTERI,ok,1.0
2613,3822.3,3822.7,2025-06-14 15:28:27,2025-06-14 15:28:48,GTERI,GTERI,ok,0.3999999999996362
2614,3822.7,3822.9,2025-06-14 15:28:48,2025-06-14 15:29:06,GTERI,GTERI,ok,0.20000000000027285
2615,3822.9,3823.0,2025-06-14 15:29:06,2025-06-14 15:29:12,GTERI,GTERI,ok,0.09999999999990905
2616,3823.0,3823.4,2025-06-14 15:29:12,2025-06-14 15:29:38,GTERI,GTERI,ok,0.40000000000009095
2617,3823.4,3823.4,2025-06-14 15:29:38,2025-06-14 15:29:45,GTERI,GTERI,ok,0.0
2618,3823.4,3823.5,2025-06-14 15:29:45,2025-06-14 15:29:48,GTERI,GTERI,ok,0.09999999999990905
2620,3823.5,3823.5,2025-06-14 15:29:48,2025-06-14 15:29:51,GTERI,GTERI,ok,0.0
2621,3823.5,3823.9,2025-06-14 15:29:51,2025-06-14 15:30:44,GTERI,GTERI,ok,0.40000000000009095
2622,3823.9,3824.1,2025-06-14 15:30:44,2025-06-14 15:31:16,GTERI,GTERI,ok,0.1999999999998181
2624,3824.1,3824.3,2025-06-14 15:31:16,2025-06-14 15:31:51,GTERI,GTERI,ok,0.20000000000027285
2625,3824.3,3824.3,2025-06-14 15:31:51,2025-06-14 15:31:53,GTERI,GTERI,ok,0.0
2626,3824.3,3824.9,2025-06-14 15:31:53,2025-06-14 15:33:44,GTERI,GTERI,ok,0.599999999999909
2628,3824.9,3824.9,2025-06-14 15:33:44,2025-06-14 15:34:34,GTERI,GTIGF,ok,0.0
2629,3824.9,3824.9,2025-06-14 15:34:34,2025-06-14 15:34:34,GTIGF,GTSTT,ok,0.0
2630,3824.9,3824.9,2025-06-14 15:34:34,2025-06-14 15:34:34,GTSTT,GTERI,ok,0.0
2631,3824.9,3824.9,2025-06-14 15:34:34,2025-06-14 15:34:34,GTERI,GTIGL,ok,0.0
2632,3824.9,3824.9,2025-06-14 15:34:34,2025-06-14 15:35:50,GTIGL,GTSTT,ok,0.0
2634,3824.9,3824.9,2025-06-14 15:35:50,2025-06-14 15:36:59,GTSTT,GTIGN,ok,0.0
2635,3824.9,3824.9,2025-06-14 15:36:59,2025-06-14 15:36:59,GTIGN,GTSTT,ok,0.0
2636,3824.9,3824.9,2025-06-14 15:36:59,2025-06-14 15:36:59,GTSTT,GTIGL,ok,0.0
2637,3824.9,3824.9,2025-06-14 15:36:59,2025-06-14 15:37:00,GTIGL,GTIGF,ok,0.0
2638,3824.9,3824.9,2025-06-14 15:37:00,2025-06-14 15:37:00,GTIGF,GTSTT,ok,0.0
2639,3824.9,3824.9,2025-06-14 15:37:00,2025-06-14 15:37:00,GTSTT,GTIGL,ok,0.0
2640,3824.9,3824.9,2025-06-14 15:37:00,2025-06-14 15:37:01,GTIGL,GTIGN,ok,0.0
2641,3824.9,3824.9,2025-06-14 15:37:01,2025-06-14 15:37:01,GTIGN,GTSTT,ok,0.0
2642,3824.9,3824.9,2025-06-14 15:37:01,2025-06-14 15:37:01,GTSTT,GTIGL,ok,0.0
2643,3824.9,3824.9,2025-06-14 15:37:01,2025-06-14 15:37:05,GTIGL,GTERI,ok,0.0
2645,3824.9,3824.9,2025-06-14 15:37:05,2025-06-14 15:37:52,GTERI,GTERI,ok,0.0
2646,3824.9,3825.0,2025-06-14 15:37:52,2025-06-14 15:38:07,GTERI,GTERI,ok,0.09999999999990905
2647,3825.0,3825.0,2025-06-14 15:38:07,2025-06-14 15:38:16,GTERI,GTIGF,ok,0.0
2648,3825.0,3825.0,2025-06-14 15:38:16,2025-06-14 15:38:16,GTIGF,GTSTT,ok,0.0
2649,3825.0,3825.0,2025-06-14 15:38:16,2025-06-14 15:38:17,GTSTT,GTERI,ok,0.0
2650,3825.0,3825.0,2025-06-14 15:38:17,2025-06-14 15:38:17,GTERI,GTIGL,ok,0.0
2651,3825.0,3825.0,2025-06-14 15:38:17,2025-06-14 15:39:37,GTIGL,GTSTT,ok,0.0
2657,3825.0,3825.0,2025-06-14 15:39:37,2025-06-14 15:48:34,GTSTT,GTSTT,ok,0.0
2658,3825.0,3825.0,2025-06-14 15:48:34,2025-06-14 15:48:48,GTSTT,GTSTT,ok,0.0
2671,3825.0,3825.0,2025-06-14 15:48:48,2025-06-14 16:13:23,GTSTT,GTSTT,ok,0.0
2672,3825.0,3825.0,2025-06-14 16:13:23,2025-06-14 16:13:38,GTSTT,GTSTT,ok,0.0
2674,3825.0,3825.0,2025-06-14 16:13:38,2025-06-14 16:14:42,GTSTT,GTSTT,ok,0.0
2675,3825.0,3825.0,2025-06-14 16:14:42,2025-06-14 16:14:50,GTSTT,GTSTT,ok,0.0
2679,3825.0,3825.0,2025-06-14 16:14:50,2025-06-14 16:20:35,GTSTT,GTIGN,ok,0.0
2680,3825.0,3825.0,2025-06-14 16:20:35,2025-06-14 16:20:35,GTIGN,GTSTT,ok,0.0
2681,3825.0,3825.0,2025-06-14 16:20:35,2025-06-14 16:20:37,GTSTT,GTIGF,ok,0.0
2682,3825.0,3825.0,2025-06-14 16:20:37,2025-06-14 16:20:37,GTIGF,GTSTT,ok,0.0
2683,3825.0,3825.0,2025-06-14 16:20:37,2025-06-14 16:20:38,GTSTT,GTIGN,ok,0.0
2684,3825.0,3825.0,2025-06-14 16:20:38,2025-06-14 16:20:38,GTIGN,GTSTT,ok,0.0
2685,3825.0,3825.0,2025-06-14 16:20:38,2025-06-14 16:20:45,GTSTT,GTERI,ok,0.0
2686,3825.0,3825.0,2025-06-14 16:20:45,2025-06-14 16:20:45,GTERI,GTIGL,ok,0.0
2687,3825.0,3825.0,2025-06-14 16:20:45,2025-06-14 16:20:45,GTIGL,GTIGL,ok,0.0
2688,3825.0,3825.0,2025-06-14 16:20:45,2025-06-14 16:20:45,GTIGL,GTIGL,ok,0.0
2690,3825.0,3825.0,2025-06-14 16:20:45,2025-06-14 16:21:59,GTIGL,GTERI,ok,0.0
2691,3825.0,3825.1,2025-06-14 16:21:59,2025-06-14 16:23:01,GTERI,GTERI,ok,0.09999999999990905
2692,3825.1,3825.1,2025-06-14 16:23:01,2025-06-14 16:23:03,GTERI,GTERI,ok,0.0
2693,3825.1,3825.4,2025-06-14 16:23:03,2025-06-14 16:23:43,GTERI,GTERI,ok,0.3000000000001819
2695,3825.4,3825.6,2025-06-14 16:23:43,2025-06-14 16:24:06,GTERI,GTERI,ok,0.1999999999998181
2696,3825.6,3825.6,2025-06-14 16:24:06,2025-06-14 16:24:08,GTERI,GTERI,ok,0.0
2697,3825.6,3826.0,2025-06-14 16:24:08,2025-06-14 16:25:31,GTERI,GTERI,ok,0.40000000000009095
2698,3826.0,3826.0,2025-06-14 16:25:31,2025-06-14 16:25:34,GTERI,GTERI,ok,0.0
2699,3826.0,3826.1,2025-06-14 16:25:34,2025-06-14 16:25:36,GTERI,GTERI,ok,0.09999999999990905
2701,3826.1,3826.3,2025-06-14 16:25:36,2025-06-14 16:26:43,GTERI,GTERI,ok,0.20000000000027285
2703,3826.3,3826.8,2025-06-14 16:26:43,2025-06-14 16:28:00,GTERI,GTERI,ok,0.5
2704,3826.8,3826.8,2025-06-14 16:28:00,2025-06-14 16:28:02,GTERI,GTERI,ok,0.0
2705,3826.8,3827.0,2025-06-14 16:28:02,2025-06-14 16:29:15,GTERI,GTERI,ok,0.1999999999998181
2706,3827.0,3827.1,2025-06-14 16:29:15,2025-06-14 16:29:22,GTERI,GTERI,ok,0.09999999999990905
2707,3827.1,3827.3,2025-06-14 16:29:22,2025-06-14 16:29:43,GTERI,GTERI,ok,0.20000000000027285
2709,3827.3,3828.3,2025-06-14 16:29:43,2025-06-14 16:31:22,GTERI,GTERI,ok,1.0
2710,3828.3,3828.3,2025-06-14 16:31:22,2025-06-14 16:31:39,GTERI,GTERI,ok,0.0
2712,3828.3,3828.8,2025-06-14 16:31:39,2025-06-14 16:32:14,GTERI,GTERI,ok,0.5
2713,3828.8,3828.8,2025-06-14 16:32:14,2025-06-14 16:32:16,GTERI,GTERI,ok,0.0
2714,3828.8,3828.8,2025-06-14 16:32:16,2025-06-14 16:32:18,GTERI,GTERI,ok,0.0
2715,3828.8,3828.9,2025-06-14 16:32:18,2025-06-14 16:32:20,GTERI,GTERI,ok,0.09999999999990905
2716,3828.9,3829.0,2025-06-14 16:32:20,2025-06-14 16:32:29,GTERI,GTERI,ok,0.09999999999990905
2717,3829.0,3829.0,2025-06-14 16:32:29,2025-06-14 16:32:32,GTERI,GTERI,ok,0.0
2718,3829.0,3829.0,2025-06-14 16:32:32,2025-06-14 16:32:34,GTERI,GTERI,ok,0.0
2719,3829.0,3829.1,2025-06-14 16:32:34,2025-06-14 16:32:36,GTERI,GTERI,ok,0.09999999999990905
2720,3829.1,3829.1,2025-06-14 16:32:36,2025-06-14 16:32:43,GTERI,GTERI,ok,0.0
2722,3829.1,3832.3,2025-06-14 16:32:43,2025-06-14 16:35:00,GTERI,GTERI,ok,3.200000000000273
2723,3832.3,3833.3,2025-06-14 16:35:00,2025-06-14 16:35:43,GTERI,GTERI,ok,1.0
2726,3833.3,3837.5,2025-06-14 16:35:43,2025-06-14 16:38:43,GTERI,GTERI,ok,4.199999999999818
2728,3837.5,3841.2,2025-06-14 16:38:43,2025-06-14 16:41:43,GTERI,GTERI,ok,3.699999999999818
2731,3841.2,3845.4,2025-06-14 16:41:43,2025-06-14 16:44:43,GTERI,GTERI,ok,4.200000000000273
2733,3845.4,3848.6,2025-06-14 16:44:43,2025-06-14 16:47:35,GTERI,GTERI,ok,3.199999999999818
2734,3848.6,3848.7,2025-06-14 16:47:35,2025-06-14 16:47:43,GTERI,GTERI,ok,0.09999999999990905
2736,3848.7,3849.2,2025-06-14 16:47:43,2025-06-14 16:48:22,GTERI,GTERI,ok,0.5
2738,3849.2,3851.9,2025-06-14 16:48:22,2025-06-14 16:50:43,GTERI,GTERI,ok,2.700000000000273
2740,3851.9,3856.4,2025-06-14 16:50:43,2025-06-14 16:53:36,GTERI,GTERI,ok,4.5
2741,3856.4,3856.6,2025-06-14 16:53:36,2025-06-14 16:53:43,GTERI,GTERI,ok,0.1999999999998181
2744,3856.6,3861.2,2025-06-14 16:53:43,2025-06-14 16:56:43,GTERI,GTERI,ok,4.599999999999909
2745,3861.2,3861.6,2025-06-14 16:56:43,2025-06-14 16:56:59,GTERI,GTERI,ok,0.40000000000009095
2747,3861.6,3865.3,2025-06-14 16:56:59,2025-06-14 16:59:43,GTERI,GTERI,ok,3.700000000000273
2750,3865.3,3870.1,2025-06-14 16:59:43,2025-06-14 17:02:43,GTERI,GTERI,ok,4.799999999999727
2751,3870.1,3870.8,2025-06-14 17:02:43,2025-06-14 17:03:10,GTERI,GTERI,ok,0.7000000000002728
2753,3870.8,3873.1,2025-06-14 17:03:10,2025-06-14 17:04:37,GTERI,GTERI,ok,2.299999999999727
2754,3873.1,3874.3,2025-06-14 17:04:37,2025-06-14 17:05:43,GTERI,GTERI,ok,1.2000000000002728
2757,3874.3,3878.7,2025-06-14 17:05:43,2025-06-14 17:08:43,GTERI,GTERI,ok,4.399999999999636
2759,3878.7,3883.4,2025-06-14 17:08:43,2025-06-14 17:11:43,GTERI,GTERI,ok,4.700000000000273
2762,3883.4,3887.5,2025-06-14 17:11:43,2025-06-14 17:14:43,GTERI,GTERI,ok,4.099999999999909
2764,3887.5,3890.3,2025-06-14 17:14:43,2025-06-14 17:16:35,GTERI,GTERI,ok,2.800000000000182
2765,3890.3,3892.0,2025-06-14 17:16:35,2025-06-14 17:17:43,GTERI,GTERI,ok,1.699999999999818
2768,3892.0,3896.1,2025-06-14 17:17:43,2025-06-14 17:20:43,GTERI,GTERI,ok,4.099999999999909
2770,3896.1,3900.3,2025-06-14 17:20:43,2025-06-14 17:23:43,GTERI,GTERI,ok,4.200000000000273
2772,3900.3,3902.1,2025-06-14 17:23:43,2025-06-14 17:24:51,GTERI,GTERI,ok,1.7999999999997272
2774,3902.1,3905.2,2025-06-14 17:24:51,2025-06-14 17:26:43,GTERI,GTERI,ok,3.099999999999909
2776,3905.2,3909.8,2025-06-14 17:26:43,2025-06-14 17:29:43,GTERI,GTERI,ok,4.600000000000364
2778,3909.8,3910.8,2025-06-14 17:29:43,2025-06-14 17:30:24,GTERI,GTERI,ok,1.0
2780,3910.8,3914.1,2025-06-14 17:30:24,2025-06-14 17:32:43,GTERI,GTERI,ok,3.299999999999727
2781,3914.1,3914.7,2025-06-14 17:32:43,2025-06-14 17:33:05,GTERI,GTERI,ok,0.599999999999909
2783,3914.7,3918.4,2025-06-14 17:33:05,2025-06-14 17:35:43,GTERI,GTERI,ok,3.700000000000273
2784,3918.4,3918.5,2025-06-14 17:35:43,2025-06-14 17:35:49,GTERI,GTERI,ok,0.09999999999990905
2785,3918.5,3918.5,2025-06-14 17:35:49,2025-06-14 17:35:51,GTERI,GTERI,ok,0.0
2786,3918.5,3918.5,2025-06-14 17:35:51,2025-06-14 17:35:53,GTERI,GTERI,ok,0.0
2787,3918.5,3918.6,2025-06-14 17:35:53,2025-06-14 17:35:56,GTERI,GTERI,ok,0.09999999999990905
2788,3918.6,3918.6,2025-06-14 17:35:56,2025-06-14 17:35:59,GTERI,GTERI,ok,0.0
2789,3918.6,3918.6,2025-06-14 17:35:59,2025-06-14 17:36:01,GTERI,GTERI,ok,0.0
2791,3918.6,3920.0,2025-06-14 17:36:01,2025-06-14 17:36:56,GTERI,GTERI,ok,1.400000000000091
2793,3920.0,3922.0,2025-06-14 17:36:56,2025-06-14 17:38:17,GTERI,GTERI,ok,2.0
2794,3922.0,3922.7,2025-06-14 17:38:17,2025-06-14 17:38:43,GTERI,GTERI,ok,0.6999999999998181
2796,3922.7,3926.7,2025-06-14 17:38:43,2025-06-14 17:41:21,GTERI,GTERI,ok,4.0
2797,3926.7,3927.2,2025-06-14 17:41:21,2025-06-14 17:41:43,GTERI,GTERI,ok,0.5
2799,3927.2,3928.6,2025-06-14 17:41:43,2025-06-14 17:42:46,GTERI,GTERI,ok,1.400000000000091
2800,3928.6,3928.6,2025-06-14 17:42:46,2025-06-14 17:42:49,GTERI,GTERI,ok,0.0
2801,3928.6,3928.6,2025-06-14 17:42:49,2025-06-14 17:42:52,GTERI,GTERI,ok,0.0
2802,3928.6,3928.8,2025-06-14 17:42:52,2025-06-14 17:43:01,GTERI,GTERI,ok,0.20000000000027285
2803,3928.8,3928.8,2025-06-14 17:43:01,2025-06-14 17:43:03,GTERI,GTERI,ok,0.0
2804,3928.8,3928.8,2025-06-14 17:43:03,2025-06-14 17:43:05,GTERI,GTERI,ok,0.0
2805,3928.8,3928.8,2025-06-14 17:43:05,2025-06-14 17:43:07,GTERI,GTERI,ok,0.0
2806,3928.8,3928.9,2025-06-14 17:43:07,2025-06-14 17:43:09,GTERI,GTERI,ok,0.09999999999990905
2807,3928.9,3929.1,2025-06-14 17:43:09,2025-06-14 17:43:30,GTERI,GTERI,ok,0.1999999999998181
2809,3929.1,3929.8,2025-06-14 17:43:30,2025-06-14 17:44:43,GTERI,GTERI,ok,0.7000000000002728
2811,3929.8,3930.6,2025-06-14 17:44:43,2025-06-14 17:46:15,GTERI,GTERI,ok,0.7999999999997272
2812,3930.6,3930.6,2025-06-14 17:46:15,2025-06-14 17:46:16,GTERI,GTERI,ok,0.0
2813,3930.6,3930.6,2025-06-14 17:46:16,2025-06-14 17:46:18,GTERI,GTERI,ok,0.0
2814,3930.6,3930.7,2025-06-14 17:46:18,2025-06-14 17:46:29,GTERI,GTERI,ok,0.09999999999990905
2815,3930.7,3930.7,2025-06-14 17:46:29,2025-06-14 17:47:43,GTERI,GTERI,ok,0.0
2817,3930.7,3930.7,2025-06-14 17:47:43,2025-06-14 17:49:19,GTERI,GTIGF,ok,0.0
2818,3930.7,3930.7,2025-06-14 17:49:19,2025-06-14 17:49:19,GTIGF,GTSTT,ok,0.0
2819,3930.7,3930.7,2025-06-14 17:49:19,2025-06-14 17:49:20,GTSTT,GTERI,ok,0.0
2820,3930.7,3930.7,2025-06-14 17:49:20,2025-06-14 17:49:20,GTERI,GTIGL,ok,0.0
2822,3930.7,3930.7,2025-06-14 17:49:20,2025-06-14 17:50:48,GTIGL,GTSTT,ok,0.0
2825,3930.7,3930.7,2025-06-14 17:50:48,2025-06-14 17:55:44,GTSTT,GTIGN,ok,0.0
2826,3930.7,3930.7,2025-06-14 17:55:44,2025-06-14 17:55:44,GTIGN,GTSTT,ok,0.0
2827,3930.7,3930.7,2025-06-14 17:55:44,2025-06-14 17:55:53,GTSTT,GTIGF,ok,0.0
2828,3930.7,3930.7,2025-06-14 17:55:53,2025-06-14 17:55:53,GTIGF,GTSTT,ok,0.0
2829,3930.7,3930.7,2025-06-14 17:55:53,2025-06-14 17:55:53,GTSTT,GTSTT,ok,0.0
2831,3930.7,3930.7,2025-06-14 17:55:53,2025-06-14 17:55:54,GTSTT,GTIGN,ok,0.0
2832,3930.7,3930.7,2025-06-14 17:55:54,2025-06-14 17:55:54,GTIGN,GTSTT,ok,0.0
2833,3930.7,3930.7,2025-06-14 17:55:54,2025-06-14 17:56:12,GTSTT,GTERI,ok,0.0
2834,3930.7,3930.7,2025-06-14 17:56:12,2025-06-14 17:56:12,GTERI,GTIGL,ok,0.0
2835,3930.7,3930.7,2025-06-14 17:56:12,2025-06-14 17:56:12,GTIGL,GTIGL,ok,0.0
2836,3930.7,3930.7,2025-06-14 17:56:12,2025-06-14 17:56:12,GTIGL,GTIGL,ok,0.0
2837,3930.7,3930.8,2025-06-14 17:56:12,2025-06-14 17:57:41,GTIGL,GTERI,ok,0.1000000000003638
2839,3930.8,3930.9,2025-06-14 17:57:41,2025-06-14 17:58:59,GTERI,GTERI,ok,0.09999999999990905
2840,3930.9,3930.9,2025-06-14 17:58:59,2025-06-14 18:00:10,GTERI,GTIGF,ok,0.0
2841,3930.9,3930.9,2025-06-14 18:00:10,2025-06-14 18:00:10,GTIGF,GTSTT,ok,0.0
2842,3930.9,3930.9,2025-06-14 18:00:10,2025-06-14 18:00:11,GTSTT,GTERI,ok,0.0
2843,3930.9,3930.9,2025-06-14 18:00:11,2025-06-14 18:00:11,GTERI,GTIGL,ok,0.0
2845,3930.9,3930.9,2025-06-14 18:00:11,2025-06-14 18:01:13,GTIGL,GTSTT,ok,0.0
2875,3930.9,3930.9,2025-06-14 18:01:13,2025-06-14 19:00:06,GTSTT,GTERI,ok,0.0
2906,3930.9,3930.9,2025-06-14 19:00:06,2025-06-14 20:00:06,GTERI,GTERI,ok,0.0
2937,3930.9,3930.9,2025-06-14 20:00:06,2025-06-14 21:00:06,GTERI,GTERI,ok,0.0
2968,3930.9,3930.9,2025-06-14 21:00:06,2025-06-14 22:00:06,GTERI,GTERI,ok,0.0
2999,3930.9,3930.9,2025-06-14 22:00:06,2025-06-14 23:00:06,GTERI,GTERI,ok,0.0
3030,3930.9,3930.9,2025-06-14 23:00:06,2025-06-15 00:00:06,GTERI,GTERI,ok,0.0
3061,3930.9,3930.9,2025-06-15 00:00:06,2025-06-15 01:00:06,GTERI,GTERI,ok,0.0
3092,3930.9,3930.9,2025-06-15 01:00:06,2025-06-15 02:00:06,GTERI,GTERI,ok,0.0
3123,3930.9,3930.9,2025-06-15 02:00:06,2025-06-15 03:00:06,GTERI,GTERI,ok,0.0
3155,3930.9,3930.9,2025-06-15 03:00:06,2025-06-15 04:00:06,GTERI,GTERI,ok,0.0
3186,3930.9,3930.9,2025-06-15 04:00:06,2025-06-15 05:00:06,GTERI,GTERI,ok,0.0
3217,3930.9,3930.9,2025-06-15 05:00:06,2025-06-15 06:00:06,GTERI,GTERI,ok,0.0
3248,3930.9,3930.9,2025-06-15 06:00:06,2025-06-15 07:00:06,GTERI,GTERI,ok,0.0
3279,3930.9,3930.9,2025-06-15 07:00:06,2025-06-15 08:00:06,GTERI,GTERI,ok,0.0
3310,3930.9,3930.9,2025-06-15 08:00:06,2025-06-15 09:00:06,GTERI,GTERI,ok,0.0
3341,3930.9,3930.9,2025-06-15 09:00:06,2025-06-15 10:00:06,GTERI,GTERI,ok,0.0
3372,3930.9,3930.9,2025-06-15 10:00:06,2025-06-15 11:00:06,GTERI,GTERI,ok,0.0
3403,3930.9,3930.9,2025-06-15 11:00:06,2025-06-15 12:00:06,GTERI,GTERI,ok,0.0
3431,3930.9,3930.9,2025-06-15 12:00:06,2025-06-15 12:53:54,GTERI,GTIGN,ok,0.0
3432,3930.9,3930.9,2025-06-15 12:53:54,2025-06-15 12:53:54,GTIGN,GTSTT,ok,0.0
3433,3930.9,3930.9,2025-06-15 12:53:54,2025-06-15 12:54:00,GTSTT,GTIGF,ok,0.0
3434,3930.9,3930.9,2025-06-15 12:54:00,2025-06-15 12:54:00,GTIGF,GTSTT,ok,0.0
3435,3930.9,3930.9,2025-06-15 12:54:00,2025-06-15 12:54:01,GTSTT,GTIGN,ok,0.0
3436,3930.9,3930.9,2025-06-15 12:54:01,2025-06-15 12:54:01,GTIGN,GTSTT,ok,0.0
3437,3930.9,3930.9,2025-06-15 12:54:01,2025-06-15 12:54:22,GTSTT,GTIGF,ok,0.0
3438,3930.9,3930.9,2025-06-15 12:54:22,2025-06-15 12:54:22,GTIGF,GTSTT,ok,0.0
3439,3930.9,3930.9,2025-06-15 12:54:22,2025-06-15 12:54:26,GTSTT,GTERI,ok,0.0
3440,3930.9,3930.9,2025-06-15 12:54:26,2025-06-15 12:54:26,GTERI,GTIGL,ok,0.0
3441,3930.9,3930.9,2025-06-15 12:54:26,2025-06-15 12:54:26,GTIGL,GTIGL,ok,0.0
3442,3930.9,3930.9,2025-06-15 12:54:26,2025-06-15 12:54:26,GTIGL,GTIGL,ok,0.0
3443,3930.9,3930.9,2025-06-15 12:54:26,2025-06-15 12:54:26,GTIGL,GTIGL,ok,0.0
3444,3930.9,3930.9,2025-06-15 12:54:26,2025-06-15 12:55:06,GTIGL,GTSTT,ok,0.0
3475,3930.9,3930.9,2025-06-15 12:55:06,2025-06-15 13:54:18,GTSTT,GTERI,ok,0.0
3506,3930.9,3930.9,2025-06-15 13:54:18,2025-06-15 14:54:18,GTERI,GTERI,ok,0.0
3528,3930.9,3930.9,2025-06-15 14:54:18,2025-06-15 15:35:47,GTERI,GTPDP,ok,0.0
3538,3930.9,3930.9,2025-06-15 15:35:47,2025-06-15 15:54:18,GTPDP,GTERI,ok,0.0
3569,3930.9,3930.9,2025-06-15 15:54:18,2025-06-15 16:54:18,GTERI,GTERI,ok,0.0
3600,3930.9,3930.9,2025-06-15 16:54:18,2025-06-15 17:54:18,GTERI,GTERI,ok,0.0
3631,3930.9,3930.9,2025-06-15 17:54:18,2025-06-15 18:54:18,GTERI,GTERI,ok,0.0
3662,3930.9,3930.9,2025-06-15 18:54:18,2025-06-15 19:54:18,GTERI,GTERI,ok,0.0
3693,3930.9,3930.9,2025-06-15 19:54:18,2025-06-15 20:54:18,GTERI,GTERI,ok,0.0
3724,3930.9,3930.9,2025-06-15 20:54:18,2025-06-15 21:54:18,GTERI,GTERI,ok,0.0
3754,3930.9,3930.9,2025-06-15 21:54:18,2025-06-15 22:54:18,GTERI,GTERI,ok,0.0
3786,3930.9,3930.9,2025-06-15 22:54:18,2025-06-15 23:54:18,GTERI,GTERI,ok,0.0
3817,3930.9,3930.9,2025-06-15 23:54:18,2025-06-16 00:54:18,GTERI,GTERI,ok,0.0
3848,3930.9,3930.9,2025-06-16 00:54:18,2025-06-16 01:54:18,GTERI,GTERI,ok,0.0
3879,3930.9,3930.9,2025-06-16 01:54:18,2025-06-16 02:54:18,GTERI,GTERI,ok,0.0
3889,3930.9,3930.9,2025-06-16 02:54:18,2025-06-16 03:10:35,GTERI,GTPDP,ok,0.0
3911,3930.9,3930.9,2025-06-16 03:10:35,2025-06-16 03:54:18,GTPDP,GTERI,ok,0.0
3942,3930.9,3930.9,2025-06-16 03:54:18,2025-06-16 04:54:18,GTERI,GTERI,ok,0.0
3973,3930.9,3930.9,2025-06-16 04:54:18,2025-06-16 05:54:18,GTERI,GTERI,ok,0.0
4004,3930.9,3930.9,2025-06-16 05:54:18,2025-06-16 06:54:18,GTERI,GTERI,ok,0.0
4035,3930.9,3930.9,2025-06-16 06:54:18,2025-06-16 07:54:18,GTERI,GTERI,ok,0.0
4059,3930.9,3930.9,2025-06-16 07:54:18,2025-06-16 08:39:28,GTERI,GTIGN,ok,0.0
4060,3930.9,3930.9,2025-06-16 08:39:28,2025-06-16 08:39:28,GTIGN,GTSTT,ok,0.0
4061,3930.9,3930.9,2025-06-16 08:39:28,2025-06-16 08:39:29,GTSTT,GTIGF,ok,0.0
4062,3930.9,3930.9,2025-06-16 08:39:29,2025-06-16 08:39:29,GTIGF,GTSTT,ok,0.0
4063,3930.9,3930.9,2025-06-16 08:39:29,2025-06-16 08:39:30,GTSTT,GTIGN,ok,0.0
4064,3930.9,3930.9,2025-06-16 08:39:30,2025-06-16 08:39:30,GTIGN,GTSTT,ok,0.0
4065,3930.9,3930.9,2025-06-16 08:39:30,2025-06-16 08:39:51,GTSTT,GTIGF,ok,0.0
4066,3930.9,3930.9,2025-06-16 08:39:51,2025-06-16 08:39:51,GTIGF,GTSTT,ok,0.0
4067,3930.9,3930.9,2025-06-16 08:39:51,2025-06-16 08:40:20,GTSTT,GTERI,ok,0.0
4068,3930.9,3930.9,2025-06-16 08:40:20,2025-06-16 08:40:20,GTERI,GTIGL,ok,0.0
4069,3930.9,3930.9,2025-06-16 08:40:20,2025-06-16 08:40:20,GTIGL,GTIGL,ok,0.0
4070,3930.9,3930.9,2025-06-16 08:40:20,2025-06-16 08:40:20,GTIGL,GTIGL,ok,0.0
4071,3930.9,3930.9,2025-06-16 08:40:20,2025-06-16 08:40:20,GTIGL,GTIGL,ok,0.0
4072,3930.9,3930.9,2025-06-16 08:40:20,2025-06-16 08:40:32,GTIGL,GTSTT,ok,0.0
4081,3930.9,3930.9,2025-06-16 08:40:32,2025-06-16 08:55:48,GTSTT,GTIGN,ok,0.0
4082,3930.9,3930.9,2025-06-16 08:55:48,2025-06-16 08:55:48,GTIGN,GTSTT,ok,0.0
4083,3930.9,3930.9,2025-06-16 08:55:48,2025-06-16 08:55:57,GTSTT,GTIGF,ok,0.0
4084,3930.9,3930.9,2025-06-16 08:55:57,2025-06-16 08:55:57,GTIGF,GTSTT,ok,0.0
4085,3930.9,3930.9,2025-06-16 08:55:57,2025-06-16 08:55:59,GTSTT,GTIGN,ok,0.0
4086,3930.9,3930.9,2025-06-16 08:55:59,2025-06-16 08:55:59,GTIGN,GTSTT,ok,0.0
4087,3930.9,3930.9,2025-06-16 08:55:59,2025-06-16 08:55:59,GTSTT,GTIGL,ok,0.0
4088,3930.9,3930.9,2025-06-16 08:55:59,2025-06-16 08:55:59,GTIGL,GTIGL,ok,0.0
4089,3930.9,3930.9,2025-06-16 08:55:59,2025-06-16 08:55:59,GTIGL,GTIGL,ok,0.0
4090,3930.9,3930.9,2025-06-16 08:55:59,2025-06-16 08:56:02,GTIGL,GTERI,ok,0.0
4091,3930.9,3930.9,2025-06-16 08:56:02,2025-06-16 08:56:05,GTERI,GTERI,ok,0.0
4092,3930.9,3930.9,2025-06-16 08:56:05,2025-06-16 08:56:21,GTERI,GTIGF,ok,0.0
4093,3930.9,3930.9,2025-06-16 08:56:21,2025-06-16 08:56:21,GTIGF,GTSTT,ok,0.0
4094,3930.9,3930.9,2025-06-16 08:56:21,2025-06-16 08:56:22,GTSTT,GTERI,ok,0.0
4095,3930.9,3930.9,2025-06-16 08:56:22,2025-06-16 08:56:22,GTERI,GTIGL,ok,0.0
4096,3930.9,3930.9,2025-06-16 08:56:22,2025-06-16 08:57:03,GTIGL,GTSTT,ok,0.0
4127,3930.9,3930.9,2025-06-16 08:57:03,2025-06-16 09:56:16,GTSTT,GTERI,ok,0.0
4151,3930.9,3930.9,2025-06-16 09:56:16,2025-06-16 10:42:14,GTERI,GTIGN,ok,0.0
4152,3930.9,3930.9,2025-06-16 10:42:14,2025-06-16 10:42:14,GTIGN,GTSTT,ok,0.0
4153,3930.9,3930.9,2025-06-16 10:42:14,2025-06-16 10:42:14,GTSTT,GTIGF,ok,0.0
4154,3930.9,3930.9,2025-06-16 10:42:14,2025-06-16 10:42:14,GTIGF,GTSTT,ok,0.0
4155,3930.9,3930.9,2025-06-16 10:42:14,2025-06-16 10:42:15,GTSTT,GTIGN,ok,0.0
4156,3930.9,3930.9,2025-06-16 10:42:15,2025-06-16 10:42:15,GTIGN,GTSTT,ok,0.0
4157,3930.9,3930.9,2025-06-16 10:42:15,2025-06-16 10:42:32,GTSTT,GTERI,ok,0.0
4158,3930.9,3930.9,2025-06-16 10:42:32,2025-06-16 10:42:32,GTERI,GTIGL,ok,0.0
4159,3930.9,3930.9,2025-06-16 10:42:32,2025-06-16 10:42:32,GTIGL,GTIGL,ok,0.0
4160,3930.9,3930.9,2025-06-16 10:42:32,2025-06-16 10:42:32,GTIGL,GTIGL,ok,0.0
4161,3930.9,3930.9,2025-06-16 10:42:32,2025-06-16 10:43:24,GTIGL,GTERI,ok,0.0
4162,3930.9,3930.9,2025-06-16 10:43:24,2025-06-16 10:43:27,GTERI,GTERI,ok,0.0
4164,3930.9,3930.9,2025-06-16 10:43:27,2025-06-16 10:43:30,GTERI,GTERI,ok,0.0
4165,3930.9,3930.9,2025-06-16 10:43:30,2025-06-16 10:43:32,GTERI,GTERI,ok,0.0
4166,3930.9,3930.9,2025-06-16 10:43:32,2025-06-16 10:43:39,GTERI,GTERI,ok,0.0
4167,3930.9,3930.9,2025-06-16 10:43:39,2025-06-16 10:43:41,GTERI,GTERI,ok,0.0
4168,3930.9,3930.9,2025-06-16 10:43:41,2025-06-16 10:43:41,GTERI,GTERI,ok,0.0
4169,3930.9,3931.1,2025-06-16 10:43:41,2025-06-16 10:43:59,GTERI,GTERI,ok,0.1999999999998181
4170,3931.1,3931.1,2025-06-16 10:43:59,2025-06-16 10:44:01,GTERI,GTERI,ok,0.0
4171,3931.1,3932.3,2025-06-16 10:44:01,2025-06-16 10:45:22,GTERI,GTERI,ok,1.2000000000002728
4172,3932.3,3932.3,2025-06-16 10:45:22,2025-06-16 10:45:24,GTERI,GTERI,ok,0.0
4173,3932.3,3932.4,2025-06-16 10:45:24,2025-06-16 10:45:27,GTERI,GTERI,ok,0.09999999999990905
4174,3932.4,3932.4,2025-06-16 10:45:27,2025-06-16 10:45:29,GTERI,GTERI,ok,0.0
4176,3932.4,3932.4,2025-06-16 10:45:29,2025-06-16 10:45:40,GTERI,GTERI,ok,0.0
4177,3932.4,3932.4,2025-06-16 10:45:40,2025-06-16 10:45:45,GTERI,GTERI,ok,0.0
4178,3932.4,3932.4,2025-06-16 10:45:45,2025-06-16 10:45:47,GTERI,GTERI,ok,0.0
4179,3932.4,3933.5,2025-06-16 10:45:47,2025-06-16 10:47:00,GTERI,GTERI,ok,1.099999999999909
4180,3933.5,3933.5,2025-06-16 10:47:00,2025-06-16 10:47:02,GTERI,GTERI,ok,0.0
4181,3933.5,3933.5,2025-06-16 10:47:02,2025-06-16 10:47:05,GTERI,GTERI,ok,0.0
4182,3933.5,3933.6,2025-06-16 10:47:05,2025-06-16 10:47:26,GTERI,GTERI,ok,0.09999999999990905
4183,3933.6,3933.6,2025-06-16 10:47:26,2025-06-16 10:47:29,GTERI,GTERI,ok,0.0
4185,3933.6,3933.7,2025-06-16 10:47:29,2025-06-16 10:47:37,GTERI,GTERI,ok,0.09999999999990905
4186,3933.7,3933.8,2025-06-16 10:47:37,2025-06-16 10:47:50,GTERI,GTERI,ok,0.1000000000003638
4187,3933.8,3933.8,2025-06-16 10:47:50,2025-06-16 10:48:04,GTERI,GTERI,ok,0.0
4188,3933.8,3933.8,2025-06-16 10:48:04,2025-06-16 10:48:22,GTERI,GTERI,ok,0.0
4189,3933.8,3933.8,2025-06-16 10:48:22,2025-06-16 10:48:48,GTERI,GTERI,ok,0.0
4190,3933.8,3933.8,2025-06-16 10:48:48,2025-06-16 10:48:54,GTERI,GTERI,ok,0.0
4191,3933.8,3933.8,2025-06-16 10:48:54,2025-06-16 10:48:56,GTERI,GTERI,ok,0.0
4192,3933.8,3933.9,2025-06-16 10:48:56,2025-06-16 10:49:01,GTERI,GTERI,ok,0.09999999999990905
4193,3933.9,3933.9,2025-06-16 10:49:01,2025-06-16 10:49:03,GTERI,GTERI,ok,0.0
4194,3933.9,3934.0,2025-06-16 10:49:03,2025-06-16 10:49:24,GTERI,GTERI,ok,0.09999999999990905
4196,3934.0,3934.0,2025-06-16 10:49:24,2025-06-16 10:49:32,GTERI,GTERI,ok,0.0
4197,3934.0,3935.2,2025-06-16 10:49:32,2025-06-16 10:51:02,GTERI,GTERI,ok,1.199999999999818
4198,3935.2,3935.5,2025-06-16 10:51:02,2025-06-16 10:51:22,GTERI,GTERI,ok,0.3000000000001819
4200,3935.5,3935.6,2025-06-16 10:51:22,2025-06-16 10:51:56,GTERI,GTERI,ok,0.09999999999990905
4201,3935.6,3935.7,2025-06-16 10:51:56,2025-06-16 10:52:03,GTERI,GTERI,ok,0.09999999999990905
4202,3935.7,3935.8,2025-06-16 10:52:03,2025-06-16 10:52:08,GTERI,GTERI,ok,0.1000000000003638
4203,3935.8,3935.8,2025-06-16 10:52:08,2025-06-16 10:52:11,GTERI,GTERI,ok,0.0
4204,3935.8,3936.0,2025-06-16 10:52:11,2025-06-16 10:52:39,GTERI,GTERI,ok,0.1999999999998181
4205,3936.0,3936.1,2025-06-16 10:52:39,2025-06-16 10:52:53,GTERI,GTERI,ok,0.09999999999990905
4206,3936.1,3936.4,2025-06-16 10:52:53,2025-06-16 10:53:17,GTERI,GTERI,ok,0.3000000000001819
4208,3936.4,3936.9,2025-06-16 10:53:17,2025-06-16 10:54:22,GTERI,GTERI,ok,0.5
4209,3936.9,3937.3,2025-06-16 10:54:22,2025-06-16 10:54:57,GTERI,GTERI,ok,0.40000000000009095
4210,3937.3,3937.4,2025-06-16 10:54:57,2025-06-16 10:55:02,GTERI,GTERI,ok,0.09999999999990905
4212,3937.4,3937.8,2025-06-16 10:55:02,2025-06-16 10:55:31,GTERI,GTERI,ok,0.40000000000009095
4213,3937.8,3937.9,2025-06-16 10:55:31,2025-06-16 10:55:59,GTERI,GTERI,ok,0.09999999999990905
4214,3937.9,3938.1,2025-06-16 10:55:59,2025-06-16 10:56:19,GTERI,GTERI,ok,0.1999999999998181
4215,3938.1,3938.2,2025-06-16 10:56:19,2025-06-16 10:57:22,GTERI,GTERI,ok,0.09999999999990905
4217,3938.2,3938.7,2025-06-16 10:57:22,2025-06-16 10:57:58,GTERI,GTERI,ok,0.5
4218,3938.7,3939.0,2025-06-16 10:57:58,2025-06-16 10:58:24,GTERI,GTERI,ok,0.3000000000001819
4219,3939.0,3939.4,2025-06-16 10:58:24,2025-06-16 10:59:16,GTERI,GTERI,ok,0.40000000000009095
4220,3939.4,3939.5,2025-06-16 10:59:16,2025-06-16 10:59:29,GTERI,GTERI,ok,0.09999999999990905
4222,3939.5,3940.2,2025-06-16 10:59:29,2025-06-16 11:00:22,GTERI,GTERI,ok,0.6999999999998181
4223,3940.2,3940.5,2025-06-16 11:00:22,2025-06-16 11:01:06,GTERI,GTERI,ok,0.3000000000001819
4225,3940.5,3941.3,2025-06-16 11:01:06,2025-06-16 11:02:38,GTERI,GTERI,ok,0.8000000000001819
4226,3941.3,3941.5,2025-06-16 11:02:38,2025-06-16 11:02:53,GTERI,GTERI,ok,0.1999999999998181
4227,3941.5,3941.8,2025-06-16 11:02:53,2025-06-16 11:03:08,GTERI,GTERI,ok,0.3000000000001819
4228,3941.8,3941.9,2025-06-16 11:03:08,2025-06-16 11:03:15,GTERI,GTERI,ok,0.09999999999990905
4229,3941.9,3941.9,2025-06-16 11:03:15,2025-06-16 11:03:22,GTERI,GTERI,ok,0.0
4230,3941.9,3942.0,2025-06-16 11:03:22,2025-06-16 11:03:25,GTERI,GTERI,ok,0.09999999999990905
4232,3942.0,3942.2,2025-06-16 11:03:25,2025-06-16 11:04:20,GTERI,GTERI,ok,0.1999999999998181
4233,3942.2,3942.4,2025-06-16 11:04:20,2025-06-16 11:04:39,GTERI,GTERI,ok,0.20000000000027285
4234,3942.4,3942.6,2025-06-16 11:04:39,2025-06-16 11:04:51,GTERI,GTERI,ok,0.1999999999998181
4235,3942.6,3942.6,2025-06-16 11:04:51,2025-06-16 11:04:52,GTERI,GTERI,ok,0.0
4236,3942.6,3942.7,2025-06-16 11:04:52,2025-06-16 11:05:03,GTERI,GTERI,ok,0.09999999999990905
4237,3942.7,3942.8,2025-06-16 11:05:03,2025-06-16 11:05:28,GTERI,GTERI,ok,0.1000000000003638
4239,3942.8,3943.1,2025-06-16 11:05:28,2025-06-16 11:06:04,GTERI,GTERI,ok,0.29999999999972715
4240,3943.1,3943.2,2025-06-16 11:06:04,2025-06-16 11:06:06,GTERI,GTERI,ok,0.09999999999990905
4241,3943.2,3943.3,2025-06-16 11:06:06,2025-06-16 11:06:22,GTERI,GTERI,ok,0.1000000000003638
4242,3943.3,3943.3,2025-06-16 11:06:22,2025-06-16 11:06:24,GTERI,GTERI,ok,0.0
4243,3943.3,3943.3,2025-06-16 11:06:24,2025-06-16 11:06:26,GTERI,GTERI,ok,0.0
4244,3943.3,3943.3,2025-06-16 11:06:26,2025-06-16 11:06:27,GTERI,GTERI,ok,0.0
4245,3943.3,3943.8,2025-06-16 11:06:27,2025-06-16 11:07:14,GTERI,GTERI,ok,0.5
4246,3943.8,3943.8,2025-06-16 11:07:14,2025-06-16 11:07:15,GTERI,GTERI,ok,0.0
4247,3943.8,3943.8,2025-06-16 11:07:15,2025-06-16 11:07:17,GTERI,GTERI,ok,0.0
4248,3943.8,3943.8,2025-06-16 11:07:17,2025-06-16 11:07:19,GTERI,GTERI,ok,0.0
4250,3943.8,3944.2,2025-06-16 11:07:19,2025-06-16 11:08:12,GTERI,GTERI,ok,0.3999999999996362
4251,3944.2,3944.2,2025-06-16 11:08:12,2025-06-16 11:08:13,GTERI,GTERI,ok,0.0
4252,3944.2,3944.3,2025-06-16 11:08:13,2025-06-16 11:08:26,GTERI,GTERI,ok,0.1000000000003638
4253,3944.3,3944.3,2025-06-16 11:08:26,2025-06-16 11:08:30,GTERI,GTERI,ok,0.0
4254,3944.3,3944.4,2025-06-16 11:08:30,2025-06-16 11:08:34,GTERI,GTERI,ok,0.09999999999990905
4255,3944.4,3944.7,2025-06-16 11:08:34,2025-06-16 11:09:09,GTERI,GTERI,ok,0.29999999999972715
4256,3944.7,3944.8,2025-06-16 11:09:09,2025-06-16 11:09:14,GTERI,GTERI,ok,0.1000000000003638
4257,3944.8,3944.8,2025-06-16 11:09:14,2025-06-16 11:09:22,GTERI,GTERI,ok,0.0
4259,3944.8,3944.9,2025-06-16 11:09:22,2025-06-16 11:09:35,GTERI,GTERI,ok,0.09999999999990905
4260,3944.9,3944.9,2025-06-16 11:09:35,2025-06-16 11:09:57,GTERI,GTERI,ok,0.0
4261,3944.9,3945.0,2025-06-16 11:09:57,2025-06-16 11:10:58,GTERI,GTERI,ok,0.09999999999990905
4262,3945.0,3945.0,2025-06-16 11:10:58,2025-06-16 11:11:00,GTERI,GTERI,ok,0.0
4263,3945.0,3945.0,2025-06-16 11:11:00,2025-06-16 11:11:01,GTERI,GTERI,ok,0.0
4265,3945.0,3945.7,2025-06-16 11:11:01,2025-06-16 11:12:05,GTERI,GTERI,ok,0.6999999999998181
4266,3945.7,3945.7,2025-06-16 11:12:05,2025-06-16 11:12:06,GTERI,GTERI,ok,0.0
4267,3945.7,3945.7,2025-06-16 11:12:06,2025-06-16 11:12:07,GTERI,GTERI,ok,0.0
4268,3945.7,3945.7,2025-06-16 11:12:07,2025-06-16 11:12:08,GTERI,GTERI,ok,0.0
4269,3945.7,3945.7,2025-06-16 11:12:08,2025-06-16 11:12:09,GTERI,GTERI,ok,0.0
4270,3945.7,3945.8,2025-06-16 11:12:09,2025-06-16 11:12:22,GTERI,GTERI,ok,0.1000000000003638
4271,3945.8,3945.8,2025-06-16 11:12:22,2025-06-16 11:12:27,GTERI,GTERI,ok,0.0
4272,3945.8,3945.8,2025-06-16 11:12:27,2025-06-16 11:12:31,GTERI,GTERI,ok,0.0
4273,3945.8,3945.9,2025-06-16 11:12:31,2025-06-16 11:12:43,GTERI,GTERI,ok,0.09999999999990905
4274,3945.9,3945.9,2025-06-16 11:12:43,2025-06-16 11:12:46,GTERI,GTERI,ok,0.0
4275,3945.9,3945.9,2025-06-16 11:12:46,2025-06-16 11:12:49,GTERI,GTERI,ok,0.0
4276,3945.9,3945.9,2025-06-16 11:12:49,2025-06-16 11:12:51,GTERI,GTERI,ok,0.0
4277,3945.9,3945.9,2025-06-16 11:12:51,2025-06-16 11:12:53,GTERI,GTERI,ok,0.0
4278,3945.9,3945.9,2025-06-16 11:12:53,2025-06-16 11:13:23,GTERI,GTIGF,ok,0.0
4279,3945.9,3945.9,2025-06-16 11:13:23,2025-06-16 11:13:23,GTIGF,GTSTT,ok,0.0
4280,3945.9,3945.9,2025-06-16 11:13:23,2025-06-16 11:13:23,GTSTT,GTERI,ok,0.0
4281,3945.9,3945.9,2025-06-16 11:13:23,2025-06-16 11:13:23,GTERI,GTIGL,ok,0.0
4283,3945.9,3945.9,2025-06-16 11:13:23,2025-06-16 11:14:15,GTIGL,GTSTT,ok,0.0
4313,3945.9,3945.9,2025-06-16 11:14:15,2025-06-16 12:13:19,GTSTT,GTERI,ok,0.0
4342,3945.9,3945.9,2025-06-16 12:13:19,2025-06-16 13:08:28,GTERI,GTIGN,ok,0.0
4343,3945.9,3945.9,2025-06-16 13:08:28,2025-06-16 13:08:28,GTIGN,GTSTT,ok,0.0
4344,3945.9,3945.9,2025-06-16 13:08:28,2025-06-16 13:08:29,GTSTT,GTIGF,ok,0.0
4345,3945.9,3945.9,2025-06-16 13:08:29,2025-06-16 13:08:29,GTIGF,GTSTT,ok,0.0
4346,3945.9,3945.9,2025-06-16 13:08:29,2025-06-16 13:08:30,GTSTT,GTIGN,ok,0.0
4347,3945.9,3945.9,2025-06-16 13:08:30,2025-06-16 13:08:30,GTIGN,GTSTT,ok,0.0
4348,3945.9,3945.9,2025-06-16 13:08:30,2025-06-16 13:08:43,GTSTT,GTERI,ok,0.0
4349,3945.9,3945.9,2025-06-16 13:08:43,2025-06-16 13:08:43,GTERI,GTIGL,ok,0.0
4350,3945.9,3945.9,2025-06-16 13:08:43,2025-06-16 13:08:43,GTIGL,GTIGL,ok,0.0
4351,3945.9,3945.9,2025-06-16 13:08:43,2025-06-16 13:08:43,GTIGL,GTIGL,ok,0.0
4352,3945.9,3945.9,2025-06-16 13:08:43,2025-06-16 13:08:56,GTIGL,GTERI,ok,0.0
4354,3945.9,3945.9,2025-06-16 13:08:56,2025-06-16 13:09:56,GTERI,GTERI,ok,0.0
4355,3945.9,3946.0,2025-06-16 13:09:56,2025-06-16 13:10:48,GTERI,GTERI,ok,0.09999999999990905
4356,3946.0,3946.0,2025-06-16 13:10:48,2025-06-16 13:10:53,GTERI,GTERI,ok,0.0
4357,3946.0,3946.0,2025-06-16 13:10:53,2025-06-16 13:10:57,GTERI,GTERI,ok,0.0
4358,3946.0,3946.2,2025-06-16 13:10:57,2025-06-16 13:11:13,GTERI,GTERI,ok,0.1999999999998181
4359,3946.2,3946.3,2025-06-16 13:11:13,2025-06-16 13:11:35,GTERI,GTERI,ok,0.1000000000003638
4360,3946.3,3946.3,2025-06-16 13:11:35,2025-06-16 13:11:37,GTERI,GTERI,ok,0.0
4362,3946.3,3946.3,2025-06-16 13:11:37,2025-06-16 13:11:39,GTERI,GTERI,ok,0.0
4363,3946.3,3946.3,2025-06-16 13:11:39,2025-06-16 13:11:41,GTERI,GTERI,ok,0.0
4364,3946.3,3946.4,2025-06-16 13:11:41,2025-06-16 13:11:52,GTERI,GTERI,ok,0.09999999999990905
4365,3946.4,3946.4,2025-06-16 13:11:52,2025-06-16 13:12:12,GTERI,GTERI,ok,0.0
4366,3946.4,3946.5,2025-06-16 13:12:12,2025-06-16 13:12:18,GTERI,GTERI,ok,0.09999999999990905
4367,3946.5,3946.5,2025-06-16 13:12:18,2025-06-16 13:12:24,GTERI,GTERI,ok,0.0
4368,3946.5,3946.7,2025-06-16 13:12:24,2025-06-16 13:12:50,GTERI,GTERI,ok,0.1999999999998181
4369,3946.7,3947.1,2025-06-16 13:12:50,2025-06-16 13:13:17,GTERI,GTERI,ok,0.40000000000009095
4370,3947.1,3947.2,2025-06-16 13:13:17,2025-06-16 13:13:22,GTERI,GTERI,ok,0.09999999999990905
4371,3947.2,3947.2,2025-06-16 13:13:22,2025-06-16 13:13:22,GTERI,GTERI,ok,0.0
4373,3947.2,3947.3,2025-06-16 13:13:22,2025-06-16 13:13:39,GTERI,GTERI,ok,0.1000000000003638
4374,3947.3,3947.4,2025-06-16 13:13:39,2025-06-16 13:13:44,GTERI,GTERI,ok,0.09999999999990905
4375,3947.4,3947.4,2025-06-16 13:13:44,2025-06-16 13:13:46,GTERI,GTERI,ok,0.0
4376,3947.4,3947.5,2025-06-16 13:13:46,2025-06-16 13:13:52,GTERI,GTERI,ok,0.09999999999990905
4377,3947.5,3948.0,2025-06-16 13:13:52,2025-06-16 13:14:35,GTERI,GTERI,ok,0.5
4379,3948.0,3949.4,2025-06-16 13:14:35,2025-06-16 13:17:35,GTERI,GTERI,ok,1.400000000000091
4381,3949.4,3950.0,2025-06-16 13:17:35,2025-06-16 13:19:09,GTERI,GTERI,ok,0.599999999999909
4382,3950.0,3950.1,2025-06-16 13:19:09,2025-06-16 13:19:13,GTERI,GTERI,ok,0.09999999999990905
4383,3950.1,3950.1,2025-06-16 13:19:13,2025-06-16 13:19:31,GTERI,GTERI,ok,0.0
4385,3950.1,3950.3,2025-06-16 13:19:31,2025-06-16 13:19:50,GTERI,GTERI,ok,0.20000000000027285
4386,3950.3,3950.6,2025-06-16 13:19:50,2025-06-16 13:20:16,GTERI,GTERI,ok,0.29999999999972715
4387,3950.6,3950.8,2025-06-16 13:20:16,2025-06-16 13:20:35,GTERI,GTERI,ok,0.20000000000027285
4388,3950.8,3951.1,2025-06-16 13:20:35,2025-06-16 13:20:58,GTERI,GTERI,ok,0.29999999999972715
4389,3951.1,3951.5,2025-06-16 13:20:58,2025-06-16 13:21:22,GTERI,GTERI,ok,0.40000000000009095
4391,3951.5,3951.8,2025-06-16 13:21:22,2025-06-16 13:21:44,GTERI,GTERI,ok,0.3000000000001819
4392,3951.8,3951.9,2025-06-16 13:21:44,2025-06-16 13:21:50,GTERI,GTERI,ok,0.09999999999990905
4393,3951.9,3951.9,2025-06-16 13:21:50,2025-06-16 13:21:53,GTERI,GTERI,ok,0.0
4394,3951.9,3951.9,2025-06-16 13:21:53,2025-06-16 13:21:55,GTERI,GTERI,ok,0.0
4395,3951.9,3952.0,2025-06-16 13:21:55,2025-06-16 13:22:01,GTERI,GTERI,ok,0.09999999999990905
4396,3952.0,3952.4,2025-06-16 13:22:01,2025-06-16 13:22:51,GTERI,GTERI,ok,0.40000000000009095
4397,3952.4,3952.9,2025-06-16 13:22:51,2025-06-16 13:23:32,GTERI,GTERI,ok,0.5
4398,3952.9,3952.9,2025-06-16 13:23:32,2025-06-16 13:23:35,GTERI,GTERI,ok,0.0
4400,3952.9,3953.2,2025-06-16 13:23:35,2025-06-16 13:24:43,GTERI,GTERI,ok,0.29999999999972715
4401,3953.2,3953.3,2025-06-16 13:24:43,2025-06-16 13:24:52,GTERI,GTERI,ok,0.1000000000003638
4402,3953.3,3953.4,2025-06-16 13:24:52,2025-06-16 13:25:02,GTERI,GTERI,ok,0.09999999999990905
4403,3953.4,3953.5,2025-06-16 13:25:02,2025-06-16 13:25:14,GTERI,GTERI,ok,0.09999999999990905
4404,3953.5,3953.5,2025-06-16 13:25:14,2025-06-16 13:25:17,GTERI,GTERI,ok,0.0
4405,3953.5,3953.5,2025-06-16 13:25:17,2025-06-16 13:25:24,GTERI,GTERI,ok,0.0
4406,3953.5,3953.6,2025-06-16 13:25:24,2025-06-16 13:25:28,GTERI,GTERI,ok,0.09999999999990905
4408,3953.6,3953.6,2025-06-16 13:25:28,2025-06-16 13:25:30,GTERI,GTERI,ok,0.0
4409,3953.6,3953.6,2025-06-16 13:25:30,2025-06-16 13:25:32,GTERI,GTERI,ok,0.0
4410,3953.6,3954.0,2025-06-16 13:25:32,2025-06-16 13:26:01,GTERI,GTERI,ok,0.40000000000009095
4411,3954.0,3954.1,2025-06-16 13:26:01,2025-06-16 13:26:10,GTERI,GTERI,ok,0.09999999999990905
4412,3954.1,3954.3,2025-06-16 13:26:10,2025-06-16 13:26:35,GTERI,GTERI,ok,0.20000000000027285
4414,3954.3,3955.2,2025-06-16 13:26:35,2025-06-16 13:27:58,GTERI,GTERI,ok,0.8999999999996362
4415,3955.2,3955.2,2025-06-16 13:27:58,2025-06-16 13:28:04,GTERI,GTERI,ok,0.0
4416,3955.2,3955.3,2025-06-16 13:28:04,2025-06-16 13:28:17,GTERI,GTERI,ok,0.1000000000003638
4417,3955.3,3955.3,2025-06-16 13:28:17,2025-06-16 13:28:20,GTERI,GTERI,ok,0.0
4418,3955.3,3955.4,2025-06-16 13:28:20,2025-06-16 13:28:29,GTERI,GTERI,ok,0.09999999999990905
4419,3955.4,3955.4,2025-06-16 13:28:29,2025-06-16 13:28:49,GTERI,GTERI,ok,0.0
4420,3955.4,3955.4,2025-06-16 13:28:49,2025-06-16 13:28:54,GTERI,GTERI,ok,0.0
4421,3955.4,3955.4,2025-06-16 13:28:54,2025-06-16 13:29:24,GTERI,GTIGF,ok,0.0
4422,3955.4,3955.4,2025-06-16 13:29:24,2025-06-16 13:29:24,GTIGF,GTSTT,ok,0.0
4423,3955.4,3955.4,2025-06-16 13:29:24,2025-06-16 13:29:24,GTSTT,GTERI,ok,0.0
4424,3955.4,3955.4,2025-06-16 13:29:24,2025-06-16 13:29:25,GTERI,GTIGL,ok,0.0
4426,3955.4,3955.4,2025-06-16 13:29:25,2025-06-16 13:30:18,GTIGL,GTSTT,ok,0.0
4456,3955.4,3955.4,2025-06-16 13:30:18,2025-06-16 14:29:20,GTSTT,GTERI,ok,0.0
4487,3955.4,3955.4,2025-06-16 14:29:20,2025-06-16 15:29:20,GTERI,GTERI,ok,0.0
4519,3955.4,3955.4,2025-06-16 15:29:20,2025-06-16 16:29:20,GTERI,GTERI,ok,0.0
4550,3955.4,3955.4,2025-06-16 16:29:20,2025-06-16 17:29:20,GTERI,GTERI,ok,0.0
4581,3955.4,3955.4,2025-06-16 17:29:20,2025-06-16 18:29:20,GTERI,GTERI,ok,0.0
4612,3955.4,3955.4,2025-06-16 18:29:20,2025-06-16 19:29:20,GTERI,GTERI,ok,0.0
4643,3955.4,3955.4,2025-06-16 19:29:20,2025-06-16 20:29:20,GTERI,GTERI,ok,0.0
4674,3955.4,3955.4,2025-06-16 20:29:20,2025-06-16 21:29:20,GTERI,GTERI,ok,0.0
4705,3955.4,3955.4,2025-06-16 21:29:20,2025-06-16 22:29:20,GTERI,GTERI,ok,0.0
4736,3955.4,3955.4,2025-06-16 22:29:20,2025-06-16 23:29:20,GTERI,GTERI,ok,0.0
4767,3955.4,3955.4,2025-06-16 23:29:20,2025-06-17 00:29:20,GTERI,GTERI,ok,0.0
4798,3955.4,3955.4,2025-06-17 00:29:20,2025-06-17 01:29:20,GTERI,GTERI,ok,0.0
4829,3955.4,3955.4,2025-06-17 01:29:20,2025-06-17 02:29:20,GTERI,GTERI,ok,0.0
4860,3955.4,3955.4,2025-06-17 02:29:20,2025-06-17 03:29:20,GTERI,GTERI,ok,0.0
4891,3955.4,3955.4,2025-06-17 03:29:20,2025-06-17 04:29:20,GTERI,GTERI,ok,0.0
4922,3955.4,3955.4,2025-06-17 04:29:20,2025-06-17 05:29:20,GTERI,GTERI,ok,0.0
4953,3955.4,3955.4,2025-06-17 05:29:20,2025-06-17 06:29:20,GTERI,GTERI,ok,0.0
4984,3955.4,3955.4,2025-06-17 06:29:20,2025-06-17 07:29:20,GTERI,GTERI,ok,0.0
5015,3955.4,3955.4,2025-06-17 07:29:20,2025-06-17 08:29:20,GTERI,GTERI,ok,0.0
5046,3955.4,3955.4,2025-06-17 08:29:20,2025-06-17 09:29:20,GTERI,GTERI,ok,0.0
5077,3955.4,3955.4,2025-06-17 09:29:20,2025-06-17 10:29:20,GTERI,GTERI,ok,0.0
5108,3955.4,3955.4,2025-06-17 10:29:20,2025-06-17 11:29:20,GTERI,GTERI,ok,0.0
5139,3955.4,3955.4,2025-06-17 11:29:20,2025-06-17 12:29:20,GTERI,GTERI,ok,0.0
5170,3955.4,3955.4,2025-06-17 12:29:20,2025-06-17 13:29:20,GTERI,GTERI,ok,0.0
5201,3955.4,3955.4,2025-06-17 13:29:20,2025-06-17 14:29:20,GTERI,GTERI,ok,0.0
5232,3955.4,3955.4,2025-06-17 14:29:20,2025-06-17 15:29:20,GTERI,GTERI,ok,0.0
5263,3955.4,3955.4,2025-06-17 15:29:20,2025-06-17 16:29:20,GTERI,GTERI,ok,0.0
5293,3955.4,3955.4,2025-06-17 16:29:20,2025-06-17 17:29:20,GTERI,GTERI,ok,0.0
5324,3955.4,3955.4,2025-06-17 17:29:20,2025-06-17 18:29:20,GTERI,GTERI,ok,0.0
5355,3955.4,3955.4,2025-06-17 18:29:20,2025-06-17 19:29:20,GTERI,GTERI,ok,0.0
5386,3955.4,3955.4,2025-06-17 19:29:20,2025-06-17 20:29:20,GTERI,GTERI,ok,0.0
5418,3955.4,3955.4,2025-06-17 20:29:20,2025-06-17 21:29:20,GTERI,GTERI,ok,0.0
5449,3955.4,3955.4,2025-06-17 21:29:20,2025-06-17 22:29:20,GTERI,GTERI,ok,0.0
5480,3955.4,3955.4,2025-06-17 22:29:20,2025-06-17 23:29:20,GTERI,GTERI,ok,0.0
5511,3955.4,3955.4,2025-06-17 23:29:20,2025-06-18 00:29:20,GTERI,GTERI,ok,0.0
5542,3955.4,3955.4,2025-06-18 00:29:20,2025-06-18 01:29:20,GTERI,GTERI,ok,0.0
5573,3955.4,3955.4,2025-06-18 01:29:20,2025-06-18 02:29:20,GTERI,GTERI,ok,0.0
5596,3955.4,3955.4,2025-06-18 02:29:20,2025-06-18 03:11:56,GTERI,GTPDP,ok,0.0
5605,3955.4,3955.4,2025-06-18 03:11:56,2025-06-18 03:29:20,GTPDP,GTERI,ok,0.0
5636,3955.4,3955.4,2025-06-18 03:29:20,2025-06-18 04:29:20,GTERI,GTERI,ok,0.0
5667,3955.4,3955.4,2025-06-18 04:29:20,2025-06-18 05:29:20,GTERI,GTERI,ok,0.0
5698,3955.4,3955.4,2025-06-18 05:29:20,2025-06-18 06:29:20,GTERI,GTERI,ok,0.0
5729,3955.4,3955.4,2025-06-18 06:29:20,2025-06-18 07:29:20,GTERI,GTERI,ok,0.0
5760,3955.4,3955.4,2025-06-18 07:29:20,2025-06-18 08:29:20,GTERI,GTERI,ok,0.0
5791,3955.4,3955.4,2025-06-18 08:29:20,2025-06-18 09:29:20,GTERI,GTERI,ok,0.0
5822,3955.4,3955.4,2025-06-18 09:29:20,2025-06-18 10:29:20,GTERI,GTERI,ok,0.0
5853,3955.4,3955.4,2025-06-18 10:29:20,2025-06-18 11:29:20,GTERI,GTERI,ok,0.0
5884,3955.4,3955.4,2025-06-18 11:29:20,2025-06-18 12:29:20,GTERI,GTERI,ok,0.0
5915,3955.4,3955.4,2025-06-18 12:29:20,2025-06-18 13:29:20,GTERI,GTERI,ok,0.0
5946,3955.4,3955.4,2025-06-18 13:29:20,2025-06-18 14:29:20,GTERI,GTERI,ok,0.0
5977,3955.4,3955.4,2025-06-18 14:29:20,2025-06-18 15:29:20,GTERI,GTERI,ok,0.0
6008,3955.4,3955.4,2025-06-18 15:29:20,2025-06-18 16:29:20,GTERI,GTERI,ok,0.0
6039,3955.4,3955.4,2025-06-18 16:29:20,2025-06-18 17:29:20,GTERI,GTERI,ok,0.0
6070,3955.4,3955.4,2025-06-18 17:29:20,2025-06-18 18:29:20,GTERI,GTERI,ok,0.0
6101,3955.4,3955.4,2025-06-18 18:29:20,2025-06-18 19:29:20,GTERI,GTERI,ok,0.0
6132,3955.4,3955.4,2025-06-18 19:29:20,2025-06-18 20:29:20,GTERI,GTERI,ok,0.0
6162,3955.4,3955.4,2025-06-18 20:29:20,2025-06-18 21:29:20,GTERI,GTERI,ok,0.0
6193,3955.4,3955.4,2025-06-18 21:29:20,2025-06-18 22:29:20,GTERI,GTERI,ok,0.0
6224,3955.4,3955.4,2025-06-18 22:29:20,2025-06-18 23:29:20,GTERI,GTERI,ok,0.0
6255,3955.4,3955.4,2025-06-18 23:29:20,2025-06-19 00:29:20,GTERI,GTERI,ok,0.0
6286,3955.4,3955.4,2025-06-19 00:29:20,2025-06-19 01:29:20,GTERI,GTERI,ok,0.0
6317,3955.4,3955.4,2025-06-19 01:29:20,2025-06-19 02:29:20,GTERI,GTERI,ok,0.0
6348,3955.4,3955.4,2025-06-19 02:29:20,2025-06-19 03:29:20,GTERI,GTERI,ok,0.0
6379,3955.4,3955.4,2025-06-19 03:29:20,2025-06-19 04:29:20,GTERI,GTERI,ok,0.0
6410,3955.4,3955.4,2025-06-19 04:29:20,2025-06-19 05:29:20,GTERI,GTERI,ok,0.0
6441,3955.4,3955.4,2025-06-19 05:29:20,2025-06-19 06:29:20,GTERI,GTERI,ok,0.0
6472,3955.4,3955.4,2025-06-19 06:29:20,2025-06-19 07:29:20,GTERI,GTERI,ok,0.0
6503,3955.4,3955.4,2025-06-19 07:29:20,2025-06-19 08:29:20,GTERI,GTERI,ok,0.0
6534,3955.4,3955.4,2025-06-19 08:29:20,2025-06-19 09:29:20,GTERI,GTERI,ok,0.0
6565,3955.4,3955.4,2025-06-19 09:29:20,2025-06-19 10:29:20,GTERI,GTERI,ok,0.0
6596,3955.4,3955.4,2025-06-19 10:29:20,2025-06-19 11:29:20,GTERI,GTERI,ok,0.0
6627,3955.4,3955.4,2025-06-19 11:29:20,2025-06-19 12:29:23,GTERI,GTERI,ok,0.0
6658,3955.4,3955.4,2025-06-19 12:29:23,2025-06-19 13:29:21,GTERI,GTERI,ok,0.0
6690,3955.4,3955.4,2025-06-19 13:29:21,2025-06-19 14:29:21,GTERI,GTERI,ok,0.0
6721,3955.4,3955.4,2025-06-19 14:29:21,2025-06-19 15:29:21,GTERI,GTERI,ok,0.0
6752,3955.4,3955.4,2025-06-19 15:29:21,2025-06-19 16:29:21,GTERI,GTERI,ok,0.0
6783,3955.4,3955.4,2025-06-19 16:29:21,2025-06-19 17:29:21,GTERI,GTERI,ok,0.0
6814,3955.4,3955.4,2025-06-19 17:29:21,2025-06-19 18:29:21,GTERI,GTERI,ok,0.0
6845,3955.4,3955.4,2025-06-19 18:29:21,2025-06-19 19:29:21,GTERI,GTERI,ok,0.0
6876,3955.4,3955.4,2025-06-19 19:29:21,2025-06-19 20:29:21,GTERI,GTERI,ok,0.0
6907,3955.4,3955.4,2025-06-19 20:29:21,2025-06-19 21:29:21,GTERI,GTERI,ok,0.0
6938,3955.4,3955.4,2025-06-19 21:29:21,2025-06-19 22:29:21,GTERI,GTERI,ok,0.0
6969,3955.4,3955.4,2025-06-19 22:29:21,2025-06-19 23:29:21,GTERI,GTERI,ok,0.0
7000,3955.4,3955.4,2025-06-19 23:29:21,2025-06-20 00:29:21,GTERI,GTERI,ok,0.0
7031,3955.4,3955.4,2025-06-20 00:29:21,2025-06-20 01:29:21,GTERI,GTERI,ok,0.0
7062,3955.4,3955.4,2025-06-20 01:29:21,2025-06-20 02:29:21,GTERI,GTERI,ok,0.0
7084,3955.4,3955.4,2025-06-20 02:29:21,2025-06-20 03:11:01,GTERI,GTPDP,ok,0.0
7093,3955.4,3955.4,2025-06-20 03:11:01,2025-06-20 03:29:21,GTPDP,GTERI,ok,0.0
7124,3955.4,3955.4,2025-06-20 03:29:21,2025-06-20 04:29:21,GTERI,GTERI,ok,0.0
7155,3955.4,3955.4,2025-06-20 04:29:21,2025-06-20 05:29:21,GTERI,GTERI,ok,0.0
7186,3955.4,3955.4,2025-06-20 05:29:21,2025-06-20 06:29:21,GTERI,GTERI,ok,0.0
7217,3955.4,3955.4,2025-06-20 06:29:21,2025-06-20 07:29:21,GTERI,GTERI,ok,0.0
7248,3955.4,3955.4,2025-06-20 07:29:21,2025-06-20 08:29:21,GTERI,GTERI,ok,0.0
7279,3955.4,3955.4,2025-06-20 08:29:21,2025-06-20 09:29:21,GTERI,GTERI,ok,0.0
7310,3955.4,3955.4,2025-06-20 09:29:21,2025-06-20 10:29:21,GTERI,GTERI,ok,0.0
7341,3955.4,3955.4,2025-06-20 10:29:21,2025-06-20 11:29:21,GTERI,GTERI,ok,0.0
7372,3955.4,3955.4,2025-06-20 11:29:21,2025-06-20 12:29:21,GTERI,GTERI,ok,0.0
7403,3955.4,3955.4,2025-06-20 12:29:21,2025-06-20 13:29:21,GTERI,GTERI,ok,0.0
7434,3955.4,3955.4,2025-06-20 13:29:21,2025-06-20 14:29:21,GTERI,GTERI,ok,0.0
7465,3955.4,3955.4,2025-06-20 14:29:21,2025-06-20 15:29:21,GTERI,GTERI,ok,0.0
7496,3955.4,3955.4,2025-06-20 15:29:21,2025-06-20 16:29:21,GTERI,GTERI,ok,0.0
7527,3955.4,3955.4,2025-06-20 16:29:21,2025-06-20 17:29:21,GTERI,GTERI,ok,0.0
7558,3955.4,3955.4,2025-06-20 17:29:21,2025-06-20 18:29:21,GTERI,GTERI,ok,0.0
7589,3955.4,3955.4,2025-06-20 18:29:21,2025-06-20 19:29:21,GTERI,GTERI,ok,0.0
7620,3955.4,3955.4,2025-06-20 19:29:21,2025-06-20 20:29:21,GTERI,GTERI,ok,0.0
7651,3955.4,3955.4,2025-06-20 20:29:21,2025-06-20 21:29:21,GTERI,GTERI,ok,0.0
7682,3955.4,3955.4,2025-06-20 21:29:21,2025-06-20 22:29:21,GTERI,GTERI,ok,0.0
7713,3955.4,3955.4,2025-06-20 22:29:21,2025-06-20 23:29:21,GTERI,GTERI,ok,0.0
7744,3955.4,3955.4,2025-06-20 23:29:21,2025-06-21 00:29:21,GTERI,GTERI,ok,0.0
7775,3955.4,3955.4,2025-06-21 00:29:21,2025-06-21 01:29:21,GTERI,GTERI,ok,0.0
7806,3955.4,3955.4,2025-06-21 01:29:21,2025-06-21 02:29:21,GTERI,GTERI,ok,0.0
7837,3955.4,3955.4,2025-06-21 02:29:21,2025-06-21 03:29:21,GTERI,GTERI,ok,0.0
7868,3955.4,3955.4,2025-06-21 03:29:21,2025-06-21 04:29:21,GTERI,GTERI,ok,0.0
7899,3955.4,3955.4,2025-06-21 04:29:21,2025-06-21 05:29:21,GTERI,GTERI,ok,0.0
7930,3955.4,3955.4,2025-06-21 05:29:21,2025-06-21 06:29:21,GTERI,GTERI,ok,0.0
7961,3955.4,3955.4,2025-06-21 06:29:21,2025-06-21 07:29:21,GTERI,GTERI,ok,0.0
7992,3955.4,3955.4,2025-06-21 07:29:21,2025-06-21 08:29:21,GTERI,GTERI,ok,0.0
8023,3955.4,3955.4,2025-06-21 08:29:21,2025-06-21 09:29:21,GTERI,GTERI,ok,0.0
8054,3955.4,3955.4,2025-06-21 09:29:21,2025-06-21 10:29:21,GTERI,GTERI,ok,0.0
8085,3955.4,3955.4,2025-06-21 10:29:21,2025-06-21 11:29:21,GTERI,GTERI,ok,0.0
8116,3955.4,3955.4,2025-06-21 11:29:21,2025-06-21 12:29:21,GTERI,GTERI,ok,0.0
8146,3955.4,3955.4,2025-06-21 12:29:21,2025-06-21 13:29:21,GTERI,GTERI,ok,0.0
8177,3955.4,3955.4,2025-06-21 13:29:21,2025-06-21 14:29:21,GTERI,GTERI,ok,0.0
8208,3955.4,3955.4,2025-06-21 14:29:21,2025-06-21 15:29:21,GTERI,GTERI,ok,0.0
8239,3955.4,3955.4,2025-06-21 15:29:21,2025-06-21 16:29:21,GTERI,GTERI,ok,0.0
8270,3955.4,3955.4,2025-06-21 16:29:21,2025-06-21 17:29:21,GTERI,GTERI,ok,0.0
8301,3955.4,3955.4,2025-06-21 17:29:21,2025-06-21 18:29:21,GTERI,GTERI,ok,0.0
8332,3955.4,3955.4,2025-06-21 18:29:21,2025-06-21 19:29:21,GTERI,GTERI,ok,0.0
8363,3955.4,3955.4,2025-06-21 19:29:21,2025-06-21 20:29:21,GTERI,GTERI,ok,0.0
8394,3955.4,3955.4,2025-06-21 20:29:21,2025-06-21 21:29:21,GTERI,GTERI,ok,0.0
8425,3955.4,3955.4,2025-06-21 21:29:21,2025-06-21 22:29:21,GTERI,GTERI,ok,0.0
8456,3955.4,3955.4,2025-06-21 22:29:21,2025-06-21 23:29:21,GTERI,GTERI,ok,0.0
8487,3955.4,3955.4,2025-06-21 23:29:21,2025-06-22 00:29:21,GTERI,GTERI,ok,0.0
8518,3955.4,3955.4,2025-06-22 00:29:21,2025-06-22 01:29:21,GTERI,GTERI,ok,0.0
8549,3955.4,3955.4,2025-06-22 01:29:21,2025-06-22 02:29:21,GTERI,GTERI,ok,0.0
8572,3955.4,3955.4,2025-06-22 02:29:21,2025-06-22 03:12:08,GTERI,GTPDP,ok,0.0
8581,3955.4,3955.4,2025-06-22 03:12:08,2025-06-22 03:29:21,GTPDP,GTERI,ok,0.0
8612,3955.4,3955.4,2025-06-22 03:29:21,2025-06-22 04:29:21,GTERI,GTERI,ok,0.0
8643,3955.4,3955.4,2025-06-22 04:29:21,2025-06-22 05:29:21,GTERI,GTERI,ok,0.0
8675,3955.4,3955.4,2025-06-22 05:29:21,2025-06-22 06:29:21,GTERI,GTERI,ok,0.0
8706,3955.4,3955.4,2025-06-22 06:29:21,2025-06-22 07:29:21,GTERI,GTERI,ok,0.0
8737,3955.4,3955.4,2025-06-22 07:29:21,2025-06-22 08:29:21,GTERI,GTERI,ok,0.0
8768,3955.4,3955.4,2025-06-22 08:29:21,2025-06-22 09:29:21,GTERI,GTERI,ok,0.0
8799,3955.4,3955.4,2025-06-22 09:29:21,2025-06-22 10:29:21,GTERI,GTERI,ok,0.0
8830,3955.4,3955.4,2025-06-22 10:29:21,2025-06-22 11:29:21,GTERI,GTERI,ok,0.0
8861,3955.4,3955.4,2025-06-22 11:29:21,2025-06-22 12:29:21,GTERI,GTERI,ok,0.0
8892,3955.4,3955.4,2025-06-22 12:29:21,2025-06-22 13:29:21,GTERI,GTERI,ok,0.0
8923,3955.4,3955.4,2025-06-22 13:29:21,2025-06-22 14:29:21,GTERI,GTERI,ok,0.0
8954,3955.4,3955.4,2025-06-22 14:29:21,2025-06-22 15:29:21,GTERI,GTERI,ok,0.0
8984,3955.4,3955.4,2025-06-22 15:29:21,2025-06-22 16:29:21,GTERI,GTERI,ok,0.0
9015,3955.4,3955.4,2025-06-22 16:29:21,2025-06-22 17:29:21,GTERI,GTERI,ok,0.0
9046,3955.4,3955.4,2025-06-22 17:29:21,2025-06-22 18:29:21,GTERI,GTERI,ok,0.0
9077,3955.4,3955.4,2025-06-22 18:29:21,2025-06-22 19:29:21,GTERI,GTERI,ok,0.0
9108,3955.4,3955.4,2025-06-22 19:29:21,2025-06-22 20:29:21,GTERI,GTERI,ok,0.0
9139,3955.4,3955.4,2025-06-22 20:29:21,2025-06-22 21:29:21,GTERI,GTERI,ok,0.0
9170,3955.4,3955.4,2025-06-22 21:29:21,2025-06-22 22:29:21,GTERI,GTERI,ok,0.0
9201,3955.4,3955.4,2025-06-22 22:29:21,2025-06-22 23:29:21,GTERI,GTERI,ok,0.0
9232,3955.4,3955.4,2025-06-22 23:29:21,2025-06-23 00:29:21,GTERI,GTERI,ok,0.0
9263,3955.4,3955.4,2025-06-23 00:29:21,2025-06-23 01:29:21,GTERI,GTERI,ok,0.0
9294,3955.4,3955.4,2025-06-23 01:29:21,2025-06-23 02:29:21,GTERI,GTERI,ok,0.0
9316,3955.4,3955.4,2025-06-23 02:29:21,2025-06-23 03:09:55,GTERI,GTPDP,ok,0.0
9326,3955.4,3955.4,2025-06-23 03:09:55,2025-06-23 03:29:21,GTPDP,GTERI,ok,0.0
9357,3955.4,3955.4,2025-06-23 03:29:21,2025-06-23 04:29:21,GTERI,GTERI,ok,0.0
9388,3955.4,3955.4,2025-06-23 04:29:21,2025-06-23 05:29:21,GTERI,GTERI,ok,0.0
9419,3955.4,3955.4,2025-06-23 05:29:21,2025-06-23 06:29:21,GTERI,GTERI,ok,0.0
9450,3955.4,3955.4,2025-06-23 06:29:21,2025-06-23 07:29:21,GTERI,GTERI,ok,0.0
9481,3955.4,3955.4,2025-06-23 07:29:21,2025-06-23 08:29:21,GTERI,GTERI,ok,0.0
9512,3955.4,3955.4,2025-06-23 08:29:21,2025-06-23 09:29:21,GTERI,GTERI,ok,0.0
9527,3955.4,3955.4,2025-06-23 09:29:21,2025-06-23 09:58:26,GTERI,GTIGN,ok,0.0
9528,3955.4,3955.4,2025-06-23 09:58:26,2025-06-23 09:58:26,GTIGN,GTSTT,ok,0.0
9529,3955.4,3955.4,2025-06-23 09:58:26,2025-06-23 09:58:27,GTSTT,GTIGF,ok,0.0
9530,3955.4,3955.4,2025-06-23 09:58:27,2025-06-23 09:58:27,GTIGF,GTSTT,ok,0.0
9531,3955.4,3955.4,2025-06-23 09:58:27,2025-06-23 09:58:28,GTSTT,GTIGN,ok,0.0
9532,3955.4,3955.4,2025-06-23 09:58:28,2025-06-23 09:58:28,GTIGN,GTSTT,ok,0.0
9534,3955.4,3955.4,2025-06-23 09:58:28,2025-06-23 09:58:49,GTSTT,GTERI,ok,0.0
9535,3955.4,3955.4,2025-06-23 09:58:49,2025-06-23 09:58:49,GTERI,GTIGL,ok,0.0
9536,3955.4,3955.4,2025-06-23 09:58:49,2025-06-23 09:58:49,GTIGL,GTIGL,ok,0.0
9537,3955.4,3955.4,2025-06-23 09:58:49,2025-06-23 09:58:49,GTIGL,GTIGL,ok,0.0
9538,3955.4,3955.5,2025-06-23 09:58:49,2025-06-23 09:59:52,GTIGL,GTERI,ok,0.09999999999990905
9539,3955.5,3955.6,2025-06-23 09:59:52,2025-06-23 10:00:04,GTERI,GTERI,ok,0.09999999999990905
9540,3955.6,3955.6,2025-06-23 10:00:04,2025-06-23 10:00:07,GTERI,GTERI,ok,0.0
9541,3955.6,3955.6,2025-06-23 10:00:07,2025-06-23 10:00:11,GTERI,GTERI,ok,0.0
9542,3955.6,3955.7,2025-06-23 10:00:11,2025-06-23 10:00:23,GTERI,GTERI,ok,0.09999999999990905
9543,3955.7,3955.7,2025-06-23 10:00:23,2025-06-23 10:00:24,GTERI,GTERI,ok,0.0
9544,3955.7,3955.7,2025-06-23 10:00:24,2025-06-23 10:00:26,GTERI,GTERI,ok,0.0
9545,3955.7,3955.8,2025-06-23 10:00:26,2025-06-23 10:00:35,GTERI,GTERI,ok,0.1000000000003638
9547,3955.8,3955.8,2025-06-23 10:00:35,2025-06-23 10:01:39,GTERI,GTERI,ok,0.0
9549,3955.8,3955.8,2025-06-23 10:01:39,2025-06-23 10:04:39,GTERI,GTERI,ok,0.0
9551,3955.8,3955.8,2025-06-23 10:04:39,2025-06-23 10:06:11,GTERI,GTERI,ok,0.0
9552,3955.8,3955.8,2025-06-23 10:06:11,2025-06-23 10:06:40,GTERI,GTIGF,ok,0.0
9553,3955.8,3955.8,2025-06-23 10:06:40,2025-06-23 10:06:40,GTIGF,GTSTT,ok,0.0
9554,3955.8,3955.8,2025-06-23 10:06:40,2025-06-23 10:06:41,GTSTT,GTERI,ok,0.0
9555,3955.8,3955.8,2025-06-23 10:06:41,2025-06-23 10:06:41,GTERI,GTIGL,ok,0.0
9557,3955.8,3955.8,2025-06-23 10:06:41,2025-06-23 10:07:27,GTIGL,GTSTT,ok,0.0
9560,3955.8,3955.8,2025-06-23 10:07:27,2025-06-23 10:11:36,GTSTT,GTSTT,ok,0.0
9561,3955.8,3955.8,2025-06-23 10:11:36,2025-06-23 10:12:38,GTSTT,GTSTT,ok,0.0
9564,3955.8,3955.8,2025-06-23 10:12:38,2025-06-23 10:15:06,GTSTT,GTIGN,ok,0.0
9565,3955.8,3955.8,2025-06-23 10:15:06,2025-06-23 10:15:06,GTIGN,GTSTT,ok,0.0
9566,3955.8,3955.8,2025-06-23 10:15:06,2025-06-23 10:15:07,GTSTT,GTIGF,ok,0.0
9567,3955.8,3955.8,2025-06-23 10:15:07,2025-06-23 10:15:07,GTIGF,GTSTT,ok,0.0
9568,3955.8,3955.8,2025-06-23 10:15:07,2025-06-23 10:15:08,GTSTT,GTIGN,ok,0.0
9569,3955.8,3955.8,2025-06-23 10:15:08,2025-06-23 10:15:08,GTIGN,GTSTT,ok,0.0
9570,3955.8,3955.8,2025-06-23 10:15:08,2025-06-23 10:15:17,GTSTT,GTERI,ok,0.0
9571,3955.8,3955.8,2025-06-23 10:15:17,2025-06-23 10:15:17,GTERI,GTIGL,ok,0.0
9572,3955.8,3955.8,2025-06-23 10:15:17,2025-06-23 10:15:17,GTIGL,GTIGL,ok,0.0
9573,3955.8,3955.8,2025-06-23 10:15:17,2025-06-23 10:15:17,GTIGL,GTIGL,ok,0.0
9574,3955.8,3955.8,2025-06-23 10:15:17,2025-06-23 10:15:25,GTIGL,GTERI,ok,0.0
9575,3955.8,3955.8,2025-06-23 10:15:25,2025-06-23 10:16:26,GTERI,GTERI,ok,0.0
9576,3955.8,3955.8,2025-06-23 10:16:26,2025-06-23 10:16:29,GTERI,GTERI,ok,0.0
9577,3955.8,3955.9,2025-06-23 10:16:29,2025-06-23 10:16:43,GTERI,GTERI,ok,0.09999999999990905
9578,3955.9,3955.9,2025-06-23 10:16:43,2025-06-23 10:16:47,GTERI,GTERI,ok,0.0
9580,3955.9,3955.9,2025-06-23 10:16:47,2025-06-23 10:17:30,GTERI,GTIGF,ok,0.0
9581,3955.9,3955.9,2025-06-23 10:17:30,2025-06-23 10:17:30,GTIGF,GTSTT,ok,0.0
9582,3955.9,3955.9,2025-06-23 10:17:30,2025-06-23 10:17:30,GTSTT,GTERI,ok,0.0
9583,3955.9,3955.9,2025-06-23 10:17:30,2025-06-23 10:17:31,GTERI,GTIGL,ok,0.0
9584,3955.9,3955.9,2025-06-23 10:17:31,2025-06-23 10:18:22,GTIGL,GTSTT,ok,0.0
9586,3955.9,3955.9,2025-06-23 10:18:22,2025-06-23 10:20:02,GTSTT,GTIGN,ok,0.0
9587,3955.9,3955.9,2025-06-23 10:20:02,2025-06-23 10:20:02,GTIGN,GTSTT,ok,0.0
9588,3955.9,3955.9,2025-06-23 10:20:02,2025-06-23 10:20:03,GTSTT,GTIGL,ok,0.0
9589,3955.9,3955.9,2025-06-23 10:20:03,2025-06-23 10:20:03,GTIGL,GTIGF,ok,0.0
9590,3955.9,3955.9,2025-06-23 10:20:03,2025-06-23 10:20:03,GTIGF,GTSTT,ok,0.0
9591,3955.9,3955.9,2025-06-23 10:20:03,2025-06-23 10:20:04,GTSTT,GTIGL,ok,0.0
9592,3955.9,3955.9,2025-06-23 10:20:04,2025-06-23 10:20:04,GTIGL,GTIGN,ok,0.0
9593,3955.9,3955.9,2025-06-23 10:20:04,2025-06-23 10:20:04,GTIGN,GTSTT,ok,0.0
9594,3955.9,3955.9,2025-06-23 10:20:04,2025-06-23 10:20:05,GTSTT,GTIGL,ok,0.0
9595,3955.9,3955.9,2025-06-23 10:20:05,2025-06-23 10:20:09,GTIGL,GTERI,ok,0.0
9596,3955.9,3955.9,2025-06-23 10:20:09,2025-06-23 10:20:11,GTERI,GTERI,ok,0.0
9597,3955.9,3955.9,2025-06-23 10:20:11,2025-06-23 10:20:17,GTERI,GTERI,ok,0.0
9598,3955.9,3955.9,2025-06-23 10:20:17,2025-06-23 10:20:28,GTERI,GTERI,ok,0.0
9599,3955.9,3955.9,2025-06-23 10:20:28,2025-06-23 10:20:36,GTERI,GTERI,ok,0.0
9601,3955.9,3955.9,2025-06-23 10:20:36,2025-06-23 10:20:51,GTERI,GTIGF,ok,0.0
9602,3955.9,3955.9,2025-06-23 10:20:51,2025-06-23 10:20:51,GTIGF,GTSTT,ok,0.0
9603,3955.9,3955.9,2025-06-23 10:20:51,2025-06-23 10:20:52,GTSTT,GTERI,ok,0.0
9604,3955.9,3955.9,2025-06-23 10:20:52,2025-06-23 10:20:52,GTERI,GTIGL,ok,0.0
9605,3955.9,3955.9,2025-06-23 10:20:52,2025-06-23 10:21:41,GTIGL,GTSTT,ok,0.0
9607,3955.9,3955.9,2025-06-23 10:21:41,2025-06-23 10:23:12,GTSTT,GTIGN,ok,0.0
9608,3955.9,3955.9,2025-06-23 10:23:12,2025-06-23 10:23:12,GTIGN,GTSTT,ok,0.0
9609,3955.9,3955.9,2025-06-23 10:23:12,2025-06-23 10:23:13,GTSTT,GTIGL,ok,0.0
9610,3955.9,3955.9,2025-06-23 10:23:13,2025-06-23 10:23:13,GTIGL,GTIGF,ok,0.0
9611,3955.9,3955.9,2025-06-23 10:23:13,2025-06-23 10:23:13,GTIGF,GTSTT,ok,0.0
9612,3955.9,3955.9,2025-06-23 10:23:13,2025-06-23 10:23:14,GTSTT,GTIGL,ok,0.0
9613,3955.9,3955.9,2025-06-23 10:23:14,2025-06-23 10:23:14,GTIGL,GTIGN,ok,0.0
9614,3955.9,3955.9,2025-06-23 10:23:14,2025-06-23 10:23:14,GTIGN,GTSTT,ok,0.0
9615,3955.9,3955.9,2025-06-23 10:23:14,2025-06-23 10:23:15,GTSTT,GTIGL,ok,0.0
9616,3955.9,3955.9,2025-06-23 10:23:15,2025-06-23 10:23:19,GTIGL,GTERI,ok,0.0
9617,3955.9,3955.9,2025-06-23 10:23:19,2025-06-23 10:23:55,GTERI,GTERI,ok,0.0
9618,3955.9,3955.9,2025-06-23 10:23:55,2025-06-23 10:23:59,GTERI,GTERI,ok,0.0
9619,3955.9,3956.0,2025-06-23 10:23:59,2025-06-23 10:24:13,GTERI,GTERI,ok,0.09999999999990905
9620,3956.0,3956.0,2025-06-23 10:24:13,2025-06-23 10:24:15,GTERI,GTERI,ok,0.0
9621,3956.0,3956.1,2025-06-23 10:24:15,2025-06-23 10:24:31,GTERI,GTERI,ok,0.09999999999990905
9622,3956.1,3956.1,2025-06-23 10:24:31,2025-06-23 10:24:33,GTERI,GTERI,ok,0.0
9623,3956.1,3956.1,2025-06-23 10:24:33,2025-06-23 10:24:35,GTERI,GTERI,ok,0.0
9624,3956.1,3956.2,2025-06-23 10:24:35,2025-06-23 10:24:43,GTERI,GTERI,ok,0.09999999999990905
9626,3956.2,3956.2,2025-06-23 10:24:43,2025-06-23 10:24:50,GTERI,GTERI,ok,0.0
9627,3956.2,3956.2,2025-06-23 10:24:50,2025-06-23 10:24:52,GTERI,GTERI,ok,0.0
9628,3956.2,3956.2,2025-06-23 10:24:52,2025-06-23 10:25:01,GTERI,GTERI,ok,0.0
9629,3956.2,3956.2,2025-06-23 10:25:01,2025-06-23 10:25:15,GTERI,GTIGF,ok,0.0
9630,3956.2,3956.2,2025-06-23 10:25:15,2025-06-23 10:25:15,GTIGF,GTSTT,ok,0.0
9631,3956.2,3956.2,2025-06-23 10:25:15,2025-06-23 10:25:15,GTSTT,GTERI,ok,0.0
9632,3956.2,3956.2,2025-06-23 10:25:15,2025-06-23 10:25:16,GTERI,GTIGL,ok,0.0
9633,3956.2,3956.2,2025-06-23 10:25:16,2025-06-23 10:25:59,GTIGL,GTSTT,ok,0.0
9635,3956.2,3956.2,2025-06-23 10:25:59,2025-06-23 10:27:03,GTSTT,GTIGN,ok,0.0
9636,3956.2,3956.2,2025-06-23 10:27:03,2025-06-23 10:27:03,GTIGN,GTSTT,ok,0.0
9637,3956.2,3956.2,2025-06-23 10:27:03,2025-06-23 10:27:04,GTSTT,GTIGL,ok,0.0
9638,3956.2,3956.2,2025-06-23 10:27:04,2025-06-23 10:27:06,GTIGL,GTIGF,ok,0.0
9639,3956.2,3956.2,2025-06-23 10:27:06,2025-06-23 10:27:06,GTIGF,GTSTT,ok,0.0
9640,3956.2,3956.2,2025-06-23 10:27:06,2025-06-23 10:27:07,GTSTT,GTIGN,ok,0.0
9641,3956.2,3956.2,2025-06-23 10:27:07,2025-06-23 10:27:07,GTIGN,GTSTT,ok,0.0
9642,3956.2,3956.2,2025-06-23 10:27:07,2025-06-23 10:27:07,GTSTT,GTIGL,ok,0.0
9643,3956.2,3956.2,2025-06-23 10:27:07,2025-06-23 10:27:07,GTIGL,GTIGL,ok,0.0
9644,3956.2,3956.2,2025-06-23 10:27:07,2025-06-23 10:27:07,GTIGL,GTIGL,ok,0.0
9645,3956.2,3956.2,2025-06-23 10:27:07,2025-06-23 10:27:11,GTIGL,GTERI,ok,0.0
9646,3956.2,3956.2,2025-06-23 10:27:11,2025-06-23 10:27:14,GTERI,GTERI,ok,0.0
9647,3956.2,3956.2,2025-06-23 10:27:14,2025-06-23 10:27:59,GTERI,GTERI,ok,0.0
9648,3956.2,3956.2,2025-06-23 10:27:59,2025-06-23 10:28:03,GTERI,GTERI,ok,0.0
9649,3956.2,3956.3,2025-06-23 10:28:03,2025-06-23 10:28:16,GTERI,GTERI,ok,0.1000000000003638
9650,3956.3,3956.3,2025-06-23 10:28:16,2025-06-23 10:28:22,GTERI,GTERI,ok,0.0
9652,3956.3,3956.3,2025-06-23 10:28:22,2025-06-23 10:28:51,GTERI,GTIGF,ok,0.0
9653,3956.3,3956.3,2025-06-23 10:28:51,2025-06-23 10:28:51,GTIGF,GTSTT,ok,0.0
9654,3956.3,3956.3,2025-06-23 10:28:51,2025-06-23 10:28:52,GTSTT,GTERI,ok,0.0
9655,3956.3,3956.3,2025-06-23 10:28:52,2025-06-23 10:28:52,GTERI,GTIGL,ok,0.0
9656,3956.3,3956.3,2025-06-23 10:28:52,2025-06-23 10:29:35,GTIGL,GTSTT,ok,0.0
9686,3956.3,3956.3,2025-06-23 10:29:35,2025-06-23 11:28:47,GTSTT,GTERI,ok,0.0
9717,3956.3,3956.3,2025-06-23 11:28:47,2025-06-23 12:28:47,GTERI,GTERI,ok,0.0
9748,3956.3,3956.3,2025-06-23 12:28:47,2025-06-23 13:28:47,GTERI,GTERI,ok,0.0
9779,3956.3,3956.3,2025-06-23 13:28:47,2025-06-23 14:28:47,GTERI,GTERI,ok,0.0
9804,3956.3,3956.3,2025-06-23 14:28:47,2025-06-23 15:17:02,GTERI,GTIGN,ok,0.0
9805,3956.3,3956.3,2025-06-23 15:17:02,2025-06-23 15:17:02,GTIGN,GTSTT,ok,0.0
9806,3956.3,3956.3,2025-06-23 15:17:02,2025-06-23 15:17:02,GTSTT,GTIGF,ok,0.0
9807,3956.3,3956.3,2025-06-23 15:17:02,2025-06-23 15:17:02,GTIGF,GTSTT,ok,0.0
9808,3956.3,3956.3,2025-06-23 15:17:02,2025-06-23 15:17:03,GTSTT,GTIGN,ok,0.0
9809,3956.3,3956.3,2025-06-23 15:17:03,2025-06-23 15:17:03,GTIGN,GTSTT,ok,0.0
9811,3956.3,3956.3,2025-06-23 15:17:03,2025-06-23 15:17:13,GTSTT,GTIGF,ok,0.0
9812,3956.3,3956.3,2025-06-23 15:17:13,2025-06-23 15:17:13,GTIGF,GTSTT,ok,0.0
9813,3956.3,3956.3,2025-06-23 15:17:13,2025-06-23 15:17:25,GTSTT,GTERI,ok,0.0
9814,3956.3,3956.3,2025-06-23 15:17:25,2025-06-23 15:17:25,GTERI,GTIGL,ok,0.0
9815,3956.3,3956.3,2025-06-23 15:17:25,2025-06-23 15:17:25,GTIGL,GTIGL,ok,0.0
9816,3956.3,3956.3,2025-06-23 15:17:25,2025-06-23 15:17:25,GTIGL,GTIGL,ok,0.0
9817,3956.3,3956.3,2025-06-23 15:17:25,2025-06-23 15:17:25,GTIGL,GTIGL,ok,0.0
9818,3956.3,3956.3,2025-06-23 15:17:25,2025-06-23 15:17:25,GTIGL,GTIGL,ok,0.0
9819,3956.3,3956.3,2025-06-23 15:17:25,2025-06-23 15:17:57,GTIGL,GTSTT,ok,0.0
9849,3956.3,3956.3,2025-06-23 15:17:57,2025-06-23 16:17:08,GTSTT,GTERI,ok,0.0
9880,3956.3,3956.3,2025-06-23 16:17:08,2025-06-23 17:17:08,GTERI,GTERI,ok,0.0
9911,3956.3,3956.3,2025-06-23 17:17:08,2025-06-23 18:17:08,GTERI,GTERI,ok,0.0
9942,3956.3,3956.3,2025-06-23 18:17:08,2025-06-23 19:17:08,GTERI,GTERI,ok,0.0
9973,3956.3,3956.3,2025-06-23 19:17:08,2025-06-23 20:17:08,GTERI,GTERI,ok,0.0
10004,3956.3,3956.3,2025-06-23 20:17:08,2025-06-23 21:17:08,GTERI,GTERI,ok,0.0
10035,3956.3,3956.3,2025-06-23 21:17:08,2025-06-23 22:17:08,GTERI,GTERI,ok,0.0
10066,3956.3,3956.3,2025-06-23 22:17:08,2025-06-23 23:17:08,GTERI,GTERI,ok,0.0
10097,3956.3,3956.3,2025-06-23 23:17:08,2025-06-24 00:17:08,GTERI,GTERI,ok,0.0
10108,3956.3,3956.3,2025-06-24 00:17:08,2025-06-24 00:39:14,GTERI,GTPDP,ok,0.0
10111,3956.3,3956.3,2025-06-24 00:39:14,2025-06-24 00:51:57,GTPDP,GTPDP,ok,0.0
10113,3956.3,3956.3,2025-06-24 00:51:57,2025-06-24 01:17:08,GTPDP,GTERI,ok,0.0
10129,3956.3,3956.3,2025-06-24 01:17:08,2025-06-24 01:37:18,GTERI,GTPDP,ok,0.0
10149,3956.3,3956.3,2025-06-24 01:37:18,2025-06-24 02:17:08,GTPDP,GTERI,ok,0.0
10180,3956.3,3956.3,2025-06-24 02:17:08,2025-06-24 03:17:08,GTERI,GTERI,ok,0.0
10211,3956.3,3956.3,2025-06-24 03:17:08,2025-06-24 04:17:08,GTERI,GTERI,ok,0.0
10242,3956.3,3956.3,2025-06-24 04:17:08,2025-06-24 05:17:08,GTERI,GTERI,ok,0.0
10274,3956.3,3956.3,2025-06-24 05:17:08,2025-06-24 06:17:08,GTERI,GTERI,ok,0.0
10290,3956.3,3956.3,2025-06-24 06:17:08,2025-06-24 06:46:05,GTERI,GTPDP,ok,0.0
10306,3956.3,3956.3,2025-06-24 06:46:05,2025-06-24 07:17:08,GTPDP,GTERI,ok,0.0
10337,3956.3,3956.3,2025-06-24 07:17:08,2025-06-24 08:17:08,GTERI,GTERI,ok,0.0
10368,3956.3,3956.3,2025-06-24 08:17:08,2025-06-24 09:17:08,GTERI,GTERI,ok,0.0
10372,3956.3,3956.3,2025-06-24 09:17:08,2025-06-24 09:22:47,GTERI,GTIGN,ok,0.0
10373,3956.3,3956.3,2025-06-24 09:22:47,2025-06-24 09:22:47,GTIGN,GTSTT,ok,0.0
10374,3956.3,3956.3,2025-06-24 09:22:47,2025-06-24 09:22:47,GTSTT,GTIGF,ok,0.0
10375,3956.3,3956.3,2025-06-24 09:22:47,2025-06-24 09:22:47,GTIGF,GTSTT,ok,0.0
10376,3956.3,3956.3,2025-06-24 09:22:47,2025-06-24 09:22:49,GTSTT,GTIGN,ok,0.0
10377,3956.3,3956.3,2025-06-24 09:22:49,2025-06-24 09:22:49,GTIGN,GTSTT,ok,0.0
10378,3956.3,3956.3,2025-06-24 09:22:49,2025-06-24 09:23:16,GTSTT,GTERI,ok,0.0
10379,3956.3,3956.3,2025-06-24 09:23:16,2025-06-24 09:23:16,GTERI,GTIGL,ok,0.0
10380,3956.3,3956.3,2025-06-24 09:23:16,2025-06-24 09:23:16,GTIGL,GTIGL,ok,0.0
10381,3956.3,3956.3,2025-06-24 09:23:16,2025-06-24 09:23:16,GTIGL,GTIGL,ok,0.0
10382,3956.3,3956.3,2025-06-24 09:23:16,2025-06-24 09:23:28,GTIGL,GTERI,ok,0.0
10383,3956.3,3956.3,2025-06-24 09:23:28,2025-06-24 09:23:32,GTERI,GTERI,ok,0.0
10384,3956.3,3956.3,2025-06-24 09:23:32,2025-06-24 09:23:39,GTERI,GTERI,ok,0.0
10385,3956.3,3956.3,2025-06-24 09:23:39,2025-06-24 09:23:42,GTERI,GTERI,ok,0.0
10386,3956.3,3956.4,2025-06-24 09:23:42,2025-06-24 09:23:51,GTERI,GTERI,ok,0.09999999999990905
10387,3956.4,3956.4,2025-06-24 09:23:51,2025-06-24 09:23:54,GTERI,GTERI,ok,0.0
10388,3956.4,3956.5,2025-06-24 09:23:54,2025-06-24 09:24:15,GTERI,GTERI,ok,0.09999999999990905
10389,3956.5,3956.5,2025-06-24 09:24:15,2025-06-24 09:24:18,GTERI,GTERI,ok,0.0
10391,3956.5,3957.7,2025-06-24 09:24:18,2025-06-24 09:25:54,GTERI,GTERI,ok,1.199999999999818
10394,3957.7,3959.6,2025-06-24 09:25:54,2025-06-24 09:28:54,GTERI,GTERI,ok,1.900000000000091
10395,3959.6,3959.8,2025-06-24 09:28:54,2025-06-24 09:29:12,GTERI,GTERI,ok,0.20000000000027285
10396,3959.8,3959.8,2025-06-24 09:29:12,2025-06-24 09:29:21,GTERI,GTERI,ok,0.0
10397,3959.8,3959.9,2025-06-24 09:29:21,2025-06-24 09:29:51,GTERI,GTERI,ok,0.09999999999990905
10398,3959.9,3959.9,2025-06-24 09:29:51,2025-06-24 09:29:52,GTERI,GTERI,ok,0.0
10400,3959.9,3960.3,2025-06-24 09:29:52,2025-06-24 09:30:53,GTERI,GTERI,ok,0.40000000000009095
10401,3960.3,3960.3,2025-06-24 09:30:53,2025-06-24 09:30:55,GTERI,GTERI,ok,0.0
10402,3960.3,3960.5,2025-06-24 09:30:55,2025-06-24 09:31:54,GTERI,GTERI,ok,0.1999999999998181
10403,3960.5,3960.5,2025-06-24 09:31:54,2025-06-24 09:31:55,GTERI,GTERI,ok,0.0
10404,3960.5,3960.5,2025-06-24 09:31:55,2025-06-24 09:32:05,GTERI,GTIGF,ok,0.0
10405,3960.5,3960.5,2025-06-24 09:32:05,2025-06-24 09:32:05,GTIGF,GTSTT,ok,0.0
10406,3960.5,3960.5,2025-06-24 09:32:05,2025-06-24 09:32:06,GTSTT,GTERI,ok,0.0
10407,3960.5,3960.5,2025-06-24 09:32:06,2025-06-24 09:32:06,GTERI,GTIGL,ok,0.0
10409,3960.5,3960.5,2025-06-24 09:32:06,2025-06-24 09:32:46,GTIGL,GTSTT,ok,0.0
10412,3960.5,3960.5,2025-06-24 09:32:46,2025-06-24 09:37:25,GTSTT,GTIGN,ok,0.0
10413,3960.5,3960.5,2025-06-24 09:37:25,2025-06-24 09:37:25,GTIGN,GTSTT,ok,0.0
10414,3960.5,3960.5,2025-06-24 09:37:25,2025-06-24 09:37:29,GTSTT,GTIGF,ok,0.0
10415,3960.5,3960.5,2025-06-24 09:37:29,2025-06-24 09:37:29,GTIGF,GTSTT,ok,0.0
10416,3960.5,3960.5,2025-06-24 09:37:29,2025-06-24 09:37:33,GTSTT,GTIGL,ok,0.0
10417,3960.5,3960.5,2025-06-24 09:37:33,2025-06-24 09:37:33,GTIGL,GTIGL,ok,0.0
10418,3960.5,3960.5,2025-06-24 09:37:33,2025-06-24 09:37:47,GTIGL,GTIGN,ok,0.0
10419,3960.5,3960.5,2025-06-24 09:37:47,2025-06-24 09:37:47,GTIGN,GTSTT,ok,0.0
10420,3960.5,3960.5,2025-06-24 09:37:47,2025-06-24 09:37:47,GTSTT,GTIGF,ok,0.0
10421,3960.5,3960.5,2025-06-24 09:37:47,2025-06-24 09:37:47,GTIGF,GTSTT,ok,0.0
10422,3960.5,3960.5,2025-06-24 09:37:47,2025-06-24 09:37:47,GTSTT,GTIGL,ok,0.0
10423,3960.5,3960.5,2025-06-24 09:37:47,2025-06-24 09:37:47,GTIGL,GTIGL,ok,0.0
10424,3960.5,3960.5,2025-06-24 09:37:47,2025-06-24 09:37:48,GTIGL,GTIGN,ok,0.0
10425,3960.5,3960.5,2025-06-24 09:37:48,2025-06-24 09:37:48,GTIGN,GTSTT,ok,0.0
10426,3960.5,3960.5,2025-06-24 09:37:48,2025-06-24 09:37:50,GTSTT,GTIGL,ok,0.0
10427,3960.5,3960.5,2025-06-24 09:37:50,2025-06-24 09:37:53,GTIGL,GTERI,ok,0.0
10429,3960.5,3960.5,2025-06-24 09:37:53,2025-06-24 09:39:23,GTERI,GTERI,ok,0.0
10430,3960.5,3960.5,2025-06-24 09:39:23,2025-06-24 09:39:24,GTERI,GTERI,ok,0.0
10431,3960.5,3960.7,2025-06-24 09:39:24,2025-06-24 09:39:53,GTERI,GTERI,ok,0.1999999999998181
10432,3960.7,3960.7,2025-06-24 09:39:53,2025-06-24 09:39:54,GTERI,GTERI,ok,0.0
10433,3960.7,3960.7,2025-06-24 09:39:54,2025-06-24 09:39:56,GTERI,GTERI,ok,0.0
10434,3960.7,3961.0,2025-06-24 09:39:56,2025-06-24 09:40:14,GTERI,GTERI,ok,0.3000000000001819
10435,3961.0,3961.1,2025-06-24 09:40:14,2025-06-24 09:40:27,GTERI,GTERI,ok,0.09999999999990905
10437,3961.1,3961.6,2025-06-24 09:40:27,2025-06-24 09:40:56,GTERI,GTERI,ok,0.5
10439,3961.6,3963.6,2025-06-24 09:40:56,2025-06-24 09:43:56,GTERI,GTERI,ok,2.0
10441,3963.6,3964.1,2025-06-24 09:43:56,2025-06-24 09:45:03,GTERI,GTERI,ok,0.5
10442,3964.1,3964.1,2025-06-24 09:45:03,2025-06-24 09:45:05,GTERI,GTERI,ok,0.0
10443,3964.1,3964.2,2025-06-24 09:45:05,2025-06-24 09:45:10,GTERI,GTERI,ok,0.09999999999990905
10444,3964.2,3964.2,2025-06-24 09:45:10,2025-06-24 09:45:26,GTERI,GTERI,ok,0.0
10445,3964.2,3964.3,2025-06-24 09:45:26,2025-06-24 09:45:29,GTERI,GTERI,ok,0.1000000000003638
10446,3964.3,3964.3,2025-06-24 09:45:29,2025-06-24 09:45:39,GTERI,GTERI,ok,0.0
10447,3964.3,3964.4,2025-06-24 09:45:39,2025-06-24 09:46:05,GTERI,GTERI,ok,0.09999999999990905
10448,3964.4,3964.4,2025-06-24 09:46:05,2025-06-24 09:46:06,GTERI,GTERI,ok,0.0
10449,3964.4,3964.4,2025-06-24 09:46:06,2025-06-24 09:46:08,GTERI,GTERI,ok,0.0
10451,3964.4,3964.4,2025-06-24 09:46:08,2025-06-24 09:46:56,GTERI,GTERI,ok,0.0
10452,3964.4,3964.4,2025-06-24 09:46:56,2025-06-24 09:47:44,GTERI,GTIGF,ok,0.0
10453,3964.4,3964.4,2025-06-24 09:47:44,2025-06-24 09:47:44,GTIGF,GTSTT,ok,0.0
10454,3964.4,3964.4,2025-06-24 09:47:44,2025-06-24 09:47:44,GTSTT,GTERI,ok,0.0
10455,3964.4,3964.4,2025-06-24 09:47:44,2025-06-24 09:47:44,GTERI,GTIGL,ok,0.0
10456,3964.4,3964.4,2025-06-24 09:47:44,2025-06-24 09:48:25,GTIGL,GTSTT,ok,0.0
10464,3964.4,3964.4,2025-06-24 09:48:25,2025-06-24 10:00:53,GTSTT,GTIGN,ok,0.0
10465,3964.4,3964.4,2025-06-24 10:00:53,2025-06-24 10:00:53,GTIGN,GTSTT,ok,0.0
10466,3964.4,3964.4,2025-06-24 10:00:53,2025-06-24 10:00:58,GTSTT,GTIGF,ok,0.0
10467,3964.4,3964.4,2025-06-24 10:00:58,2025-06-24 10:00:58,GTIGF,GTSTT,ok,0.0
10468,3964.4,3964.4,2025-06-24 10:00:58,2025-06-24 10:00:59,GTSTT,GTIGN,ok,0.0
10469,3964.4,3964.4,2025-06-24 10:00:59,2025-06-24 10:00:59,GTIGN,GTSTT,ok,0.0
10470,3964.4,3964.4,2025-06-24 10:00:59,2025-06-24 10:01:06,GTSTT,GTERI,ok,0.0
10471,3964.4,3964.4,2025-06-24 10:01:06,2025-06-24 10:01:06,GTERI,GTIGL,ok,0.0
10472,3964.4,3964.4,2025-06-24 10:01:06,2025-06-24 10:01:06,GTIGL,GTIGL,ok,0.0
10473,3964.4,3964.4,2025-06-24 10:01:06,2025-06-24 10:01:06,GTIGL,GTIGL,ok,0.0
10475,3964.4,3964.4,2025-06-24 10:01:06,2025-06-24 10:04:05,GTIGL,GTERI,ok,0.0
10478,3964.4,3964.4,2025-06-24 10:04:05,2025-06-24 10:07:05,GTERI,GTERI,ok,0.0
10480,3964.4,3964.4,2025-06-24 10:07:05,2025-06-24 10:09:46,GTERI,GTSTT,ok,0.0
10481,3964.4,3964.4,2025-06-24 10:09:46,2025-06-24 10:10:05,GTSTT,GTERI,ok,0.0
10482,3964.4,3964.4,2025-06-24 10:10:05,2025-06-24 10:10:20,GTERI,GTSTT,ok,0.0
10484,3964.4,3964.4,2025-06-24 10:10:20,2025-06-24 10:10:56,GTSTT,GTSTT,ok,0.0
10485,3964.4,3964.4,2025-06-24 10:10:56,2025-06-24 10:11:52,GTSTT,GTSTT,ok,0.0
10486,3964.4,3964.4,2025-06-24 10:11:52,2025-06-24 10:12:34,GTSTT,GTSTT,ok,0.0
10487,3964.4,3964.4,2025-06-24 10:12:34,2025-06-24 10:12:46,GTSTT,GTSTT,ok,0.0
10489,3964.4,3964.4,2025-06-24 10:12:46,2025-06-24 10:13:05,GTSTT,GTERI,ok,0.0
10490,3964.4,3964.4,2025-06-24 10:13:05,2025-06-24 10:13:21,GTERI,GTSTT,ok,0.0
10491,3964.4,3964.4,2025-06-24 10:13:21,2025-06-24 10:13:54,GTSTT,GTSTT,ok,0.0
10493,3964.4,3964.4,2025-06-24 10:13:54,2025-06-24 10:16:05,GTSTT,GTERI,ok,0.0
10494,3964.4,3964.4,2025-06-24 10:16:05,2025-06-24 10:16:25,GTERI,GTERI,ok,0.0
10495,3964.4,3964.4,2025-06-24 10:16:25,2025-06-24 10:16:31,GTERI,GTERI,ok,0.0
10496,3964.4,3964.4,2025-06-24 10:16:31,2025-06-24 10:16:33,GTERI,GTERI,ok,0.0
10497,3964.4,3964.5,2025-06-24 10:16:33,2025-06-24 10:16:37,GTERI,GTERI,ok,0.09999999999990905
10498,3964.5,3964.5,2025-06-24 10:16:37,2025-06-24 10:16:44,GTERI,GTERI,ok,0.0
10500,3964.5,3964.5,2025-06-24 10:16:44,2025-06-24 10:16:47,GTERI,GTERI,ok,0.0
10501,3964.5,3964.6,2025-06-24 10:16:47,2025-06-24 10:17:07,GTERI,GTERI,ok,0.09999999999990905
10502,3964.6,3964.7,2025-06-24 10:17:07,2025-06-24 10:17:09,GTERI,GTERI,ok,0.09999999999990905
10503,3964.7,3965.0,2025-06-24 10:17:09,2025-06-24 10:17:44,GTERI,GTERI,ok,0.3000000000001819
10504,3965.0,3965.0,2025-06-24 10:17:44,2025-06-24 10:17:45,GTERI,GTERI,ok,0.0
10505,3965.0,3965.0,2025-06-24 10:17:45,2025-06-24 10:17:47,GTERI,GTERI,ok,0.0
10506,3965.0,3965.1,2025-06-24 10:17:47,2025-06-24 10:17:58,GTERI,GTERI,ok,0.09999999999990905
10508,3965.1,3965.7,2025-06-24 10:17:58,2025-06-24 10:19:05,GTERI,GTERI,ok,0.599999999999909
10509,3965.7,3966.5,2025-06-24 10:19:05,2025-06-24 10:19:41,GTERI,GTERI,ok,0.8000000000001819
10510,3966.5,3967.0,2025-06-24 10:19:41,2025-06-24 10:20:03,GTERI,GTERI,ok,0.5
10511,3967.0,3967.0,2025-06-24 10:20:03,2025-06-24 10:20:06,GTERI,GTERI,ok,0.0
10512,3967.0,3967.1,2025-06-24 10:20:06,2025-06-24 10:20:13,GTERI,GTERI,ok,0.09999999999990905
10513,3967.1,3967.1,2025-06-24 10:20:13,2025-06-24 10:20:16,GTERI,GTERI,ok,0.0
10514,3967.1,3967.1,2025-06-24 10:20:16,2025-06-24 10:20:18,GTERI,GTERI,ok,0.0
10515,3967.1,3967.4,2025-06-24 10:20:18,2025-06-24 10:20:31,GTERI,GTERI,ok,0.3000000000001819
10517,3967.4,3969.6,2025-06-24 10:20:31,2025-06-24 10:22:05,GTERI,GTERI,ok,2.199999999999818
10518,3969.6,3970.0,2025-06-24 10:22:05,2025-06-24 10:22:17,GTERI,GTERI,ok,0.40000000000009095
10520,3970.0,3973.4,2025-06-24 10:22:17,2025-06-24 10:24:27,GTERI,GTERI,ok,3.400000000000091
10522,3973.4,3974.1,2025-06-24 10:24:27,2025-06-24 10:24:55,GTERI,GTERI,ok,0.6999999999998181
10523,3974.1,3974.4,2025-06-24 10:24:55,2025-06-24 10:25:05,GTERI,GTERI,ok,0.3000000000001819
10525,3974.4,3979.4,2025-06-24 10:25:05,2025-06-24 10:28:05,GTERI,GTERI,ok,5.0
10526,3979.4,3979.9,2025-06-24 10:28:05,2025-06-24 10:28:25,GTERI,GTERI,ok,0.5
10528,3979.9,3981.1,2025-06-24 10:28:25,2025-06-24 10:29:08,GTERI,GTERI,ok,1.199999999999818
10530,3981.1,3984.2,2025-06-24 10:29:08,2025-06-24 10:31:05,GTERI,GTERI,ok,3.099999999999909
10531,3984.2,3985.2,2025-06-24 10:31:05,2025-06-24 10:31:46,GTERI,GTERI,ok,1.0
10532,3985.2,3985.5,2025-06-24 10:31:46,2025-06-24 10:31:56,GTERI,GTERI,ok,0.3000000000001819
10533,3985.5,3985.6,2025-06-24 10:31:56,2025-06-24 10:32:03,GTERI,GTERI,ok,0.09999999999990905
10534,3985.6,3985.9,2025-06-24 10:32:03,2025-06-24 10:32:17,GTERI,GTERI,ok,0.3000000000001819
10536,3985.9,3988.4,2025-06-24 10:32:17,2025-06-24 10:34:05,GTERI,GTERI,ok,2.5
10538,3988.4,3991.3,2025-06-24 10:34:05,2025-06-24 10:36:07,GTERI,GTERI,ok,2.900000000000091
10540,3991.3,3992.7,2025-06-24 10:36:07,2025-06-24 10:37:05,GTERI,GTERI,ok,1.3999999999996362
10541,3992.7,3993.4,2025-06-24 10:37:05,2025-06-24 10:37:36,GTERI,GTERI,ok,0.7000000000002728
10542,3993.4,3993.6,2025-06-24 10:37:36,2025-06-24 10:37:49,GTERI,GTERI,ok,0.1999999999998181
10543,3993.6,3993.7,2025-06-24 10:37:49,2025-06-24 10:37:53,GTERI,GTERI,ok,0.09999999999990905
10544,3993.7,3993.9,2025-06-24 10:37:53,2025-06-24 10:38:05,GTERI,GTERI,ok,0.20000000000027285
10545,3993.9,3994.3,2025-06-24 10:38:05,2025-06-24 10:38:48,GTERI,GTERI,ok,0.40000000000009095
10547,3994.3,3994.5,2025-06-24 10:38:48,2025-06-24 10:38:58,GTERI,GTERI,ok,0.1999999999998181
10548,3994.5,3994.7,2025-06-24 10:38:58,2025-06-24 10:39:13,GTERI,GTERI,ok,0.1999999999998181
10549,3994.7,3994.7,2025-06-24 10:39:13,2025-06-24 10:39:16,GTERI,GTERI,ok,0.0
10550,3994.7,3994.7,2025-06-24 10:39:16,2025-06-24 10:39:19,GTERI,GTERI,ok,0.0
10551,3994.7,3994.8,2025-06-24 10:39:19,2025-06-24 10:39:22,GTERI,GTERI,ok,0.1000000000003638
10552,3994.8,3994.8,2025-06-24 10:39:22,2025-06-24 10:39:26,GTERI,GTERI,ok,0.0
10553,3994.8,3994.9,2025-06-24 10:39:26,2025-06-24 10:39:33,GTERI,GTERI,ok,0.09999999999990905
10554,3994.9,3995.5,2025-06-24 10:39:33,2025-06-24 10:40:05,GTERI,GTERI,ok,0.599999999999909
10556,3995.5,3996.1,2025-06-24 10:40:05,2025-06-24 10:40:49,GTERI,GTERI,ok,0.599999999999909
10557,3996.1,3996.4,2025-06-24 10:40:49,2025-06-24 10:41:09,GTERI,GTERI,ok,0.3000000000001819
10558,3996.4,3996.7,2025-06-24 10:41:09,2025-06-24 10:41:29,GTERI,GTERI,ok,0.29999999999972715
10559,3996.7,3996.7,2025-06-24 10:41:29,2025-06-24 10:41:33,GTERI,GTERI,ok,0.0
10560,3996.7,3996.7,2025-06-24 10:41:33,2025-06-24 10:41:36,GTERI,GTERI,ok,0.0
10561,3996.7,3996.8,2025-06-24 10:41:36,2025-06-24 10:41:45,GTERI,GTERI,ok,0.1000000000003638
10562,3996.8,3997.1,2025-06-24 10:41:45,2025-06-24 10:42:02,GTERI,GTERI,ok,0.29999999999972715
10564,3997.1,3997.9,2025-06-24 10:42:02,2025-06-24 10:43:05,GTERI,GTERI,ok,0.8000000000001819
10565,3997.9,3997.9,2025-06-24 10:43:05,2025-06-24 10:43:06,GTERI,GTERI,ok,0.0
10566,3997.9,3997.9,2025-06-24 10:43:06,2025-06-24 10:43:08,GTERI,GTERI,ok,0.0
10567,3997.9,3998.5,2025-06-24 10:43:08,2025-06-24 10:44:07,GTERI,GTERI,ok,0.599999999999909
10568,3998.5,3998.5,2025-06-24 10:44:07,2025-06-24 10:44:09,GTERI,GTERI,ok,0.0
10569,3998.5,3998.6,2025-06-24 10:44:09,2025-06-24 10:44:11,GTERI,GTERI,ok,0.09999999999990905
10570,3998.6,3998.8,2025-06-24 10:44:11,2025-06-24 10:44:44,GTERI,GTERI,ok,0.20000000000027285
10571,3998.8,3998.8,2025-06-24 10:44:44,2025-06-24 10:44:47,GTERI,GTERI,ok,0.0
10573,3998.8,3998.8,2025-06-24 10:44:47,2025-06-24 10:45:53,GTERI,GTSTT,ok,0.0
10574,3998.8,3998.8,2025-06-24 10:45:53,2025-06-24 10:46:05,GTSTT,GTERI,ok,0.0
10577,3998.8,3998.8,2025-06-24 10:46:05,2025-06-24 10:49:05,GTERI,GTERI,ok,0.0
10579,3998.8,3998.8,2025-06-24 10:49:05,2025-06-24 10:52:05,GTERI,GTERI,ok,0.0
10580,3998.8,3998.8,2025-06-24 10:52:05,2025-06-24 10:52:27,GTERI,GTSTT,ok,0.0
10582,3998.8,3998.8,2025-06-24 10:52:27,2025-06-24 10:53:02,GTSTT,GTSTT,ok,0.0
10584,3998.8,3998.8,2025-06-24 10:53:02,2025-06-24 10:55:05,GTSTT,GTERI,ok,0.0
10585,3998.8,3998.8,2025-06-24 10:55:05,2025-06-24 10:55:18,GTERI,GTSTT,ok,0.0
10586,3998.8,3998.8,2025-06-24 10:55:18,2025-06-24 10:55:53,GTSTT,GTSTT,ok,0.0
10588,3998.8,3998.8,2025-06-24 10:55:53,2025-06-24 10:58:05,GTSTT,GTERI,ok,0.0
10589,3998.8,3998.8,2025-06-24 10:58:05,2025-06-24 10:58:25,GTERI,GTSTT,ok,0.0
10590,3998.8,3998.8,2025-06-24 10:58:25,2025-06-24 10:58:28,GTSTT,GTIGF,ok,0.0
10591,3998.8,3998.8,2025-06-24 10:58:28,2025-06-24 10:58:28,GTIGF,GTSTT,ok,0.0
10592,3998.8,3998.8,2025-06-24 10:58:28,2025-06-24 10:58:29,GTSTT,GTERI,ok,0.0
10593,3998.8,3998.8,2025-06-24 10:58:29,2025-06-24 10:58:29,GTERI,GTIGL,ok,0.0
10594,3998.8,3998.8,2025-06-24 10:58:29,2025-06-24 10:58:30,GTIGL,GTIGN,ok,0.0
10595,3998.8,3998.8,2025-06-24 10:58:30,2025-06-24 10:58:30,GTIGN,GTSTT,ok,0.0
10596,3998.8,3998.8,2025-06-24 10:58:30,2025-06-24 10:58:31,GTSTT,GTIGL,ok,0.0
10597,3998.8,3998.8,2025-06-24 10:58:31,2025-06-24 10:58:34,GTIGL,GTERI,ok,0.0
10599,3998.8,3998.8,2025-06-24 10:58:34,2025-06-24 10:59:47,GTERI,GTERI,ok,0.0
10600,3998.8,3998.8,2025-06-24 10:59:47,2025-06-24 10:59:53,GTERI,GTERI,ok,0.0
10601,3998.8,3998.9,2025-06-24 10:59:53,2025-06-24 10:59:59,GTERI,GTERI,ok,0.09999999999990905
10602,3998.9,3998.9,2025-06-24 10:59:59,2025-06-24 11:00:02,GTERI,GTERI,ok,0.0
10603,3998.9,3998.9,2025-06-24 11:00:02,2025-06-24 11:00:04,GTERI,GTERI,ok,0.0
10605,3998.9,3999.4,2025-06-24 11:00:04,2025-06-24 11:01:00,GTERI,GTERI,ok,0.5
10606,3999.4,3999.4,2025-06-24 11:01:00,2025-06-24 11:01:03,GTERI,GTERI,ok,0.0
10607,3999.4,3999.6,2025-06-24 11:01:03,2025-06-24 11:01:35,GTERI,GTERI,ok,0.1999999999998181
10608,3999.6,3999.7,2025-06-24 11:01:35,2025-06-24 11:01:42,GTERI,GTERI,ok,0.09999999999990905
10609,3999.7,3999.7,2025-06-24 11:01:42,2025-06-24 11:01:44,GTERI,GTERI,ok,0.0
10610,3999.7,3999.7,2025-06-24 11:01:44,2025-06-24 11:01:52,GTERI,GTERI,ok,0.0
10611,3999.7,3999.7,2025-06-24 11:01:52,2025-06-24 11:01:54,GTERI,GTERI,ok,0.0
10612,3999.7,4000.5,2025-06-24 11:01:54,2025-06-24 11:02:47,GTERI,GTERI,ok,0.8000000000001819
10614,4000.5,4000.9,2025-06-24 11:02:47,2025-06-24 11:03:14,GTERI,GTERI,ok,0.40000000000009095
10615,4000.9,4001.0,2025-06-24 11:03:14,2025-06-24 11:03:29,GTERI,GTERI,ok,0.09999999999990905
10616,4001.0,4001.9,2025-06-24 11:03:29,2025-06-24 11:04:35,GTERI,GTERI,ok,0.900000000000091
10617,4001.9,4002.0,2025-06-24 11:04:35,2025-06-24 11:04:41,GTERI,GTERI,ok,0.09999999999990905
10618,4002.0,4002.1,2025-06-24 11:04:41,2025-06-24 11:04:46,GTERI,GTERI,ok,0.09999999999990905
10620,4002.1,4002.1,2025-06-24 11:04:46,2025-06-24 11:04:49,GTERI,GTERI,ok,0.0
10621,4002.1,4002.2,2025-06-24 11:04:49,2025-06-24 11:04:55,GTERI,GTERI,ok,0.09999999999990905
10622,4002.2,4003.1,2025-06-24 11:04:55,2025-06-24 11:05:53,GTERI,GTERI,ok,0.900000000000091
10623,4003.1,4003.1,2025-06-24 11:05:53,2025-06-24 11:05:56,GTERI,GTERI,ok,0.0
10624,4003.1,4003.2,2025-06-24 11:05:56,2025-06-24 11:06:03,GTERI,GTERI,ok,0.09999999999990905
10626,4003.2,4004.1,2025-06-24 11:06:03,2025-06-24 11:07:10,GTERI,GTPDP,ok,0.900000000000091
10627,4004.1,4004.5,2025-06-24 11:07:10,2025-06-24 11:07:35,GTPDP,GTERI,ok,0.40000000000009095
10628,4004.5,4006.3,2025-06-24 11:07:35,2025-06-24 11:09:09,GTERI,GTERI,ok,1.800000000000182
10630,4006.3,4007.2,2025-06-24 11:09:09,2025-06-24 11:09:57,GTERI,GTERI,ok,0.8999999999996362
10631,4007.2,4007.2,2025-06-24 11:09:57,2025-06-24 11:10:01,GTERI,GTERI,ok,0.0
10632,4007.2,4007.3,2025-06-24 11:10:01,2025-06-24 11:10:03,GTERI,GTERI,ok,0.1000000000003638
10633,4007.3,4007.3,2025-06-24 11:10:03,2025-06-24 11:10:06,GTERI,GTERI,ok,0.0
10634,4007.3,4007.3,2025-06-24 11:10:06,2025-06-24 11:10:09,GTERI,GTERI,ok,0.0
10635,4007.3,4007.4,2025-06-24 11:10:09,2025-06-24 11:10:12,GTERI,GTERI,ok,0.09999999999990905
10636,4007.4,4007.4,2025-06-24 11:10:12,2025-06-24 11:10:15,GTERI,GTERI,ok,0.0
10637,4007.4,4007.5,2025-06-24 11:10:15,2025-06-24 11:10:25,GTERI,GTERI,ok,0.09999999999990905
10638,4007.5,4007.7,2025-06-24 11:10:25,2025-06-24 11:10:35,GTERI,GTERI,ok,0.1999999999998181
10640,4007.7,4012.1,2025-06-24 11:10:35,2025-06-24 11:13:35,GTERI,GTERI,ok,4.400000000000091
10643,4012.1,4016.8,2025-06-24 11:13:35,2025-06-24 11:16:35,GTERI,GTERI,ok,4.700000000000273
10645,4016.8,4018.9,2025-06-24 11:16:35,2025-06-24 11:17:52,GTERI,GTERI,ok,2.099999999999909
10646,4018.9,4021.7,2025-06-24 11:17:52,2025-06-24 11:19:35,GTERI,GTERI,ok,2.799999999999727
10649,4021.7,4023.9,2025-06-24 11:19:35,2025-06-24 11:21:49,GTERI,GTERI,ok,2.200000000000273
10650,4023.9,4023.9,2025-06-24 11:21:49,2025-06-24 11:21:51,GTERI,GTERI,ok,0.0
10651,4023.9,4024.2,2025-06-24 11:21:51,2025-06-24 11:22:16,GTERI,GTERI,ok,0.29999999999972715
10652,4024.2,4024.3,2025-06-24 11:22:16,2025-06-24 11:22:35,GTERI,GTERI,ok,0.1000000000003638
10653,4024.3,4024.6,2025-06-24 11:22:35,2025-06-24 11:23:19,GTERI,GTERI,ok,0.29999999999972715
10654,4024.6,4024.6,2025-06-24 11:23:19,2025-06-24 11:23:20,GTERI,GTERI,ok,0.0
10655,4024.6,4024.8,2025-06-24 11:23:20,2025-06-24 11:23:37,GTERI,GTERI,ok,0.20000000000027285
10657,4024.8,4025.0,2025-06-24 11:23:37,2025-06-24 11:24:20,GTERI,GTERI,ok,0.1999999999998181
10658,4025.0,4025.5,2025-06-24 11:24:20,2025-06-24 11:25:08,GTERI,GTERI,ok,0.5
10659,4025.5,4025.5,2025-06-24 11:25:08,2025-06-24 11:25:10,GTERI,GTERI,ok,0.0
10660,4025.5,4025.7,2025-06-24 11:25:10,2025-06-24 11:25:35,GTERI,GTERI,ok,0.1999999999998181
10662,4025.7,4025.8,2025-06-24 11:25:35,2025-06-24 11:25:45,GTERI,GTERI,ok,0.1000000000003638
10663,4025.8,4025.8,2025-06-24 11:25:45,2025-06-24 11:25:48,GTERI,GTERI,ok,0.0
10664,4025.8,4025.9,2025-06-24 11:25:48,2025-06-24 11:26:38,GTERI,GTIGF,ok,0.09999999999990905
10665,4025.9,4025.9,2025-06-24 11:26:38,2025-06-24 11:26:38,GTIGF,GTSTT,ok,0.0
10666,4025.9,4025.9,2025-06-24 11:26:38,2025-06-24 11:26:39,GTSTT,GTERI,ok,0.0
10667,4025.9,4025.9,2025-06-24 11:26:39,2025-06-24 11:26:39,GTERI,GTIGL,ok,0.0
10668,4025.9,4025.9,2025-06-24 11:26:39,2025-06-24 11:27:19,GTIGL,GTSTT,ok,0.0
10683,4025.9,4025.9,2025-06-24 11:27:19,2025-06-24 11:54:40,GTSTT,GTIGN,ok,0.0
10684,4025.9,4025.9,2025-06-24 11:54:40,2025-06-24 11:54:40,GTIGN,GTSTT,ok,0.0
10685,4025.9,4025.9,2025-06-24 11:54:40,2025-06-24 11:54:44,GTSTT,GTIGF,ok,0.0
10686,4025.9,4025.9,2025-06-24 11:54:44,2025-06-24 11:54:44,GTIGF,GTSTT,ok,0.0
10687,4025.9,4025.9,2025-06-24 11:54:44,2025-06-24 11:54:45,GTSTT,GTIGN,ok,0.0
10688,4025.9,4025.9,2025-06-24 11:54:45,2025-06-24 11:54:45,GTIGN,GTSTT,ok,0.0
10689,4025.9,4025.9,2025-06-24 11:54:45,2025-06-24 11:54:49,GTSTT,GTERI,ok,0.0
10690,4025.9,4025.9,2025-06-24 11:54:49,2025-06-24 11:54:49,GTERI,GTIGL,ok,0.0
10691,4025.9,4025.9,2025-06-24 11:54:49,2025-06-24 11:54:49,GTIGL,GTIGL,ok,0.0
10692,4025.9,4025.9,2025-06-24 11:54:49,2025-06-24 11:54:49,GTIGL,GTIGL,ok,0.0
10693,4025.9,4025.9,2025-06-24 11:54:49,2025-06-24 11:55:25,GTIGL,GTERI,ok,0.0
10694,4025.9,4025.9,2025-06-24 11:55:25,2025-06-24 11:55:27,GTERI,GTERI,ok,0.0
10696,4025.9,4026.5,2025-06-24 11:55:27,2025-06-24 11:56:49,GTERI,GTERI,ok,0.599999999999909
10697,4026.5,4026.5,2025-06-24 11:56:49,2025-06-24 11:57:29,GTERI,GTERI,ok,0.0
10698,4026.5,4026.5,2025-06-24 11:57:29,2025-06-24 11:57:36,GTERI,GTERI,ok,0.0
10700,4026.5,4026.5,2025-06-24 11:57:36,2025-06-24 11:57:54,GTERI,GTERI,ok,0.0
10701,4026.5,4027.4,2025-06-24 11:57:54,2025-06-24 11:59:15,GTERI,GTERI,ok,0.900000000000091
10702,4027.4,4027.5,2025-06-24 11:59:15,2025-06-24 11:59:25,GTERI,GTERI,ok,0.09999999999990905
10703,4027.5,4027.5,2025-06-24 11:59:25,2025-06-24 11:59:27,GTERI,GTERI,ok,0.0
10705,4027.5,4027.9,2025-06-24 11:59:27,2025-06-24 12:00:38,GTERI,GTERI,ok,0.40000000000009095
10706,4027.9,4028.0,2025-06-24 12:00:38,2025-06-24 12:00:48,GTERI,GTERI,ok,0.09999999999990905
10707,4028.0,4028.0,2025-06-24 12:00:48,2025-06-24 12:00:50,GTERI,GTERI,ok,0.0
10708,4028.0,4028.1,2025-06-24 12:00:50,2025-06-24 12:00:54,GTERI,GTERI,ok,0.09999999999990905
10710,4028.1,4030.1,2025-06-24 12:00:54,2025-06-24 12:02:09,GTERI,GTERI,ok,2.0
10712,4030.1,4033.2,2025-06-24 12:02:09,2025-06-24 12:03:54,GTERI,GTERI,ok,3.099999999999909
10713,4033.2,4035.4,2025-06-24 12:03:54,2025-06-24 12:05:17,GTERI,GTERI,ok,2.200000000000273
10714,4035.4,4035.4,2025-06-24 12:05:17,2025-06-24 12:05:19,GTERI,GTERI,ok,0.0
10715,4035.4,4035.4,2025-06-24 12:05:19,2025-06-24 12:05:22,GTERI,GTERI,ok,0.0
10716,4035.4,4035.5,2025-06-24 12:05:22,2025-06-24 12:05:25,GTERI,GTERI,ok,0.09999999999990905
10717,4035.5,4035.5,2025-06-24 12:05:25,2025-06-24 12:05:28,GTERI,GTERI,ok,0.0
10718,4035.5,4035.5,2025-06-24 12:05:28,2025-06-24 12:05:31,GTERI,GTERI,ok,0.0
10720,4035.5,4035.8,2025-06-24 12:05:31,2025-06-24 12:05:43,GTERI,GTERI,ok,0.3000000000001819
10721,4035.8,4037.4,2025-06-24 12:05:43,2025-06-24 12:06:54,GTERI,GTERI,ok,1.599999999999909
10723,4037.4,4038.7,2025-06-24 12:06:54,2025-06-24 12:07:56,GTERI,GTERI,ok,1.2999999999997272
10724,4038.7,4039.5,2025-06-24 12:07:56,2025-06-24 12:08:26,GTERI,GTERI,ok,0.8000000000001819
10725,4039.5,4039.5,2025-06-24 12:08:26,2025-06-24 12:08:28,GTERI,GTERI,ok,0.0
10726,4039.5,4039.5,2025-06-24 12:08:28,2025-06-24 12:08:30,GTERI,GTERI,ok,0.0
10727,4039.5,4039.6,2025-06-24 12:08:30,2025-06-24 12:08:33,GTERI,GTERI,ok,0.09999999999990905
10728,4039.6,4039.7,2025-06-24 12:08:33,2025-06-24 12:08:40,GTERI,GTERI,ok,0.09999999999990905
10729,4039.7,4039.7,2025-06-24 12:08:40,2025-06-24 12:08:42,GTERI,GTERI,ok,0.0
10730,4039.7,4039.7,2025-06-24 12:08:42,2025-06-24 12:08:44,GTERI,GTERI,ok,0.0
10731,4039.7,4039.8,2025-06-24 12:08:44,2025-06-24 12:08:46,GTERI,GTERI,ok,0.1000000000003638
10732,4039.8,4039.8,2025-06-24 12:08:46,2025-06-24 12:08:51,GTERI,GTERI,ok,0.0
10733,4039.8,4040.2,2025-06-24 12:08:51,2025-06-24 12:09:09,GTERI,GTERI,ok,0.3999999999996362
10734,4040.2,4040.6,2025-06-24 12:09:09,2025-06-24 12:09:28,GTERI,GTERI,ok,0.40000000000009095
10736,4040.6,4040.8,2025-06-24 12:09:28,2025-06-24 12:09:54,GTERI,GTERI,ok,0.20000000000027285
10737,4040.8,4041.6,2025-06-24 12:09:54,2025-06-24 12:11:16,GTERI,GTERI,ok,0.7999999999997272
10738,4041.6,4041.6,2025-06-24 12:11:16,2025-06-24 12:11:18,GTERI,GTERI,ok,0.0
10739,4041.6,4041.6,2025-06-24 12:11:18,2025-06-24 12:11:29,GTERI,GTERI,ok,0.0
10741,4041.6,4041.7,2025-06-24 12:11:29,2025-06-24 12:12:24,GTERI,GTERI,ok,0.09999999999990905
10742,4041.7,4041.7,2025-06-24 12:12:24,2025-06-24 12:12:44,GTERI,GTIGF,ok,0.0
10743,4041.7,4041.7,2025-06-24 12:12:44,2025-06-24 12:12:44,GTIGF,GTSTT,ok,0.0
10744,4041.7,4041.7,2025-06-24 12:12:44,2025-06-24 12:12:44,GTSTT,GTERI,ok,0.0
10745,4041.7,4041.7,2025-06-24 12:12:44,2025-06-24 12:12:44,GTERI,GTIGL,ok,0.0
10746,4041.7,4041.7,2025-06-24 12:12:44,2025-06-24 12:13:25,GTIGL,GTSTT,ok,0.0
10777,4041.7,4041.7,2025-06-24 12:13:25,2025-06-24 13:12:39,GTSTT,GTERI,ok,0.0
10808,4041.7,4041.7,2025-06-24 13:12:39,2025-06-24 14:12:39,GTERI,GTERI,ok,0.0
10823,4041.7,4041.7,2025-06-24 14:12:39,2025-06-24 14:40:46,GTERI,GTIGN,ok,0.0
10824,4041.7,4041.7,2025-06-24 14:40:46,2025-06-24 14:40:46,GTIGN,GTSTT,ok,0.0
10825,4041.7,4041.7,2025-06-24 14:40:46,2025-06-24 14:40:48,GTSTT,GTIGF,ok,0.0
10826,4041.7,4041.7,2025-06-24 14:40:48,2025-06-24 14:40:48,GTIGF,GTSTT,ok,0.0
10827,4041.7,4041.7,2025-06-24 14:40:48,2025-06-24 14:40:50,GTSTT,GTIGN,ok,0.0
10828,4041.7,4041.7,2025-06-24 14:40:50,2025-06-24 14:40:50,GTIGN,GTSTT,ok,0.0
10829,4041.7,4041.7,2025-06-24 14:40:50,2025-06-24 14:41:03,GTSTT,GTERI,ok,0.0
10830,4041.7,4041.7,2025-06-24 14:41:03,2025-06-24 14:41:03,GTERI,GTIGL,ok,0.0
10831,4041.7,4041.7,2025-06-24 14:41:03,2025-06-24 14:41:03,GTIGL,GTIGL,ok,0.0
10832,4041.7,4041.7,2025-06-24 14:41:03,2025-06-24 14:41:03,GTIGL,GTIGL,ok,0.0
10833,4041.7,4041.7,2025-06-24 14:41:03,2025-06-24 14:41:11,GTIGL,GTERI,ok,0.0
10835,4041.7,4041.8,2025-06-24 14:41:11,2025-06-24 14:42:25,GTERI,GTERI,ok,0.1000000000003638
10836,4041.8,4041.8,2025-06-24 14:42:25,2025-06-24 14:42:27,GTERI,GTERI,ok,0.0
10837,4041.8,4041.8,2025-06-24 14:42:27,2025-06-24 14:42:31,GTERI,GTERI,ok,0.0
10838,4041.8,4041.8,2025-06-24 14:42:31,2025-06-24 14:42:33,GTERI,GTERI,ok,0.0
10839,4041.8,4041.9,2025-06-24 14:42:33,2025-06-24 14:42:39,GTERI,GTERI,ok,0.09999999999990905
10840,4041.9,4041.9,2025-06-24 14:42:39,2025-06-24 14:42:42,GTERI,GTERI,ok,0.0
10841,4041.9,4042.0,2025-06-24 14:42:42,2025-06-24 14:42:59,GTERI,GTERI,ok,0.09999999999990905
10842,4042.0,4042.0,2025-06-24 14:42:59,2025-06-24 14:43:01,GTERI,GTERI,ok,0.0
10843,4042.0,4042.2,2025-06-24 14:43:01,2025-06-24 14:43:25,GTERI,GTERI,ok,0.1999999999998181
10844,4042.2,4042.3,2025-06-24 14:43:25,2025-06-24 14:43:36,GTERI,GTERI,ok,0.1000000000003638
10845,4042.3,4042.3,2025-06-24 14:43:36,2025-06-24 14:43:38,GTERI,GTERI,ok,0.0
10846,4042.3,4042.3,2025-06-24 14:43:38,2025-06-24 14:43:43,GTERI,GTERI,ok,0.0
10848,4042.3,4042.5,2025-06-24 14:43:43,2025-06-24 14:43:55,GTERI,GTERI,ok,0.1999999999998181
10849,4042.5,4042.5,2025-06-24 14:43:55,2025-06-24 14:44:02,GTERI,GTERI,ok,0.0
10850,4042.5,4043.0,2025-06-24 14:44:02,2025-06-24 14:44:49,GTERI,GTERI,ok,0.5
10851,4043.0,4043.0,2025-06-24 14:44:49,2025-06-24 14:44:50,GTERI,GTERI,ok,0.0
10852,4043.0,4043.0,2025-06-24 14:44:50,2025-06-24 14:44:52,GTERI,GTERI,ok,0.0
10853,4043.0,4043.1,2025-06-24 14:44:52,2025-06-24 14:45:00,GTERI,GTERI,ok,0.09999999999990905
10854,4043.1,4043.1,2025-06-24 14:45:00,2025-06-24 14:45:05,GTERI,GTERI,ok,0.0
10855,4043.1,4043.2,2025-06-24 14:45:05,2025-06-24 14:45:14,GTERI,GTERI,ok,0.09999999999990905
10856,4043.2,4043.4,2025-06-24 14:45:14,2025-06-24 14:45:49,GTERI,GTERI,ok,0.20000000000027285
10858,4043.4,4043.8,2025-06-24 14:45:49,2025-06-24 14:46:33,GTERI,GTERI,ok,0.40000000000009095
10859,4043.8,4044.0,2025-06-24 14:46:33,2025-06-24 14:46:55,GTERI,GTERI,ok,0.1999999999998181
10860,4044.0,4044.1,2025-06-24 14:46:55,2025-06-24 14:47:01,GTERI,GTERI,ok,0.09999999999990905
10861,4044.1,4044.1,2025-06-24 14:47:01,2025-06-24 14:47:08,GTERI,GTERI,ok,0.0
10862,4044.1,4044.1,2025-06-24 14:47:08,2025-06-24 14:47:13,GTERI,GTERI,ok,0.0
10863,4044.1,4044.1,2025-06-24 14:47:13,2025-06-24 14:47:16,GTERI,GTERI,ok,0.0
10864,4044.1,4044.2,2025-06-24 14:47:16,2025-06-24 14:47:18,GTERI,GTERI,ok,0.09999999999990905
10865,4044.2,4044.2,2025-06-24 14:47:18,2025-06-24 14:47:20,GTERI,GTERI,ok,0.0
10868,4044.2,4045.4,2025-06-24 14:47:20,2025-06-24 14:49:55,GTERI,GTERI,ok,1.2000000000002728
10869,4045.4,4045.7,2025-06-24 14:49:55,2025-06-24 14:50:08,GTERI,GTERI,ok,0.29999999999972715
10870,4045.7,4045.7,2025-06-24 14:50:08,2025-06-24 14:50:11,GTERI,GTERI,ok,0.0
10871,4045.7,4046.0,2025-06-24 14:50:11,2025-06-24 14:50:26,GTERI,GTERI,ok,0.3000000000001819
10872,4046.0,4046.0,2025-06-24 14:50:26,2025-06-24 14:50:31,GTERI,GTERI,ok,0.0
10873,4046.0,4046.6,2025-06-24 14:50:31,2025-06-24 14:51:07,GTERI,GTERI,ok,0.599999999999909
10875,4046.6,4047.3,2025-06-24 14:51:07,2025-06-24 14:51:55,GTERI,GTERI,ok,0.7000000000002728
10876,4047.3,4047.3,2025-06-24 14:51:55,2025-06-24 14:51:57,GTERI,GTERI,ok,0.0
10877,4047.3,4047.6,2025-06-24 14:51:57,2025-06-24 14:52:17,GTERI,GTERI,ok,0.29999999999972715
10878,4047.6,4047.6,2025-06-24 14:52:17,2025-06-24 14:52:19,GTERI,GTERI,ok,0.0
10879,4047.6,4047.6,2025-06-24 14:52:19,2025-06-24 14:52:24,GTERI,GTERI,ok,0.0
10880,4047.6,4047.6,2025-06-24 14:52:24,2025-06-24 14:52:26,GTERI,GTERI,ok,0.0
10881,4047.6,4047.6,2025-06-24 14:52:26,2025-06-24 14:52:28,GTERI,GTERI,ok,0.0
10882,4047.6,4047.7,2025-06-24 14:52:28,2025-06-24 14:52:55,GTERI,GTERI,ok,0.09999999999990905
10883,4047.7,4047.7,2025-06-24 14:52:55,2025-06-24 14:53:05,GTERI,GTERI,ok,0.0
10884,4047.7,4047.7,2025-06-24 14:53:05,2025-06-24 14:53:07,GTERI,GTERI,ok,0.0
10885,4047.7,4047.7,2025-06-24 14:53:07,2025-06-24 14:53:13,GTERI,GTERI,ok,0.0
10886,4047.7,4047.7,2025-06-24 14:53:13,2025-06-24 14:53:17,GTERI,GTERI,ok,0.0
10887,4047.7,4047.9,2025-06-24 14:53:17,2025-06-24 14:53:32,GTERI,GTERI,ok,0.20000000000027285
10888,4047.9,4047.9,2025-06-24 14:53:32,2025-06-24 14:53:34,GTERI,GTERI,ok,0.0
10889,4047.9,4047.9,2025-06-24 14:53:34,2025-06-24 14:53:41,GTERI,GTERI,ok,0.0
10890,4047.9,4047.9,2025-06-24 14:53:41,2025-06-24 14:53:43,GTERI,GTERI,ok,0.0
10892,4047.9,4048.2,2025-06-24 14:53:43,2025-06-24 14:54:02,GTERI,GTERI,ok,0.29999999999972715
10893,4048.2,4048.2,2025-06-24 14:54:02,2025-06-24 14:54:05,GTERI,GTERI,ok,0.0
10894,4048.2,4049.1,2025-06-24 14:54:05,2025-06-24 14:54:51,GTERI,GTERI,ok,0.900000000000091
10895,4049.1,4049.5,2025-06-24 14:54:51,2025-06-24 14:55:19,GTERI,GTERI,ok,0.40000000000009095
10896,4049.5,4049.6,2025-06-24 14:55:19,2025-06-24 14:55:26,GTERI,GTERI,ok,0.09999999999990905
10897,4049.6,4049.9,2025-06-24 14:55:26,2025-06-24 14:55:45,GTERI,GTERI,ok,0.3000000000001819
10899,4049.9,4050.0,2025-06-24 14:55:45,2025-06-24 14:55:55,GTERI,GTERI,ok,0.09999999999990905
10900,4050.0,4050.9,2025-06-24 14:55:55,2025-06-24 14:57:08,GTERI,GTERI,ok,0.900000000000091
10901,4050.9,4051.2,2025-06-24 14:57:08,2025-06-24 14:57:36,GTERI,GTERI,ok,0.29999999999972715
10902,4051.2,4051.3,2025-06-24 14:57:36,2025-06-24 14:57:45,GTERI,GTERI,ok,0.1000000000003638
10903,4051.3,4051.3,2025-06-24 14:57:45,2025-06-24 14:57:47,GTERI,GTERI,ok,0.0
10905,4051.3,4051.6,2025-06-24 14:57:47,2025-06-24 14:58:25,GTERI,GTERI,ok,0.29999999999972715
10906,4051.6,4051.8,2025-06-24 14:58:25,2025-06-24 14:58:51,GTERI,GTERI,ok,0.20000000000027285
10907,4051.8,4051.8,2025-06-24 14:58:51,2025-06-24 14:58:55,GTERI,GTERI,ok,0.0
10908,4051.8,4051.8,2025-06-24 14:58:55,2025-06-24 14:58:56,GTERI,GTERI,ok,0.0
10909,4051.8,4051.9,2025-06-24 14:58:56,2025-06-24 14:59:08,GTERI,GTERI,ok,0.09999999999990905
10910,4051.9,4052.0,2025-06-24 14:59:08,2025-06-24 14:59:15,GTERI,GTERI,ok,0.09999999999990905
10911,4052.0,4052.0,2025-06-24 14:59:15,2025-06-24 14:59:22,GTERI,GTERI,ok,0.0
10912,4052.0,4052.0,2025-06-24 14:59:22,2025-06-24 14:59:24,GTERI,GTERI,ok,0.0
10914,4052.0,4052.5,2025-06-24 14:59:24,2025-06-24 15:00:09,GTERI,GTERI,ok,0.5
10915,4052.5,4052.8,2025-06-24 15:00:09,2025-06-24 15:00:47,GTERI,GTERI,ok,0.3000000000001819
10916,4052.8,4052.8,2025-06-24 15:00:47,2025-06-24 15:00:49,GTERI,GTERI,ok,0.0
10917,4052.8,4052.8,2025-06-24 15:00:49,2025-06-24 15:00:54,GTERI,GTERI,ok,0.0
10918,4052.8,4052.9,2025-06-24 15:00:54,2025-06-24 15:01:18,GTERI,GTERI,ok,0.09999999999990905
10919,4052.9,4052.9,2025-06-24 15:01:18,2025-06-24 15:01:21,GTERI,GTERI,ok,0.0
10920,4052.9,4053.0,2025-06-24 15:01:21,2025-06-24 15:01:31,GTERI,GTERI,ok,0.09999999999990905
10922,4053.0,4053.1,2025-06-24 15:01:31,2025-06-24 15:01:55,GTERI,GTERI,ok,0.09999999999990905
10923,4053.1,4053.1,2025-06-24 15:01:55,2025-06-24 15:02:43,GTERI,GTIGF,ok,0.0
10924,4053.1,4053.1,2025-06-24 15:02:43,2025-06-24 15:02:43,GTIGF,GTSTT,ok,0.0
10925,4053.1,4053.1,2025-06-24 15:02:43,2025-06-24 15:02:43,GTSTT,GTERI,ok,0.0
10926,4053.1,4053.1,2025-06-24 15:02:43,2025-06-24 15:02:43,GTERI,GTIGL,ok,0.0
10927,4053.1,4053.1,2025-06-24 15:02:43,2025-06-24 15:03:30,GTIGL,GTSTT,ok,0.0
10958,4053.1,4053.1,2025-06-24 15:03:30,2025-06-24 16:02:38,GTSTT,GTERI,ok,0.0
10989,4053.1,4053.1,2025-06-24 16:02:38,2025-06-24 17:02:38,GTERI,GTERI,ok,0.0
11020,4053.1,4053.1,2025-06-24 17:02:38,2025-06-24 18:02:38,GTERI,GTERI,ok,0.0
11051,4053.1,4053.1,2025-06-24 18:02:38,2025-06-24 19:02:38,GTERI,GTERI,ok,0.0
11082,4053.1,4053.1,2025-06-24 19:02:38,2025-06-24 20:02:38,GTERI,GTERI,ok,0.0
11113,4053.1,4053.1,2025-06-24 20:02:38,2025-06-24 21:02:38,GTERI,GTERI,ok,0.0
11144,4053.1,4053.1,2025-06-24 21:02:38,2025-06-24 22:02:38,GTERI,GTERI,ok,0.0
11175,4053.1,4053.1,2025-06-24 22:02:38,2025-06-24 23:02:38,GTERI,GTERI,ok,0.0
11206,4053.1,4053.1,2025-06-24 23:02:38,2025-06-25 00:02:38,GTERI,GTERI,ok,0.0
11237,4053.1,4053.1,2025-06-25 00:02:38,2025-06-25 01:02:38,GTERI,GTERI,ok,0.0
11268,4053.1,4053.1,2025-06-25 01:02:38,2025-06-25 02:02:38,GTERI,GTERI,ok,0.0
11299,4053.1,4053.1,2025-06-25 02:02:38,2025-06-25 03:02:38,GTERI,GTERI,ok,0.0
11330,4053.1,4053.1,2025-06-25 03:02:38,2025-06-25 04:02:38,GTERI,GTERI,ok,0.0
11361,4053.1,4053.1,2025-06-25 04:02:38,2025-06-25 05:02:38,GTERI,GTERI,ok,0.0
11391,4053.1,4053.1,2025-06-25 05:02:38,2025-06-25 06:02:38,GTERI,GTERI,ok,0.0
11422,4053.1,4053.1,2025-06-25 06:02:38,2025-06-25 07:02:38,GTERI,GTERI,ok,0.0
11452,4053.1,4053.1,2025-06-25 07:02:38,2025-06-25 08:00:33,GTERI,GTIGN,ok,0.0
11453,4053.1,4053.1,2025-06-25 08:00:33,2025-06-25 08:00:33,GTIGN,GTSTT,ok,0.0
11454,4053.1,4053.1,2025-06-25 08:00:33,2025-06-25 08:00:33,GTSTT,GTERI,ok,0.0
11455,4053.1,4053.1,2025-06-25 08:00:33,2025-06-25 08:00:33,GTERI,GTIGF,ok,0.0
11456,4053.1,4053.1,2025-06-25 08:00:33,2025-06-25 08:00:33,GTIGF,GTSTT,ok,0.0
11457,4053.1,4053.1,2025-06-25 08:00:33,2025-06-25 08:00:35,GTSTT,GTIGN,ok,0.0
11458,4053.1,4053.1,2025-06-25 08:00:35,2025-06-25 08:00:35,GTIGN,GTSTT,ok,0.0
11459,4053.1,4053.1,2025-06-25 08:00:35,2025-06-25 08:00:46,GTSTT,GTERI,ok,0.0
11460,4053.1,4053.1,2025-06-25 08:00:46,2025-06-25 08:00:46,GTERI,GTIGL,ok,0.0
11461,4053.1,4053.1,2025-06-25 08:00:46,2025-06-25 08:00:46,GTIGL,GTIGL,ok,0.0
11462,4053.1,4053.1,2025-06-25 08:00:46,2025-06-25 08:00:46,GTIGL,GTIGL,ok,0.0
11464,4053.1,4053.2,2025-06-25 08:00:46,2025-06-25 08:01:43,GTIGL,GTERI,ok,0.09999999999990905
11465,4053.2,4053.2,2025-06-25 08:01:43,2025-06-25 08:01:46,GTERI,GTERI,ok,0.0
11466,4053.2,4053.2,2025-06-25 08:01:46,2025-06-25 08:01:48,GTERI,GTERI,ok,0.0
11467,4053.2,4053.2,2025-06-25 08:01:48,2025-06-25 08:01:53,GTERI,GTERI,ok,0.0
11468,4053.2,4053.3,2025-06-25 08:01:53,2025-06-25 08:01:56,GTERI,GTERI,ok,0.1000000000003638
11469,4053.3,4053.4,2025-06-25 08:01:56,2025-06-25 08:02:21,GTERI,GTERI,ok,0.09999999999990905
11470,4053.4,4053.4,2025-06-25 08:02:21,2025-06-25 08:02:24,GTERI,GTERI,ok,0.0
11471,4053.4,4053.4,2025-06-25 08:02:24,2025-06-25 08:02:27,GTERI,GTERI,ok,0.0
11473,4053.4,4053.4,2025-06-25 08:02:27,2025-06-25 08:02:51,GTERI,GTERI,ok,0.0
11474,4053.4,4053.4,2025-06-25 08:02:51,2025-06-25 08:02:54,GTERI,GTERI,ok,0.0
11475,4053.4,4053.4,2025-06-25 08:02:54,2025-06-25 08:02:56,GTERI,GTERI,ok,0.0
11476,4053.4,4053.4,2025-06-25 08:02:56,2025-06-25 08:03:44,GTERI,GTERI,ok,0.0
11477,4053.4,4053.4,2025-06-25 08:03:44,2025-06-25 08:03:53,GTERI,GTIGF,ok,0.0
11478,4053.4,4053.4,2025-06-25 08:03:53,2025-06-25 08:03:53,GTIGF,GTSTT,ok,0.0
11479,4053.4,4053.4,2025-06-25 08:03:53,2025-06-25 08:03:53,GTSTT,GTERI,ok,0.0
11480,4053.4,4053.4,2025-06-25 08:03:53,2025-06-25 08:03:53,GTERI,GTIGL,ok,0.0
11481,4053.4,4053.4,2025-06-25 08:03:53,2025-06-25 08:04:41,GTIGL,GTSTT,ok,0.0
11512,4053.4,4053.4,2025-06-25 08:04:41,2025-06-25 09:03:48,GTSTT,GTERI,ok,0.0
11543,4053.4,4053.4,2025-06-25 09:03:48,2025-06-25 10:03:48,GTERI,GTERI,ok,0.0
11571,4053.4,4053.4,2025-06-25 10:03:48,2025-06-25 10:49:07,GTERI,GTRTL,ok,0.0
11579,4053.4,4053.4,2025-06-25 10:49:07,2025-06-25 11:03:48,GTRTL,GTERI,ok,0.0
11610,4053.4,4053.4,2025-06-25 11:03:48,2025-06-25 12:03:48,GTERI,GTERI,ok,0.0
11619,4053.4,4053.4,2025-06-25 12:03:48,2025-06-25 12:20:29,GTERI,GTIGN,ok,0.0
11620,4053.4,4053.4,2025-06-25 12:20:29,2025-06-25 12:20:29,GTIGN,GTSTT,ok,0.0
11621,4053.4,4053.4,2025-06-25 12:20:29,2025-06-25 12:20:30,GTSTT,GTIGF,ok,0.0
11622,4053.4,4053.4,2025-06-25 12:20:30,2025-06-25 12:20:30,GTIGF,GTSTT,ok,0.0
11623,4053.4,4053.4,2025-06-25 12:20:30,2025-06-25 12:20:31,GTSTT,GTIGN,ok,0.0
11624,4053.4,4053.4,2025-06-25 12:20:31,2025-06-25 12:20:31,GTIGN,GTSTT,ok,0.0
11625,4053.4,4053.4,2025-06-25 12:20:31,2025-06-25 12:20:51,GTSTT,GTIGF,ok,0.0
11626,4053.4,4053.4,2025-06-25 12:20:51,2025-06-25 12:20:51,GTIGF,GTSTT,ok,0.0
11627,4053.4,4053.4,2025-06-25 12:20:51,2025-06-25 12:20:53,GTSTT,GTERI,ok,0.0
11628,4053.4,4053.4,2025-06-25 12:20:53,2025-06-25 12:20:53,GTERI,GTIGL,ok,0.0
11629,4053.4,4053.4,2025-06-25 12:20:53,2025-06-25 12:20:53,GTIGL,GTIGL,ok,0.0
11630,4053.4,4053.4,2025-06-25 12:20:53,2025-06-25 12:20:53,GTIGL,GTIGL,ok,0.0
11631,4053.4,4053.4,2025-06-25 12:20:53,2025-06-25 12:20:53,GTIGL,GTIGL,ok,0.0
11632,4053.4,4053.4,2025-06-25 12:20:53,2025-06-25 12:20:54,GTIGL,GTIGN,ok,0.0
11633,4053.4,4053.4,2025-06-25 12:20:54,2025-06-25 12:20:54,GTIGN,GTSTT,ok,0.0
11634,4053.4,4053.4,2025-06-25 12:20:54,2025-06-25 12:20:54,GTSTT,GTIGF,ok,0.0
11635,4053.4,4053.4,2025-06-25 12:20:54,2025-06-25 12:20:54,GTIGF,GTSTT,ok,0.0
11636,4053.4,4053.4,2025-06-25 12:20:54,2025-06-25 12:20:54,GTSTT,GTIGL,ok,0.0
11637,4053.4,4053.4,2025-06-25 12:20:54,2025-06-25 12:20:54,GTIGL,GTIGL,ok,0.0
11638,4053.4,4053.4,2025-06-25 12:20:54,2025-06-25 12:20:55,GTIGL,GTIGN,ok,0.0
11639,4053.4,4053.4,2025-06-25 12:20:55,2025-06-25 12:20:55,GTIGN,GTSTT,ok,0.0
11640,4053.4,4053.4,2025-06-25 12:20:55,2025-06-25 12:20:55,GTSTT,GTIGL,ok,0.0
11641,4053.4,4053.4,2025-06-25 12:20:55,2025-06-25 12:20:59,GTIGL,GTERI,ok,0.0
11643,4053.4,4053.5,2025-06-25 12:20:59,2025-06-25 12:23:01,GTERI,GTERI,ok,0.09999999999990905
11645,4053.5,4053.5,2025-06-25 12:23:01,2025-06-25 12:23:04,GTERI,GTERI,ok,0.0
11646,4053.5,4054.2,2025-06-25 12:23:04,2025-06-25 12:24:03,GTERI,GTERI,ok,0.6999999999998181
11648,4054.2,4055.4,2025-06-25 12:24:03,2025-06-25 12:26:26,GTERI,GTERI,ok,1.2000000000002728
11649,4055.4,4055.4,2025-06-25 12:26:26,2025-06-25 12:26:27,GTERI,GTERI,ok,0.0
11650,4055.4,4055.4,2025-06-25 12:26:27,2025-06-25 12:26:29,GTERI,GTERI,ok,0.0
11651,4055.4,4055.4,2025-06-25 12:26:29,2025-06-25 12:26:40,GTERI,GTERI,ok,0.0
11652,4055.4,4055.4,2025-06-25 12:26:40,2025-06-25 12:26:41,GTERI,GTERI,ok,0.0
11653,4055.4,4055.4,2025-06-25 12:26:41,2025-06-25 12:26:43,GTERI,GTERI,ok,0.0
11654,4055.4,4055.5,2025-06-25 12:26:43,2025-06-25 12:27:01,GTERI,GTERI,ok,0.09999999999990905
11655,4055.5,4055.5,2025-06-25 12:27:01,2025-06-25 12:27:03,GTERI,GTERI,ok,0.0
11657,4055.5,4055.5,2025-06-25 12:27:03,2025-06-25 12:27:49,GTERI,GTSTT,ok,0.0
11659,4055.5,4055.5,2025-06-25 12:27:49,2025-06-25 12:29:42,GTSTT,GTSTT,ok,0.0
11660,4055.5,4055.5,2025-06-25 12:29:42,2025-06-25 12:29:59,GTSTT,GTERI,ok,0.0
11661,4055.5,4055.5,2025-06-25 12:29:59,2025-06-25 12:30:02,GTERI,GTERI,ok,0.0
11662,4055.5,4055.5,2025-06-25 12:30:02,2025-06-25 12:30:02,GTERI,GTERI,ok,0.0
11664,4055.5,4056.0,2025-06-25 12:30:02,2025-06-25 12:31:18,GTERI,GTERI,ok,0.5
11665,4056.0,4056.4,2025-06-25 12:31:18,2025-06-25 12:31:57,GTERI,GTERI,ok,0.40000000000009095
11666,4056.4,4056.8,2025-06-25 12:31:57,2025-06-25 12:32:23,GTERI,GTERI,ok,0.40000000000009095
11667,4056.8,4056.8,2025-06-25 12:32:23,2025-06-25 12:33:03,GTERI,GTERI,ok,0.0
11669,4056.8,4056.9,2025-06-25 12:33:03,2025-06-25 12:33:09,GTERI,GTERI,ok,0.09999999999990905
11670,4056.9,4057.4,2025-06-25 12:33:09,2025-06-25 12:33:44,GTERI,GTERI,ok,0.5
11672,4057.4,4058.7,2025-06-25 12:33:44,2025-06-25 12:36:03,GTERI,GTERI,ok,1.2999999999997272
11673,4058.7,4058.7,2025-06-25 12:36:03,2025-06-25 12:36:04,GTERI,GTERI,ok,0.0
11674,4058.7,4058.7,2025-06-25 12:36:04,2025-06-25 12:36:05,GTERI,GTERI,ok,0.0
11675,4058.7,4059.1,2025-06-25 12:36:05,2025-06-25 12:37:01,GTERI,GTERI,ok,0.40000000000009095
11677,4059.1,4059.9,2025-06-25 12:37:01,2025-06-25 12:38:15,GTERI,GTERI,ok,0.8000000000001819
11678,4059.9,4060.0,2025-06-25 12:38:15,2025-06-25 12:38:37,GTERI,GTERI,ok,0.09999999999990905
11679,4060.0,4060.0,2025-06-25 12:38:37,2025-06-25 12:38:39,GTERI,GTERI,ok,0.0
11680,4060.0,4060.0,2025-06-25 12:38:39,2025-06-25 12:38:51,GTERI,GTERI,ok,0.0
11681,4060.0,4060.1,2025-06-25 12:38:51,2025-06-25 12:39:03,GTERI,GTERI,ok,0.09999999999990905
11682,4060.1,4060.1,2025-06-25 12:39:03,2025-06-25 12:39:03,GTERI,GTERI,ok,0.0
11684,4060.1,4060.1,2025-06-25 12:39:03,2025-06-25 12:39:12,GTERI,GTIGF,ok,0.0
11685,4060.1,4060.1,2025-06-25 12:39:12,2025-06-25 12:39:12,GTIGF,GTSTT,ok,0.0
11686,4060.1,4060.1,2025-06-25 12:39:12,2025-06-25 12:39:12,GTSTT,GTERI,ok,0.0
11687,4060.1,4060.1,2025-06-25 12:39:12,2025-06-25 12:39:12,GTERI,GTIGL,ok,0.0
11688,4060.1,4060.1,2025-06-25 12:39:12,2025-06-25 12:39:55,GTIGL,GTSTT,ok,0.0
11693,4060.1,4060.1,2025-06-25 12:39:55,2025-06-25 12:48:03,GTSTT,GTIGN,ok,0.0
11694,4060.1,4060.1,2025-06-25 12:48:03,2025-06-25 12:48:03,GTIGN,GTSTT,ok,0.0
11695,4060.1,4060.1,2025-06-25 12:48:03,2025-06-25 12:48:03,GTSTT,GTIGF,ok,0.0
11696,4060.1,4060.1,2025-06-25 12:48:03,2025-06-25 12:48:03,GTIGF,GTSTT,ok,0.0
11697,4060.1,4060.1,2025-06-25 12:48:03,2025-06-25 12:48:04,GTSTT,GTIGN,ok,0.0
11698,4060.1,4060.1,2025-06-25 12:48:04,2025-06-25 12:48:04,GTIGN,GTSTT,ok,0.0
11699,4060.1,4060.1,2025-06-25 12:48:04,2025-06-25 12:48:13,GTSTT,GTERI,ok,0.0
11700,4060.1,4060.1,2025-06-25 12:48:13,2025-06-25 12:48:13,GTERI,GTIGL,ok,0.0
11701,4060.1,4060.1,2025-06-25 12:48:13,2025-06-25 12:48:13,GTIGL,GTIGL,ok,0.0
11702,4060.1,4060.1,2025-06-25 12:48:13,2025-06-25 12:48:13,GTIGL,GTIGL,ok,0.0
11703,4060.1,4060.1,2025-06-25 12:48:13,2025-06-25 12:49:01,GTIGL,GTERI,ok,0.0
11705,4060.1,4060.1,2025-06-25 12:49:01,2025-06-25 12:49:10,GTERI,GTERI,ok,0.0
11706,4060.1,4060.1,2025-06-25 12:49:10,2025-06-25 12:49:12,GTERI,GTERI,ok,0.0
11707,4060.1,4060.1,2025-06-25 12:49:12,2025-06-25 12:49:15,GTERI,GTERI,ok,0.0
11708,4060.1,4060.2,2025-06-25 12:49:15,2025-06-25 12:49:28,GTERI,GTERI,ok,0.09999999999990905
11709,4060.2,4060.2,2025-06-25 12:49:28,2025-06-25 12:49:30,GTERI,GTERI,ok,0.0
11710,4060.2,4060.2,2025-06-25 12:49:30,2025-06-25 12:49:31,GTERI,GTERI,ok,0.0
11711,4060.2,4060.2,2025-06-25 12:49:31,2025-06-25 12:49:33,GTERI,GTERI,ok,0.0
11712,4060.2,4060.4,2025-06-25 12:49:33,2025-06-25 12:50:10,GTERI,GTERI,ok,0.20000000000027285
11713,4060.4,4060.6,2025-06-25 12:50:10,2025-06-25 12:50:33,GTERI,GTERI,ok,0.1999999999998181
11714,4060.6,4060.7,2025-06-25 12:50:33,2025-06-25 12:50:39,GTERI,GTERI,ok,0.09999999999990905
11715,4060.7,4060.7,2025-06-25 12:50:39,2025-06-25 12:50:42,GTERI,GTERI,ok,0.0
11716,4060.7,4060.7,2025-06-25 12:50:42,2025-06-25 12:50:45,GTERI,GTERI,ok,0.0
11717,4060.7,4060.7,2025-06-25 12:50:45,2025-06-25 12:50:47,GTERI,GTERI,ok,0.0
11719,4060.7,4060.9,2025-06-25 12:50:47,2025-06-25 12:51:13,GTERI,GTERI,ok,0.20000000000027285
11720,4060.9,4061.0,2025-06-25 12:51:13,2025-06-25 12:51:21,GTERI,GTERI,ok,0.09999999999990905
11721,4061.0,4061.1,2025-06-25 12:51:21,2025-06-25 12:51:25,GTERI,GTERI,ok,0.09999999999990905
11723,4061.1,4063.5,2025-06-25 12:51:25,2025-06-25 12:53:19,GTERI,GTERI,ok,2.400000000000091
11724,4063.5,4064.6,2025-06-25 12:53:19,2025-06-25 12:54:13,GTERI,GTERI,ok,1.099999999999909
11726,4064.6,4067.6,2025-06-25 12:54:13,2025-06-25 12:56:55,GTERI,GTERI,ok,3.0
11728,4067.6,4067.8,2025-06-25 12:56:55,2025-06-25 12:57:13,GTERI,GTERI,ok,0.20000000000027285
11729,4067.8,4068.4,2025-06-25 12:57:13,2025-06-25 12:58:25,GTERI,GTERI,ok,0.599999999999909
11730,4068.4,4068.4,2025-06-25 12:58:25,2025-06-25 12:58:30,GTERI,GTIGF,ok,0.0
11731,4068.4,4068.4,2025-06-25 12:58:30,2025-06-25 12:58:30,GTIGF,GTSTT,ok,0.0
11732,4068.4,4068.4,2025-06-25 12:58:30,2025-06-25 12:58:30,GTSTT,GTERI,ok,0.0
11733,4068.4,4068.4,2025-06-25 12:58:30,2025-06-25 12:58:30,GTERI,GTIGL,ok,0.0
11735,4068.4,4068.4,2025-06-25 12:58:30,2025-06-25 12:59:16,GTIGL,GTSTT,ok,0.0
11740,4068.4,4068.4,2025-06-25 12:59:16,2025-06-25 13:07:33,GTSTT,GTIGN,ok,0.0
11741,4068.4,4068.4,2025-06-25 13:07:33,2025-06-25 13:07:33,GTIGN,GTSTT,ok,0.0
11742,4068.4,4068.4,2025-06-25 13:07:33,2025-06-25 13:07:33,GTSTT,GTIGF,ok,0.0
11743,4068.4,4068.4,2025-06-25 13:07:33,2025-06-25 13:07:33,GTIGF,GTSTT,ok,0.0
11744,4068.4,4068.4,2025-06-25 13:07:33,2025-06-25 13:07:34,GTSTT,GTIGN,ok,0.0
11745,4068.4,4068.4,2025-06-25 13:07:34,2025-06-25 13:07:34,GTIGN,GTSTT,ok,0.0
11746,4068.4,4068.4,2025-06-25 13:07:34,2025-06-25 13:07:42,GTSTT,GTERI,ok,0.0
11747,4068.4,4068.4,2025-06-25 13:07:42,2025-06-25 13:07:42,GTERI,GTIGL,ok,0.0
11748,4068.4,4068.4,2025-06-25 13:07:42,2025-06-25 13:07:42,GTIGL,GTIGL,ok,0.0
11749,4068.4,4068.4,2025-06-25 13:07:42,2025-06-25 13:07:42,GTIGL,GTIGL,ok,0.0
11750,4068.4,4068.4,2025-06-25 13:07:42,2025-06-25 13:08:08,GTIGL,GTERI,ok,0.0
11751,4068.4,4068.5,2025-06-25 13:08:08,2025-06-25 13:08:24,GTERI,GTERI,ok,0.09999999999990905
11752,4068.5,4068.5,2025-06-25 13:08:24,2025-06-25 13:08:29,GTERI,GTERI,ok,0.0
11753,4068.5,4068.5,2025-06-25 13:08:29,2025-06-25 13:08:31,GTERI,GTERI,ok,0.0
11754,4068.5,4068.5,2025-06-25 13:08:31,2025-06-25 13:08:35,GTERI,GTERI,ok,0.0
11756,4068.5,4068.8,2025-06-25 13:08:35,2025-06-25 13:09:29,GTERI,GTERI,ok,0.3000000000001819
11757,4068.8,4068.9,2025-06-25 13:09:29,2025-06-25 13:09:31,GTERI,GTERI,ok,0.09999999999990905
11758,4068.9,4068.9,2025-06-25 13:09:31,2025-06-25 13:09:44,GTERI,GTERI,ok,0.0
11759,4068.9,4068.9,2025-06-25 13:09:44,2025-06-25 13:09:46,GTERI,GTERI,ok,0.0
11760,4068.9,4069.1,2025-06-25 13:09:46,2025-06-25 13:10:17,GTERI,GTERI,ok,0.1999999999998181
11761,4069.1,4069.1,2025-06-25 13:10:17,2025-06-25 13:10:19,GTERI,GTERI,ok,0.0
11762,4069.1,4069.1,2025-06-25 13:10:19,2025-06-25 13:10:22,GTERI,GTERI,ok,0.0
11763,4069.1,4069.2,2025-06-25 13:10:22,2025-06-25 13:10:28,GTERI,GTERI,ok,0.09999999999990905
11764,4069.2,4069.3,2025-06-25 13:10:28,2025-06-25 13:10:36,GTERI,GTERI,ok,0.1000000000003638
11765,4069.3,4069.4,2025-06-25 13:10:36,2025-06-25 13:10:41,GTERI,GTERI,ok,0.09999999999990905
11767,4069.4,4071.2,2025-06-25 13:10:41,2025-06-25 13:12:00,GTERI,GTERI,ok,1.7999999999997272
11768,4071.2,4071.2,2025-06-25 13:12:00,2025-06-25 13:12:04,GTERI,GTERI,ok,0.0
11769,4071.2,4071.3,2025-06-25 13:12:04,2025-06-25 13:12:06,GTERI,GTERI,ok,0.1000000000003638
11770,4071.3,4071.4,2025-06-25 13:12:06,2025-06-25 13:12:24,GTERI,GTERI,ok,0.09999999999990905
11771,4071.4,4071.4,2025-06-25 13:12:24,2025-06-25 13:12:26,GTERI,GTERI,ok,0.0
11773,4071.4,4073.0,2025-06-25 13:12:26,2025-06-25 13:13:41,GTERI,GTERI,ok,1.599999999999909
11775,4073.0,4077.3,2025-06-25 13:13:41,2025-06-25 13:16:41,GTERI,GTERI,ok,4.300000000000182
11777,4077.3,4080.0,2025-06-25 13:16:41,2025-06-25 13:18:36,GTERI,GTERI,ok,2.699999999999818
11778,4080.0,4080.2,2025-06-25 13:18:36,2025-06-25 13:18:48,GTERI,GTERI,ok,0.1999999999998181
11779,4080.2,4080.3,2025-06-25 13:18:48,2025-06-25 13:18:54,GTERI,GTERI,ok,0.1000000000003638
11780,4080.3,4080.4,2025-06-25 13:18:54,2025-06-25 13:19:00,GTERI,GTERI,ok,0.09999999999990905
11782,4080.4,4080.6,2025-06-25 13:19:00,2025-06-25 13:19:07,GTERI,GTERI,ok,0.1999999999998181
11783,4080.6,4080.7,2025-06-25 13:19:07,2025-06-25 13:19:13,GTERI,GTERI,ok,0.09999999999990905
11784,4080.7,4080.8,2025-06-25 13:19:13,2025-06-25 13:19:26,GTERI,GTERI,ok,0.1000000000003638
11785,4080.8,4081.0,2025-06-25 13:19:26,2025-06-25 13:19:41,GTERI,GTERI,ok,0.1999999999998181
11786,4081.0,4081.8,2025-06-25 13:19:41,2025-06-25 13:20:50,GTERI,GTERI,ok,0.8000000000001819
11787,4081.8,4081.8,2025-06-25 13:20:50,2025-06-25 13:20:50,GTERI,GTERI,ok,0.0
11789,4081.8,4081.9,2025-06-25 13:20:50,2025-06-25 13:20:59,GTERI,GTERI,ok,0.09999999999990905
11790,4081.9,4082.0,2025-06-25 13:20:59,2025-06-25 13:21:07,GTERI,GTERI,ok,0.09999999999990905
11791,4082.0,4082.7,2025-06-25 13:21:07,2025-06-25 13:22:41,GTERI,GTERI,ok,0.6999999999998181
11792,4082.7,4082.7,2025-06-25 13:22:41,2025-06-25 13:22:41,GTERI,GTERI,ok,0.0
11793,4082.7,4082.9,2025-06-25 13:22:41,2025-06-25 13:22:56,GTERI,GTERI,ok,0.20000000000027285
11795,4082.9,4083.3,2025-06-25 13:22:56,2025-06-25 13:23:43,GTERI,GTERI,ok,0.40000000000009095
11796,4083.3,4083.5,2025-06-25 13:23:43,2025-06-25 13:24:40,GTERI,GTERI,ok,0.1999999999998181
11797,4083.5,4083.8,2025-06-25 13:24:40,2025-06-25 13:24:57,GTERI,GTERI,ok,0.3000000000001819
11799,4083.8,4084.2,2025-06-25 13:24:57,2025-06-25 13:25:41,GTERI,GTERI,ok,0.3999999999996362
11800,4084.2,4084.3,2025-06-25 13:25:41,2025-06-25 13:25:48,GTERI,GTERI,ok,0.1000000000003638
11802,4084.3,4084.8,2025-06-25 13:25:48,2025-06-25 13:27:17,GTERI,GTERI,ok,0.5
11803,4084.8,4084.9,2025-06-25 13:27:17,2025-06-25 13:27:26,GTERI,GTERI,ok,0.09999999999990905
11804,4084.9,4085.0,2025-06-25 13:27:26,2025-06-25 13:27:43,GTERI,GTERI,ok,0.09999999999990905
11805,4085.0,4085.1,2025-06-25 13:27:43,2025-06-25 13:27:46,GTERI,GTERI,ok,0.09999999999990905
11806,4085.1,4085.1,2025-06-25 13:27:46,2025-06-25 13:27:49,GTERI,GTERI,ok,0.0
11807,4085.1,4085.1,2025-06-25 13:27:49,2025-06-25 13:27:58,GTERI,GTERI,ok,0.0
11808,4085.1,4085.1,2025-06-25 13:27:58,2025-06-25 13:28:01,GTERI,GTERI,ok,0.0
11809,4085.1,4085.1,2025-06-25 13:28:01,2025-06-25 13:28:04,GTERI,GTERI,ok,0.0
11810,4085.1,4085.2,2025-06-25 13:28:04,2025-06-25 13:28:10,GTERI,GTERI,ok,0.09999999999990905
11811,4085.2,4085.2,2025-06-25 13:28:10,2025-06-25 13:28:11,GTERI,GTERI,ok,0.0
11812,4085.2,4085.2,2025-06-25 13:28:11,2025-06-25 13:28:13,GTERI,GTERI,ok,0.0
11813,4085.2,4085.2,2025-06-25 13:28:13,2025-06-25 13:28:16,GTERI,GTERI,ok,0.0
11814,4085.2,4085.2,2025-06-25 13:28:16,2025-06-25 13:28:23,GTERI,GTERI,ok,0.0
11815,4085.2,4085.2,2025-06-25 13:28:23,2025-06-25 13:28:28,GTERI,GTERI,ok,0.0
11816,4085.2,4085.2,2025-06-25 13:28:28,2025-06-25 13:28:31,GTERI,GTERI,ok,0.0
11817,4085.2,4085.2,2025-06-25 13:28:31,2025-06-25 13:28:36,GTERI,GTERI,ok,0.0
11818,4085.2,4085.2,2025-06-25 13:28:36,2025-06-25 13:28:41,GTERI,GTERI,ok,0.0
11820,4085.2,4085.2,2025-06-25 13:28:41,2025-06-25 13:29:32,GTERI,GTSTT,ok,0.0
11821,4085.2,4085.2,2025-06-25 13:29:32,2025-06-25 13:30:27,GTSTT,GTSTT,ok,0.0
11823,4085.2,4085.2,2025-06-25 13:30:27,2025-06-25 13:31:24,GTSTT,GTSTT,ok,0.0
11824,4085.2,4085.2,2025-06-25 13:31:24,2025-06-25 13:31:41,GTSTT,GTERI,ok,0.0
11825,4085.2,4085.2,2025-06-25 13:31:41,2025-06-25 13:31:57,GTERI,GTSTT,ok,0.0
11826,4085.2,4085.2,2025-06-25 13:31:57,2025-06-25 13:32:17,GTSTT,GTERI,ok,0.0
11828,4085.2,4085.2,2025-06-25 13:32:17,2025-06-25 13:34:41,GTERI,GTERI,ok,0.0
11831,4085.2,4085.2,2025-06-25 13:34:41,2025-06-25 13:37:41,GTERI,GTERI,ok,0.0
11833,4085.2,4085.2,2025-06-25 13:37:41,2025-06-25 13:39:40,GTERI,GTERI,ok,0.0
11834,4085.2,4085.2,2025-06-25 13:39:40,2025-06-25 13:40:06,GTERI,GTERI,ok,0.0
11835,4085.2,4085.2,2025-06-25 13:40:06,2025-06-25 13:40:08,GTERI,GTERI,ok,0.0
11836,4085.2,4085.5,2025-06-25 13:40:08,2025-06-25 13:40:41,GTERI,GTERI,ok,0.3000000000001819
11837,4085.5,4085.5,2025-06-25 13:40:41,2025-06-25 13:41:04,GTERI,GTERI,ok,0.0
11840,4085.5,4086.6,2025-06-25 13:41:04,2025-06-25 13:43:41,GTERI,GTERI,ok,1.099999999999909
11841,4086.6,4086.7,2025-06-25 13:43:41,2025-06-25 13:44:06,GTERI,GTERI,ok,0.09999999999990905
11842,4086.7,4086.7,2025-06-25 13:44:06,2025-06-25 13:44:09,GTERI,GTERI,ok,0.0
11843,4086.7,4086.7,2025-06-25 13:44:09,2025-06-25 13:44:11,GTERI,GTERI,ok,0.0
11844,4086.7,4086.8,2025-06-25 13:44:11,2025-06-25 13:44:31,GTERI,GTERI,ok,0.1000000000003638
11845,4086.8,4086.8,2025-06-25 13:44:31,2025-06-25 13:44:32,GTERI,GTERI,ok,0.0
11846,4086.8,4086.8,2025-06-25 13:44:32,2025-06-25 13:44:36,GTERI,GTERI,ok,0.0
11847,4086.8,4086.8,2025-06-25 13:44:36,2025-06-25 13:44:38,GTERI,GTERI,ok,0.0
11848,4086.8,4086.9,2025-06-25 13:44:38,2025-06-25 13:44:59,GTERI,GTERI,ok,0.09999999999990905
11849,4086.9,4086.9,2025-06-25 13:44:59,2025-06-25 13:45:02,GTERI,GTERI,ok,0.0
11851,4086.9,4087.0,2025-06-25 13:45:02,2025-06-25 13:45:14,GTERI,GTERI,ok,0.09999999999990905
11852,4087.0,4087.1,2025-06-25 13:45:14,2025-06-25 13:46:35,GTERI,GTIGF,ok,0.09999999999990905
11853,4087.1,4087.1,2025-06-25 13:46:35,2025-06-25 13:46:35,GTIGF,GTSTT,ok,0.0
11854,4087.1,4087.1,2025-06-25 13:46:35,2025-06-25 13:46:35,GTSTT,GTERI,ok,0.0
11855,4087.1,4087.1,2025-06-25 13:46:35,2025-06-25 13:46:36,GTERI,GTIGL,ok,0.0
11857,4087.1,4087.1,2025-06-25 13:46:36,2025-06-25 13:47:29,GTIGL,GTSTT,ok,0.0
11887,4087.1,4087.1,2025-06-25 13:47:29,2025-06-25 14:46:31,GTSTT,GTERI,ok,0.0
11918,4087.1,4087.1,2025-06-25 14:46:31,2025-06-25 15:46:31,GTERI,GTERI,ok,0.0
11949,4087.1,4087.1,2025-06-25 15:46:31,2025-06-25 16:46:31,GTERI,GTERI,ok,0.0
11958,4087.1,4087.1,2025-06-25 16:46:31,2025-06-25 17:02:05,GTERI,GTIGN,ok,0.0
11959,4087.1,4087.1,2025-06-25 17:02:05,2025-06-25 17:02:05,GTIGN,GTSTT,ok,0.0
11960,4087.1,4087.1,2025-06-25 17:02:05,2025-06-25 17:02:07,GTSTT,GTIGF,ok,0.0
11961,4087.1,4087.1,2025-06-25 17:02:07,2025-06-25 17:02:07,GTIGF,GTSTT,ok,0.0
11962,4087.1,4087.1,2025-06-25 17:02:07,2025-06-25 17:02:08,GTSTT,GTIGN,ok,0.0
11963,4087.1,4087.1,2025-06-25 17:02:08,2025-06-25 17:02:08,GTIGN,GTSTT,ok,0.0
11964,4087.1,4087.1,2025-06-25 17:02:08,2025-06-25 17:02:22,GTSTT,GTERI,ok,0.0
11965,4087.1,4087.1,2025-06-25 17:02:22,2025-06-25 17:02:22,GTERI,GTIGL,ok,0.0
11966,4087.1,4087.1,2025-06-25 17:02:22,2025-06-25 17:02:22,GTIGL,GTIGL,ok,0.0
11967,4087.1,4087.1,2025-06-25 17:02:22,2025-06-25 17:02:22,GTIGL,GTIGL,ok,0.0
11969,4087.1,4087.2,2025-06-25 17:02:22,2025-06-25 17:04:01,GTIGL,GTERI,ok,0.09999999999990905
11970,4087.2,4087.3,2025-06-25 17:04:01,2025-06-25 17:04:10,GTERI,GTERI,ok,0.1000000000003638
11971,4087.3,4087.3,2025-06-25 17:04:10,2025-06-25 17:04:12,GTERI,GTERI,ok,0.0
11972,4087.3,4087.3,2025-06-25 17:04:12,2025-06-25 17:04:15,GTERI,GTERI,ok,0.0
11973,4087.3,4087.4,2025-06-25 17:04:15,2025-06-25 17:04:33,GTERI,GTERI,ok,0.09999999999990905
11974,4087.4,4087.5,2025-06-25 17:04:33,2025-06-25 17:05:17,GTERI,GTERI,ok,0.09999999999990905
11976,4087.5,4087.5,2025-06-25 17:05:17,2025-06-25 17:06:19,GTERI,GTIGF,ok,0.0
11977,4087.5,4087.5,2025-06-25 17:06:19,2025-06-25 17:06:19,GTIGF,GTSTT,ok,0.0
11978,4087.5,4087.5,2025-06-25 17:06:19,2025-06-25 17:06:19,GTSTT,GTERI,ok,0.0
11979,4087.5,4087.5,2025-06-25 17:06:19,2025-06-25 17:06:20,GTERI,GTIGL,ok,0.0
11980,4087.5,4087.5,2025-06-25 17:06:20,2025-06-25 17:07:04,GTIGL,GTSTT,ok,0.0
12011,4087.5,4087.5,2025-06-25 17:07:04,2025-06-25 18:06:15,GTSTT,GTERI,ok,0.0
12042,4087.5,4087.5,2025-06-25 18:06:15,2025-06-25 19:06:15,GTERI,GTERI,ok,0.0
12073,4087.5,4087.5,2025-06-25 19:06:15,2025-06-25 20:06:15,GTERI,GTERI,ok,0.0
12104,4087.5,4087.5,2025-06-25 20:06:15,2025-06-25 21:06:15,GTERI,GTERI,ok,0.0
12135,4087.5,4087.5,2025-06-25 21:06:15,2025-06-25 22:06:15,GTERI,GTERI,ok,0.0
12166,4087.5,4087.5,2025-06-25 22:06:15,2025-06-25 23:06:15,GTERI,GTERI,ok,0.0
12197,4087.5,4087.5,2025-06-25 23:06:15,2025-06-26 00:06:15,GTERI,GTERI,ok,0.0
12228,4087.5,4087.5,2025-06-26 00:06:15,2025-06-26 01:06:15,GTERI,GTERI,ok,0.0
12260,4087.5,4087.5,2025-06-26 01:06:15,2025-06-26 02:06:15,GTERI,GTERI,ok,0.0
12291,4087.5,4087.5,2025-06-26 02:06:15,2025-06-26 03:06:15,GTERI,GTERI,ok,0.0
12322,4087.5,4087.5,2025-06-26 03:06:15,2025-06-26 04:06:15,GTERI,GTERI,ok,0.0
12353,4087.5,4087.5,2025-06-26 04:06:15,2025-06-26 05:06:15,GTERI,GTERI,ok,0.0
12384,4087.5,4087.5,2025-06-26 05:06:15,2025-06-26 06:06:15,GTERI,GTERI,ok,0.0
12415,4087.5,4087.5,2025-06-26 06:06:15,2025-06-26 07:06:15,GTERI,GTERI,ok,0.0
12446,4087.5,4087.5,2025-06-26 07:06:15,2025-06-26 08:06:15,GTERI,GTERI,ok,0.0
12477,4087.5,4087.5,2025-06-26 08:06:15,2025-06-26 09:06:15,GTERI,GTERI,ok,0.0
12508,4087.5,4087.5,2025-06-26 09:06:15,2025-06-26 10:06:15,GTERI,GTERI,ok,0.0
12538,4087.5,4087.5,2025-06-26 10:06:15,2025-06-26 11:06:15,GTERI,GTERI,ok,0.0
12541,4087.5,4087.5,2025-06-26 11:06:15,2025-06-26 11:08:19,GTERI,GTPDP,ok,0.0
12570,4087.5,4087.5,2025-06-26 11:08:19,2025-06-26 12:06:15,GTPDP,GTERI,ok,0.0
12601,4087.5,4087.5,2025-06-26 12:06:15,2025-06-26 13:06:15,GTERI,GTERI,ok,0.0
12632,4087.5,4087.5,2025-06-26 13:06:15,2025-06-26 14:06:15,GTERI,GTERI,ok,0.0
12663,4087.5,4087.5,2025-06-26 14:06:15,2025-06-26 15:06:15,GTERI,GTERI,ok,0.0
12694,4087.5,4087.5,2025-06-26 15:06:15,2025-06-26 16:06:15,GTERI,GTERI,ok,0.0
12725,4087.5,4087.5,2025-06-26 16:06:15,2025-06-26 17:06:15,GTERI,GTERI,ok,0.0
12756,4087.5,4087.5,2025-06-26 17:06:15,2025-06-26 18:06:15,GTERI,GTERI,ok,0.0
12787,4087.5,4087.5,2025-06-26 18:06:15,2025-06-26 19:06:15,GTERI,GTERI,ok,0.0
12818,4087.5,4087.5,2025-06-26 19:06:15,2025-06-26 20:06:15,GTERI,GTERI,ok,0.0
12849,4087.5,4087.5,2025-06-26 20:06:15,2025-06-26 21:06:15,GTERI,GTERI,ok,0.0
12870,4087.5,4087.5,2025-06-26 21:06:15,2025-06-26 21:44:24,GTERI,GTPNR,ok,0.0
12872,4087.5,4087.5,2025-06-26 21:44:24,2025-06-26 21:45:07,GTPNR,GTRTL,ok,0.0
12873,4087.5,4087.5,2025-06-26 21:45:07,2025-06-26 21:45:07,GTRTL,GTERI,ok,0.0
12887,4087.5,4087.5,2025-06-26 21:45:07,2025-06-26 22:10:44,GTERI,GTPNR,ok,0.0
12889,4087.5,4087.5,2025-06-26 22:10:44,2025-06-26 22:10:53,GTPNR,GTRTL,ok,0.0
12890,4087.5,4087.5,2025-06-26 22:10:53,2025-06-26 22:10:53,GTRTL,GTERI,ok,0.0
12900,4087.5,4087.5,2025-06-26 22:10:53,2025-06-26 22:27:03,GTERI,GTPNR,ok,0.0
12902,4087.5,4087.5,2025-06-26 22:27:03,2025-06-26 22:27:11,GTPNR,GTRTL,ok,0.0
12903,4087.5,4087.5,2025-06-26 22:27:11,2025-06-26 22:27:11,GTRTL,GTERI,ok,0.0
12933,4087.5,4087.5,2025-06-26 22:27:11,2025-06-26 23:27:01,GTERI,GTERI,ok,0.0
12944,4087.5,4087.5,2025-06-26 23:27:01,2025-06-26 23:43:26,GTERI,GTPNR,ok,0.0
12946,4087.5,4087.5,2025-06-26 23:43:26,2025-06-26 23:43:34,GTPNR,GTRTL,ok,0.0
12947,4087.5,4087.5,2025-06-26 23:43:34,2025-06-26 23:43:34,GTRTL,GTERI,ok,0.0
12977,4087.5,4087.5,2025-06-26 23:43:34,2025-06-27 00:43:25,GTERI,GTERI,ok,0.0
13008,4087.5,4087.5,2025-06-27 00:43:25,2025-06-27 01:43:25,GTERI,GTERI,ok,0.0
13032,4087.5,4087.5,2025-06-27 01:43:25,2025-06-27 02:25:54,GTERI,GTPNR,ok,0.0
13033,4087.5,4087.5,2025-06-27 02:25:54,2025-06-27 02:25:56,GTPNR,GTRTL,ok,0.0
13034,4087.5,4087.5,2025-06-27 02:25:56,2025-06-27 02:25:56,GTRTL,GTERI,ok,0.0
13036,4087.5,4087.5,2025-06-27 02:25:56,2025-06-27 02:26:07,GTERI,GTERI,ok,0.0
13066,4087.5,4087.5,2025-06-27 02:26:07,2025-06-27 03:25:57,GTERI,GTERI,ok,0.0
13097,4087.5,4087.5,2025-06-27 03:25:57,2025-06-27 04:25:57,GTERI,GTERI,ok,0.0
13128,4087.5,4087.5,2025-06-27 04:25:57,2025-06-27 05:25:57,GTERI,GTERI,ok,0.0
13159,4087.5,4087.5,2025-06-27 05:25:57,2025-06-27 06:25:57,GTERI,GTERI,ok,0.0
13172,4087.5,4087.5,2025-06-27 06:25:57,2025-06-27 06:46:33,GTERI,GTPNR,ok,0.0
13174,4087.5,4087.5,2025-06-27 06:46:33,2025-06-27 06:46:47,GTPNR,GTRTL,ok,0.0
13175,4087.5,4087.5,2025-06-27 06:46:47,2025-06-27 06:46:47,GTRTL,GTERI,ok,0.0
13205,4087.5,4087.5,2025-06-27 06:46:47,2025-06-27 07:46:37,GTERI,GTERI,ok,0.0
13225,4087.5,4087.5,2025-06-27 07:46:37,2025-06-27 08:22:59,GTERI,GTPNR,ok,0.0
13227,4087.5,4087.5,2025-06-27 08:22:59,2025-06-27 08:23:08,GTPNR,GTRTL,ok,0.0
13228,4087.5,4087.5,2025-06-27 08:23:08,2025-06-27 08:23:08,GTRTL,GTERI,ok,0.0
13259,4087.5,4087.5,2025-06-27 08:23:08,2025-06-27 09:23:15,GTERI,GTPNR,ok,0.0
13261,4087.5,4087.5,2025-06-27 09:23:15,2025-06-27 09:23:22,GTPNR,GTRTL,ok,0.0
13262,4087.5,4087.5,2025-06-27 09:23:22,2025-06-27 09:23:22,GTRTL,GTERI,ok,0.0
13274,4087.5,4087.5,2025-06-27 09:23:22,2025-06-27 09:43:33,GTERI,GTPNR,ok,0.0
13276,4087.5,4087.5,2025-06-27 09:43:33,2025-06-27 09:43:42,GTPNR,GTRTL,ok,0.0
13277,4087.5,4087.5,2025-06-27 09:43:42,2025-06-27 09:43:42,GTRTL,GTERI,ok,0.0
13308,4087.5,4087.5,2025-06-27 09:43:42,2025-06-27 10:43:50,GTERI,GTPNR,ok,0.0
13310,4087.5,4087.5,2025-06-27 10:43:50,2025-06-27 10:43:58,GTPNR,GTRTL,ok,0.0
13311,4087.5,4087.5,2025-06-27 10:43:58,2025-06-27 10:43:58,GTRTL,GTERI,ok,0.0
13330,4087.5,4087.5,2025-06-27 10:43:58,2025-06-27 11:18:10,GTERI,GTPNR,ok,0.0
13332,4087.5,4087.5,2025-06-27 11:18:10,2025-06-27 11:18:20,GTPNR,GTRTL,ok,0.0
13333,4087.5,4087.5,2025-06-27 11:18:20,2025-06-27 11:18:20,GTRTL,GTERI,ok,0.0
13357,4087.5,4087.5,2025-06-27 11:18:20,2025-06-27 12:04:31,GTERI,GTPNR,ok,0.0
13359,4087.5,4087.5,2025-06-27 12:04:31,2025-06-27 12:04:40,GTPNR,GTRTL,ok,0.0
13360,4087.5,4087.5,2025-06-27 12:04:40,2025-06-27 12:04:40,GTRTL,GTERI,ok,0.0
13390,4087.5,4087.5,2025-06-27 12:04:40,2025-06-27 13:04:29,GTERI,GTERI,ok,0.0
13421,4087.5,4087.5,2025-06-27 13:04:29,2025-06-27 14:04:29,GTERI,GTERI,ok,0.0
13436,4087.5,4087.5,2025-06-27 14:04:29,2025-06-27 14:30:56,GTERI,GTPNR,ok,0.0
13438,4087.5,4087.5,2025-06-27 14:30:56,2025-06-27 14:31:05,GTPNR,GTRTL,ok,0.0
13439,4087.5,4087.5,2025-06-27 14:31:05,2025-06-27 14:31:05,GTRTL,GTERI,ok,0.0
13457,4087.5,4087.5,2025-06-27 14:31:05,2025-06-27 15:03:25,GTERI,GTPNR,ok,0.0
13459,4087.5,4087.5,2025-06-27 15:03:25,2025-06-27 15:03:33,GTPNR,GTRTL,ok,0.0
13460,4087.5,4087.5,2025-06-27 15:03:33,2025-06-27 15:03:33,GTRTL,GTERI,ok,0.0
13490,4087.5,4087.5,2025-06-27 15:03:33,2025-06-27 16:03:23,GTERI,GTERI,ok,0.0
13500,4087.5,4087.5,2025-06-27 16:03:23,2025-06-27 16:17:47,GTERI,GTPNR,ok,0.0
13502,4087.5,4087.5,2025-06-27 16:17:47,2025-06-27 16:17:55,GTPNR,GTRTL,ok,0.0
13503,4087.5,4087.5,2025-06-27 16:17:55,2025-06-27 16:17:55,GTRTL,GTERI,ok,0.0
13533,4087.5,4087.5,2025-06-27 16:17:55,2025-06-27 17:17:45,GTERI,GTERI,ok,0.0
13537,4087.5,4087.5,2025-06-27 17:17:45,2025-06-27 17:22:10,GTERI,GTPNR,ok,0.0
13539,4087.5,4087.5,2025-06-27 17:22:10,2025-06-27 17:22:18,GTPNR,GTRTL,ok,0.0
13540,4087.5,4087.5,2025-06-27 17:22:18,2025-06-27 17:22:18,GTRTL,GTERI,ok,0.0
13557,4087.5,4087.5,2025-06-27 17:22:18,2025-06-27 17:54:30,GTERI,GTPNR,ok,0.0
13559,4087.5,4087.5,2025-06-27 17:54:30,2025-06-27 17:54:38,GTPNR,GTRTL,ok,0.0
13560,4087.5,4087.5,2025-06-27 17:54:38,2025-06-27 17:54:38,GTRTL,GTERI,ok,0.0
13575,4087.5,4087.5,2025-06-27 17:54:38,2025-06-27 18:23:30,GTERI,GTPNR,ok,0.0
13577,4087.5,4087.5,2025-06-27 18:23:30,2025-06-27 18:23:39,GTPNR,GTRTL,ok,0.0
13578,4087.5,4087.5,2025-06-27 18:23:39,2025-06-27 18:23:39,GTRTL,GTERI,ok,0.0
13600,4087.5,4087.5,2025-06-27 18:23:39,2025-06-27 19:05:50,GTERI,GTPNR,ok,0.0
13602,4087.5,4087.5,2025-06-27 19:05:50,2025-06-27 19:05:58,GTPNR,GTRTL,ok,0.0
13603,4087.5,4087.5,2025-06-27 19:05:58,2025-06-27 19:05:58,GTRTL,GTERI,ok,0.0
13620,4087.5,4087.5,2025-06-27 19:05:58,2025-06-27 19:36:10,GTERI,GTPNR,ok,0.0
13622,4087.5,4087.5,2025-06-27 19:36:10,2025-06-27 19:36:18,GTPNR,GTRTL,ok,0.0
13623,4087.5,4087.5,2025-06-27 19:36:18,2025-06-27 19:36:18,GTRTL,GTERI,ok,0.0
13653,4087.5,4087.5,2025-06-27 19:36:18,2025-06-27 20:36:08,GTERI,GTERI,ok,0.0
13684,4087.5,4087.5,2025-06-27 20:36:08,2025-06-27 21:36:08,GTERI,GTERI,ok,0.0
13688,4087.5,4087.5,2025-06-27 21:36:08,2025-06-27 21:40:33,GTERI,GTPNR,ok,0.0
13690,4087.5,4087.5,2025-06-27 21:40:33,2025-06-27 21:40:44,GTPNR,GTRTL,ok,0.0
13691,4087.5,4087.5,2025-06-27 21:40:44,2025-06-27 21:40:44,GTRTL,GTERI,ok,0.0
13721,4087.5,4087.5,2025-06-27 21:40:44,2025-06-27 22:40:31,GTERI,GTERI,ok,0.0
13752,4087.5,4087.5,2025-06-27 22:40:31,2025-06-27 23:40:31,GTERI,GTERI,ok,0.0
13772,4087.5,4087.5,2025-06-27 23:40:31,2025-06-28 00:09:00,GTERI,GTPNR,ok,0.0
13773,4087.5,4087.5,2025-06-28 00:09:00,2025-06-28 00:09:05,GTPNR,GTRTL,ok,0.0
13774,4087.5,4087.5,2025-06-28 00:09:05,2025-06-28 00:09:05,GTRTL,GTERI,ok,0.0
13770,4087.5,4087.5,2025-06-28 00:09:05,2025-06-28 00:09:18,GTERI,GTPDP,ok,0.0
13775,4087.5,4087.5,2025-06-28 00:09:18,2025-06-28 00:09:27,GTPDP,GTERI,ok,0.0
13793,4087.5,4087.5,2025-06-28 00:09:27,2025-06-28 00:43:40,GTERI,GTPNR,ok,0.0
13795,4087.5,4087.5,2025-06-28 00:43:40,2025-06-28 00:43:51,GTPNR,GTRTL,ok,0.0
13796,4087.5,4087.5,2025-06-28 00:43:51,2025-06-28 00:43:51,GTRTL,GTERI,ok,0.0
13826,4087.5,4087.5,2025-06-28 00:43:51,2025-06-28 01:43:38,GTERI,GTERI,ok,0.0
13857,4087.5,4087.5,2025-06-28 01:43:38,2025-06-28 02:43:38,GTERI,GTERI,ok,0.0
13888,4087.5,4087.5,2025-06-28 02:43:38,2025-06-28 03:43:38,GTERI,GTERI,ok,0.0
13919,4087.5,4087.5,2025-06-28 03:43:38,2025-06-28 04:43:38,GTERI,GTERI,ok,0.0
13950,4087.5,4087.5,2025-06-28 04:43:38,2025-06-28 05:43:38,GTERI,GTERI,ok,0.0
13981,4087.5,4087.5,2025-06-28 05:43:38,2025-06-28 06:43:38,GTERI,GTERI,ok,0.0
13995,4087.5,4087.5,2025-06-28 06:43:38,2025-06-28 07:06:27,GTERI,GTPNR,ok,0.0
13997,4087.5,4087.5,2025-06-28 07:06:27,2025-06-28 07:06:54,GTPNR,GTRTL,ok,0.0
13998,4087.5,4087.5,2025-06-28 07:06:54,2025-06-28 07:06:54,GTRTL,GTERI,ok,0.0
14002,4087.5,4087.5,2025-06-28 07:06:54,2025-06-28 07:12:45,GTERI,GTPNR,ok,0.0
14004,4087.5,4087.5,2025-06-28 07:12:45,2025-06-28 07:12:59,GTPNR,GTRTL,ok,0.0
14005,4087.5,4087.5,2025-06-28 07:12:59,2025-06-28 07:12:59,GTRTL,GTERI,ok,0.0
14029,4087.5,4087.5,2025-06-28 07:12:59,2025-06-28 07:59:07,GTERI,GTPNR,ok,0.0
14031,4087.5,4087.5,2025-06-28 07:59:07,2025-06-28 07:59:22,GTPNR,GTRTL,ok,0.0
14032,4087.5,4087.5,2025-06-28 07:59:22,2025-06-28 07:59:22,GTRTL,GTERI,ok,0.0
14062,4087.5,4087.5,2025-06-28 07:59:22,2025-06-28 08:56:49,GTERI,GTPNR,ok,0.0
14064,4087.5,4087.5,2025-06-28 08:56:49,2025-06-28 08:57:03,GTPNR,GTRTL,ok,0.0
14065,4087.5,4087.5,2025-06-28 08:57:03,2025-06-28 08:57:03,GTRTL,GTERI,ok,0.0
14081,4087.5,4087.5,2025-06-28 08:57:03,2025-06-28 09:25:09,GTERI,GTPNR,ok,0.0
14083,4087.5,4087.5,2025-06-28 09:25:09,2025-06-28 09:25:37,GTPNR,GTRTL,ok,0.0
14084,4087.5,4087.5,2025-06-28 09:25:37,2025-06-28 09:25:37,GTRTL,GTERI,ok,0.0
14107,4087.5,4087.5,2025-06-28 09:25:37,2025-06-28 10:09:42,GTERI,GTIGN,ok,0.0
14108,4087.5,4087.5,2025-06-28 10:09:42,2025-06-28 10:09:42,GTIGN,GTSTT,ok,0.0
14109,4087.5,4087.5,2025-06-28 10:09:42,2025-06-28 10:09:46,GTSTT,GTIGF,ok,0.0
14110,4087.5,4087.5,2025-06-28 10:09:46,2025-06-28 10:09:46,GTIGF,GTSTT,ok,0.0
14111,4087.5,4087.5,2025-06-28 10:09:46,2025-06-28 10:09:47,GTSTT,GTIGN,ok,0.0
14112,4087.5,4087.5,2025-06-28 10:09:47,2025-06-28 10:09:47,GTIGN,GTSTT,ok,0.0
14113,4087.5,4087.5,2025-06-28 10:09:47,2025-06-28 10:09:53,GTSTT,GTERI,ok,0.0
14114,4087.5,4087.5,2025-06-28 10:09:53,2025-06-28 10:09:53,GTERI,GTIGL,ok,0.0
14115,4087.5,4087.5,2025-06-28 10:09:53,2025-06-28 10:09:53,GTIGL,GTIGL,ok,0.0
14116,4087.5,4087.5,2025-06-28 10:09:53,2025-06-28 10:09:53,GTIGL,GTIGL,ok,0.0
14118,4087.5,4087.5,2025-06-28 10:09:53,2025-06-28 10:11:49,GTIGL,GTIGF,ok,0.0
14119,4087.5,4087.5,2025-06-28 10:11:49,2025-06-28 10:11:49,GTIGF,GTSTT,ok,0.0
14120,4087.5,4087.5,2025-06-28 10:11:49,2025-06-28 10:11:50,GTSTT,GTERI,ok,0.0
14121,4087.5,4087.5,2025-06-28 10:11:50,2025-06-28 10:11:50,GTERI,GTIGL,ok,0.0
14122,4087.5,4087.5,2025-06-28 10:11:50,2025-06-28 10:12:36,GTIGL,GTSTT,ok,0.0
14124,4087.5,4087.5,2025-06-28 10:12:36,2025-06-28 10:14:19,GTSTT,GTIGN,ok,0.0
14125,4087.5,4087.5,2025-06-28 10:14:19,2025-06-28 10:14:19,GTIGN,GTSTT,ok,0.0
14126,4087.5,4087.5,2025-06-28 10:14:19,2025-06-28 10:14:20,GTSTT,GTIGL,ok,0.0
14127,4087.5,4087.5,2025-06-28 10:14:20,2025-06-28 10:14:22,GTIGL,GTIGF,ok,0.0
14128,4087.5,4087.5,2025-06-28 10:14:22,2025-06-28 10:14:22,GTIGF,GTSTT,ok,0.0
14129,4087.5,4087.5,2025-06-28 10:14:22,2025-06-28 10:14:23,GTSTT,GTIGN,ok,0.0
14130,4087.5,4087.5,2025-06-28 10:14:23,2025-06-28 10:14:23,GTIGN,GTSTT,ok,0.0
14131,4087.5,4087.5,2025-06-28 10:14:23,2025-06-28 10:14:23,GTSTT,GTIGL,ok,0.0
14132,4087.5,4087.5,2025-06-28 10:14:23,2025-06-28 10:14:23,GTIGL,GTIGL,ok,0.0
14133,4087.5,4087.5,2025-06-28 10:14:23,2025-06-28 10:14:27,GTIGL,GTERI,ok,0.0
14135,4087.5,4087.5,2025-06-28 10:14:27,2025-06-28 10:15:52,GTERI,GTIGF,ok,0.0
14136,4087.5,4087.5,2025-06-28 10:15:52,2025-06-28 10:15:52,GTIGF,GTSTT,ok,0.0
14137,4087.5,4087.5,2025-06-28 10:15:52,2025-06-28 10:15:53,GTSTT,GTERI,ok,0.0
14138,4087.5,4087.5,2025-06-28 10:15:53,2025-06-28 10:15:53,GTERI,GTIGL,ok,0.0
14139,4087.5,4087.5,2025-06-28 10:15:53,2025-06-28 10:16:34,GTIGL,GTSTT,ok,0.0
14170,4087.5,4087.5,2025-06-28 10:16:34,2025-06-28 11:15:47,GTSTT,GTERI,ok,0.0
14201,4087.5,4087.5,2025-06-28 11:15:47,2025-06-28 12:15:47,GTERI,GTERI,ok,0.0
14232,4087.5,4087.5,2025-06-28 12:15:47,2025-06-28 13:15:47,GTERI,GTERI,ok,0.0
14263,4087.5,4087.5,2025-06-28 13:15:47,2025-06-28 14:15:47,GTERI,GTERI,ok,0.0
14296,4087.5,4087.5,2025-06-28 14:15:47,2025-06-28 15:15:47,GTERI,GTERI,ok,0.0
14327,4087.5,4087.5,2025-06-28 15:15:47,2025-06-28 16:15:47,GTERI,GTERI,ok,0.0
14342,4087.5,4087.5,2025-06-28 16:15:47,2025-06-28 16:41:57,GTERI,GTPNR,ok,0.0
14344,4087.5,4087.5,2025-06-28 16:41:57,2025-06-28 16:42:10,GTPNR,GTRTL,ok,0.0
14345,4087.5,4087.5,2025-06-28 16:42:10,2025-06-28 16:42:10,GTRTL,GTERI,ok,0.0
14375,4087.5,4087.5,2025-06-28 16:42:10,2025-06-28 17:41:55,GTERI,GTERI,ok,0.0
14406,4087.5,4087.5,2025-06-28 17:41:55,2025-06-28 18:41:55,GTERI,GTERI,ok,0.0
14437,4087.5,4087.5,2025-06-28 18:41:55,2025-06-28 19:41:55,GTERI,GTERI,ok,0.0
14468,4087.5,4087.5,2025-06-28 19:41:55,2025-06-28 20:41:55,GTERI,GTERI,ok,0.0
14469,4087.5,4087.5,2025-06-28 20:41:55,2025-06-28 20:41:55,GTERI,GTERI,ok,0.0
14470,4087.5,4087.5,2025-06-28 20:41:55,2025-06-28 20:41:55,GTERI,GTERI,ok,0.0
14471,4087.5,4087.5,2025-06-28 20:41:55,2025-06-28 20:41:55,GTERI,GTERI,ok,0.0
14502,4087.5,4087.5,2025-06-28 20:41:55,2025-06-28 21:41:55,GTERI,GTERI,ok,0.0
14533,4087.5,4087.5,2025-06-28 21:41:55,2025-06-28 22:41:55,GTERI,GTERI,ok,0.0
14564,4087.5,4087.5,2025-06-28 22:41:55,2025-06-28 23:41:55,GTERI,GTERI,ok,0.0
14595,4087.5,4087.5,2025-06-28 23:41:55,2025-06-29 00:41:55,GTERI,GTERI,ok,0.0
14626,4087.5,4087.5,2025-06-29 00:41:55,2025-06-29 01:41:55,GTERI,GTERI,ok,0.0
14657,4087.5,4087.5,2025-06-29 01:41:55,2025-06-29 02:41:55,GTERI,GTERI,ok,0.0
14688,4087.5,4087.5,2025-06-29 02:41:55,2025-06-29 03:41:55,GTERI,GTERI,ok,0.0
14719,4087.5,4087.5,2025-06-29 03:41:55,2025-06-29 04:41:55,GTERI,GTERI,ok,0.0
14750,4087.5,4087.5,2025-06-29 04:41:55,2025-06-29 05:41:55,GTERI,GTERI,ok,0.0
14781,4087.5,4087.5,2025-06-29 05:41:55,2025-06-29 06:41:55,GTERI,GTERI,ok,0.0
14812,4087.5,4087.5,2025-06-29 06:41:55,2025-06-29 07:41:55,GTERI,GTERI,ok,0.0
14843,4087.5,4087.5,2025-06-29 07:41:55,2025-06-29 08:41:55,GTERI,GTERI,ok,0.0
14874,4087.5,4087.5,2025-06-29 08:41:55,2025-06-29 09:41:55,GTERI,GTERI,ok,0.0
14905,4087.5,4087.5,2025-06-29 09:41:55,2025-06-29 10:41:55,GTERI,GTERI,ok,0.0
14936,4087.5,4087.5,2025-06-29 10:41:55,2025-06-29 11:41:55,GTERI,GTERI,ok,0.0
14967,4087.5,4087.5,2025-06-29 11:41:55,2025-06-29 12:41:55,GTERI,GTERI,ok,0.0
14998,4087.5,4087.5,2025-06-29 12:41:55,2025-06-29 13:41:55,GTERI,GTERI,ok,0.0
15028,4087.5,4087.5,2025-06-29 13:41:55,2025-06-29 14:41:55,GTERI,GTERI,ok,0.0
15059,4087.5,4087.5,2025-06-29 14:41:55,2025-06-29 15:41:55,GTERI,GTERI,ok,0.0
15090,4087.5,4087.5,2025-06-29 15:41:55,2025-06-29 16:41:55,GTERI,GTERI,ok,0.0
15113,4087.5,4087.5,2025-06-29 16:41:55,2025-06-29 17:18:28,GTERI,GTPNR,ok,0.0
15114,4087.5,4087.5,2025-06-29 17:18:28,2025-06-29 17:18:36,GTPNR,GTRTL,ok,0.0
15115,4087.5,4087.5,2025-06-29 17:18:36,2025-06-29 17:18:36,GTRTL,GTERI,ok,0.0
15145,4087.5,4087.5,2025-06-29 17:18:36,2025-06-29 18:18:25,GTERI,GTERI,ok,0.0
15176,4087.5,4087.5,2025-06-29 18:18:25,2025-06-29 19:18:25,GTERI,GTERI,ok,0.0
15207,4087.5,4087.5,2025-06-29 19:18:25,2025-06-29 20:18:25,GTERI,GTERI,ok,0.0
15238,4087.5,4087.5,2025-06-29 20:18:25,2025-06-29 21:18:25,GTERI,GTERI,ok,0.0
15269,4087.5,4087.5,2025-06-29 21:18:25,2025-06-29 22:18:25,GTERI,GTERI,ok,0.0
15300,4087.5,4087.5,2025-06-29 22:18:25,2025-06-29 23:18:25,GTERI,GTERI,ok,0.0
15331,4087.5,4087.5,2025-06-29 23:18:25,2025-06-30 00:18:25,GTERI,GTERI,ok,0.0
15362,4087.5,4087.5,2025-06-30 00:18:25,2025-06-30 01:18:25,GTERI,GTERI,ok,0.0
15393,4087.5,4087.5,2025-06-30 01:18:25,2025-06-30 02:18:25,GTERI,GTERI,ok,0.0
15424,4087.5,4087.5,2025-06-30 02:18:25,2025-06-30 03:18:25,GTERI,GTERI,ok,0.0
15455,4087.5,4087.5,2025-06-30 03:18:25,2025-06-30 04:18:25,GTERI,GTERI,ok,0.0
15486,4087.5,4087.5,2025-06-30 04:18:25,2025-06-30 05:18:25,GTERI,GTERI,ok,0.0
15517,4087.5,4087.5,2025-06-30 05:18:25,2025-06-30 06:18:25,GTERI,GTERI,ok,0.0
15548,4087.5,4087.5,2025-06-30 06:18:25,2025-06-30 07:18:25,GTERI,GTERI,ok,0.0
15579,4087.5,4087.5,2025-06-30 07:18:25,2025-06-30 08:18:25,GTERI,GTERI,ok,0.0
15597,4087.5,4087.5,2025-06-30 08:18:25,2025-06-30 08:51:51,GTERI,GTIGN,ok,0.0
15598,4087.5,4087.5,2025-06-30 08:51:51,2025-06-30 08:51:51,GTIGN,GTSTT,ok,0.0
15599,4087.5,4087.5,2025-06-30 08:51:51,2025-06-30 08:51:54,GTSTT,GTIGF,ok,0.0
15600,4087.5,4087.5,2025-06-30 08:51:54,2025-06-30 08:51:54,GTIGF,GTSTT,ok,0.0
15601,4087.5,4087.5,2025-06-30 08:51:54,2025-06-30 08:51:56,GTSTT,GTIGN,ok,0.0
15602,4087.5,4087.5,2025-06-30 08:51:56,2025-06-30 08:51:56,GTIGN,GTSTT,ok,0.0
15603,4087.5,4087.5,2025-06-30 08:51:56,2025-06-30 08:52:04,GTSTT,GTERI,ok,0.0
15604,4087.5,4087.5,2025-06-30 08:52:04,2025-06-30 08:52:04,GTERI,GTIGL,ok,0.0
15605,4087.5,4087.5,2025-06-30 08:52:04,2025-06-30 08:52:04,GTIGL,GTIGL,ok,0.0
15606,4087.5,4087.5,2025-06-30 08:52:04,2025-06-30 08:52:04,GTIGL,GTIGL,ok,0.0
15607,4087.5,4087.5,2025-06-30 08:52:04,2025-06-30 08:53:13,GTIGL,GTERI,ok,0.0
15608,4087.5,4087.5,2025-06-30 08:53:13,2025-06-30 08:53:19,GTERI,GTERI,ok,0.0
15610,4087.5,4087.6,2025-06-30 08:53:19,2025-06-30 08:55:01,GTERI,GTERI,ok,0.09999999999990905
15612,4087.6,4087.6,2025-06-30 08:55:01,2025-06-30 08:57:17,GTERI,GTERI,ok,0.0
15614,4087.6,4087.6,2025-06-30 08:57:17,2025-06-30 08:58:01,GTERI,GTERI,ok,0.0
15615,4087.6,4087.6,2025-06-30 08:58:01,2025-06-30 08:59:06,GTERI,GTERI,ok,0.0
15616,4087.6,4087.6,2025-06-30 08:59:06,2025-06-30 08:59:09,GTERI,GTERI,ok,0.0
15618,4087.6,4087.6,2025-06-30 08:59:09,2025-06-30 09:01:01,GTERI,GTERI,ok,0.0
15621,4087.6,4089.5,2025-06-30 09:01:01,2025-06-30 09:04:01,GTERI,GTERI,ok,1.900000000000091
15622,4089.5,4089.5,2025-06-30 09:04:01,2025-06-30 09:04:54,GTERI,GTERI,ok,0.0
15623,4089.5,4089.5,2025-06-30 09:04:54,2025-06-30 09:04:55,GTERI,GTERI,ok,0.0
15624,4089.5,4089.5,2025-06-30 09:04:55,2025-06-30 09:04:56,GTERI,GTERI,ok,0.0
15625,4089.5,4089.5,2025-06-30 09:04:56,2025-06-30 09:04:58,GTERI,GTERI,ok,0.0
15626,4089.5,4089.6,2025-06-30 09:04:58,2025-06-30 09:05:15,GTERI,GTERI,ok,0.09999999999990905
15627,4089.6,4089.6,2025-06-30 09:05:15,2025-06-30 09:05:17,GTERI,GTERI,ok,0.0
15628,4089.6,4089.6,2025-06-30 09:05:17,2025-06-30 09:05:18,GTERI,GTERI,ok,0.0
15630,4089.6,4089.6,2025-06-30 09:05:18,2025-06-30 09:05:20,GTERI,GTERI,ok,0.0
15631,4089.6,4089.6,2025-06-30 09:05:20,2025-06-30 09:05:28,GTERI,GTERI,ok,0.0
15632,4089.6,4089.6,2025-06-30 09:05:28,2025-06-30 09:05:42,GTERI,GTIGF,ok,0.0
15633,4089.6,4089.6,2025-06-30 09:05:42,2025-06-30 09:05:42,GTIGF,GTSTT,ok,0.0
15634,4089.6,4089.6,2025-06-30 09:05:42,2025-06-30 09:05:42,GTSTT,GTERI,ok,0.0
15635,4089.6,4089.6,2025-06-30 09:05:42,2025-06-30 09:05:42,GTERI,GTIGL,ok,0.0
15636,4089.6,4089.6,2025-06-30 09:05:42,2025-06-30 09:06:48,GTIGL,GTSTT,ok,0.0
15639,4089.6,4089.6,2025-06-30 09:06:48,2025-06-30 09:10:44,GTSTT,GTIGN,ok,0.0
15640,4089.6,4089.6,2025-06-30 09:10:44,2025-06-30 09:10:44,GTIGN,GTSTT,ok,0.0
15641,4089.6,4089.6,2025-06-30 09:10:44,2025-06-30 09:10:45,GTSTT,GTIGF,ok,0.0
15642,4089.6,4089.6,2025-06-30 09:10:45,2025-06-30 09:10:45,GTIGF,GTSTT,ok,0.0
15643,4089.6,4089.6,2025-06-30 09:10:45,2025-06-30 09:10:45,GTSTT,GTIGN,ok,0.0
15644,4089.6,4089.6,2025-06-30 09:10:45,2025-06-30 09:10:45,GTIGN,GTSTT,ok,0.0
15645,4089.6,4089.6,2025-06-30 09:10:45,2025-06-30 09:10:54,GTSTT,GTERI,ok,0.0
15646,4089.6,4089.6,2025-06-30 09:10:54,2025-06-30 09:10:54,GTERI,GTIGL,ok,0.0
15647,4089.6,4089.6,2025-06-30 09:10:54,2025-06-30 09:10:54,GTIGL,GTIGL,ok,0.0
15648,4089.6,4089.6,2025-06-30 09:10:54,2025-06-30 09:10:54,GTIGL,GTIGL,ok,0.0
15649,4089.6,4089.6,2025-06-30 09:10:54,2025-06-30 09:11:18,GTIGL,GTERI,ok,0.0
15650,4089.6,4089.6,2025-06-30 09:11:18,2025-06-30 09:11:20,GTERI,GTERI,ok,0.0
15652,4089.6,4089.7,2025-06-30 09:11:20,2025-06-30 09:11:29,GTERI,GTERI,ok,0.09999999999990905
15653,4089.7,4089.7,2025-06-30 09:11:29,2025-06-30 09:11:31,GTERI,GTERI,ok,0.0
15654,4089.7,4089.9,2025-06-30 09:11:31,2025-06-30 09:11:58,GTERI,GTERI,ok,0.20000000000027285
15655,4089.9,4089.9,2025-06-30 09:11:58,2025-06-30 09:11:59,GTERI,GTERI,ok,0.0
15656,4089.9,4089.9,2025-06-30 09:11:59,2025-06-30 09:12:01,GTERI,GTERI,ok,0.0
15657,4089.9,4090.0,2025-06-30 09:12:01,2025-06-30 09:12:06,GTERI,GTERI,ok,0.09999999999990905
15658,4090.0,4090.0,2025-06-30 09:12:06,2025-06-30 09:12:08,GTERI,GTERI,ok,0.0
15659,4090.0,4090.0,2025-06-30 09:12:08,2025-06-30 09:12:27,GTERI,GTERI,ok,0.0
15660,4090.0,4090.0,2025-06-30 09:12:27,2025-06-30 09:12:30,GTERI,GTERI,ok,0.0
15661,4090.0,4090.0,2025-06-30 09:12:30,2025-06-30 09:12:31,GTERI,GTERI,ok,0.0
15662,4090.0,4090.0,2025-06-30 09:12:31,2025-06-30 09:12:32,GTERI,GTERI,ok,0.0
15664,4090.0,4091.2,2025-06-30 09:12:32,2025-06-30 09:13:53,GTERI,GTERI,ok,1.199999999999818
15666,4091.2,4091.7,2025-06-30 09:13:53,2025-06-30 09:16:01,GTERI,GTERI,ok,0.5
15667,4091.7,4091.7,2025-06-30 09:16:01,2025-06-30 09:16:07,GTERI,GTERI,ok,0.0
15668,4091.7,4091.7,2025-06-30 09:16:07,2025-06-30 09:16:13,GTERI,GTERI,ok,0.0
15669,4091.7,4091.7,2025-06-30 09:16:13,2025-06-30 09:16:15,GTERI,GTERI,ok,0.0
15670,4091.7,4091.7,2025-06-30 09:16:15,2025-06-30 09:16:32,GTERI,GTERI,ok,0.0
15671,4091.7,4091.8,2025-06-30 09:16:32,2025-06-30 09:16:34,GTERI,GTERI,ok,0.1000000000003638
15672,4091.8,4091.8,2025-06-30 09:16:34,2025-06-30 09:16:41,GTERI,GTERI,ok,0.0
15673,4091.8,4091.8,2025-06-30 09:16:41,2025-06-30 09:16:45,GTERI,GTERI,ok,0.0
15674,4091.8,4091.8,2025-06-30 09:16:45,2025-06-30 09:16:47,GTERI,GTERI,ok,0.0
15675,4091.8,4091.9,2025-06-30 09:16:47,2025-06-30 09:16:53,GTERI,GTERI,ok,0.09999999999990905
15677,4091.9,4091.9,2025-06-30 09:16:53,2025-06-30 09:17:47,GTERI,GTSTT,ok,0.0
15678,4091.9,4091.9,2025-06-30 09:17:47,2025-06-30 09:17:55,GTSTT,GTSTT,ok,0.0
15679,4091.9,4091.9,2025-06-30 09:17:55,2025-06-30 09:18:01,GTSTT,GTERI,ok,0.0
15680,4091.9,4091.9,2025-06-30 09:18:01,2025-06-30 09:18:11,GTERI,GTERI,ok,0.0
15681,4091.9,4091.9,2025-06-30 09:18:11,2025-06-30 09:18:12,GTERI,GTERI,ok,0.0
15682,4091.9,4091.9,2025-06-30 09:18:12,2025-06-30 09:18:45,GTERI,GTIGF,ok,0.0
15683,4091.9,4091.9,2025-06-30 09:18:45,2025-06-30 09:18:45,GTIGF,GTSTT,ok,0.0
15684,4091.9,4091.9,2025-06-30 09:18:45,2025-06-30 09:18:45,GTSTT,GTERI,ok,0.0
15685,4091.9,4091.9,2025-06-30 09:18:45,2025-06-30 09:18:46,GTERI,GTIGL,ok,0.0
15687,4091.9,4091.9,2025-06-30 09:18:46,2025-06-30 09:19:25,GTIGL,GTSTT,ok,0.0
15717,4091.9,4091.9,2025-06-30 09:19:25,2025-06-30 10:18:41,GTSTT,GTERI,ok,0.0
15748,4091.9,4091.9,2025-06-30 10:18:41,2025-06-30 11:18:41,GTERI,GTERI,ok,0.0
15764,4091.9,4091.9,2025-06-30 11:18:41,2025-06-30 11:47:58,GTERI,GTIGN,ok,0.0
15765,4091.9,4091.9,2025-06-30 11:47:58,2025-06-30 11:47:58,GTIGN,GTSTT,ok,0.0
15766,4091.9,4091.9,2025-06-30 11:47:58,2025-06-30 11:47:59,GTSTT,GTIGF,ok,0.0
15767,4091.9,4091.9,2025-06-30 11:47:59,2025-06-30 11:47:59,GTIGF,GTSTT,ok,0.0
15768,4091.9,4091.9,2025-06-30 11:47:59,2025-06-30 11:48:00,GTSTT,GTIGN,ok,0.0
15769,4091.9,4091.9,2025-06-30 11:48:00,2025-06-30 11:48:00,GTIGN,GTSTT,ok,0.0
15770,4091.9,4091.9,2025-06-30 11:48:00,2025-06-30 11:48:10,GTSTT,GTERI,ok,0.0
15771,4091.9,4091.9,2025-06-30 11:48:10,2025-06-30 11:48:10,GTERI,GTIGL,ok,0.0
15772,4091.9,4091.9,2025-06-30 11:48:10,2025-06-30 11:48:10,GTIGL,GTIGL,ok,0.0
15773,4091.9,4091.9,2025-06-30 11:48:10,2025-06-30 11:48:10,GTIGL,GTIGL,ok,0.0
15774,4091.9,4091.9,2025-06-30 11:48:10,2025-06-30 11:48:35,GTIGL,GTIGF,ok,0.0
15775,4091.9,4091.9,2025-06-30 11:48:35,2025-06-30 11:48:35,GTIGF,GTSTT,ok,0.0
15776,4091.9,4091.9,2025-06-30 11:48:35,2025-06-30 11:48:35,GTSTT,GTERI,ok,0.0
15777,4091.9,4091.9,2025-06-30 11:48:35,2025-06-30 11:48:35,GTERI,GTIGL,ok,0.0
15778,4091.9,4091.9,2025-06-30 11:48:35,2025-06-30 11:48:37,GTIGL,GTIGN,ok,0.0
15779,4091.9,4091.9,2025-06-30 11:48:37,2025-06-30 11:48:37,GTIGN,GTSTT,ok,0.0
15780,4091.9,4091.9,2025-06-30 11:48:37,2025-06-30 11:48:37,GTSTT,GTIGL,ok,0.0
15781,4091.9,4091.9,2025-06-30 11:48:37,2025-06-30 11:48:38,GTIGL,GTIGF,ok,0.0
15782,4091.9,4091.9,2025-06-30 11:48:38,2025-06-30 11:48:38,GTIGF,GTSTT,ok,0.0
15783,4091.9,4091.9,2025-06-30 11:48:38,2025-06-30 11:48:38,GTSTT,GTIGL,ok,0.0
15784,4091.9,4091.9,2025-06-30 11:48:38,2025-06-30 11:48:39,GTIGL,GTIGN,ok,0.0
15785,4091.9,4091.9,2025-06-30 11:48:39,2025-06-30 11:48:39,GTIGN,GTSTT,ok,0.0
15786,4091.9,4091.9,2025-06-30 11:48:39,2025-06-30 11:48:40,GTSTT,GTIGL,ok,0.0
15787,4091.9,4091.9,2025-06-30 11:48:40,2025-06-30 11:48:43,GTIGL,GTERI,ok,0.0
15789,4091.9,4091.9,2025-06-30 11:48:43,2025-06-30 11:51:21,GTERI,GTERI,ok,0.0
15790,4091.9,4091.9,2025-06-30 11:51:21,2025-06-30 11:51:26,GTERI,GTERI,ok,0.0
15791,4091.9,4091.9,2025-06-30 11:51:26,2025-06-30 11:51:29,GTERI,GTERI,ok,0.0
15793,4091.9,4091.9,2025-06-30 11:51:29,2025-06-30 11:51:32,GTERI,GTERI,ok,0.0
15794,4091.9,4091.9,2025-06-30 11:51:32,2025-06-30 11:51:34,GTERI,GTERI,ok,0.0
15795,4091.9,4092.0,2025-06-30 11:51:34,2025-06-30 11:51:42,GTERI,GTERI,ok,0.09999999999990905
15796,4092.0,4092.0,2025-06-30 11:51:42,2025-06-30 11:51:46,GTERI,GTERI,ok,0.0
15797,4092.0,4092.2,2025-06-30 11:51:46,2025-06-30 11:52:02,GTERI,GTERI,ok,0.1999999999998181
15798,4092.2,4092.2,2025-06-30 11:52:02,2025-06-30 11:52:04,GTERI,GTERI,ok,0.0
15799,4092.2,4092.5,2025-06-30 11:52:04,2025-06-30 11:52:42,GTERI,GTERI,ok,0.3000000000001819
15800,4092.5,4092.5,2025-06-30 11:52:42,2025-06-30 11:52:44,GTERI,GTERI,ok,0.0
15801,4092.5,4092.5,2025-06-30 11:52:44,2025-06-30 11:52:46,GTERI,GTERI,ok,0.0
15803,4092.5,4094.2,2025-06-30 11:52:46,2025-06-30 11:54:46,GTERI,GTERI,ok,1.699999999999818
15804,4094.2,4094.5,2025-06-30 11:54:46,2025-06-30 11:54:58,GTERI,GTERI,ok,0.3000000000001819
15806,4094.5,4096.3,2025-06-30 11:54:58,2025-06-30 11:56:42,GTERI,GTERI,ok,1.800000000000182
15807,4096.3,4096.3,2025-06-30 11:56:42,2025-06-30 11:56:44,GTERI,GTERI,ok,0.0
15808,4096.3,4096.3,2025-06-30 11:56:44,2025-06-30 11:56:46,GTERI,GTERI,ok,0.0
15809,4096.3,4096.3,2025-06-30 11:56:46,2025-06-30 11:56:48,GTERI,GTERI,ok,0.0
15810,4096.3,4096.4,2025-06-30 11:56:48,2025-06-30 11:56:51,GTERI,GTERI,ok,0.0999999999994543
15811,4096.4,4096.4,2025-06-30 11:56:51,2025-06-30 11:56:53,GTERI,GTERI,ok,0.0
15812,4096.4,4096.4,2025-06-30 11:56:53,2025-06-30 11:56:55,GTERI,GTERI,ok,0.0
15813,4096.4,4096.6,2025-06-30 11:56:55,2025-06-30 11:57:13,GTERI,GTERI,ok,0.2000000000007276
15815,4096.6,4096.8,2025-06-30 11:57:13,2025-06-30 11:57:46,GTERI,GTERI,ok,0.1999999999998181
15816,4096.8,4097.1,2025-06-30 11:57:46,2025-06-30 11:58:08,GTERI,GTERI,ok,0.3000000000001819
15817,4097.1,4097.1,2025-06-30 11:58:08,2025-06-30 11:58:13,GTERI,GTERI,ok,0.0
15818,4097.1,4097.1,2025-06-30 11:58:13,2025-06-30 11:58:15,GTERI,GTERI,ok,0.0
15819,4097.1,4097.1,2025-06-30 11:58:15,2025-06-30 11:58:35,GTERI,GTERI,ok,0.0
15820,4097.1,4097.1,2025-06-30 11:58:35,2025-06-30 11:58:40,GTERI,GTERI,ok,0.0
15821,4097.1,4097.1,2025-06-30 11:58:40,2025-06-30 11:59:02,GTERI,GTIGF,ok,0.0
15822,4097.1,4097.1,2025-06-30 11:59:02,2025-06-30 11:59:02,GTIGF,GTSTT,ok,0.0
15823,4097.1,4097.1,2025-06-30 11:59:02,2025-06-30 11:59:02,GTSTT,GTERI,ok,0.0
15824,4097.1,4097.1,2025-06-30 11:59:02,2025-06-30 11:59:02,GTERI,GTIGL,ok,0.0
15826,4097.1,4097.1,2025-06-30 11:59:02,2025-06-30 12:00:03,GTIGL,GTSTT,ok,0.0
15838,4097.1,4097.1,2025-06-30 12:00:03,2025-06-30 12:23:03,GTSTT,GTIGN,ok,0.0
15839,4097.1,4097.1,2025-06-30 12:23:03,2025-06-30 12:23:03,GTIGN,GTSTT,ok,0.0
15840,4097.1,4097.1,2025-06-30 12:23:03,2025-06-30 12:23:04,GTSTT,GTIGF,ok,0.0
15841,4097.1,4097.1,2025-06-30 12:23:04,2025-06-30 12:23:04,GTIGF,GTSTT,ok,0.0
15842,4097.1,4097.1,2025-06-30 12:23:04,2025-06-30 12:23:05,GTSTT,GTIGN,ok,0.0
15843,4097.1,4097.1,2025-06-30 12:23:05,2025-06-30 12:23:05,GTIGN,GTSTT,ok,0.0
15844,4097.1,4097.1,2025-06-30 12:23:05,2025-06-30 12:23:13,GTSTT,GTERI,ok,0.0
15845,4097.1,4097.1,2025-06-30 12:23:13,2025-06-30 12:23:13,GTERI,GTIGL,ok,0.0
15846,4097.1,4097.1,2025-06-30 12:23:13,2025-06-30 12:23:13,GTIGL,GTIGL,ok,0.0
15847,4097.1,4097.1,2025-06-30 12:23:13,2025-06-30 12:23:13,GTIGL,GTIGL,ok,0.0
15849,4097.1,4097.1,2025-06-30 12:23:13,2025-06-30 12:23:38,GTIGL,GTIGF,ok,0.0
15850,4097.1,4097.1,2025-06-30 12:23:38,2025-06-30 12:23:38,GTIGF,GTSTT,ok,0.0
15851,4097.1,4097.1,2025-06-30 12:23:38,2025-06-30 12:23:38,GTSTT,GTERI,ok,0.0
15852,4097.1,4097.1,2025-06-30 12:23:38,2025-06-30 12:23:39,GTERI,GTIGL,ok,0.0
15853,4097.1,4097.1,2025-06-30 12:23:39,2025-06-30 12:23:40,GTIGL,GTIGN,ok,0.0
15854,4097.1,4097.1,2025-06-30 12:23:40,2025-06-30 12:23:40,GTIGN,GTSTT,ok,0.0
15855,4097.1,4097.1,2025-06-30 12:23:40,2025-06-30 12:23:41,GTSTT,GTIGL,ok,0.0
15856,4097.1,4097.1,2025-06-30 12:23:41,2025-06-30 12:23:41,GTIGL,GTIGF,ok,0.0
15857,4097.1,4097.1,2025-06-30 12:23:41,2025-06-30 12:23:41,GTIGF,GTSTT,ok,0.0
15858,4097.1,4097.1,2025-06-30 12:23:41,2025-06-30 12:23:42,GTSTT,GTIGL,ok,0.0
15859,4097.1,4097.1,2025-06-30 12:23:42,2025-06-30 12:23:42,GTIGL,GTIGN,ok,0.0
15860,4097.1,4097.1,2025-06-30 12:23:42,2025-06-30 12:23:42,GTIGN,GTSTT,ok,0.0
15861,4097.1,4097.1,2025-06-30 12:23:42,2025-06-30 12:23:43,GTSTT,GTIGL,ok,0.0
15862,4097.1,4097.1,2025-06-30 12:23:43,2025-06-30 12:23:47,GTIGL,GTERI,ok,0.0
15863,4097.1,4097.1,2025-06-30 12:23:47,2025-06-30 12:24:29,GTERI,GTERI,ok,0.0
15864,4097.1,4097.1,2025-06-30 12:24:29,2025-06-30 12:24:49,GTERI,GTERI,ok,0.0
15865,4097.1,4097.1,2025-06-30 12:24:49,2025-06-30 12:24:51,GTERI,GTERI,ok,0.0
15866,4097.1,4097.2,2025-06-30 12:24:51,2025-06-30 12:25:00,GTERI,GTERI,ok,0.0999999999994543
15867,4097.2,4097.2,2025-06-30 12:25:00,2025-06-30 12:25:16,GTERI,GTERI,ok,0.0
15868,4097.2,4097.2,2025-06-30 12:25:16,2025-06-30 12:25:18,GTERI,GTERI,ok,0.0
15870,4097.2,4097.4,2025-06-30 12:25:18,2025-06-30 12:26:31,GTERI,GTERI,ok,0.1999999999998181
15871,4097.4,4097.4,2025-06-30 12:26:31,2025-06-30 12:26:50,GTERI,GTERI,ok,0.0
15872,4097.4,4098.0,2025-06-30 12:26:50,2025-06-30 12:27:31,GTERI,GTERI,ok,0.6000000000003638
15874,4098.0,4099.6,2025-06-30 12:27:31,2025-06-30 12:29:21,GTERI,GTERI,ok,1.6000000000003638
15876,4099.6,4099.8,2025-06-30 12:29:21,2025-06-30 12:29:34,GTERI,GTERI,ok,0.1999999999998181
15877,4099.8,4099.8,2025-06-30 12:29:34,2025-06-30 12:29:36,GTERI,GTERI,ok,0.0
15878,4099.8,4099.9,2025-06-30 12:29:36,2025-06-30 12:29:38,GTERI,GTERI,ok,0.0999999999994543
15879,4099.9,4099.9,2025-06-30 12:29:38,2025-06-30 12:29:40,GTERI,GTERI,ok,0.0
15880,4099.9,4099.9,2025-06-30 12:29:40,2025-06-30 12:29:42,GTERI,GTERI,ok,0.0
15881,4099.9,4099.9,2025-06-30 12:29:42,2025-06-30 12:29:44,GTERI,GTERI,ok,0.0
15882,4099.9,4100.0,2025-06-30 12:29:44,2025-06-30 12:29:50,GTERI,GTERI,ok,0.1000000000003638
15883,4100.0,4102.0,2025-06-30 12:29:50,2025-06-30 12:31:06,GTERI,GTERI,ok,2.0
15885,4102.0,4103.6,2025-06-30 12:31:06,2025-06-30 12:32:05,GTERI,GTERI,ok,1.6000000000003638
15886,4103.6,4103.9,2025-06-30 12:32:05,2025-06-30 12:32:18,GTERI,GTERI,ok,0.2999999999992724
15887,4103.9,4103.9,2025-06-30 12:32:18,2025-06-30 12:32:22,GTERI,GTERI,ok,0.0
15888,4103.9,4104.6,2025-06-30 12:32:22,2025-06-30 12:32:50,GTERI,GTERI,ok,0.7000000000007276
15891,4104.6,4109.8,2025-06-30 12:32:50,2025-06-30 12:35:50,GTERI,GTERI,ok,5.199999999999818
15893,4109.8,4111.0,2025-06-30 12:35:50,2025-06-30 12:36:42,GTERI,GTERI,ok,1.199999999999818
15894,4111.0,4111.1,2025-06-30 12:36:42,2025-06-30 12:36:44,GTERI,GTERI,ok,0.1000000000003638
15895,4111.1,4111.3,2025-06-30 12:36:44,2025-06-30 12:37:03,GTERI,GTERI,ok,0.1999999999998181
15896,4111.3,4111.3,2025-06-30 12:37:03,2025-06-30 12:37:05,GTERI,GTERI,ok,0.0
15897,4111.3,4111.3,2025-06-30 12:37:05,2025-06-30 12:37:12,GTERI,GTERI,ok,0.0
15898,4111.3,4111.4,2025-06-30 12:37:12,2025-06-30 12:37:19,GTERI,GTERI,ok,0.0999999999994543
15900,4111.4,4111.4,2025-06-30 12:37:19,2025-06-30 12:38:50,GTERI,GTERI,ok,0.0
15901,4111.4,4111.4,2025-06-30 12:38:50,2025-06-30 12:38:59,GTERI,GTERI,ok,0.0
15902,4111.4,4111.6,2025-06-30 12:38:59,2025-06-30 12:39:14,GTERI,GTERI,ok,0.2000000000007276
15904,4111.6,4112.0,2025-06-30 12:39:14,2025-06-30 12:40:55,GTERI,GTERI,ok,0.3999999999996362
15905,4112.0,4112.0,2025-06-30 12:40:55,2025-06-30 12:40:57,GTERI,GTERI,ok,0.0
15907,4112.0,4112.2,2025-06-30 12:40:57,2025-06-30 12:41:50,GTERI,GTERI,ok,0.1999999999998181
15909,4112.2,4112.2,2025-06-30 12:41:50,2025-06-30 12:44:07,GTERI,GTERI,ok,0.0
15910,4112.2,4112.3,2025-06-30 12:44:07,2025-06-30 12:44:10,GTERI,GTERI,ok,0.1000000000003638
15911,4112.3,4112.3,2025-06-30 12:44:10,2025-06-30 12:44:17,GTERI,GTIGF,ok,0.0
15912,4112.3,4112.3,2025-06-30 12:44:17,2025-06-30 12:44:17,GTIGF,GTSTT,ok,0.0
15913,4112.3,4112.3,2025-06-30 12:44:17,2025-06-30 12:44:17,GTSTT,GTERI,ok,0.0
15914,4112.3,4112.3,2025-06-30 12:44:17,2025-06-30 12:44:17,GTERI,GTIGL,ok,0.0
15915,4112.3,4112.3,2025-06-30 12:44:17,2025-06-30 12:45:28,GTIGL,GTSTT,ok,0.0
15922,4112.3,4112.3,2025-06-30 12:45:28,2025-06-30 12:55:49,GTSTT,GTIGN,ok,0.0
15923,4112.3,4112.3,2025-06-30 12:55:49,2025-06-30 12:55:49,GTIGN,GTSTT,ok,0.0
15924,4112.3,4112.3,2025-06-30 12:55:49,2025-06-30 12:55:49,GTSTT,GTIGF,ok,0.0
15925,4112.3,4112.3,2025-06-30 12:55:49,2025-06-30 12:55:49,GTIGF,GTSTT,ok,0.0
15926,4112.3,4112.3,2025-06-30 12:55:49,2025-06-30 12:55:50,GTSTT,GTIGN,ok,0.0
15927,4112.3,4112.3,2025-06-30 12:55:50,2025-06-30 12:55:50,GTIGN,GTSTT,ok,0.0
15928,4112.3,4112.3,2025-06-30 12:55:50,2025-06-30 12:55:58,GTSTT,GTERI,ok,0.0
15929,4112.3,4112.3,2025-06-30 12:55:58,2025-06-30 12:55:58,GTERI,GTIGL,ok,0.0
15930,4112.3,4112.3,2025-06-30 12:55:58,2025-06-30 12:55:58,GTIGL,GTIGL,ok,0.0
15931,4112.3,4112.3,2025-06-30 12:55:58,2025-06-30 12:55:58,GTIGL,GTIGL,ok,0.0
15932,4112.3,4112.3,2025-06-30 12:55:58,2025-06-30 12:56:50,GTIGL,GTERI,ok,0.0
15933,4112.3,4112.3,2025-06-30 12:56:50,2025-06-30 12:56:58,GTERI,GTERI,ok,0.0
15934,4112.3,4112.3,2025-06-30 12:56:58,2025-06-30 12:57:01,GTERI,GTERI,ok,0.0
15935,4112.3,4112.4,2025-06-30 12:57:01,2025-06-30 12:57:13,GTERI,GTERI,ok,0.0999999999994543
15936,4112.4,4112.4,2025-06-30 12:57:13,2025-06-30 12:57:15,GTERI,GTERI,ok,0.0
15937,4112.4,4112.4,2025-06-30 12:57:15,2025-06-30 12:57:17,GTERI,GTERI,ok,0.0
15938,4112.4,4112.4,2025-06-30 12:57:17,2025-06-30 12:57:17,GTERI,GTERI,ok,0.0
15940,4112.4,4112.5,2025-06-30 12:57:17,2025-06-30 12:57:34,GTERI,GTERI,ok,0.1000000000003638
15941,4112.5,4112.5,2025-06-30 12:57:34,2025-06-30 12:57:36,GTERI,GTERI,ok,0.0
15942,4112.5,4112.6,2025-06-30 12:57:36,2025-06-30 12:57:47,GTERI,GTERI,ok,0.1000000000003638
15943,4112.6,4112.6,2025-06-30 12:57:47,2025-06-30 12:57:50,GTERI,GTERI,ok,0.0
15944,4112.6,4112.6,2025-06-30 12:57:50,2025-06-30 12:57:52,GTERI,GTERI,ok,0.0
15945,4112.6,4112.7,2025-06-30 12:57:52,2025-06-30 12:57:56,GTERI,GTERI,ok,0.0999999999994543
15946,4112.7,4112.7,2025-06-30 12:57:56,2025-06-30 12:57:57,GTERI,GTERI,ok,0.0
15947,4112.7,4112.9,2025-06-30 12:57:57,2025-06-30 12:58:28,GTERI,GTERI,ok,0.1999999999998181
15948,4112.9,4113.0,2025-06-30 12:58:28,2025-06-30 12:58:30,GTERI,GTERI,ok,0.1000000000003638
15949,4113.0,4113.0,2025-06-30 12:58:30,2025-06-30 12:58:35,GTERI,GTERI,ok,0.0
15950,4113.0,4113.0,2025-06-30 12:58:35,2025-06-30 12:58:42,GTERI,GTERI,ok,0.0
15951,4113.0,4113.2,2025-06-30 12:58:42,2025-06-30 12:58:58,GTERI,GTERI,ok,0.1999999999998181
15952,4113.2,4113.6,2025-06-30 12:58:58,2025-06-30 12:59:21,GTERI,GTERI,ok,0.4000000000005457
15954,4113.6,4114.1,2025-06-30 12:59:21,2025-06-30 13:00:02,GTERI,GTERI,ok,0.5
15955,4114.1,4114.6,2025-06-30 13:00:02,2025-06-30 13:00:34,GTERI,GTERI,ok,0.5
15956,4114.6,4114.9,2025-06-30 13:00:34,2025-06-30 13:00:51,GTERI,GTERI,ok,0.2999999999992724
15957,4114.9,4115.1,2025-06-30 13:00:51,2025-06-30 13:01:16,GTERI,GTERI,ok,0.2000000000007276
15958,4115.1,4115.4,2025-06-30 13:01:16,2025-06-30 13:01:33,GTERI,GTERI,ok,0.2999999999992724
15960,4115.4,4115.6,2025-06-30 13:01:33,2025-06-30 13:01:49,GTERI,GTERI,ok,0.2000000000007276
15961,4115.6,4115.7,2025-06-30 13:01:49,2025-06-30 13:01:58,GTERI,GTERI,ok,0.0999999999994543
15962,4115.7,4116.1,2025-06-30 13:01:58,2025-06-30 13:02:29,GTERI,GTERI,ok,0.4000000000005457
15964,4116.1,4116.7,2025-06-30 13:02:29,2025-06-30 13:03:52,GTERI,GTERI,ok,0.5999999999994543
15965,4116.7,4116.8,2025-06-30 13:03:52,2025-06-30 13:03:55,GTERI,GTERI,ok,0.1000000000003638
15966,4116.8,4116.9,2025-06-30 13:03:55,2025-06-30 13:04:12,GTERI,GTERI,ok,0.0999999999994543
15967,4116.9,4117.0,2025-06-30 13:04:12,2025-06-30 13:04:17,GTERI,GTERI,ok,0.1000000000003638
15968,4117.0,4117.0,2025-06-30 13:04:17,2025-06-30 13:04:30,GTERI,GTERI,ok,0.0
15969,4117.0,4117.1,2025-06-30 13:04:30,2025-06-30 13:04:55,GTERI,GTIGF,ok,0.1000000000003638
15970,4117.1,4117.1,2025-06-30 13:04:55,2025-06-30 13:04:55,GTIGF,GTSTT,ok,0.0
15971,4117.1,4117.1,2025-06-30 13:04:55,2025-06-30 13:04:56,GTSTT,GTERI,ok,0.0
15972,4117.1,4117.1,2025-06-30 13:04:56,2025-06-30 13:04:56,GTERI,GTIGL,ok,0.0
15973,4117.1,4117.1,2025-06-30 13:04:56,2025-06-30 13:05:36,GTIGL,GTSTT,ok,0.0
15980,4117.1,4117.1,2025-06-30 13:05:36,2025-06-30 13:16:03,GTSTT,GTIGN,ok,0.0
15981,4117.1,4117.1,2025-06-30 13:16:03,2025-06-30 13:16:03,GTIGN,GTSTT,ok,0.0
15982,4117.1,4117.1,2025-06-30 13:16:03,2025-06-30 13:16:03,GTSTT,GTIGF,ok,0.0
15983,4117.1,4117.1,2025-06-30 13:16:03,2025-06-30 13:16:03,GTIGF,GTSTT,ok,0.0
15984,4117.1,4117.1,2025-06-30 13:16:03,2025-06-30 13:16:04,GTSTT,GTIGN,ok,0.0
15985,4117.1,4117.1,2025-06-30 13:16:04,2025-06-30 13:16:04,GTIGN,GTSTT,ok,0.0
15986,4117.1,4117.1,2025-06-30 13:16:04,2025-06-30 13:16:13,GTSTT,GTERI,ok,0.0
15987,4117.1,4117.1,2025-06-30 13:16:13,2025-06-30 13:16:13,GTERI,GTIGL,ok,0.0
15988,4117.1,4117.1,2025-06-30 13:16:13,2025-06-30 13:16:13,GTIGL,GTIGL,ok,0.0
15989,4117.1,4117.1,2025-06-30 13:16:13,2025-06-30 13:16:13,GTIGL,GTIGL,ok,0.0
15991,4117.1,4117.3,2025-06-30 13:16:13,2025-06-30 13:17:51,GTIGL,GTERI,ok,0.1999999999998181
15992,4117.3,4117.6,2025-06-30 13:17:51,2025-06-30 13:18:45,GTERI,GTERI,ok,0.3000000000001819
15993,4117.6,4117.6,2025-06-30 13:18:45,2025-06-30 13:18:47,GTERI,GTERI,ok,0.0
15994,4117.6,4117.7,2025-06-30 13:18:47,2025-06-30 13:18:50,GTERI,GTERI,ok,0.0999999999994543
15995,4117.7,4117.7,2025-06-30 13:18:50,2025-06-30 13:18:59,GTERI,GTERI,ok,0.0
15996,4117.7,4117.7,2025-06-30 13:18:59,2025-06-30 13:19:01,GTERI,GTERI,ok,0.0
15997,4117.7,4117.8,2025-06-30 13:19:01,2025-06-30 13:19:12,GTERI,GTERI,ok,0.1000000000003638
15998,4117.8,4117.8,2025-06-30 13:19:12,2025-06-30 13:19:12,GTERI,GTERI,ok,0.0
15999,4117.8,4117.8,2025-06-30 13:19:12,2025-06-30 13:19:17,GTERI,GTERI,ok,0.0
16000,4117.8,4117.9,2025-06-30 13:19:17,2025-06-30 13:19:22,GTERI,GTERI,ok,0.0999999999994543
16001,4117.9,4117.9,2025-06-30 13:19:22,2025-06-30 13:19:27,GTERI,GTERI,ok,0.0
16003,4117.9,4118.3,2025-06-30 13:19:27,2025-06-30 13:20:09,GTERI,GTERI,ok,0.4000000000005457
16004,4118.3,4118.4,2025-06-30 13:20:09,2025-06-30 13:20:11,GTERI,GTERI,ok,0.0999999999994543
16005,4118.4,4118.5,2025-06-30 13:20:11,2025-06-30 13:20:23,GTERI,GTERI,ok,0.1000000000003638
16006,4118.5,4118.5,2025-06-30 13:20:23,2025-06-30 13:20:25,GTERI,GTERI,ok,0.0
16007,4118.5,4118.6,2025-06-30 13:20:25,2025-06-30 13:20:40,GTERI,GTERI,ok,0.1000000000003638
16008,4118.6,4118.6,2025-06-30 13:20:40,2025-06-30 13:20:41,GTERI,GTERI,ok,0.0
16009,4118.6,4118.7,2025-06-30 13:20:41,2025-06-30 13:20:51,GTERI,GTERI,ok,0.0999999999994543
16010,4118.7,4118.8,2025-06-30 13:20:51,2025-06-30 13:21:03,GTERI,GTERI,ok,0.1000000000003638
16011,4118.8,4118.8,2025-06-30 13:21:03,2025-06-30 13:21:07,GTERI,GTERI,ok,0.0
16012,4118.8,4118.9,2025-06-30 13:21:07,2025-06-30 13:21:09,GTERI,GTERI,ok,0.0999999999994543
16013,4118.9,4119.0,2025-06-30 13:21:09,2025-06-30 13:21:26,GTERI,GTERI,ok,0.1000000000003638
16014,4119.0,4119.0,2025-06-30 13:21:26,2025-06-30 13:21:28,GTERI,GTERI,ok,0.0
16015,4119.0,4119.0,2025-06-30 13:21:28,2025-06-30 13:21:32,GTERI,GTERI,ok,0.0
16017,4119.0,4119.1,2025-06-30 13:21:32,2025-06-30 13:21:41,GTERI,GTERI,ok,0.1000000000003638
16018,4119.1,4119.2,2025-06-30 13:21:41,2025-06-30 13:22:12,GTERI,GTERI,ok,0.0999999999994543
16019,4119.2,4119.2,2025-06-30 13:22:12,2025-06-30 13:22:27,GTERI,GTIGF,ok,0.0
16020,4119.2,4119.2,2025-06-30 13:22:27,2025-06-30 13:22:27,GTIGF,GTSTT,ok,0.0
16021,4119.2,4119.2,2025-06-30 13:22:27,2025-06-30 13:22:27,GTSTT,GTERI,ok,0.0
16022,4119.2,4119.2,2025-06-30 13:22:27,2025-06-30 13:22:27,GTERI,GTIGL,ok,0.0
16023,4119.2,4119.2,2025-06-30 13:22:27,2025-06-30 13:23:01,GTIGL,GTSTT,ok,0.0
16055,4119.2,4119.2,2025-06-30 13:23:01,2025-06-30 14:22:22,GTSTT,GTERI,ok,0.0
16086,4119.2,4119.2,2025-06-30 14:22:22,2025-06-30 15:22:22,GTERI,GTERI,ok,0.0
16117,4119.2,4119.2,2025-06-30 15:22:22,2025-06-30 16:22:22,GTERI,GTERI,ok,0.0
16148,4119.2,4119.2,2025-06-30 16:22:22,2025-06-30 17:22:22,GTERI,GTERI,ok,0.0
16179,4119.2,4119.2,2025-06-30 17:22:22,2025-06-30 18:22:22,GTERI,GTERI,ok,0.0
16210,4119.2,4119.2,2025-06-30 18:22:22,2025-06-30 19:22:22,GTERI,GTERI,ok,0.0
16241,4119.2,4119.2,2025-06-30 19:22:22,2025-06-30 20:22:22,GTERI,GTERI,ok,0.0
16272,4119.2,4119.2,2025-06-30 20:22:22,2025-06-30 21:22:22,GTERI,GTERI,ok,0.0
16303,4119.2,4119.2,2025-06-30 21:22:22,2025-06-30 22:22:22,GTERI,GTERI,ok,0.0
16334,4119.2,4119.2,2025-06-30 22:22:22,2025-06-30 23:22:22,GTERI,GTERI,ok,0.0
16365,4119.2,4119.2,2025-06-30 23:22:22,2025-07-01 00:22:22,GTERI,GTERI,ok,0.0
16396,4119.2,4119.2,2025-07-01 00:22:22,2025-07-01 01:22:22,GTERI,GTERI,ok,0.0
16427,4119.2,4119.2,2025-07-01 01:22:22,2025-07-01 02:22:22,GTERI,GTERI,ok,0.0
16457,4119.2,4119.2,2025-07-01 02:22:22,2025-07-01 03:22:22,GTERI,GTERI,ok,0.0
16488,4119.2,4119.2,2025-07-01 03:22:22,2025-07-01 04:22:22,GTERI,GTERI,ok,0.0
16519,4119.2,4119.2,2025-07-01 04:22:22,2025-07-01 05:22:22,GTERI,GTERI,ok,0.0
16550,4119.2,4119.2,2025-07-01 05:22:22,2025-07-01 06:22:22,GTERI,GTERI,ok,0.0
16581,4119.2,4119.2,2025-07-01 06:22:22,2025-07-01 07:22:22,GTERI,GTERI,ok,0.0
16612,4119.2,4119.2,2025-07-01 07:22:22,2025-07-01 08:22:22,GTERI,GTERI,ok,0.0
16643,4119.2,4119.2,2025-07-01 08:22:22,2025-07-01 09:22:22,GTERI,GTERI,ok,0.0
16645,4119.2,4119.2,2025-07-01 09:22:22,2025-07-01 09:23:29,GTERI,GTSTT,ok,0.0
16646,4119.2,4119.2,2025-07-01 09:23:29,2025-07-01 09:23:39,GTSTT,GTSTT,ok,0.0
16648,4119.2,4119.2,2025-07-01 09:23:39,2025-07-01 09:26:40,GTSTT,GTSTT,ok,0.0
16650,4119.2,4119.2,2025-07-01 09:26:40,2025-07-01 09:26:57,GTSTT,GTSTT,ok,0.0
16655,4119.2,4119.2,2025-07-01 09:26:57,2025-07-01 09:34:52,GTSTT,GTIGN,ok,0.0
16656,4119.2,4119.2,2025-07-01 09:34:52,2025-07-01 09:34:52,GTIGN,GTSTT,ok,0.0
16657,4119.2,4119.2,2025-07-01 09:34:52,2025-07-01 09:34:56,GTSTT,GTIGF,ok,0.0
16658,4119.2,4119.2,2025-07-01 09:34:56,2025-07-01 09:34:56,GTIGF,GTSTT,ok,0.0
16659,4119.2,4119.2,2025-07-01 09:34:56,2025-07-01 09:34:57,GTSTT,GTIGN,ok,0.0
16660,4119.2,4119.2,2025-07-01 09:34:57,2025-07-01 09:34:57,GTIGN,GTSTT,ok,0.0
16661,4119.2,4119.2,2025-07-01 09:34:57,2025-07-01 09:34:58,GTSTT,GTIGF,ok,0.0
16662,4119.2,4119.2,2025-07-01 09:34:58,2025-07-01 09:34:58,GTIGF,GTSTT,ok,0.0
16663,4119.2,4119.2,2025-07-01 09:34:58,2025-07-01 09:35:00,GTSTT,GTIGN,ok,0.0
16664,4119.2,4119.2,2025-07-01 09:35:00,2025-07-01 09:35:00,GTIGN,GTSTT,ok,0.0
16665,4119.2,4119.2,2025-07-01 09:35:00,2025-07-01 09:35:04,GTSTT,GTERI,ok,0.0
16666,4119.2,4119.2,2025-07-01 09:35:04,2025-07-01 09:35:04,GTERI,GTIGL,ok,0.0
16667,4119.2,4119.2,2025-07-01 09:35:04,2025-07-01 09:35:04,GTIGL,GTIGL,ok,0.0
16668,4119.2,4119.2,2025-07-01 09:35:04,2025-07-01 09:35:04,GTIGL,GTIGL,ok,0.0
16669,4119.2,4119.2,2025-07-01 09:35:04,2025-07-01 09:35:04,GTIGL,GTIGL,ok,0.0
16670,4119.2,4119.2,2025-07-01 09:35:04,2025-07-01 09:35:04,GTIGL,GTIGL,ok,0.0
16671,4119.2,4119.2,2025-07-01 09:35:04,2025-07-01 09:35:14,GTIGL,GTIGF,ok,0.0
16672,4119.2,4119.2,2025-07-01 09:35:14,2025-07-01 09:35:14,GTIGF,GTSTT,ok,0.0
16673,4119.2,4119.2,2025-07-01 09:35:14,2025-07-01 09:35:14,GTSTT,GTERI,ok,0.0
16674,4119.2,4119.2,2025-07-01 09:35:14,2025-07-01 09:35:15,GTERI,GTIGN,ok,0.0
16675,4119.2,4119.2,2025-07-01 09:35:15,2025-07-01 09:35:15,GTIGN,GTSTT,ok,0.0
16676,4119.2,4119.2,2025-07-01 09:35:15,2025-07-01 09:35:15,GTSTT,GTIGL,ok,0.0
16677,4119.2,4119.2,2025-07-01 09:35:15,2025-07-01 09:35:15,GTIGL,GTIGL,ok,0.0
16678,4119.2,4119.2,2025-07-01 09:35:15,2025-07-01 09:35:19,GTIGL,GTERI,ok,0.0
16679,4119.2,4119.2,2025-07-01 09:35:19,2025-07-01 09:36:29,GTERI,GTIGF,ok,0.0
16680,4119.2,4119.2,2025-07-01 09:36:29,2025-07-01 09:36:29,GTIGF,GTSTT,ok,0.0
16681,4119.2,4119.2,2025-07-01 09:36:29,2025-07-01 09:36:30,GTSTT,GTERI,ok,0.0
16682,4119.2,4119.2,2025-07-01 09:36:30,2025-07-01 09:36:30,GTERI,GTIGL,ok,0.0
16684,4119.2,4119.2,2025-07-01 09:36:30,2025-07-01 09:37:45,GTIGL,GTSTT,ok,0.0
16714,4119.2,4119.2,2025-07-01 09:37:45,2025-07-01 10:36:24,GTSTT,GTERI,ok,0.0
16745,4119.2,4119.2,2025-07-01 10:36:24,2025-07-01 11:36:24,GTERI,GTERI,ok,0.0
16776,4119.2,4119.2,2025-07-01 11:36:24,2025-07-01 12:36:24,GTERI,GTERI,ok,0.0
16807,4119.2,4119.2,2025-07-01 12:36:24,2025-07-01 13:36:24,GTERI,GTERI,ok,0.0
16838,4119.2,4119.2,2025-07-01 13:36:24,2025-07-01 14:36:24,GTERI,GTERI,ok,0.0
16865,4119.2,4119.2,2025-07-01 14:36:24,2025-07-01 15:27:39,GTERI,GTIGN,ok,0.0
16866,4119.2,4119.2,2025-07-01 15:27:39,2025-07-01 15:27:39,GTIGN,GTSTT,ok,0.0
16867,4119.2,4119.2,2025-07-01 15:27:39,2025-07-01 15:27:55,GTSTT,GTIGF,ok,0.0
16868,4119.2,4119.2,2025-07-01 15:27:55,2025-07-01 15:27:55,GTIGF,GTSTT,ok,0.0
16869,4119.2,4119.2,2025-07-01 15:27:55,2025-07-01 15:27:57,GTSTT,GTIGN,ok,0.0
16870,4119.2,4119.2,2025-07-01 15:27:57,2025-07-01 15:27:57,GTIGN,GTSTT,ok,0.0
16871,4119.2,4119.2,2025-07-01 15:27:57,2025-07-01 15:27:59,GTSTT,GTIGL,ok,0.0
16872,4119.2,4119.2,2025-07-01 15:27:59,2025-07-01 15:27:59,GTIGL,GTIGL,ok,0.0
16873,4119.2,4119.2,2025-07-01 15:27:59,2025-07-01 15:27:59,GTIGL,GTIGL,ok,0.0
16874,4119.2,4119.2,2025-07-01 15:27:59,2025-07-01 15:28:02,GTIGL,GTERI,ok,0.0
16875,4119.2,4119.2,2025-07-01 15:28:02,2025-07-01 15:28:18,GTERI,GTIGF,ok,0.0
16876,4119.2,4119.2,2025-07-01 15:28:18,2025-07-01 15:28:18,GTIGF,GTSTT,ok,0.0
16877,4119.2,4119.2,2025-07-01 15:28:18,2025-07-01 15:28:18,GTSTT,GTERI,ok,0.0
16878,4119.2,4119.2,2025-07-01 15:28:18,2025-07-01 15:28:19,GTERI,GTIGL,ok,0.0
16879,4119.2,4119.2,2025-07-01 15:28:19,2025-07-01 15:28:19,GTIGL,GTIGN,ok,0.0
16880,4119.2,4119.2,2025-07-01 15:28:19,2025-07-01 15:28:19,GTIGN,GTSTT,ok,0.0
16881,4119.2,4119.2,2025-07-01 15:28:19,2025-07-01 15:28:20,GTSTT,GTIGL,ok,0.0
16882,4119.2,4119.2,2025-07-01 15:28:20,2025-07-01 15:28:24,GTIGL,GTIGF,ok,0.0
16883,4119.2,4119.2,2025-07-01 15:28:24,2025-07-01 15:28:24,GTIGF,GTSTT,ok,0.0
16884,4119.2,4119.2,2025-07-01 15:28:24,2025-07-01 15:28:24,GTSTT,GTERI,ok,0.0
16885,4119.2,4119.2,2025-07-01 15:28:24,2025-07-01 15:28:24,GTERI,GTIGL,ok,0.0
16886,4119.2,4119.2,2025-07-01 15:28:24,2025-07-01 15:28:25,GTIGL,GTIGN,ok,0.0
16887,4119.2,4119.2,2025-07-01 15:28:25,2025-07-01 15:28:25,GTIGN,GTSTT,ok,0.0
16888,4119.2,4119.2,2025-07-01 15:28:25,2025-07-01 15:28:26,GTSTT,GTIGL,ok,0.0
16889,4119.2,4119.2,2025-07-01 15:28:26,2025-07-01 15:28:28,GTIGL,GTIGF,ok,0.0
16890,4119.2,4119.2,2025-07-01 15:28:28,2025-07-01 15:28:28,GTIGF,GTSTT,ok,0.0
16891,4119.2,4119.2,2025-07-01 15:28:28,2025-07-01 15:28:29,GTSTT,GTIGL,ok,0.0
16892,4119.2,4119.2,2025-07-01 15:28:29,2025-07-01 15:28:30,GTIGL,GTIGN,ok,0.0
16893,4119.2,4119.2,2025-07-01 15:28:30,2025-07-01 15:28:30,GTIGN,GTSTT,ok,0.0
16894,4119.2,4119.2,2025-07-01 15:28:30,2025-07-01 15:28:30,GTSTT,GTIGL,ok,0.0
16895,4119.2,4119.2,2025-07-01 15:28:30,2025-07-01 15:28:34,GTIGL,GTERI,ok,0.0
16896,4119.2,4119.2,2025-07-01 15:28:34,2025-07-01 15:28:35,GTERI,GTIGF,ok,0.0
16897,4119.2,4119.2,2025-07-01 15:28:35,2025-07-01 15:28:35,GTIGF,GTSTT,ok,0.0
16898,4119.2,4119.2,2025-07-01 15:28:35,2025-07-01 15:28:36,GTSTT,GTERI,ok,0.0
16899,4119.2,4119.2,2025-07-01 15:28:36,2025-07-01 15:28:36,GTERI,GTIGL,ok,0.0
16900,4119.2,4119.2,2025-07-01 15:28:36,2025-07-01 15:28:36,GTIGL,GTIGN,ok,0.0
16901,4119.2,4119.2,2025-07-01 15:28:36,2025-07-01 15:28:36,GTIGN,GTSTT,ok,0.0
16902,4119.2,4119.2,2025-07-01 15:28:36,2025-07-01 15:28:37,GTSTT,GTIGL,ok,0.0
16903,4119.2,4119.2,2025-07-01 15:28:37,2025-07-01 15:28:41,GTIGL,GTERI,ok,0.0
16904,4119.2,4119.2,2025-07-01 15:28:41,2025-07-01 15:28:43,GTERI,GTIGF,ok,0.0
16905,4119.2,4119.2,2025-07-01 15:28:43,2025-07-01 15:28:43,GTIGF,GTSTT,ok,0.0
16906,4119.2,4119.2,2025-07-01 15:28:43,2025-07-01 15:28:43,GTSTT,GTERI,ok,0.0
16907,4119.2,4119.2,2025-07-01 15:28:43,2025-07-01 15:28:43,GTERI,GTIGL,ok,0.0
16908,4119.2,4119.2,2025-07-01 15:28:43,2025-07-01 15:28:44,GTIGL,GTIGN,ok,0.0
16910,4119.2,4119.2,2025-07-01 15:28:44,2025-07-01 15:28:44,GTIGN,GTSTT,ok,0.0
16911,4119.2,4119.2,2025-07-01 15:28:44,2025-07-01 15:28:45,GTSTT,GTIGL,ok,0.0
16912,4119.2,4119.2,2025-07-01 15:28:45,2025-07-01 15:28:49,GTIGL,GTERI,ok,0.0
16913,4119.2,4119.2,2025-07-01 15:28:49,2025-07-01 15:28:50,GTERI,GTIGF,ok,0.0
16914,4119.2,4119.2,2025-07-01 15:28:50,2025-07-01 15:28:50,GTIGF,GTSTT,ok,0.0
16915,4119.2,4119.2,2025-07-01 15:28:50,2025-07-01 15:28:51,GTSTT,GTERI,ok,0.0
16916,4119.2,4119.2,2025-07-01 15:28:51,2025-07-01 15:28:51,GTERI,GTIGL,ok,0.0
16917,4119.2,4119.2,2025-07-01 15:28:51,2025-07-01 15:28:55,GTIGL,GTIGN,ok,0.0
16918,4119.2,4119.2,2025-07-01 15:28:55,2025-07-01 15:28:55,GTIGN,GTSTT,ok,0.0
16919,4119.2,4119.2,2025-07-01 15:28:55,2025-07-01 15:28:56,GTSTT,GTIGL,ok,0.0
16920,4119.2,4119.2,2025-07-01 15:28:56,2025-07-01 15:29:00,GTIGL,GTERI,ok,0.0
16921,4119.2,4119.2,2025-07-01 15:29:00,2025-07-01 15:29:02,GTERI,GTIGF,ok,0.0
16922,4119.2,4119.2,2025-07-01 15:29:02,2025-07-01 15:29:02,GTIGF,GTSTT,ok,0.0
16923,4119.2,4119.2,2025-07-01 15:29:02,2025-07-01 15:29:02,GTSTT,GTERI,ok,0.0
16924,4119.2,4119.2,2025-07-01 15:29:02,2025-07-01 15:29:03,GTERI,GTIGL,ok,0.0
16925,4119.2,4119.2,2025-07-01 15:29:03,2025-07-01 15:29:34,GTIGL,GTIGN,ok,0.0
16926,4119.2,4119.2,2025-07-01 15:29:34,2025-07-01 15:29:34,GTIGN,GTSTT,ok,0.0
16927,4119.2,4119.2,2025-07-01 15:29:34,2025-07-01 15:29:35,GTSTT,GTIGL,ok,0.0
16928,4119.2,4119.2,2025-07-01 15:29:35,2025-07-01 15:29:38,GTIGL,GTERI,ok,0.0
16929,4119.2,4119.2,2025-07-01 15:29:38,2025-07-01 15:30:05,GTERI,GTIGF,ok,0.0
16930,4119.2,4119.2,2025-07-01 15:30:05,2025-07-01 15:30:05,GTIGF,GTSTT,ok,0.0
16931,4119.2,4119.2,2025-07-01 15:30:05,2025-07-01 15:30:05,GTSTT,GTERI,ok,0.0
16932,4119.2,4119.2,2025-07-01 15:30:05,2025-07-01 15:30:06,GTERI,GTIGL,ok,0.0
16933,4119.2,4119.2,2025-07-01 15:30:06,2025-07-01 15:30:52,GTIGL,GTSTT,ok,0.0
16961,4119.2,4119.2,2025-07-01 15:30:52,2025-07-01 16:23:40,GTSTT,GTIGN,ok,0.0
16962,4119.2,4119.2,2025-07-01 16:23:40,2025-07-01 16:23:40,GTIGN,GTSTT,ok,0.0
16963,4119.2,4119.2,2025-07-01 16:23:40,2025-07-01 16:23:40,GTSTT,GTIGF,ok,0.0
16964,4119.2,4119.2,2025-07-01 16:23:40,2025-07-01 16:23:40,GTIGF,GTSTT,ok,0.0
16965,4119.2,4119.2,2025-07-01 16:23:40,2025-07-01 16:23:41,GTSTT,GTIGN,ok,0.0
16966,4119.2,4119.2,2025-07-01 16:23:41,2025-07-01 16:23:41,GTIGN,GTSTT,ok,0.0
16967,4119.2,4119.2,2025-07-01 16:23:41,2025-07-01 16:24:02,GTSTT,GTERI,ok,0.0
16968,4119.2,4119.2,2025-07-01 16:24:02,2025-07-01 16:24:02,GTERI,GTIGL,ok,0.0
16969,4119.2,4119.2,2025-07-01 16:24:02,2025-07-01 16:24:02,GTIGL,GTIGL,ok,0.0
16970,4119.2,4119.2,2025-07-01 16:24:02,2025-07-01 16:24:02,GTIGL,GTIGL,ok,0.0
16971,4119.2,4119.2,2025-07-01 16:24:02,2025-07-01 16:24:13,GTIGL,GTERI,ok,0.0
16973,4119.2,4119.2,2025-07-01 16:24:13,2025-07-01 16:25:10,GTERI,GTERI,ok,0.0
16974,4119.2,4119.2,2025-07-01 16:25:10,2025-07-01 16:25:12,GTERI,GTERI,ok,0.0
16975,4119.2,4119.2,2025-07-01 16:25:12,2025-07-01 16:25:16,GTERI,GTERI,ok,0.0
16976,4119.2,4119.3,2025-07-01 16:25:16,2025-07-01 16:25:18,GTERI,GTERI,ok,0.1000000000003638
16977,4119.3,4119.3,2025-07-01 16:25:18,2025-07-01 16:25:22,GTERI,GTERI,ok,0.0
16978,4119.3,4119.3,2025-07-01 16:25:22,2025-07-01 16:25:25,GTERI,GTERI,ok,0.0
16979,4119.3,4119.3,2025-07-01 16:25:25,2025-07-01 16:25:27,GTERI,GTERI,ok,0.0
16980,4119.3,4119.5,2025-07-01 16:25:27,2025-07-01 16:25:42,GTERI,GTERI,ok,0.1999999999998181
16981,4119.5,4119.5,2025-07-01 16:25:42,2025-07-01 16:25:44,GTERI,GTERI,ok,0.0
16982,4119.5,4119.5,2025-07-01 16:25:44,2025-07-01 16:25:49,GTERI,GTERI,ok,0.0
16983,4119.5,4119.5,2025-07-01 16:25:49,2025-07-01 16:25:51,GTERI,GTERI,ok,0.0
16984,4119.5,4119.5,2025-07-01 16:25:51,2025-07-01 16:25:54,GTERI,GTERI,ok,0.0
16985,4119.5,4119.6,2025-07-01 16:25:54,2025-07-01 16:26:16,GTERI,GTERI,ok,0.1000000000003638
16986,4119.6,4119.6,2025-07-01 16:26:16,2025-07-01 16:26:18,GTERI,GTERI,ok,0.0
16987,4119.6,4119.6,2025-07-01 16:26:18,2025-07-01 16:26:19,GTERI,GTERI,ok,0.0
16988,4119.6,4119.6,2025-07-01 16:26:19,2025-07-01 16:26:21,GTERI,GTERI,ok,0.0
16989,4119.6,4119.6,2025-07-01 16:26:21,2025-07-01 16:26:25,GTERI,GTERI,ok,0.0
16990,4119.6,4119.6,2025-07-01 16:26:25,2025-07-01 16:26:51,GTERI,GTERI,ok,0.0
16991,4119.6,4119.6,2025-07-01 16:26:51,2025-07-01 16:27:08,GTERI,GTIGF,ok,0.0
16992,4119.6,4119.6,2025-07-01 16:27:08,2025-07-01 16:27:08,GTIGF,GTSTT,ok,0.0
16994,4119.6,4119.6,2025-07-01 16:27:08,2025-07-01 16:27:09,GTSTT,GTERI,ok,0.0
16995,4119.6,4119.6,2025-07-01 16:27:09,2025-07-01 16:27:09,GTERI,GTIGL,ok,0.0
16996,4119.6,4119.6,2025-07-01 16:27:09,2025-07-01 16:28:00,GTIGL,GTSTT,ok,0.0
16998,4119.6,4119.6,2025-07-01 16:28:00,2025-07-01 16:29:12,GTSTT,GTIGN,ok,0.0
16999,4119.6,4119.6,2025-07-01 16:29:12,2025-07-01 16:29:12,GTIGN,GTSTT,ok,0.0
17000,4119.6,4119.6,2025-07-01 16:29:12,2025-07-01 16:29:13,GTSTT,GTIGL,ok,0.0
17001,4119.6,4119.6,2025-07-01 16:29:13,2025-07-01 16:29:17,GTIGL,GTERI,ok,0.0
17002,4119.6,4119.6,2025-07-01 16:29:17,2025-07-01 16:30:46,GTERI,GTIGF,ok,0.0
17003,4119.6,4119.6,2025-07-01 16:30:46,2025-07-01 16:30:46,GTIGF,GTSTT,ok,0.0
17004,4119.6,4119.6,2025-07-01 16:30:46,2025-07-01 16:30:46,GTSTT,GTERI,ok,0.0
17005,4119.6,4119.6,2025-07-01 16:30:46,2025-07-01 16:30:47,GTERI,GTIGL,ok,0.0
17006,4119.6,4119.6,2025-07-01 16:30:47,2025-07-01 16:30:47,GTIGL,GTIGN,ok,0.0
17007,4119.6,4119.6,2025-07-01 16:30:47,2025-07-01 16:30:47,GTIGN,GTSTT,ok,0.0
17008,4119.6,4119.6,2025-07-01 16:30:47,2025-07-01 16:30:48,GTSTT,GTIGL,ok,0.0
17009,4119.6,4119.6,2025-07-01 16:30:48,2025-07-01 16:30:52,GTIGL,GTERI,ok,0.0
17010,4119.6,4119.6,2025-07-01 16:30:52,2025-07-01 16:30:56,GTERI,GTIGF,ok,0.0
17011,4119.6,4119.6,2025-07-01 16:30:56,2025-07-01 16:30:56,GTIGF,GTSTT,ok,0.0
17012,4119.6,4119.6,2025-07-01 16:30:56,2025-07-01 16:30:56,GTSTT,GTERI,ok,0.0
17013,4119.6,4119.6,2025-07-01 16:30:56,2025-07-01 16:30:57,GTERI,GTIGL,ok,0.0
17015,4119.6,4119.6,2025-07-01 16:30:57,2025-07-01 16:31:36,GTIGL,GTSTT,ok,0.0
17032,4119.6,4119.6,2025-07-01 16:31:36,2025-07-01 17:05:02,GTSTT,GTIGN,ok,0.0
17033,4119.6,4119.6,2025-07-01 17:05:02,2025-07-01 17:05:02,GTIGN,GTSTT,ok,0.0
17034,4119.6,4119.6,2025-07-01 17:05:02,2025-07-01 17:05:03,GTSTT,GTIGF,ok,0.0
17035,4119.6,4119.6,2025-07-01 17:05:03,2025-07-01 17:05:03,GTIGF,GTSTT,ok,0.0
17036,4119.6,4119.6,2025-07-01 17:05:03,2025-07-01 17:05:04,GTSTT,GTIGN,ok,0.0
17038,4119.6,4119.6,2025-07-01 17:05:04,2025-07-01 17:05:04,GTIGN,GTSTT,ok,0.0
17039,4119.6,4119.6,2025-07-01 17:05:04,2025-07-01 17:05:13,GTSTT,GTERI,ok,0.0
17040,4119.6,4119.6,2025-07-01 17:05:13,2025-07-01 17:05:13,GTERI,GTIGL,ok,0.0
17041,4119.6,4119.6,2025-07-01 17:05:13,2025-07-01 17:05:13,GTIGL,GTIGL,ok,0.0
17042,4119.6,4119.6,2025-07-01 17:05:13,2025-07-01 17:05:13,GTIGL,GTIGL,ok,0.0
17044,4119.6,4119.6,2025-07-01 17:05:13,2025-07-01 17:08:12,GTIGL,GTERI,ok,0.0
17047,4119.6,4119.6,2025-07-01 17:08:12,2025-07-01 17:11:12,GTERI,GTERI,ok,0.0
17048,4119.6,4119.6,2025-07-01 17:11:12,2025-07-01 17:11:36,GTERI,GTERI,ok,0.0
17049,4119.6,4119.6,2025-07-01 17:11:36,2025-07-01 17:13:10,GTERI,GTERI,ok,0.0
17051,4119.6,4119.6,2025-07-01 17:13:10,2025-07-01 17:13:17,GTERI,GTERI,ok,0.0
17052,4119.6,4119.6,2025-07-01 17:13:17,2025-07-01 17:13:19,GTERI,GTERI,ok,0.0
17053,4119.6,4119.7,2025-07-01 17:13:19,2025-07-01 17:13:33,GTERI,GTERI,ok,0.0999999999994543
17054,4119.7,4119.7,2025-07-01 17:13:33,2025-07-01 17:13:35,GTERI,GTERI,ok,0.0
17055,4119.7,4120.0,2025-07-01 17:13:35,2025-07-01 17:14:12,GTERI,GTERI,ok,0.3000000000001819
17056,4120.0,4120.0,2025-07-01 17:14:12,2025-07-01 17:14:14,GTERI,GTERI,ok,0.0
17057,4120.0,4120.1,2025-07-01 17:14:14,2025-07-01 17:14:31,GTERI,GTERI,ok,0.1000000000003638
17058,4120.1,4120.1,2025-07-01 17:14:31,2025-07-01 17:14:34,GTERI,GTERI,ok,0.0
17059,4120.1,4120.1,2025-07-01 17:14:34,2025-07-01 17:14:36,GTERI,GTERI,ok,0.0
17060,4120.1,4120.3,2025-07-01 17:14:36,2025-07-01 17:14:53,GTERI,GTERI,ok,0.1999999999998181
17061,4120.3,4120.3,2025-07-01 17:14:53,2025-07-01 17:15:00,GTERI,GTERI,ok,0.0
17062,4120.3,4120.4,2025-07-01 17:15:00,2025-07-01 17:15:09,GTERI,GTERI,ok,0.0999999999994543
17063,4120.4,4120.4,2025-07-01 17:15:09,2025-07-01 17:15:11,GTERI,GTERI,ok,0.0
17065,4120.4,4120.4,2025-07-01 17:15:11,2025-07-01 17:15:21,GTERI,GTERI,ok,0.0
17066,4120.4,4120.4,2025-07-01 17:15:21,2025-07-01 17:15:24,GTERI,GTERI,ok,0.0
17067,4120.4,4120.5,2025-07-01 17:15:24,2025-07-01 17:15:38,GTERI,GTERI,ok,0.1000000000003638
17068,4120.5,4120.5,2025-07-01 17:15:38,2025-07-01 17:15:40,GTERI,GTERI,ok,0.0
17070,4120.5,4121.1,2025-07-01 17:15:40,2025-07-01 17:17:12,GTERI,GTERI,ok,0.6000000000003638
17071,4121.1,4121.2,2025-07-01 17:17:12,2025-07-01 17:17:19,GTERI,GTERI,ok,0.0999999999994543
17072,4121.2,4121.2,2025-07-01 17:17:19,2025-07-01 17:18:03,GTERI,GTERI,ok,0.0
17073,4121.2,4121.2,2025-07-01 17:18:03,2025-07-01 17:18:11,GTERI,GTERI,ok,0.0
17075,4121.2,4121.3,2025-07-01 17:18:11,2025-07-01 17:19:22,GTERI,GTERI,ok,0.1000000000003638
17076,4121.3,4121.4,2025-07-01 17:19:22,2025-07-01 17:19:45,GTERI,GTERI,ok,0.0999999999994543
17077,4121.4,4121.4,2025-07-01 17:19:45,2025-07-01 17:19:47,GTERI,GTERI,ok,0.0
17078,4121.4,4121.4,2025-07-01 17:19:47,2025-07-01 17:19:48,GTERI,GTERI,ok,0.0
17079,4121.4,4121.4,2025-07-01 17:19:48,2025-07-01 17:19:50,GTERI,GTERI,ok,0.0
17080,4121.4,4121.5,2025-07-01 17:19:50,2025-07-01 17:20:03,GTERI,GTERI,ok,0.1000000000003638
17081,4121.5,4121.5,2025-07-01 17:20:03,2025-07-01 17:20:04,GTERI,GTERI,ok,0.0
17082,4121.5,4121.5,2025-07-01 17:20:04,2025-07-01 17:20:05,GTERI,GTERI,ok,0.0
17083,4121.5,4121.5,2025-07-01 17:20:05,2025-07-01 17:20:07,GTERI,GTERI,ok,0.0
17084,4121.5,4121.5,2025-07-01 17:20:07,2025-07-01 17:20:12,GTERI,GTERI,ok,0.0
17085,4121.5,4121.5,2025-07-01 17:20:12,2025-07-01 17:20:17,GTERI,GTERI,ok,0.0
17086,4121.5,4121.6,2025-07-01 17:20:17,2025-07-01 17:20:20,GTERI,GTERI,ok,0.1000000000003638
17087,4121.6,4121.6,2025-07-01 17:20:20,2025-07-01 17:20:36,GTERI,GTERI,ok,0.0
17088,4121.6,4121.6,2025-07-01 17:20:36,2025-07-01 17:20:38,GTERI,GTERI,ok,0.0
17089,4121.6,4121.6,2025-07-01 17:20:38,2025-07-01 17:20:52,GTERI,GTERI,ok,0.0
17090,4121.6,4121.7,2025-07-01 17:20:52,2025-07-01 17:20:55,GTERI,GTERI,ok,0.0999999999994543
17091,4121.7,4121.7,2025-07-01 17:20:55,2025-07-01 17:21:00,GTERI,GTERI,ok,0.0
17092,4121.7,4121.7,2025-07-01 17:21:00,2025-07-01 17:21:04,GTERI,GTERI,ok,0.0
17094,4121.7,4121.7,2025-07-01 17:21:04,2025-07-01 17:21:55,GTERI,GTIGF,ok,0.0
17095,4121.7,4121.7,2025-07-01 17:21:55,2025-07-01 17:21:55,GTIGF,GTSTT,ok,0.0
17096,4121.7,4121.7,2025-07-01 17:21:55,2025-07-01 17:21:55,GTSTT,GTERI,ok,0.0
17097,4121.7,4121.7,2025-07-01 17:21:55,2025-07-01 17:21:55,GTERI,GTIGL,ok,0.0
17098,4121.7,4121.7,2025-07-01 17:21:55,2025-07-01 17:22:47,GTIGL,GTSTT,ok,0.0
17104,4121.7,4121.7,2025-07-01 17:22:47,2025-07-01 17:32:46,GTSTT,GTIGN,ok,0.0
17105,4121.7,4121.7,2025-07-01 17:32:46,2025-07-01 17:32:46,GTIGN,GTSTT,ok,0.0
17106,4121.7,4121.7,2025-07-01 17:32:46,2025-07-01 17:32:58,GTSTT,GTERI,ok,0.0
17107,4121.7,4121.7,2025-07-01 17:32:58,2025-07-01 17:32:58,GTERI,GTIGL,ok,0.0
17108,4121.7,4121.7,2025-07-01 17:32:58,2025-07-01 17:33:06,GTIGL,GTIGF,ok,0.0
17109,4121.7,4121.7,2025-07-01 17:33:06,2025-07-01 17:33:06,GTIGF,GTSTT,ok,0.0
17110,4121.7,4121.7,2025-07-01 17:33:06,2025-07-01 17:33:06,GTSTT,GTERI,ok,0.0
17111,4121.7,4121.7,2025-07-01 17:33:06,2025-07-01 17:33:06,GTERI,GTIGL,ok,0.0
17112,4121.7,4121.7,2025-07-01 17:33:06,2025-07-01 17:33:08,GTIGL,GTIGN,ok,0.0
17113,4121.7,4121.7,2025-07-01 17:33:08,2025-07-01 17:33:08,GTIGN,GTSTT,ok,0.0
17114,4121.7,4121.7,2025-07-01 17:33:08,2025-07-01 17:33:09,GTSTT,GTIGL,ok,0.0
17115,4121.7,4121.7,2025-07-01 17:33:09,2025-07-01 17:33:12,GTIGL,GTERI,ok,0.0
17118,4121.7,4121.7,2025-07-01 17:33:12,2025-07-01 17:36:07,GTERI,GTERI,ok,0.0
17119,4121.7,4121.7,2025-07-01 17:36:07,2025-07-01 17:36:12,GTERI,GTERI,ok,0.0
17120,4121.7,4121.7,2025-07-01 17:36:12,2025-07-01 17:36:21,GTERI,GTERI,ok,0.0
17121,4121.7,4121.7,2025-07-01 17:36:21,2025-07-01 17:36:25,GTERI,GTERI,ok,0.0
17122,4121.7,4121.8,2025-07-01 17:36:25,2025-07-01 17:36:41,GTERI,GTERI,ok,0.1000000000003638
17123,4121.8,4121.8,2025-07-01 17:36:41,2025-07-01 17:36:44,GTERI,GTERI,ok,0.0
17124,4121.8,4121.8,2025-07-01 17:36:44,2025-07-01 17:36:47,GTERI,GTERI,ok,0.0
17125,4121.8,4121.8,2025-07-01 17:36:47,2025-07-01 17:37:02,GTERI,GTERI,ok,0.0
17126,4121.8,4121.8,2025-07-01 17:37:02,2025-07-01 17:37:05,GTERI,GTERI,ok,0.0
17127,4121.8,4121.9,2025-07-01 17:37:05,2025-07-01 17:37:20,GTERI,GTERI,ok,0.0999999999994543
17128,4121.9,4121.9,2025-07-01 17:37:20,2025-07-01 17:37:36,GTERI,GTERI,ok,0.0
17130,4121.9,4122.0,2025-07-01 17:37:36,2025-07-01 17:37:51,GTERI,GTERI,ok,0.1000000000003638
17131,4122.0,4122.0,2025-07-01 17:37:51,2025-07-01 17:37:53,GTERI,GTERI,ok,0.0
17132,4122.0,4122.3,2025-07-01 17:37:53,2025-07-01 17:38:27,GTERI,GTERI,ok,0.3000000000001819
17133,4122.3,4122.6,2025-07-01 17:38:27,2025-07-01 17:38:45,GTERI,GTERI,ok,0.3000000000001819
17134,4122.6,4122.8,2025-07-01 17:38:45,2025-07-01 17:38:58,GTERI,GTERI,ok,0.1999999999998181
17135,4122.8,4122.9,2025-07-01 17:38:58,2025-07-01 17:39:05,GTERI,GTERI,ok,0.0999999999994543
17136,4122.9,4123.0,2025-07-01 17:39:05,2025-07-01 17:39:12,GTERI,GTERI,ok,0.1000000000003638
17137,4123.0,4123.0,2025-07-01 17:39:12,2025-07-01 17:39:17,GTERI,GTERI,ok,0.0
17139,4123.0,4124.5,2025-07-01 17:39:17,2025-07-01 17:40:43,GTERI,GTERI,ok,1.5
17141,4124.5,4125.9,2025-07-01 17:40:43,2025-07-01 17:42:12,GTERI,GTERI,ok,1.3999999999996362
17142,4125.9,4126.4,2025-07-01 17:42:12,2025-07-01 17:42:40,GTERI,GTERI,ok,0.5
17143,4126.4,4126.7,2025-07-01 17:42:40,2025-07-01 17:42:53,GTERI,GTERI,ok,0.3000000000001819
17145,4126.7,4130.3,2025-07-01 17:42:53,2025-07-01 17:45:12,GTERI,GTERI,ok,3.600000000000364
17147,4130.3,4132.7,2025-07-01 17:45:12,2025-07-01 17:47:19,GTERI,GTERI,ok,2.399999999999636
17148,4132.7,4132.7,2025-07-01 17:47:19,2025-07-01 17:47:22,GTERI,GTERI,ok,0.0
17149,4132.7,4132.7,2025-07-01 17:47:22,2025-07-01 17:47:25,GTERI,GTERI,ok,0.0
17150,4132.7,4132.8,2025-07-01 17:47:25,2025-07-01 17:47:33,GTERI,GTERI,ok,0.1000000000003638
17151,4132.8,4132.9,2025-07-01 17:47:33,2025-07-01 17:47:35,GTERI,GTERI,ok,0.0999999999994543
17152,4132.9,4132.9,2025-07-01 17:47:35,2025-07-01 17:47:38,GTERI,GTERI,ok,0.0
17153,4132.9,4132.9,2025-07-01 17:47:38,2025-07-01 17:47:41,GTERI,GTERI,ok,0.0
17155,4132.9,4133.0,2025-07-01 17:47:41,2025-07-01 17:48:12,GTERI,GTERI,ok,0.1000000000003638
17157,4133.0,4133.7,2025-07-01 17:48:12,2025-07-01 17:51:09,GTERI,GTERI,ok,0.6999999999998181
17158,4133.7,4133.7,2025-07-01 17:51:09,2025-07-01 17:51:12,GTERI,GTERI,ok,0.0
17159,4133.7,4133.8,2025-07-01 17:51:12,2025-07-01 17:51:23,GTERI,GTERI,ok,0.1000000000003638
17161,4133.8,4134.0,2025-07-01 17:51:23,2025-07-01 17:52:14,GTERI,GTERI,ok,0.1999999999998181
17162,4134.0,4134.0,2025-07-01 17:52:14,2025-07-01 17:52:16,GTERI,GTERI,ok,0.0
17163,4134.0,4134.1,2025-07-01 17:52:16,2025-07-01 17:52:25,GTERI,GTERI,ok,0.1000000000003638
17164,4134.1,4134.2,2025-07-01 17:52:25,2025-07-01 17:52:31,GTERI,GTERI,ok,0.0999999999994543
17165,4134.2,4134.2,2025-07-01 17:52:31,2025-07-01 17:52:34,GTERI,GTERI,ok,0.0
17166,4134.2,4134.4,2025-07-01 17:52:34,2025-07-01 17:53:05,GTERI,GTERI,ok,0.1999999999998181
17167,4134.4,4134.4,2025-07-01 17:53:05,2025-07-01 17:53:07,GTERI,GTERI,ok,0.0
17168,4134.4,4134.5,2025-07-01 17:53:07,2025-07-01 17:53:27,GTERI,GTERI,ok,0.1000000000003638
17169,4134.5,4134.5,2025-07-01 17:53:27,2025-07-01 17:53:29,GTERI,GTERI,ok,0.0
17170,4134.5,4134.5,2025-07-01 17:53:29,2025-07-01 17:53:32,GTERI,GTERI,ok,0.0
17172,4134.5,4134.5,2025-07-01 17:53:32,2025-07-01 17:54:12,GTERI,GTERI,ok,0.0
17173,4134.5,4134.5,2025-07-01 17:54:12,2025-07-01 17:54:17,GTERI,GTSTT,ok,0.0
17174,4134.5,4134.5,2025-07-01 17:54:17,2025-07-01 17:54:35,GTSTT,GTSTT,ok,0.0
17175,4134.5,4134.5,2025-07-01 17:54:35,2025-07-01 17:54:51,GTSTT,GTERI,ok,0.0
17176,4134.5,4134.5,2025-07-01 17:54:51,2025-07-01 17:54:54,GTERI,GTERI,ok,0.0
17177,4134.5,4134.5,2025-07-01 17:54:54,2025-07-01 17:55:18,GTERI,GTERI,ok,0.0
17178,4134.5,4134.5,2025-07-01 17:55:18,2025-07-01 17:55:26,GTERI,GTERI,ok,0.0
17179,4134.5,4134.5,2025-07-01 17:55:26,2025-07-01 17:55:30,GTERI,GTERI,ok,0.0
17180,4134.5,4134.5,2025-07-01 17:55:30,2025-07-01 17:55:32,GTERI,GTERI,ok,0.0
17181,4134.5,4134.6,2025-07-01 17:55:32,2025-07-01 17:55:39,GTERI,GTERI,ok,0.1000000000003638
17183,4134.6,4134.6,2025-07-01 17:55:39,2025-07-01 17:55:47,GTERI,GTERI,ok,0.0
17184,4134.6,4134.6,2025-07-01 17:55:47,2025-07-01 17:55:50,GTERI,GTERI,ok,0.0
17185,4134.6,4134.7,2025-07-01 17:55:50,2025-07-01 17:56:06,GTERI,GTERI,ok,0.0999999999994543
17186,4134.7,4134.7,2025-07-01 17:56:06,2025-07-01 17:56:12,GTERI,GTERI,ok,0.0
17187,4134.7,4134.7,2025-07-01 17:56:12,2025-07-01 17:56:18,GTERI,GTERI,ok,0.0
17188,4134.7,4134.7,2025-07-01 17:56:18,2025-07-01 17:56:21,GTERI,GTERI,ok,0.0
17189,4134.7,4134.7,2025-07-01 17:56:21,2025-07-01 17:56:23,GTERI,GTERI,ok,0.0
17190,4134.7,4134.7,2025-07-01 17:56:23,2025-07-01 17:57:12,GTERI,GTERI,ok,0.0
17191,4134.7,4134.7,2025-07-01 17:57:12,2025-07-01 17:57:42,GTERI,GTIGF,ok,0.0
17192,4134.7,4134.7,2025-07-01 17:57:42,2025-07-01 17:57:42,GTIGF,GTSTT,ok,0.0
17193,4134.7,4134.7,2025-07-01 17:57:42,2025-07-01 17:57:42,GTSTT,GTERI,ok,0.0
17194,4134.7,4134.7,2025-07-01 17:57:42,2025-07-01 17:57:42,GTERI,GTIGL,ok,0.0
17196,4134.7,4134.7,2025-07-01 17:57:42,2025-07-01 17:58:23,GTIGL,GTSTT,ok,0.0
17213,4134.7,4134.7,2025-07-01 17:58:23,2025-07-01 18:30:22,GTSTT,GTIGN,ok,0.0
17214,4134.7,4134.7,2025-07-01 18:30:22,2025-07-01 18:30:22,GTIGN,GTSTT,ok,0.0
17215,4134.7,4134.7,2025-07-01 18:30:22,2025-07-01 18:30:23,GTSTT,GTSTT,ok,0.0
17216,4134.7,4134.7,2025-07-01 18:30:23,2025-07-01 18:30:23,GTSTT,GTIGF,ok,0.0
17217,4134.7,4134.7,2025-07-01 18:30:23,2025-07-01 18:30:23,GTIGF,GTSTT,ok,0.0
17218,4134.7,4134.7,2025-07-01 18:30:23,2025-07-01 18:30:24,GTSTT,GTIGN,ok,0.0
17219,4134.7,4134.7,2025-07-01 18:30:24,2025-07-01 18:30:24,GTIGN,GTSTT,ok,0.0
17220,4134.7,4134.7,2025-07-01 18:30:24,2025-07-01 18:30:35,GTSTT,GTERI,ok,0.0
17221,4134.7,4134.7,2025-07-01 18:30:35,2025-07-01 18:30:35,GTERI,GTIGL,ok,0.0
17222,4134.7,4134.7,2025-07-01 18:30:35,2025-07-01 18:30:35,GTIGL,GTIGL,ok,0.0
17223,4134.7,4134.7,2025-07-01 18:30:35,2025-07-01 18:30:35,GTIGL,GTIGL,ok,0.0
17224,4134.7,4134.7,2025-07-01 18:30:35,2025-07-01 18:31:37,GTIGL,GTERI,ok,0.0
17226,4134.7,4134.7,2025-07-01 18:31:37,2025-07-01 18:31:52,GTERI,GTERI,ok,0.0
17227,4134.7,4134.7,2025-07-01 18:31:52,2025-07-01 18:31:54,GTERI,GTERI,ok,0.0
17228,4134.7,4134.7,2025-07-01 18:31:54,2025-07-01 18:31:59,GTERI,GTERI,ok,0.0
17229,4134.7,4134.7,2025-07-01 18:31:59,2025-07-01 18:32:01,GTERI,GTERI,ok,0.0
17230,4134.7,4134.7,2025-07-01 18:32:01,2025-07-01 18:32:30,GTERI,GTERI,ok,0.0
17231,4134.7,4134.7,2025-07-01 18:32:30,2025-07-01 18:32:32,GTERI,GTERI,ok,0.0
17232,4134.7,4134.9,2025-07-01 18:32:32,2025-07-01 18:32:58,GTERI,GTERI,ok,0.1999999999998181
17233,4134.9,4135.0,2025-07-01 18:32:58,2025-07-01 18:33:01,GTERI,GTERI,ok,0.1000000000003638
17234,4135.0,4135.0,2025-07-01 18:33:01,2025-07-01 18:33:08,GTERI,GTERI,ok,0.0
17235,4135.0,4135.0,2025-07-01 18:33:08,2025-07-01 18:33:11,GTERI,GTERI,ok,0.0
17236,4135.0,4135.2,2025-07-01 18:33:11,2025-07-01 18:33:33,GTERI,GTERI,ok,0.1999999999998181
17238,4135.2,4135.7,2025-07-01 18:33:33,2025-07-01 18:34:43,GTERI,GTERI,ok,0.5
17240,4135.7,4137.0,2025-07-01 18:34:43,2025-07-01 18:36:33,GTERI,GTERI,ok,1.300000000000182
17242,4137.0,4136.8,2025-07-01 18:36:33,2025-07-01 18:36:58,GTERI,GTPNR,regressão,-0.1999999999998181
17244,4136.8,4136.8,2025-07-01 18:36:58,2025-07-01 18:37:00,GTPNR,GTSTT,ok,0.0
17245,4136.8,4136.8,2025-07-01 18:37:00,2025-07-01 18:37:06,GTSTT,GTRTL,ok,0.0
17246,4136.8,4136.8,2025-07-01 18:37:06,2025-07-01 18:37:06,GTRTL,GTERI,ok,0.0
17247,4136.8,4136.8,2025-07-01 18:37:06,2025-07-01 18:37:41,GTERI,GTERI,ok,0.0
17248,4136.8,4136.8,2025-07-01 18:37:41,2025-07-01 18:37:42,GTERI,GTERI,ok,0.0
17249,4136.8,4136.9,2025-07-01 18:37:42,2025-07-01 18:37:49,GTERI,GTERI,ok,0.0999999999994543
17250,4136.9,4136.9,2025-07-01 18:37:49,2025-07-01 18:37:52,GTERI,GTERI,ok,0.0
17251,4136.9,4136.9,2025-07-01 18:37:52,2025-07-01 18:37:54,GTERI,GTERI,ok,0.0
17253,4136.9,4138.3,2025-07-01 18:37:54,2025-07-01 18:39:11,GTERI,GTERI,ok,1.4000000000005457
17254,4138.3,4139.4,2025-07-01 18:39:11,2025-07-01 18:40:06,GTERI,GTERI,ok,1.0999999999994543
17255,4139.4,4139.6,2025-07-01 18:40:06,2025-07-01 18:40:23,GTERI,GTERI,ok,0.2000000000007276
17257,4139.6,4140.8,2025-07-01 18:40:23,2025-07-01 18:41:52,GTERI,GTERI,ok,1.199999999999818
17258,4140.8,4141.1,2025-07-01 18:41:52,2025-07-01 18:42:20,GTERI,GTERI,ok,0.3000000000001819
17260,4141.1,4141.4,2025-07-01 18:42:20,2025-07-01 18:43:06,GTERI,GTERI,ok,0.2999999999992724
17261,4141.4,4141.4,2025-07-01 18:43:06,2025-07-01 18:43:06,GTERI,GTERI,ok,0.0
17262,4141.4,4141.7,2025-07-01 18:43:06,2025-07-01 18:43:25,GTERI,GTERI,ok,0.3000000000001819
17263,4141.7,4142.1,2025-07-01 18:43:25,2025-07-01 18:43:55,GTERI,GTERI,ok,0.4000000000005457
17265,4142.1,4142.6,2025-07-01 18:43:55,2025-07-01 18:45:10,GTERI,GTERI,ok,0.5
17266,4142.6,4142.6,2025-07-01 18:45:10,2025-07-01 18:45:11,GTERI,GTERI,ok,0.0
17267,4142.6,4142.8,2025-07-01 18:45:11,2025-07-01 18:45:30,GTERI,GTERI,ok,0.1999999999998181
17268,4142.8,4142.8,2025-07-01 18:45:30,2025-07-01 18:45:33,GTERI,GTERI,ok,0.0
17269,4142.8,4143.0,2025-07-01 18:45:33,2025-07-01 18:46:06,GTERI,GTERI,ok,0.1999999999998181
17270,4143.0,4143.3,2025-07-01 18:46:06,2025-07-01 18:46:42,GTERI,GTERI,ok,0.3000000000001819
17271,4143.3,4143.3,2025-07-01 18:46:42,2025-07-01 18:46:45,GTERI,GTERI,ok,0.0
17273,4143.3,4143.4,2025-07-01 18:46:45,2025-07-01 18:47:31,GTERI,GTERI,ok,0.0999999999994543
17274,4143.4,4143.4,2025-07-01 18:47:31,2025-07-01 18:48:03,GTERI,GTIGF,ok,0.0
17275,4143.4,4143.4,2025-07-01 18:48:03,2025-07-01 18:48:03,GTIGF,GTSTT,ok,0.0
17276,4143.4,4143.4,2025-07-01 18:48:03,2025-07-01 18:48:03,GTSTT,GTERI,ok,0.0
17277,4143.4,4143.4,2025-07-01 18:48:03,2025-07-01 18:48:03,GTERI,GTIGL,ok,0.0
17278,4143.4,4143.4,2025-07-01 18:48:03,2025-07-01 18:48:30,GTIGL,GTIGN,ok,0.0
17279,4143.4,4143.4,2025-07-01 18:48:30,2025-07-01 18:48:30,GTIGN,GTSTT,ok,0.0
17280,4143.4,4143.4,2025-07-01 18:48:30,2025-07-01 18:48:31,GTSTT,GTIGL,ok,0.0
17281,4143.4,4143.4,2025-07-01 18:48:31,2025-07-01 18:48:35,GTIGL,GTERI,ok,0.0
17283,4143.4,4143.4,2025-07-01 18:48:35,2025-07-01 18:50:25,GTERI,GTIGF,ok,0.0
17284,4143.4,4143.4,2025-07-01 18:50:25,2025-07-01 18:50:25,GTIGF,GTSTT,ok,0.0
17285,4143.4,4143.4,2025-07-01 18:50:25,2025-07-01 18:50:25,GTSTT,GTERI,ok,0.0
17286,4143.4,4143.4,2025-07-01 18:50:25,2025-07-01 18:50:25,GTERI,GTIGL,ok,0.0
17287,4143.4,4143.4,2025-07-01 18:50:25,2025-07-01 18:50:26,GTIGL,GTIGN,ok,0.0
17288,4143.4,4143.4,2025-07-01 18:50:26,2025-07-01 18:50:26,GTIGN,GTSTT,ok,0.0
17289,4143.4,4143.4,2025-07-01 18:50:26,2025-07-01 18:50:27,GTSTT,GTIGL,ok,0.0
17290,4143.4,4143.4,2025-07-01 18:50:27,2025-07-01 18:50:30,GTIGL,GTERI,ok,0.0
17291,4143.4,4143.4,2025-07-01 18:50:30,2025-07-01 18:50:39,GTERI,GTIGF,ok,0.0
17292,4143.4,4143.4,2025-07-01 18:50:39,2025-07-01 18:50:39,GTIGF,GTSTT,ok,0.0
17293,4143.4,4143.4,2025-07-01 18:50:39,2025-07-01 18:50:39,GTSTT,GTERI,ok,0.0
17294,4143.4,4143.4,2025-07-01 18:50:39,2025-07-01 18:50:40,GTERI,GTIGL,ok,0.0
17296,4143.4,4143.4,2025-07-01 18:50:40,2025-07-01 18:51:20,GTIGL,GTIGN,ok,0.0
17297,4143.4,4143.4,2025-07-01 18:51:20,2025-07-01 18:51:20,GTIGN,GTSTT,ok,0.0
17298,4143.4,4143.4,2025-07-01 18:51:20,2025-07-01 18:51:20,GTSTT,GTIGL,ok,0.0
17299,4143.4,4143.4,2025-07-01 18:51:20,2025-07-01 18:51:20,GTIGL,GTIGF,ok,0.0
17300,4143.4,4143.4,2025-07-01 18:51:20,2025-07-01 18:51:20,GTIGF,GTSTT,ok,0.0
17301,4143.4,4143.4,2025-07-01 18:51:20,2025-07-01 18:51:21,GTSTT,GTIGL,ok,0.0
17302,4143.4,4143.4,2025-07-01 18:51:21,2025-07-01 18:51:22,GTIGL,GTIGN,ok,0.0
17303,4143.4,4143.4,2025-07-01 18:51:22,2025-07-01 18:51:22,GTIGN,GTSTT,ok,0.0
17304,4143.4,4143.4,2025-07-01 18:51:22,2025-07-01 18:51:22,GTSTT,GTIGL,ok,0.0
17305,4143.4,4143.4,2025-07-01 18:51:22,2025-07-01 18:51:26,GTIGL,GTERI,ok,0.0
17306,4143.4,4143.4,2025-07-01 18:51:26,2025-07-01 18:51:36,GTERI,GTERI,ok,0.0
17307,4143.4,4143.4,2025-07-01 18:51:36,2025-07-01 18:51:37,GTERI,GTERI,ok,0.0
17308,4143.4,4143.4,2025-07-01 18:51:37,2025-07-01 18:51:41,GTERI,GTERI,ok,0.0
17309,4143.4,4143.4,2025-07-01 18:51:41,2025-07-01 18:51:44,GTERI,GTERI,ok,0.0
17310,4143.4,4143.4,2025-07-01 18:51:44,2025-07-01 18:51:47,GTERI,GTERI,ok,0.0
17311,4143.4,4143.4,2025-07-01 18:51:47,2025-07-01 18:51:50,GTERI,GTERI,ok,0.0
17312,4143.4,4143.4,2025-07-01 18:51:50,2025-07-01 18:51:54,GTERI,GTERI,ok,0.0
17317,4143.4,4143.4,2025-07-01 18:51:54,2025-07-01 18:53:35,GTERI,GTIGF,ok,0.0
17318,4143.4,4143.4,2025-07-01 18:53:35,2025-07-01 18:53:35,GTIGF,GTSTT,ok,0.0
17319,4143.4,4143.4,2025-07-01 18:53:35,2025-07-01 18:53:39,GTSTT,GTERI,ok,0.0
17320,4143.4,4143.4,2025-07-01 18:53:39,2025-07-01 18:53:39,GTERI,GTIGL,ok,0.0
17321,4143.4,4143.4,2025-07-01 18:53:39,2025-07-01 18:54:21,GTIGL,GTSTT,ok,0.0
17322,4143.4,4143.4,2025-07-01 18:54:21,2025-07-01 19:51:25,GTSTT,GTDOG,ok,0.0
17316,4143.4,4143.4,2025-07-01 19:51:25,2025-07-01 19:51:56,GTDOG,GTPFR,ok,0.0
17325,4143.4,4143.4,2025-07-01 19:51:56,2025-07-01 19:53:48,GTPFR,GTPNR,ok,0.0
17326,4143.4,4143.4,2025-07-01 19:53:48,2025-07-01 19:56:20,GTPNR,GTRTL,ok,0.0
17327,4143.4,4143.4,2025-07-01 19:56:20,2025-07-01 19:56:20,GTRTL,GTERI,ok,0.0
17328,4143.4,4143.4,2025-07-01 19:56:20,2025-07-01 20:53:47,GTERI,GTERI,ok,0.0
17329,4143.4,4143.4,2025-07-01 20:53:47,2025-07-01 20:54:18,GTERI,GTDOG,ok,0.0
17324,4143.4,4143.4,2025-07-01 20:54:18,2025-07-01 20:54:48,GTDOG,GTPFR,ok,0.0
17332,4143.4,4143.4,2025-07-01 20:54:48,2025-07-01 20:56:40,GTPFR,GTPNR,ok,0.0
17333,4143.4,4143.4,2025-07-01 20:56:40,2025-07-01 20:59:12,GTPNR,GTRTL,ok,0.0
17334,4143.4,4143.4,2025-07-01 20:59:12,2025-07-01 20:59:12,GTRTL,GTERI,ok,0.0
17335,4143.4,4143.4,2025-07-01 20:59:12,2025-07-01 21:56:39,GTERI,GTERI,ok,0.0
17336,4143.4,4143.4,2025-07-01 21:56:39,2025-07-01 21:57:34,GTERI,GTDOG,ok,0.0
17331,4143.4,4143.4,2025-07-01 21:57:34,2025-07-01 21:58:04,GTDOG,GTPFR,ok,0.0
17339,4143.4,4143.4,2025-07-01 21:58:04,2025-07-01 21:59:56,GTPFR,GTPNR,ok,0.0
17340,4143.4,4143.4,2025-07-01 21:59:56,2025-07-01 22:02:28,GTPNR,GTRTL,ok,0.0
17341,4143.4,4143.4,2025-07-01 22:02:28,2025-07-01 22:02:28,GTRTL,GTERI,ok,0.0
17342,4143.4,4143.4,2025-07-01 22:02:28,2025-07-01 22:59:55,GTERI,GTERI,ok,0.0
17343,4143.4,4143.4,2025-07-01 22:59:55,2025-07-01 23:00:34,GTERI,GTDOG,ok,0.0
17338,4143.4,4143.4,2025-07-01 23:00:34,2025-07-01 23:01:04,GTDOG,GTPFR,ok,0.0
17346,4143.4,4143.4,2025-07-01 23:01:04,2025-07-01 23:02:56,GTPFR,GTPNR,ok,0.0
17347,4143.4,4143.4,2025-07-01 23:02:56,2025-07-01 23:05:28,GTPNR,GTRTL,ok,0.0
17348,4143.4,4143.4,2025-07-01 23:05:28,2025-07-01 23:05:28,GTRTL,GTERI,ok,0.0
17349,4143.4,4143.4,2025-07-01 23:05:28,2025-07-02 00:02:55,GTERI,GTERI,ok,0.0
17350,4143.4,4143.4,2025-07-02 00:02:55,2025-07-02 00:03:37,GTERI,GTDOG,ok,0.0
17345,4143.4,4143.4,2025-07-02 00:03:37,2025-07-02 00:04:07,GTDOG,GTPFR,ok,0.0
17353,4143.4,4143.4,2025-07-02 00:04:07,2025-07-02 00:05:59,GTPFR,GTPNR,ok,0.0
17354,4143.4,4143.4,2025-07-02 00:05:59,2025-07-02 00:08:31,GTPNR,GTRTL,ok,0.0
17355,4143.4,4143.4,2025-07-02 00:08:31,2025-07-02 00:08:31,GTRTL,GTERI,ok,0.0
17356,4143.4,4143.4,2025-07-02 00:08:31,2025-07-02 01:05:58,GTERI,GTERI,ok,0.0
17357,4143.4,4143.4,2025-07-02 01:05:58,2025-07-02 01:06:28,GTERI,GTDOG,ok,0.0
17352,4143.4,4143.4,2025-07-02 01:06:28,2025-07-02 01:06:58,GTDOG,GTPFR,ok,0.0
17360,4143.4,4143.4,2025-07-02 01:06:58,2025-07-02 01:08:51,GTPFR,GTPNR,ok,0.0
17361,4143.4,4143.4,2025-07-02 01:08:51,2025-07-02 01:11:23,GTPNR,GTRTL,ok,0.0
17362,4143.4,4143.4,2025-07-02 01:11:23,2025-07-02 01:11:23,GTRTL,GTERI,ok,0.0
17363,4143.4,4143.4,2025-07-02 01:11:23,2025-07-02 02:08:50,GTERI,GTERI,ok,0.0
17364,4143.4,4143.4,2025-07-02 02:08:50,2025-07-02 02:09:20,GTERI,GTDOG,ok,0.0
17359,4143.4,4143.4,2025-07-02 02:09:20,2025-07-02 02:09:51,GTDOG,GTPFR,ok,0.0
17367,4143.4,4143.4,2025-07-02 02:09:51,2025-07-02 02:11:43,GTPFR,GTPNR,ok,0.0
17368,4143.4,4143.4,2025-07-02 02:11:43,2025-07-02 02:14:15,GTPNR,GTRTL,ok,0.0
17369,4143.4,4143.4,2025-07-02 02:14:15,2025-07-02 02:14:15,GTRTL,GTERI,ok,0.0
17370,4143.4,4143.4,2025-07-02 02:14:15,2025-07-02 03:12:07,GTERI,GTERI,ok,0.0
17371,4143.4,4143.4,2025-07-02 03:12:07,2025-07-02 03:12:11,GTERI,GTDOG,ok,0.0
17366,4143.4,4143.4,2025-07-02 03:12:11,2025-07-02 03:12:41,GTDOG,GTPFR,ok,0.0
17374,4143.4,4143.4,2025-07-02 03:12:41,2025-07-02 03:14:33,GTPFR,GTPNR,ok,0.0
17375,4143.4,4143.4,2025-07-02 03:14:33,2025-07-02 03:17:05,GTPNR,GTRTL,ok,0.0
17376,4143.4,4143.4,2025-07-02 03:17:05,2025-07-02 03:17:05,GTRTL,GTERI,ok,0.0
17377,4143.4,4143.4,2025-07-02 03:17:05,2025-07-02 04:14:32,GTERI,GTERI,ok,0.0
17378,4143.4,4143.4,2025-07-02 04:14:32,2025-07-02 04:15:51,GTERI,GTDOG,ok,0.0
17373,4143.4,4143.4,2025-07-02 04:15:51,2025-07-02 04:16:21,GTDOG,GTPFR,ok,0.0
17381,4143.4,4143.4,2025-07-02 04:16:21,2025-07-02 04:18:13,GTPFR,GTPNR,ok,0.0
17382,4143.4,4143.4,2025-07-02 04:18:13,2025-07-02 04:20:45,GTPNR,GTRTL,ok,0.0
17383,4143.4,4143.4,2025-07-02 04:20:45,2025-07-02 04:20:45,GTRTL,GTERI,ok,0.0
17384,4143.4,4143.4,2025-07-02 04:20:45,2025-07-02 05:18:27,GTERI,GTERI,ok,0.0
17385,4143.4,4143.4,2025-07-02 05:18:27,2025-07-02 05:18:43,GTERI,GTDOG,ok,0.0
17380,4143.4,4143.4,2025-07-02 05:18:43,2025-07-02 05:19:13,GTDOG,GTPFR,ok,0.0
17388,4143.4,4143.4,2025-07-02 05:19:13,2025-07-02 05:21:06,GTPFR,GTPNR,ok,0.0
17389,4143.4,4143.4,2025-07-02 05:21:06,2025-07-02 05:23:38,GTPNR,GTRTL,ok,0.0
17390,4143.4,4143.4,2025-07-02 05:23:38,2025-07-02 05:23:38,GTRTL,GTERI,ok,0.0
17391,4143.4,4143.4,2025-07-02 05:23:38,2025-07-02 06:21:05,GTERI,GTERI,ok,0.0
17392,4143.4,4143.4,2025-07-02 06:21:05,2025-07-02 06:21:40,GTERI,GTDOG,ok,0.0
17387,4143.4,4143.4,2025-07-02 06:21:40,2025-07-02 06:22:10,GTDOG,GTPFR,ok,0.0
17395,4143.4,4143.4,2025-07-02 06:22:10,2025-07-02 06:24:02,GTPFR,GTPNR,ok,0.0
17396,4143.4,4143.4,2025-07-02 06:24:02,2025-07-02 06:26:34,GTPNR,GTRTL,ok,0.0
17397,4143.4,4143.4,2025-07-02 06:26:34,2025-07-02 06:26:34,GTRTL,GTERI,ok,0.0
17398,4143.4,4143.4,2025-07-02 06:26:34,2025-07-02 07:24:01,GTERI,GTERI,ok,0.0
17399,4143.4,4143.4,2025-07-02 07:24:01,2025-07-02 07:24:59,GTERI,GTDOG,ok,0.0
17394,4143.4,4143.4,2025-07-02 07:24:59,2025-07-02 07:25:29,GTDOG,GTPFR,ok,0.0
17400,4143.4,4143.4,2025-07-02 07:25:29,2025-07-02 07:27:21,GTPFR,GTPNR,ok,0.0
17401,4143.4,4143.4,2025-07-02 07:27:21,2025-07-02 07:29:52,GTPNR,GTRTL,ok,0.0
17402,4143.4,4143.4,2025-07-02 07:29:52,2025-07-02 07:29:52,GTRTL,GTERI,ok,0.0
17314,4143.4,4143.4,2025-07-02 07:29:52,2025-07-02 07:30:26,GTERI,GTPDP,ok,0.0
17403,4143.4,4143.4,2025-07-02 07:30:26,2025-07-02 07:51:44,GTPDP,GTIGN,ok,0.0
17404,4143.4,4143.4,2025-07-02 07:51:44,2025-07-02 07:51:44,GTIGN,GTSTT,ok,0.0
17405,4143.4,4143.4,2025-07-02 07:51:44,2025-07-02 07:51:44,GTSTT,GTIGF,ok,0.0
17406,4143.4,4143.4,2025-07-02 07:51:44,2025-07-02 07:51:44,GTIGF,GTSTT,ok,0.0
17407,4143.4,4143.4,2025-07-02 07:51:44,2025-07-02 07:51:46,GTSTT,GTIGN,ok,0.0
17408,4143.4,4143.4,2025-07-02 07:51:46,2025-07-02 07:51:46,GTIGN,GTSTT,ok,0.0
17409,4143.4,4143.4,2025-07-02 07:51:46,2025-07-02 07:53:44,GTSTT,GTERI,ok,0.0
17410,4143.4,4143.4,2025-07-02 07:53:44,2025-07-02 07:53:44,GTERI,GTIGL,ok,0.0
17411,4143.4,4143.4,2025-07-02 07:53:44,2025-07-02 07:53:44,GTIGL,GTIGL,ok,0.0
17412,4143.4,4143.4,2025-07-02 07:53:44,2025-07-02 07:53:44,GTIGL,GTIGL,ok,0.0
17413,4143.4,4143.4,2025-07-02 07:53:44,2025-07-02 07:54:27,GTIGL,GTERI,ok,0.0
17414,4143.4,4143.4,2025-07-02 07:54:27,2025-07-02 07:54:34,GTERI,GTERI,ok,0.0
17415,4143.4,4143.4,2025-07-02 07:54:34,2025-07-02 07:54:36,GTERI,GTERI,ok,0.0
17416,4143.4,4143.4,2025-07-02 07:54:36,2025-07-02 07:54:51,GTERI,GTERI,ok,0.0
17419,4143.4,4143.4,2025-07-02 07:54:51,2025-07-02 07:57:51,GTERI,GTERI,ok,0.0
17420,4143.4,4143.4,2025-07-02 07:57:51,2025-07-02 07:59:14,GTERI,GTERI,ok,0.0
17422,4143.4,4143.4,2025-07-02 07:59:14,2025-07-02 08:00:05,GTERI,GTERI,ok,0.0
17423,4143.4,4143.4,2025-07-02 08:00:05,2025-07-02 08:00:07,GTERI,GTERI,ok,0.0
17424,4143.4,4143.4,2025-07-02 08:00:07,2025-07-02 08:00:51,GTERI,GTERI,ok,0.0
17426,4143.4,4143.4,2025-07-02 08:00:51,2025-07-02 08:01:30,GTERI,GTERI,ok,0.0
17427,4143.4,4143.4,2025-07-02 08:01:30,2025-07-02 08:01:32,GTERI,GTERI,ok,0.0
17428,4143.4,4143.5,2025-07-02 08:01:32,2025-07-02 08:02:02,GTERI,GTERI,ok,0.1000000000003638
17429,4143.5,4143.5,2025-07-02 08:02:02,2025-07-02 08:02:29,GTERI,GTERI,ok,0.0
17430,4143.5,4143.5,2025-07-02 08:02:29,2025-07-02 08:02:31,GTERI,GTERI,ok,0.0
17431,4143.5,4143.7,2025-07-02 08:02:31,2025-07-02 08:03:15,GTERI,GTERI,ok,0.1999999999998181
17432,4143.7,4143.7,2025-07-02 08:03:15,2025-07-02 08:03:29,GTERI,GTERI,ok,0.0
17434,4143.7,4143.8,2025-07-02 08:03:29,2025-07-02 08:03:34,GTERI,GTERI,ok,0.1000000000003638
17435,4143.8,4143.9,2025-07-02 08:03:34,2025-07-02 08:03:46,GTERI,GTERI,ok,0.0999999999994543
17436,4143.9,4143.9,2025-07-02 08:03:46,2025-07-02 08:03:51,GTERI,GTERI,ok,0.0
17438,4143.9,4144.4,2025-07-02 08:03:51,2025-07-02 08:06:51,GTERI,GTERI,ok,0.5
17441,4144.4,4146.7,2025-07-02 08:06:51,2025-07-02 08:09:51,GTERI,GTERI,ok,2.300000000000182
17442,4146.7,4147.9,2025-07-02 08:09:51,2025-07-02 08:11:15,GTERI,GTERI,ok,1.199999999999818
17444,4147.9,4148.0,2025-07-02 08:11:15,2025-07-02 08:12:51,GTERI,GTERI,ok,0.1000000000003638
17446,4148.0,4148.1,2025-07-02 08:12:51,2025-07-02 08:13:40,GTERI,GTERI,ok,0.1000000000003638
17447,4148.1,4148.1,2025-07-02 08:13:40,2025-07-02 08:13:42,GTERI,GTERI,ok,0.0
17448,4148.1,4148.1,2025-07-02 08:13:42,2025-07-02 08:13:44,GTERI,GTERI,ok,0.0
17449,4148.1,4148.1,2025-07-02 08:13:44,2025-07-02 08:13:48,GTERI,GTERI,ok,0.0
17450,4148.1,4148.2,2025-07-02 08:13:48,2025-07-02 08:14:06,GTERI,GTERI,ok,0.0999999999994543
17451,4148.2,4148.2,2025-07-02 08:14:06,2025-07-02 08:14:47,GTERI,GTERI,ok,0.0
17452,4148.2,4148.2,2025-07-02 08:14:47,2025-07-02 08:14:50,GTERI,GTERI,ok,0.0
17453,4148.2,4148.2,2025-07-02 08:14:50,2025-07-02 08:14:52,GTERI,GTERI,ok,0.0
17454,4148.2,4148.2,2025-07-02 08:14:52,2025-07-02 08:14:54,GTERI,GTERI,ok,0.0
17455,4148.2,4148.2,2025-07-02 08:14:54,2025-07-02 08:15:07,GTERI,GTERI,ok,0.0
17457,4148.2,4148.2,2025-07-02 08:15:07,2025-07-02 08:15:51,GTERI,GTERI,ok,0.0
17459,4148.2,4148.2,2025-07-02 08:15:51,2025-07-02 08:18:43,GTERI,GTSTT,ok,0.0
17460,4148.2,4148.2,2025-07-02 08:18:43,2025-07-02 08:18:47,GTSTT,GTSTT,ok,0.0
17461,4148.2,4148.2,2025-07-02 08:18:47,2025-07-02 08:18:51,GTSTT,GTERI,ok,0.0
17463,4148.2,4148.2,2025-07-02 08:18:51,2025-07-02 08:19:44,GTERI,GTIGF,ok,0.0
17464,4148.2,4148.2,2025-07-02 08:19:44,2025-07-02 08:19:44,GTIGF,GTSTT,ok,0.0
17465,4148.2,4148.2,2025-07-02 08:19:44,2025-07-02 08:19:44,GTSTT,GTERI,ok,0.0
17466,4148.2,4148.2,2025-07-02 08:19:44,2025-07-02 08:19:44,GTERI,GTIGL,ok,0.0
17467,4148.2,4148.2,2025-07-02 08:19:44,2025-07-02 08:20:19,GTIGL,GTSTT,ok,0.0
17470,4148.2,4148.2,2025-07-02 08:20:19,2025-07-02 08:24:28,GTSTT,GTIGN,ok,0.0
17471,4148.2,4148.2,2025-07-02 08:24:28,2025-07-02 08:24:28,GTIGN,GTSTT,ok,0.0
17472,4148.2,4148.2,2025-07-02 08:24:28,2025-07-02 08:24:28,GTSTT,GTSTT,ok,0.0
17473,4148.2,4148.2,2025-07-02 08:24:28,2025-07-02 08:24:28,GTSTT,GTIGL,ok,0.0
17474,4148.2,4148.2,2025-07-02 08:24:28,2025-07-02 08:24:31,GTIGL,GTIGF,ok,0.0
17475,4148.2,4148.2,2025-07-02 08:24:31,2025-07-02 08:24:31,GTIGF,GTSTT,ok,0.0
17476,4148.2,4148.2,2025-07-02 08:24:31,2025-07-02 08:24:32,GTSTT,GTIGL,ok,0.0
17477,4148.2,4148.2,2025-07-02 08:24:32,2025-07-02 08:24:32,GTIGL,GTIGN,ok,0.0
17478,4148.2,4148.2,2025-07-02 08:24:32,2025-07-02 08:24:32,GTIGN,GTSTT,ok,0.0
17479,4148.2,4148.2,2025-07-02 08:24:32,2025-07-02 08:24:33,GTSTT,GTIGL,ok,0.0
17480,4148.2,4148.2,2025-07-02 08:24:33,2025-07-02 08:24:36,GTIGL,GTERI,ok,0.0
17482,4148.2,4148.2,2025-07-02 08:24:36,2025-07-02 08:25:58,GTERI,GTERI,ok,0.0
17483,4148.2,4148.2,2025-07-02 08:25:58,2025-07-02 08:26:00,GTERI,GTERI,ok,0.0
17484,4148.2,4148.3,2025-07-02 08:26:00,2025-07-02 08:26:04,GTERI,GTERI,ok,0.1000000000003638
17485,4148.3,4148.3,2025-07-02 08:26:04,2025-07-02 08:26:50,GTERI,GTERI,ok,0.0
17486,4148.3,4148.3,2025-07-02 08:26:50,2025-07-02 08:26:52,GTERI,GTERI,ok,0.0
17487,4148.3,4148.3,2025-07-02 08:26:52,2025-07-02 08:27:30,GTERI,GTIGF,ok,0.0
17488,4148.3,4148.3,2025-07-02 08:27:30,2025-07-02 08:27:30,GTIGF,GTSTT,ok,0.0
17489,4148.3,4148.3,2025-07-02 08:27:30,2025-07-02 08:27:30,GTSTT,GTERI,ok,0.0
17490,4148.3,4148.3,2025-07-02 08:27:30,2025-07-02 08:27:30,GTERI,GTIGL,ok,0.0
17492,4148.3,4148.3,2025-07-02 08:27:30,2025-07-02 08:27:56,GTIGL,GTIGN,ok,0.0
17493,4148.3,4148.3,2025-07-02 08:27:56,2025-07-02 08:27:56,GTIGN,GTSTT,ok,0.0
17494,4148.3,4148.3,2025-07-02 08:27:56,2025-07-02 08:27:57,GTSTT,GTIGL,ok,0.0
17495,4148.3,4148.3,2025-07-02 08:27:57,2025-07-02 08:28:00,GTIGL,GTERI,ok,0.0
17496,4148.3,4148.3,2025-07-02 08:28:00,2025-07-02 08:28:01,GTERI,GTIGF,ok,0.0
17497,4148.3,4148.3,2025-07-02 08:28:01,2025-07-02 08:28:01,GTIGF,GTSTT,ok,0.0
17498,4148.3,4148.3,2025-07-02 08:28:01,2025-07-02 08:28:01,GTSTT,GTERI,ok,0.0
17499,4148.3,4148.3,2025-07-02 08:28:01,2025-07-02 08:28:01,GTERI,GTIGL,ok,0.0
17500,4148.3,4148.3,2025-07-02 08:28:01,2025-07-02 08:28:02,GTIGL,GTIGN,ok,0.0
17501,4148.3,4148.3,2025-07-02 08:28:02,2025-07-02 08:28:02,GTIGN,GTSTT,ok,0.0
17502,4148.3,4148.3,2025-07-02 08:28:02,2025-07-02 08:28:02,GTSTT,GTIGL,ok,0.0
17503,4148.3,4148.3,2025-07-02 08:28:02,2025-07-02 08:28:05,GTIGL,GTERI,ok,0.0
17504,4148.3,4148.4,2025-07-02 08:28:05,2025-07-02 08:29:19,GTERI,GTERI,ok,0.0999999999994543
17505,4148.4,4148.5,2025-07-02 08:29:19,2025-07-02 08:29:25,GTERI,GTERI,ok,0.1000000000003638
17506,4148.5,4148.5,2025-07-02 08:29:25,2025-07-02 08:29:30,GTERI,GTERI,ok,0.0
17508,4148.5,4148.5,2025-07-02 08:29:30,2025-07-02 08:29:35,GTERI,GTERI,ok,0.0
17509,4148.5,4148.6,2025-07-02 08:29:35,2025-07-02 08:29:55,GTERI,GTERI,ok,0.1000000000003638
17510,4148.6,4148.6,2025-07-02 08:29:55,2025-07-02 08:29:57,GTERI,GTERI,ok,0.0
17511,4148.6,4148.9,2025-07-02 08:29:57,2025-07-02 08:30:37,GTERI,GTERI,ok,0.2999999999992724
17512,4148.9,4148.9,2025-07-02 08:30:37,2025-07-02 08:30:39,GTERI,GTERI,ok,0.0
17513,4148.9,4148.9,2025-07-02 08:30:39,2025-07-02 08:30:41,GTERI,GTERI,ok,0.0
17514,4148.9,4149.1,2025-07-02 08:30:41,2025-07-02 08:31:07,GTERI,GTERI,ok,0.2000000000007276
17518,4149.1,4150.5,2025-07-02 08:31:07,2025-07-02 08:32:36,GTERI,GTERI,ok,1.3999999999996362
17517,4150.5,4150.5,2025-07-02 08:32:36,2025-07-02 08:32:36,GTERI,GTPDP,ok,0.0
17519,4150.5,4150.7,2025-07-02 08:32:36,2025-07-02 08:32:48,GTPDP,GTERI,ok,0.1999999999998181
17520,4150.7,4150.8,2025-07-02 08:32:48,2025-07-02 08:32:55,GTERI,GTERI,ok,0.1000000000003638
17521,4150.8,4151.6,2025-07-02 08:32:55,2025-07-02 08:33:37,GTERI,GTERI,ok,0.8000000000001819
17522,4151.6,4152.5,2025-07-02 08:33:37,2025-07-02 08:34:09,GTERI,GTERI,ok,0.8999999999996362
17524,4152.5,4155.9,2025-07-02 08:34:09,2025-07-02 08:36:08,GTERI,GTERI,ok,3.399999999999636
17526,4155.9,4157.7,2025-07-02 08:36:08,2025-07-02 08:37:09,GTERI,GTERI,ok,1.800000000000182
17527,4157.7,4159.6,2025-07-02 08:37:09,2025-07-02 08:38:15,GTERI,GTERI,ok,1.9000000000005457
17528,4159.6,4160.7,2025-07-02 08:38:15,2025-07-02 08:39:05,GTERI,GTERI,ok,1.0999999999994543
17530,4160.7,4160.7,2025-07-02 08:39:05,2025-07-02 08:39:09,GTERI,GTERI,ok,0.0
17531,4160.7,4160.7,2025-07-02 08:39:09,2025-07-02 08:39:12,GTERI,GTERI,ok,0.0
17532,4160.7,4160.8,2025-07-02 08:39:12,2025-07-02 08:39:17,GTERI,GTERI,ok,0.1000000000003638
17533,4160.8,4160.8,2025-07-02 08:39:17,2025-07-02 08:39:24,GTERI,GTERI,ok,0.0
17534,4160.8,4160.9,2025-07-02 08:39:24,2025-07-02 08:39:26,GTERI,GTERI,ok,0.0999999999994543
17535,4160.9,4160.9,2025-07-02 08:39:26,2025-07-02 08:39:30,GTERI,GTERI,ok,0.0
17536,4160.9,4160.9,2025-07-02 08:39:30,2025-07-02 08:39:35,GTERI,GTERI,ok,0.0
17537,4160.9,4161.6,2025-07-02 08:39:35,2025-07-02 08:40:09,GTERI,GTERI,ok,0.7000000000007276
17540,4161.6,4166.3,2025-07-02 08:40:09,2025-07-02 08:43:09,GTERI,GTERI,ok,4.699999999999818
17544,4166.3,4168.9,2025-07-02 08:43:09,2025-07-02 08:45:08,GTERI,GTPDP,ok,2.5999999999994543
17547,4168.9,4170.5,2025-07-02 08:45:08,2025-07-02 08:46:09,GTPDP,GTERI,ok,1.6000000000003638
17546,4170.5,4170.5,2025-07-02 08:46:09,2025-07-02 08:46:09,GTERI,GTPDP,ok,0.0
17549,4170.5,4174.7,2025-07-02 08:46:09,2025-07-02 08:48:40,GTPDP,GTPDP,ok,4.199999999999818
17550,4174.7,4175.0,2025-07-02 08:48:40,2025-07-02 08:48:50,GTPDP,GTERI,ok,0.3000000000001819
17551,4175.0,4175.6,2025-07-02 08:48:50,2025-07-02 08:49:10,GTERI,GTERI,ok,0.6000000000003638
17552,4175.6,4178.0,2025-07-02 08:49:10,2025-07-02 08:50:40,GTERI,GTERI,ok,2.399999999999636
17554,4178.0,4179.3,2025-07-02 08:50:40,2025-07-02 08:51:29,GTERI,GTERI,ok,1.300000000000182
17555,4179.3,4180.3,2025-07-02 08:51:29,2025-07-02 08:52:10,GTERI,GTERI,ok,1.0
17557,4180.3,4184.6,2025-07-02 08:52:10,2025-07-02 08:54:50,GTERI,GTERI,ok,4.300000000000182
17558,4184.6,4185.2,2025-07-02 08:54:50,2025-07-02 08:55:10,GTERI,GTERI,ok,0.5999999999994543
17561,4185.2,4189.5,2025-07-02 08:55:10,2025-07-02 08:57:40,GTERI,GTERI,ok,4.300000000000182
17562,4189.5,4190.5,2025-07-02 08:57:40,2025-07-02 08:58:10,GTERI,GTERI,ok,1.0
17564,4190.5,4195.7,2025-07-02 08:58:10,2025-07-02 09:01:10,GTERI,GTERI,ok,5.199999999999818
17566,4195.7,4196.7,2025-07-02 09:01:10,2025-07-02 09:01:46,GTERI,GTERI,ok,1.0
17567,4196.7,4197.4,2025-07-02 09:01:46,2025-07-02 09:02:09,GTERI,GTERI,ok,0.6999999999998181
17569,4197.4,4199.9,2025-07-02 09:02:09,2025-07-02 09:03:29,GTERI,GTERI,ok,2.5
17570,4199.9,4201.1,2025-07-02 09:03:29,2025-07-02 09:04:10,GTERI,GTERI,ok,1.2000000000007276
17572,4201.1,4203.8,2025-07-02 09:04:10,2025-07-02 09:05:30,GTERI,GTERI,ok,2.699999999999818
17573,4203.8,4205.1,2025-07-02 09:05:30,2025-07-02 09:06:16,GTERI,GTERI,ok,1.300000000000182
17574,4205.1,4206.5,2025-07-02 09:06:16,2025-07-02 09:07:10,GTERI,GTERI,ok,1.3999999999996362
17576,4206.5,4207.7,2025-07-02 09:07:10,2025-07-02 09:07:49,GTERI,GTERI,ok,1.199999999999818
17577,4207.7,4209.4,2025-07-02 09:07:49,2025-07-02 09:09:06,GTERI,GTERI,ok,1.699999999999818
17579,4209.4,4211.3,2025-07-02 09:09:06,2025-07-02 09:10:10,GTERI,GTERI,ok,1.9000000000005457
17580,4211.3,4211.3,2025-07-02 09:10:10,2025-07-02 09:10:10,GTERI,GTERI,ok,0.0
17581,4211.3,4212.3,2025-07-02 09:10:10,2025-07-02 09:10:40,GTERI,GTERI,ok,1.0
17583,4212.3,4215.5,2025-07-02 09:10:40,2025-07-02 09:12:12,GTERI,GTPDP,ok,3.199999999999818
17584,4215.5,4217.4,2025-07-02 09:12:12,2025-07-02 09:13:10,GTPDP,GTERI,ok,1.8999999999996362
17586,4217.4,4221.1,2025-07-02 09:13:10,2025-07-02 09:15:24,GTERI,GTERI,ok,3.7000000000007276
17587,4221.1,4221.9,2025-07-02 09:15:24,2025-07-02 09:16:10,GTERI,GTERI,ok,0.7999999999992724
17591,4221.9,4225.1,2025-07-02 09:16:10,2025-07-02 09:19:10,GTERI,GTERI,ok,3.2000000000007276
17590,4225.1,4225.1,2025-07-02 09:19:10,2025-07-02 09:19:22,GTERI,GTPDP,ok,0.0
17592,4225.1,4227.0,2025-07-02 09:19:22,2025-07-02 09:19:27,GTPDP,GTERI,ok,1.8999999999996362
17594,4227.0,4231.4,2025-07-02 09:19:27,2025-07-02 09:22:10,GTERI,GTERI,ok,4.399999999999636
17595,4231.4,4232.1,2025-07-02 09:22:10,2025-07-02 09:22:37,GTERI,GTERI,ok,0.7000000000007276
17596,4232.1,4233.3,2025-07-02 09:22:37,2025-07-02 09:23:24,GTERI,GTERI,ok,1.199999999999818
17598,4233.3,4235.9,2025-07-02 09:23:24,2025-07-02 09:25:10,GTERI,GTERI,ok,2.5999999999994543
17600,4235.9,4237.1,2025-07-02 09:25:10,2025-07-02 09:25:54,GTERI,GTERI,ok,1.2000000000007276
17601,4237.1,4238.9,2025-07-02 09:25:54,2025-07-02 09:27:14,GTERI,GTERI,ok,1.7999999999992724
17603,4238.9,4240.2,2025-07-02 09:27:14,2025-07-02 09:28:10,GTERI,GTERI,ok,1.300000000000182
17604,4240.2,4241.3,2025-07-02 09:28:10,2025-07-02 09:28:56,GTERI,GTERI,ok,1.1000000000003638
17605,4241.3,4241.8,2025-07-02 09:28:56,2025-07-02 09:29:29,GTERI,GTERI,ok,0.5
17606,4241.8,4242.0,2025-07-02 09:29:29,2025-07-02 09:29:44,GTERI,GTERI,ok,0.1999999999998181
17607,4242.0,4242.1,2025-07-02 09:29:44,2025-07-02 09:29:47,GTERI,GTERI,ok,0.1000000000003638
17608,4242.1,4242.2,2025-07-02 09:29:47,2025-07-02 09:29:51,GTERI,GTERI,ok,0.0999999999994543
17610,4242.2,4242.6,2025-07-02 09:29:51,2025-07-02 09:31:10,GTERI,GTERI,ok,0.4000000000005457
17612,4242.6,4243.2,2025-07-02 09:31:10,2025-07-02 09:32:19,GTERI,GTERI,ok,0.5999999999994543
17614,4243.2,4243.8,2025-07-02 09:32:19,2025-07-02 09:34:10,GTERI,GTERI,ok,0.6000000000003638
17616,4243.8,4246.3,2025-07-02 09:34:10,2025-07-02 09:37:10,GTERI,GTERI,ok,2.5
17617,4246.3,4246.7,2025-07-02 09:37:10,2025-07-02 09:37:27,GTERI,GTERI,ok,0.3999999999996362
17619,4246.7,4248.3,2025-07-02 09:37:27,2025-07-02 09:39:15,GTERI,GTERI,ok,1.6000000000003638
17620,4248.3,4248.6,2025-07-02 09:39:15,2025-07-02 09:39:46,GTERI,GTERI,ok,0.3000000000001819
17621,4248.6,4248.6,2025-07-02 09:39:46,2025-07-02 09:39:51,GTERI,GTERI,ok,0.0
17623,4248.6,4248.6,2025-07-02 09:39:51,2025-07-02 09:39:57,GTERI,GTERI,ok,0.0
17624,4248.6,4248.7,2025-07-02 09:39:57,2025-07-02 09:40:10,GTERI,GTERI,ok,0.0999999999994543
17625,4248.7,4248.9,2025-07-02 09:40:10,2025-07-02 09:40:50,GTERI,GTERI,ok,0.1999999999998181
17626,4248.9,4249.1,2025-07-02 09:40:50,2025-07-02 09:41:35,GTERI,GTERI,ok,0.2000000000007276
17628,4249.1,4249.6,2025-07-02 09:41:35,2025-07-02 09:43:09,GTERI,GTERI,ok,0.5
17629,4249.6,4249.6,2025-07-02 09:43:09,2025-07-02 09:43:09,GTERI,GTERI,ok,0.0
17630,4249.6,4249.6,2025-07-02 09:43:09,2025-07-02 09:43:11,GTERI,GTERI,ok,0.0
17632,4249.6,4249.9,2025-07-02 09:43:11,2025-07-02 09:44:04,GTERI,GTERI,ok,0.2999999999992724
17633,4249.9,4249.9,2025-07-02 09:44:04,2025-07-02 09:44:05,GTERI,GTERI,ok,0.0
17634,4249.9,4250.2,2025-07-02 09:44:05,2025-07-02 09:44:46,GTERI,GTERI,ok,0.3000000000001819
17636,4250.2,4250.4,2025-07-02 09:44:46,2025-07-02 09:46:10,GTERI,GTERI,ok,0.1999999999998181
17637,4250.4,4250.4,2025-07-02 09:46:10,2025-07-02 09:46:27,GTERI,GTERI,ok,0.0
17638,4250.4,4250.4,2025-07-02 09:46:27,2025-07-02 09:46:39,GTERI,GTERI,ok,0.0
17639,4250.4,4250.8,2025-07-02 09:46:39,2025-07-02 09:47:13,GTERI,GTERI,ok,0.4000000000005457
17640,4250.8,4250.8,2025-07-02 09:47:13,2025-07-02 09:47:15,GTERI,GTERI,ok,0.0
17641,4250.8,4250.9,2025-07-02 09:47:15,2025-07-02 09:47:17,GTERI,GTERI,ok,0.0999999999994543
17643,4250.9,4250.9,2025-07-02 09:47:17,2025-07-02 09:48:42,GTERI,GTSTT,ok,0.0
17644,4250.9,4250.9,2025-07-02 09:48:42,2025-07-02 09:48:55,GTSTT,GTSTT,ok,0.0
17645,4250.9,4250.9,2025-07-02 09:48:55,2025-07-02 09:48:59,GTSTT,GTERI,ok,0.0
17647,4250.9,4250.9,2025-07-02 09:48:59,2025-07-02 09:49:01,GTERI,GTERI,ok,0.0
17648,4250.9,4250.9,2025-07-02 09:49:01,2025-07-02 09:49:02,GTERI,GTERI,ok,0.0
17649,4250.9,4250.9,2025-07-02 09:49:02,2025-07-02 09:49:04,GTERI,GTERI,ok,0.0
17650,4250.9,4250.9,2025-07-02 09:49:04,2025-07-02 09:49:10,GTERI,GTERI,ok,0.0
17652,4250.9,4251.2,2025-07-02 09:49:10,2025-07-02 09:50:19,GTERI,GTERI,ok,0.3000000000001819
17653,4251.2,4251.2,2025-07-02 09:50:19,2025-07-02 09:50:22,GTERI,GTERI,ok,0.0
17654,4251.2,4251.6,2025-07-02 09:50:22,2025-07-02 09:51:15,GTERI,GTERI,ok,0.4000000000005457
17655,4251.6,4251.7,2025-07-02 09:51:15,2025-07-02 09:51:45,GTERI,GTERI,ok,0.0999999999994543
17657,4251.7,4251.8,2025-07-02 09:51:45,2025-07-02 09:51:57,GTERI,GTERI,ok,0.1000000000003638
17658,4251.8,4251.9,2025-07-02 09:51:57,2025-07-02 09:52:10,GTERI,GTERI,ok,0.0999999999994543
17659,4251.9,4252.3,2025-07-02 09:52:10,2025-07-02 09:53:14,GTERI,GTERI,ok,0.4000000000005457
17660,4252.3,4252.4,2025-07-02 09:53:14,2025-07-02 09:53:35,GTERI,GTERI,ok,0.0999999999994543
17662,4252.4,4252.6,2025-07-02 09:53:35,2025-07-02 09:55:10,GTERI,GTERI,ok,0.2000000000007276
17664,4252.6,4252.6,2025-07-02 09:55:10,2025-07-02 09:56:01,GTERI,GTERI,ok,0.0
17665,4252.6,4252.6,2025-07-02 09:56:01,2025-07-02 09:56:05,GTERI,GTERI,ok,0.0
17666,4252.6,4252.7,2025-07-02 09:56:05,2025-07-02 09:56:48,GTERI,GTERI,ok,0.0999999999994543
17667,4252.7,4252.8,2025-07-02 09:56:48,2025-07-02 09:56:57,GTERI,GTERI,ok,0.1000000000003638
17668,4252.8,4252.8,2025-07-02 09:56:57,2025-07-02 09:56:59,GTERI,GTERI,ok,0.0
17669,4252.8,4252.8,2025-07-02 09:56:59,2025-07-02 09:57:10,GTERI,GTERI,ok,0.0
17670,4252.8,4252.8,2025-07-02 09:57:10,2025-07-02 09:57:12,GTERI,GTERI,ok,0.0
17671,4252.8,4252.9,2025-07-02 09:57:12,2025-07-02 09:57:16,GTERI,GTERI,ok,0.0999999999994543
17672,4252.9,4253.0,2025-07-02 09:57:16,2025-07-02 09:57:31,GTERI,GTERI,ok,0.1000000000003638
17673,4253.0,4253.2,2025-07-02 09:57:31,2025-07-02 09:57:42,GTERI,GTERI,ok,0.1999999999998181
17674,4253.2,4253.2,2025-07-02 09:57:42,2025-07-02 09:57:48,GTERI,GTERI,ok,0.0
17675,4253.2,4253.3,2025-07-02 09:57:48,2025-07-02 09:57:54,GTERI,GTERI,ok,0.1000000000003638
17677,4253.3,4253.3,2025-07-02 09:57:54,2025-07-02 09:58:01,GTERI,GTERI,ok,0.0
17678,4253.3,4253.4,2025-07-02 09:58:01,2025-07-02 09:58:10,GTERI,GTERI,ok,0.0999999999994543
17679,4253.4,4253.6,2025-07-02 09:58:10,2025-07-02 09:58:43,GTERI,GTERI,ok,0.2000000000007276
17680,4253.6,4253.6,2025-07-02 09:58:43,2025-07-02 09:59:35,GTERI,GTSTT,ok,0.0
17682,4253.6,4253.6,2025-07-02 09:59:35,2025-07-02 09:59:58,GTSTT,GTSTT,ok,0.0
17683,4253.6,4253.7,2025-07-02 09:59:58,2025-07-02 10:00:12,GTSTT,GTERI,ok,0.0999999999994543
17684,4253.7,4253.7,2025-07-02 10:00:12,2025-07-02 10:00:14,GTERI,GTERI,ok,0.0
17685,4253.7,4254.2,2025-07-02 10:00:14,2025-07-02 10:01:10,GTERI,GTERI,ok,0.5
17688,4254.2,4254.8,2025-07-02 10:01:10,2025-07-02 10:04:02,GTERI,GTSTT,ok,0.6000000000003638
17689,4254.8,4254.8,2025-07-02 10:04:02,2025-07-02 10:04:04,GTSTT,GTSTT,ok,0.0
17690,4254.8,4254.8,2025-07-02 10:04:04,2025-07-02 10:04:10,GTSTT,GTERI,ok,0.0
17691,4254.8,4254.9,2025-07-02 10:04:10,2025-07-02 10:05:08,GTERI,GTERI,ok,0.0999999999994543
17692,4254.9,4255.0,2025-07-02 10:05:08,2025-07-02 10:05:25,GTERI,GTERI,ok,0.1000000000003638
17694,4255.0,4255.6,2025-07-02 10:05:25,2025-07-02 10:06:56,GTERI,GTERI,ok,0.6000000000003638
17695,4255.6,4255.8,2025-07-02 10:06:56,2025-07-02 10:07:10,GTERI,GTERI,ok,0.1999999999998181
17696,4255.8,4255.8,2025-07-02 10:07:10,2025-07-02 10:07:34,GTERI,GTERI,ok,0.0
17697,4255.8,4255.8,2025-07-02 10:07:34,2025-07-02 10:07:36,GTERI,GTERI,ok,0.0
17700,4255.8,4256.1,2025-07-02 10:07:36,2025-07-02 10:10:10,GTERI,GTERI,ok,0.3000000000001819
17701,4256.1,4256.2,2025-07-02 10:10:10,2025-07-02 10:10:20,GTERI,GTERI,ok,0.0999999999994543
17702,4256.2,4256.2,2025-07-02 10:10:20,2025-07-02 10:10:24,GTERI,GTERI,ok,0.0
17703,4256.2,4256.2,2025-07-02 10:10:24,2025-07-02 10:10:28,GTERI,GTERI,ok,0.0
17704,4256.2,4256.2,2025-07-02 10:10:28,2025-07-02 10:10:34,GTERI,GTERI,ok,0.0
17705,4256.2,4256.3,2025-07-02 10:10:34,2025-07-02 10:10:38,GTERI,GTERI,ok,0.1000000000003638
17706,4256.3,4256.4,2025-07-02 10:10:38,2025-07-02 10:10:55,GTERI,GTERI,ok,0.0999999999994543
17707,4256.4,4256.8,2025-07-02 10:10:55,2025-07-02 10:11:25,GTERI,GTERI,ok,0.4000000000005457
17708,4256.8,4256.8,2025-07-02 10:11:25,2025-07-02 10:11:29,GTERI,GTERI,ok,0.0
17709,4256.8,4256.8,2025-07-02 10:11:29,2025-07-02 10:11:32,GTERI,GTERI,ok,0.0
17711,4256.8,4257.6,2025-07-02 10:11:32,2025-07-02 10:12:27,GTERI,GTERI,ok,0.8000000000001819
17712,4257.6,4257.7,2025-07-02 10:12:27,2025-07-02 10:12:31,GTERI,GTERI,ok,0.0999999999994543
17713,4257.7,4257.7,2025-07-02 10:12:31,2025-07-02 10:12:35,GTERI,GTERI,ok,0.0
17714,4257.7,4257.8,2025-07-02 10:12:35,2025-07-02 10:12:39,GTERI,GTERI,ok,0.1000000000003638
17715,4257.8,4257.9,2025-07-02 10:12:39,2025-07-02 10:12:43,GTERI,GTERI,ok,0.0999999999994543
17716,4257.9,4258.1,2025-07-02 10:12:43,2025-07-02 10:13:10,GTERI,GTERI,ok,0.2000000000007276
17718,4258.1,4258.9,2025-07-02 10:13:10,2025-07-02 10:14:50,GTERI,GTERI,ok,0.7999999999992724
17719,4258.9,4258.9,2025-07-02 10:14:50,2025-07-02 10:14:50,GTERI,GTERI,ok,0.0
17720,4258.9,4259.0,2025-07-02 10:14:50,2025-07-02 10:14:54,GTERI,GTERI,ok,0.1000000000003638
17721,4259.0,4259.1,2025-07-02 10:14:54,2025-07-02 10:14:58,GTERI,GTERI,ok,0.1000000000003638
17722,4259.1,4259.1,2025-07-02 10:14:58,2025-07-02 10:15:02,GTERI,GTERI,ok,0.0
17723,4259.1,4259.2,2025-07-02 10:15:02,2025-07-02 10:15:06,GTERI,GTERI,ok,0.0999999999994543
17725,4259.2,4260.4,2025-07-02 10:15:06,2025-07-02 10:16:06,GTERI,GTERI,ok,1.199999999999818
17726,4260.4,4260.5,2025-07-02 10:16:06,2025-07-02 10:16:10,GTERI,GTERI,ok,0.1000000000003638
17727,4260.5,4261.2,2025-07-02 10:16:10,2025-07-02 10:16:53,GTERI,GTERI,ok,0.6999999999998181
17728,4261.2,4261.6,2025-07-02 10:16:53,2025-07-02 10:17:28,GTERI,GTERI,ok,0.4000000000005457
17729,4261.6,4261.7,2025-07-02 10:17:28,2025-07-02 10:17:36,GTERI,GTERI,ok,0.0999999999994543
17731,4261.7,4262.3,2025-07-02 10:17:36,2025-07-02 10:18:26,GTERI,GTERI,ok,0.6000000000003638
17732,4262.3,4262.4,2025-07-02 10:18:26,2025-07-02 10:18:39,GTERI,GTERI,ok,0.0999999999994543
17733,4262.4,4262.4,2025-07-02 10:18:39,2025-07-02 10:18:41,GTERI,GTERI,ok,0.0
17734,4262.4,4262.4,2025-07-02 10:18:41,2025-07-02 10:18:44,GTERI,GTERI,ok,0.0
17735,4262.4,4262.4,2025-07-02 10:18:44,2025-07-02 10:18:47,GTERI,GTERI,ok,0.0
17736,4262.4,4262.4,2025-07-02 10:18:47,2025-07-02 10:18:50,GTERI,GTERI,ok,0.0
17737,4262.4,4262.5,2025-07-02 10:18:50,2025-07-02 10:18:54,GTERI,GTERI,ok,0.1000000000003638
17738,4262.5,4262.5,2025-07-02 10:18:54,2025-07-02 10:18:59,GTERI,GTERI,ok,0.0
17739,4262.5,4262.5,2025-07-02 10:18:59,2025-07-02 10:19:02,GTERI,GTERI,ok,0.0
17740,4262.5,4262.5,2025-07-02 10:19:02,2025-07-02 10:19:04,GTERI,GTERI,ok,0.0
17741,4262.5,4262.5,2025-07-02 10:19:04,2025-07-02 10:19:06,GTERI,GTERI,ok,0.0
17742,4262.5,4262.5,2025-07-02 10:19:06,2025-07-02 10:19:10,GTERI,GTERI,ok,0.0
17743,4262.5,4262.5,2025-07-02 10:19:10,2025-07-02 10:19:18,GTERI,GTERI,ok,0.0
17744,4262.5,4262.6,2025-07-02 10:19:18,2025-07-02 10:19:30,GTERI,GTERI,ok,0.1000000000003638
17745,4262.6,4262.6,2025-07-02 10:19:30,2025-07-02 10:19:32,GTERI,GTERI,ok,0.0
17747,4262.6,4262.8,2025-07-02 10:19:32,2025-07-02 10:20:21,GTERI,GTERI,ok,0.1999999999998181
17748,4262.8,4262.8,2025-07-02 10:20:21,2025-07-02 10:20:23,GTERI,GTERI,ok,0.0
17749,4262.8,4262.8,2025-07-02 10:20:23,2025-07-02 10:20:29,GTERI,GTERI,ok,0.0
17750,4262.8,4262.8,2025-07-02 10:20:29,2025-07-02 10:20:31,GTERI,GTERI,ok,0.0
17751,4262.8,4262.9,2025-07-02 10:20:31,2025-07-02 10:20:43,GTERI,GTERI,ok,0.0999999999994543
17752,4262.9,4262.9,2025-07-02 10:20:43,2025-07-02 10:20:45,GTERI,GTERI,ok,0.0
17753,4262.9,4262.9,2025-07-02 10:20:45,2025-07-02 10:20:47,GTERI,GTERI,ok,0.0
17754,4262.9,4262.9,2025-07-02 10:20:47,2025-07-02 10:20:58,GTERI,GTERI,ok,0.0
17755,4262.9,4262.9,2025-07-02 10:20:58,2025-07-02 10:21:14,GTERI,GTIGF,ok,0.0
17756,4262.9,4262.9,2025-07-02 10:21:14,2025-07-02 10:21:14,GTIGF,GTSTT,ok,0.0
17757,4262.9,4262.9,2025-07-02 10:21:14,2025-07-02 10:21:14,GTSTT,GTERI,ok,0.0
17758,4262.9,4262.9,2025-07-02 10:21:14,2025-07-02 10:21:14,GTERI,GTIGL,ok,0.0
17759,4262.9,4262.9,2025-07-02 10:21:14,2025-07-02 10:21:16,GTIGL,GTIGN,ok,0.0
17760,4262.9,4262.9,2025-07-02 10:21:16,2025-07-02 10:21:16,GTIGN,GTSTT,ok,0.0
17761,4262.9,4262.9,2025-07-02 10:21:16,2025-07-02 10:21:17,GTSTT,GTIGL,ok,0.0
17762,4262.9,4262.9,2025-07-02 10:21:17,2025-07-02 10:21:20,GTIGL,GTERI,ok,0.0
17763,4262.9,4262.9,2025-07-02 10:21:20,2025-07-02 10:21:21,GTERI,GTIGF,ok,0.0
17764,4262.9,4262.9,2025-07-02 10:21:21,2025-07-02 10:21:21,GTIGF,GTSTT,ok,0.0
17765,4262.9,4262.9,2025-07-02 10:21:21,2025-07-02 10:21:21,GTSTT,GTERI,ok,0.0
17766,4262.9,4262.9,2025-07-02 10:21:21,2025-07-02 10:21:21,GTERI,GTIGL,ok,0.0
17768,4262.9,4262.9,2025-07-02 10:21:21,2025-07-02 10:22:17,GTIGL,GTSTT,ok,0.0
17795,4262.9,4262.9,2025-07-02 10:22:17,2025-07-02 11:21:19,GTSTT,GTERI,ok,0.0
17826,4262.9,4262.9,2025-07-02 11:21:19,2025-07-02 12:21:19,GTERI,GTERI,ok,0.0
17857,4262.9,4262.9,2025-07-02 12:21:19,2025-07-02 13:21:19,GTERI,GTERI,ok,0.0
17888,4262.9,4262.9,2025-07-02 13:21:19,2025-07-02 14:21:19,GTERI,GTERI,ok,0.0
17918,4262.9,4262.9,2025-07-02 14:21:19,2025-07-02 15:21:19,GTERI,GTERI,ok,0.0
17949,4262.9,4262.9,2025-07-02 15:21:19,2025-07-02 16:21:19,GTERI,GTERI,ok,0.0
17980,4262.9,4262.9,2025-07-02 16:21:19,2025-07-02 17:21:19,GTERI,GTERI,ok,0.0
18011,4262.9,4262.9,2025-07-02 17:21:19,2025-07-02 18:21:19,GTERI,GTERI,ok,0.0
18018,4262.9,4262.9,2025-07-02 18:21:19,2025-07-02 18:34:13,GTERI,GTIGN,ok,0.0
18019,4262.9,4262.9,2025-07-02 18:34:13,2025-07-02 18:34:13,GTIGN,GTSTT,ok,0.0
18020,4262.9,4262.9,2025-07-02 18:34:13,2025-07-02 18:34:16,GTSTT,GTIGF,ok,0.0
18021,4262.9,4262.9,2025-07-02 18:34:16,2025-07-02 18:34:16,GTIGF,GTSTT,ok,0.0
18022,4262.9,4262.9,2025-07-02 18:34:16,2025-07-02 18:34:17,GTSTT,GTIGN,ok,0.0
18023,4262.9,4262.9,2025-07-02 18:34:17,2025-07-02 18:34:17,GTIGN,GTSTT,ok,0.0
18024,4262.9,4262.9,2025-07-02 18:34:17,2025-07-02 18:34:27,GTSTT,GTERI,ok,0.0
18025,4262.9,4262.9,2025-07-02 18:34:27,2025-07-02 18:34:27,GTERI,GTIGL,ok,0.0
18026,4262.9,4262.9,2025-07-02 18:34:27,2025-07-02 18:34:27,GTIGL,GTIGL,ok,0.0
18027,4262.9,4262.9,2025-07-02 18:34:27,2025-07-02 18:34:27,GTIGL,GTIGL,ok,0.0
18030,4262.9,4263.0,2025-07-02 18:34:27,2025-07-02 18:37:25,GTIGL,GTERI,ok,0.1000000000003638
18031,4263.0,4263.0,2025-07-02 18:37:25,2025-07-02 18:38:44,GTERI,GTERI,ok,0.0
18033,4263.0,4263.2,2025-07-02 18:38:44,2025-07-02 18:39:37,GTERI,GTERI,ok,0.1999999999998181
18034,4263.2,4263.2,2025-07-02 18:39:37,2025-07-02 18:39:40,GTERI,GTERI,ok,0.0
18035,4263.2,4263.2,2025-07-02 18:39:40,2025-07-02 18:40:25,GTERI,GTERI,ok,0.0
18037,4263.2,4263.3,2025-07-02 18:40:25,2025-07-02 18:42:06,GTERI,GTERI,ok,0.1000000000003638
18038,4263.3,4263.4,2025-07-02 18:42:06,2025-07-02 18:42:25,GTERI,GTERI,ok,0.0999999999994543
18039,4263.4,4263.6,2025-07-02 18:42:25,2025-07-02 18:42:44,GTERI,GTERI,ok,0.2000000000007276
18040,4263.6,4263.6,2025-07-02 18:42:44,2025-07-02 18:42:46,GTERI,GTERI,ok,0.0
18041,4263.6,4263.6,2025-07-02 18:42:46,2025-07-02 18:42:46,GTERI,GTERI,ok,0.0
18043,4263.6,4263.6,2025-07-02 18:42:46,2025-07-02 18:42:47,GTERI,GTERI,ok,0.0
18044,4263.6,4263.6,2025-07-02 18:42:47,2025-07-02 18:42:49,GTERI,GTERI,ok,0.0
18045,4263.6,4264.0,2025-07-02 18:42:49,2025-07-02 18:43:25,GTERI,GTERI,ok,0.3999999999996362
18046,4264.0,4264.0,2025-07-02 18:43:25,2025-07-02 18:43:31,GTERI,GTERI,ok,0.0
18047,4264.0,4264.0,2025-07-02 18:43:31,2025-07-02 18:43:33,GTERI,GTERI,ok,0.0
18048,4264.0,4264.3,2025-07-02 18:43:33,2025-07-02 18:44:12,GTERI,GTERI,ok,0.3000000000001819
18049,4264.3,4264.5,2025-07-02 18:44:12,2025-07-02 18:44:49,GTERI,GTERI,ok,0.1999999999998181
18050,4264.5,4264.5,2025-07-02 18:44:49,2025-07-02 18:44:58,GTERI,GTERI,ok,0.0
18051,4264.5,4264.5,2025-07-02 18:44:58,2025-07-02 18:45:00,GTERI,GTERI,ok,0.0
18052,4264.5,4264.6,2025-07-02 18:45:00,2025-07-02 18:45:03,GTERI,GTERI,ok,0.1000000000003638
18054,4264.6,4264.6,2025-07-02 18:45:03,2025-07-02 18:45:14,GTERI,GTERI,ok,0.0
18055,4264.6,4264.6,2025-07-02 18:45:14,2025-07-02 18:45:16,GTERI,GTERI,ok,0.0
18056,4264.6,4264.6,2025-07-02 18:45:16,2025-07-02 18:45:18,GTERI,GTERI,ok,0.0
18057,4264.6,4264.6,2025-07-02 18:45:18,2025-07-02 18:45:19,GTERI,GTERI,ok,0.0
18058,4264.6,4264.6,2025-07-02 18:45:19,2025-07-02 18:45:28,GTERI,GTERI,ok,0.0
18059,4264.6,4264.6,2025-07-02 18:45:28,2025-07-02 18:45:38,GTERI,GTERI,ok,0.0
18060,4264.6,4264.6,2025-07-02 18:45:38,2025-07-02 18:45:40,GTERI,GTERI,ok,0.0
18061,4264.6,4265.0,2025-07-02 18:45:40,2025-07-02 18:46:25,GTERI,GTERI,ok,0.3999999999996362
18063,4265.0,4265.4,2025-07-02 18:46:25,2025-07-02 18:48:33,GTERI,GTERI,ok,0.3999999999996362
18064,4265.4,4265.4,2025-07-02 18:48:33,2025-07-02 18:48:35,GTERI,GTERI,ok,0.0
18066,4265.4,4265.8,2025-07-02 18:48:35,2025-07-02 18:49:25,GTERI,GTERI,ok,0.4000000000005457
18067,4265.8,4265.9,2025-07-02 18:49:25,2025-07-02 18:49:40,GTERI,GTERI,ok,0.0999999999994543
18068,4265.9,4266.2,2025-07-02 18:49:40,2025-07-02 18:50:13,GTERI,GTERI,ok,0.3000000000001819
18070,4266.2,4266.5,2025-07-02 18:50:13,2025-07-02 18:52:25,GTERI,GTERI,ok,0.3000000000001819
18071,4266.5,4266.6,2025-07-02 18:52:25,2025-07-02 18:52:45,GTERI,GTERI,ok,0.1000000000003638
18072,4266.6,4266.6,2025-07-02 18:52:45,2025-07-02 18:52:47,GTERI,GTERI,ok,0.0
18073,4266.6,4266.6,2025-07-02 18:52:47,2025-07-02 18:52:49,GTERI,GTERI,ok,0.0
18074,4266.6,4266.7,2025-07-02 18:52:49,2025-07-02 18:53:09,GTERI,GTERI,ok,0.0999999999994543
18076,4266.7,4266.7,2025-07-02 18:53:09,2025-07-02 18:53:15,GTERI,GTERI,ok,0.0
18077,4266.7,4267.3,2025-07-02 18:53:15,2025-07-02 18:54:43,GTERI,GTERI,ok,0.6000000000003638
18078,4267.3,4267.3,2025-07-02 18:54:43,2025-07-02 18:54:45,GTERI,GTERI,ok,0.0
18079,4267.3,4267.3,2025-07-02 18:54:45,2025-07-02 18:54:49,GTERI,GTERI,ok,0.0
18080,4267.3,4267.3,2025-07-02 18:54:49,2025-07-02 18:54:57,GTERI,GTERI,ok,0.0
18081,4267.3,4267.4,2025-07-02 18:54:57,2025-07-02 18:54:59,GTERI,GTERI,ok,0.0999999999994543
18083,4267.4,4267.6,2025-07-02 18:54:59,2025-07-02 18:55:25,GTERI,GTERI,ok,0.2000000000007276
18085,4267.6,4268.9,2025-07-02 18:55:25,2025-07-02 18:58:25,GTERI,GTERI,ok,1.2999999999992724
18087,4268.9,4269.4,2025-07-02 18:58:25,2025-07-02 19:00:57,GTERI,GTSTT,ok,0.5
18088,4269.4,4269.4,2025-07-02 19:00:57,2025-07-02 19:01:03,GTSTT,GTSTT,ok,0.0
18090,4269.4,4269.4,2025-07-02 19:01:03,2025-07-02 19:01:25,GTSTT,GTERI,ok,0.0
18091,4269.4,4269.4,2025-07-02 19:01:25,2025-07-02 19:01:32,GTERI,GTERI,ok,0.0
18092,4269.4,4269.4,2025-07-02 19:01:32,2025-07-02 19:01:37,GTERI,GTERI,ok,0.0
18093,4269.4,4269.4,2025-07-02 19:01:37,2025-07-02 19:01:39,GTERI,GTERI,ok,0.0
18095,4269.4,4270.3,2025-07-02 19:01:39,2025-07-02 19:04:21,GTERI,GTERI,ok,0.9000000000005457
18096,4270.3,4270.3,2025-07-02 19:04:21,2025-07-02 19:04:25,GTERI,GTERI,ok,0.0
18097,4270.3,4270.8,2025-07-02 19:04:25,2025-07-02 19:04:59,GTERI,GTERI,ok,0.5
18099,4270.8,4271.1,2025-07-02 19:04:59,2025-07-02 19:05:32,GTERI,GTERI,ok,0.3000000000001819
18100,4271.1,4271.1,2025-07-02 19:05:32,2025-07-02 19:05:35,GTERI,GTERI,ok,0.0
18101,4271.1,4271.4,2025-07-02 19:05:35,2025-07-02 19:06:23,GTERI,GTERI,ok,0.2999999999992724
18102,4271.4,4271.4,2025-07-02 19:06:23,2025-07-02 19:06:27,GTERI,GTERI,ok,0.0
18103,4271.4,4271.4,2025-07-02 19:06:27,2025-07-02 19:06:32,GTERI,GTERI,ok,0.0
18104,4271.4,4271.4,2025-07-02 19:06:32,2025-07-02 19:06:46,GTERI,GTERI,ok,0.0
18105,4271.4,4271.4,2025-07-02 19:06:46,2025-07-02 19:06:47,GTERI,GTERI,ok,0.0
18106,4271.4,4271.4,2025-07-02 19:06:47,2025-07-02 19:06:49,GTERI,GTERI,ok,0.0
18107,4271.4,4271.4,2025-07-02 19:06:49,2025-07-02 19:06:55,GTERI,GTERI,ok,0.0
18109,4271.4,4271.5,2025-07-02 19:06:55,2025-07-02 19:07:25,GTERI,GTERI,ok,0.1000000000003638
18110,4271.5,4271.6,2025-07-02 19:07:25,2025-07-02 19:07:33,GTERI,GTERI,ok,0.1000000000003638
18111,4271.6,4271.6,2025-07-02 19:07:33,2025-07-02 19:07:46,GTERI,GTERI,ok,0.0
18112,4271.6,4271.6,2025-07-02 19:07:46,2025-07-02 19:07:48,GTERI,GTERI,ok,0.0
18113,4271.6,4271.6,2025-07-02 19:07:48,2025-07-02 19:09:05,GTERI,GTIGF,ok,0.0
18114,4271.6,4271.6,2025-07-02 19:09:05,2025-07-02 19:09:05,GTIGF,GTSTT,ok,0.0
18115,4271.6,4271.6,2025-07-02 19:09:05,2025-07-02 19:09:06,GTSTT,GTERI,ok,0.0
18116,4271.6,4271.6,2025-07-02 19:09:06,2025-07-02 19:09:06,GTERI,GTIGL,ok,0.0
18118,4271.6,4271.6,2025-07-02 19:09:06,2025-07-02 19:10:11,GTIGL,GTSTT,ok,0.0
18148,4271.6,4271.6,2025-07-02 19:10:11,2025-07-02 20:09:01,GTSTT,GTERI,ok,0.0
18179,4271.6,4271.6,2025-07-02 20:09:01,2025-07-02 21:09:01,GTERI,GTERI,ok,0.0
18210,4271.6,4271.6,2025-07-02 21:09:01,2025-07-02 22:08:49,GTERI,GTIGN,ok,0.0
18211,4271.6,4271.6,2025-07-02 22:08:49,2025-07-02 22:08:49,GTIGN,GTSTT,ok,0.0
18212,4271.6,4271.6,2025-07-02 22:08:49,2025-07-02 22:08:59,GTSTT,GTIGF,ok,0.0
18213,4271.6,4271.6,2025-07-02 22:08:59,2025-07-02 22:08:59,GTIGF,GTSTT,ok,0.0
18214,4271.6,4271.6,2025-07-02 22:08:59,2025-07-02 22:08:59,GTSTT,GTERI,ok,0.0
18215,4271.6,4271.6,2025-07-02 22:08:59,2025-07-02 22:08:59,GTERI,GTIGL,ok,0.0
18216,4271.6,4271.6,2025-07-02 22:08:59,2025-07-02 22:08:59,GTIGL,GTIGL,ok,0.0
18217,4271.6,4271.6,2025-07-02 22:08:59,2025-07-02 22:09:00,GTIGL,GTIGN,ok,0.0
18218,4271.6,4271.6,2025-07-02 22:09:00,2025-07-02 22:09:00,GTIGN,GTSTT,ok,0.0
18219,4271.6,4271.6,2025-07-02 22:09:00,2025-07-02 22:09:01,GTSTT,GTIGL,ok,0.0
18220,4271.6,4271.6,2025-07-02 22:09:01,2025-07-02 22:09:04,GTIGL,GTERI,ok,0.0
18222,4271.6,4271.6,2025-07-02 22:09:04,2025-07-02 22:11:04,GTERI,GTERI,ok,0.0
18224,4271.6,4271.9,2025-07-02 22:11:04,2025-07-02 22:12:02,GTERI,GTERI,ok,0.2999999999992724
18225,4271.9,4271.9,2025-07-02 22:12:02,2025-07-02 22:12:05,GTERI,GTERI,ok,0.0
18226,4271.9,4271.9,2025-07-02 22:12:05,2025-07-02 22:12:05,GTERI,GTERI,ok,0.0
18227,4271.9,4271.9,2025-07-02 22:12:05,2025-07-02 22:12:44,GTERI,GTERI,ok,0.0
18228,4271.9,4271.9,2025-07-02 22:12:44,2025-07-02 22:12:47,GTERI,GTERI,ok,0.0
18230,4271.9,4272.2,2025-07-02 22:12:47,2025-07-02 22:14:01,GTERI,GTERI,ok,0.3000000000001819
18231,4272.2,4272.4,2025-07-02 22:14:01,2025-07-02 22:14:35,GTERI,GTERI,ok,0.1999999999998181
18232,4272.4,4272.4,2025-07-02 22:14:35,2025-07-02 22:14:37,GTERI,GTERI,ok,0.0
18233,4272.4,4272.6,2025-07-02 22:14:37,2025-07-02 22:15:01,GTERI,GTERI,ok,0.2000000000007276
18234,4272.6,4272.6,2025-07-02 22:15:01,2025-07-02 22:15:02,GTERI,GTERI,ok,0.0
18235,4272.6,4272.6,2025-07-02 22:15:02,2025-07-02 22:15:05,GTERI,GTERI,ok,0.0
18237,4272.6,4272.7,2025-07-02 22:15:05,2025-07-02 22:15:26,GTERI,GTERI,ok,0.0999999999994543
18238,4272.7,4272.8,2025-07-02 22:15:26,2025-07-02 22:15:33,GTERI,GTERI,ok,0.1000000000003638
18239,4272.8,4273.0,2025-07-02 22:15:33,2025-07-02 22:16:00,GTERI,GTERI,ok,0.1999999999998181
18240,4273.0,4273.0,2025-07-02 22:16:00,2025-07-02 22:16:05,GTERI,GTERI,ok,0.0
18241,4273.0,4273.0,2025-07-02 22:16:05,2025-07-02 22:16:10,GTERI,GTERI,ok,0.0
18242,4273.0,4273.1,2025-07-02 22:16:10,2025-07-02 22:16:20,GTERI,GTERI,ok,0.1000000000003638
18243,4273.1,4273.3,2025-07-02 22:16:20,2025-07-02 22:16:48,GTERI,GTERI,ok,0.1999999999998181
18244,4273.3,4273.3,2025-07-02 22:16:48,2025-07-02 22:16:52,GTERI,GTERI,ok,0.0
18245,4273.3,4273.4,2025-07-02 22:16:52,2025-07-02 22:17:06,GTERI,GTERI,ok,0.0999999999994543
18246,4273.4,4273.4,2025-07-02 22:17:06,2025-07-02 22:17:09,GTERI,GTERI,ok,0.0
18248,4273.4,4273.6,2025-07-02 22:17:09,2025-07-02 22:18:05,GTERI,GTERI,ok,0.2000000000007276
18249,4273.6,4273.7,2025-07-02 22:18:05,2025-07-02 22:19:13,GTERI,GTIGF,ok,0.0999999999994543
18250,4273.7,4273.7,2025-07-02 22:19:13,2025-07-02 22:19:13,GTIGF,GTSTT,ok,0.0
18251,4273.7,4273.7,2025-07-02 22:19:13,2025-07-02 22:19:13,GTSTT,GTIGN,ok,0.0
18252,4273.7,4273.7,2025-07-02 22:19:13,2025-07-02 22:19:13,GTIGN,GTSTT,ok,0.0
18253,4273.7,4273.7,2025-07-02 22:19:13,2025-07-02 22:19:13,GTSTT,GTIGL,ok,0.0
18254,4273.7,4273.7,2025-07-02 22:19:13,2025-07-02 22:19:13,GTIGL,GTIGL,ok,0.0
18255,4273.7,4273.7,2025-07-02 22:19:13,2025-07-02 22:19:14,GTIGL,GTIGF,ok,0.0
18256,4273.7,4273.7,2025-07-02 22:19:14,2025-07-02 22:19:14,GTIGF,GTSTT,ok,0.0
18257,4273.7,4273.7,2025-07-02 22:19:14,2025-07-02 22:19:14,GTSTT,GTIGN,ok,0.0
18258,4273.7,4273.7,2025-07-02 22:19:14,2025-07-02 22:19:14,GTIGN,GTSTT,ok,0.0
18259,4273.7,4273.7,2025-07-02 22:19:14,2025-07-02 22:19:14,GTSTT,GTIGL,ok,0.0
18260,4273.7,4273.7,2025-07-02 22:19:14,2025-07-02 22:19:14,GTIGL,GTIGL,ok,0.0
18261,4273.7,4273.7,2025-07-02 22:19:14,2025-07-02 22:19:15,GTIGL,GTIGF,ok,0.0
18262,4273.7,4273.7,2025-07-02 22:19:15,2025-07-02 22:19:15,GTIGF,GTSTT,ok,0.0
18263,4273.7,4273.7,2025-07-02 22:19:15,2025-07-02 22:19:15,GTSTT,GTIGL,ok,0.0
18264,4273.7,4273.7,2025-07-02 22:19:15,2025-07-02 22:19:16,GTIGL,GTIGN,ok,0.0
18265,4273.7,4273.7,2025-07-02 22:19:16,2025-07-02 22:19:16,GTIGN,GTSTT,ok,0.0
18267,4273.7,4273.7,2025-07-02 22:19:16,2025-07-02 22:19:16,GTSTT,GTIGL,ok,0.0
18268,4273.7,4273.7,2025-07-02 22:19:16,2025-07-02 22:19:17,GTIGL,GTIGF,ok,0.0
18269,4273.7,4273.7,2025-07-02 22:19:17,2025-07-02 22:19:17,GTIGF,GTSTT,ok,0.0
18270,4273.7,4273.7,2025-07-02 22:19:17,2025-07-02 22:19:17,GTSTT,GTIGL,ok,0.0
18271,4273.7,4273.7,2025-07-02 22:19:17,2025-07-02 22:19:26,GTIGL,GTIGN,ok,0.0
18272,4273.7,4273.7,2025-07-02 22:19:26,2025-07-02 22:19:26,GTIGN,GTSTT,ok,0.0
18273,4273.7,4273.7,2025-07-02 22:19:26,2025-07-02 22:19:26,GTSTT,GTIGF,ok,0.0
18274,4273.7,4273.7,2025-07-02 22:19:26,2025-07-02 22:19:26,GTIGF,GTSTT,ok,0.0
18275,4273.7,4273.7,2025-07-02 22:19:26,2025-07-02 22:19:26,GTSTT,GTIGL,ok,0.0
18276,4273.7,4273.7,2025-07-02 22:19:26,2025-07-02 22:19:26,GTIGL,GTIGL,ok,0.0
18277,4273.7,4273.7,2025-07-02 22:19:26,2025-07-02 22:19:28,GTIGL,GTIGN,ok,0.0
18278,4273.7,4273.7,2025-07-02 22:19:28,2025-07-02 22:19:28,GTIGN,GTSTT,ok,0.0
18279,4273.7,4273.7,2025-07-02 22:19:28,2025-07-02 22:19:28,GTSTT,GTIGL,ok,0.0
18280,4273.7,4273.7,2025-07-02 22:19:28,2025-07-02 22:19:32,GTIGL,GTERI,ok,0.0
18281,4273.7,4273.8,2025-07-02 22:19:32,2025-07-02 22:20:59,GTERI,GTERI,ok,0.1000000000003638
18282,4273.8,4273.8,2025-07-02 22:20:59,2025-07-02 22:21:18,GTERI,GTERI,ok,0.0
18284,4273.8,4273.9,2025-07-02 22:21:18,2025-07-02 22:21:22,GTERI,GTERI,ok,0.0999999999994543
18285,4273.9,4273.9,2025-07-02 22:21:22,2025-07-02 22:21:24,GTERI,GTERI,ok,0.0
18286,4273.9,4273.9,2025-07-02 22:21:24,2025-07-02 22:21:28,GTERI,GTERI,ok,0.0
18287,4273.9,4273.9,2025-07-02 22:21:28,2025-07-02 22:22:15,GTERI,GTERI,ok,0.0
18288,4273.9,4273.9,2025-07-02 22:22:15,2025-07-02 22:22:27,GTERI,GTERI,ok,0.0
18289,4273.9,4273.9,2025-07-02 22:22:27,2025-07-02 22:22:34,GTERI,GTERI,ok,0.0
18290,4273.9,4273.9,2025-07-02 22:22:34,2025-07-02 22:22:34,GTERI,GTERI,ok,0.0
18291,4273.9,4273.9,2025-07-02 22:22:34,2025-07-02 22:22:38,GTERI,GTERI,ok,0.0
18292,4273.9,4273.9,2025-07-02 22:22:38,2025-07-02 22:22:41,GTERI,GTERI,ok,0.0
18293,4273.9,4273.9,2025-07-02 22:22:41,2025-07-02 22:22:55,GTERI,GTERI,ok,0.0
18294,4273.9,4273.9,2025-07-02 22:22:55,2025-07-02 22:22:59,GTERI,GTERI,ok,0.0
18295,4273.9,4274.0,2025-07-02 22:22:59,2025-07-02 22:23:02,GTERI,GTERI,ok,0.1000000000003638
18296,4274.0,4274.0,2025-07-02 22:23:02,2025-07-02 22:23:04,GTERI,GTERI,ok,0.0
18297,4274.0,4274.0,2025-07-02 22:23:04,2025-07-02 22:23:13,GTERI,GTERI,ok,0.0
18299,4274.0,4274.0,2025-07-02 22:23:13,2025-07-02 22:23:24,GTERI,GTERI,ok,0.0
18300,4274.0,4274.0,2025-07-02 22:23:24,2025-07-02 22:23:30,GTERI,GTERI,ok,0.0
18301,4274.0,4274.0,2025-07-02 22:23:30,2025-07-02 22:23:32,GTERI,GTERI,ok,0.0
18302,4274.0,4274.0,2025-07-02 22:23:32,2025-07-02 22:23:47,GTERI,GTERI,ok,0.0
18303,4274.0,4274.0,2025-07-02 22:23:47,2025-07-02 22:23:54,GTERI,GTERI,ok,0.0
18304,4274.0,4274.1,2025-07-02 22:23:54,2025-07-02 22:24:09,GTERI,GTERI,ok,0.1000000000003638
18305,4274.1,4274.1,2025-07-02 22:24:09,2025-07-02 22:24:12,GTERI,GTERI,ok,0.0
18306,4274.1,4274.1,2025-07-02 22:24:12,2025-07-02 22:24:14,GTERI,GTERI,ok,0.0
18307,4274.1,4274.1,2025-07-02 22:24:14,2025-07-02 22:24:16,GTERI,GTERI,ok,0.0
18308,4274.1,4274.1,2025-07-02 22:24:16,2025-07-02 22:25:02,GTERI,GTIGF,ok,0.0
18309,4274.1,4274.1,2025-07-02 22:25:02,2025-07-02 22:25:02,GTIGF,GTSTT,ok,0.0
18310,4274.1,4274.1,2025-07-02 22:25:02,2025-07-02 22:25:02,GTSTT,GTERI,ok,0.0
18311,4274.1,4274.1,2025-07-02 22:25:02,2025-07-02 22:25:02,GTERI,GTIGL,ok,0.0
18313,4274.1,4274.1,2025-07-02 22:25:02,2025-07-02 22:26:28,GTIGL,GTSTT,ok,0.0
18314,4274.1,4274.1,2025-07-02 22:26:28,2025-07-02 22:27:14,GTSTT,GTIGN,ok,0.0
18315,4274.1,4274.1,2025-07-02 22:27:14,2025-07-02 22:27:14,GTIGN,GTSTT,ok,0.0
18316,4274.1,4274.1,2025-07-02 22:27:14,2025-07-02 22:27:14,GTSTT,GTIGF,ok,0.0
18317,4274.1,4274.1,2025-07-02 22:27:14,2025-07-02 22:27:14,GTIGF,GTSTT,ok,0.0
18318,4274.1,4274.1,2025-07-02 22:27:14,2025-07-02 22:27:14,GTSTT,GTIGL,ok,0.0
18319,4274.1,4274.1,2025-07-02 22:27:14,2025-07-02 22:27:14,GTIGL,GTIGL,ok,0.0
18320,4274.1,4274.1,2025-07-02 22:27:14,2025-07-02 22:27:15,GTIGL,GTIGN,ok,0.0
18321,4274.1,4274.1,2025-07-02 22:27:15,2025-07-02 22:27:15,GTIGN,GTSTT,ok,0.0
18322,4274.1,4274.1,2025-07-02 22:27:15,2025-07-02 22:27:16,GTSTT,GTIGL,ok,0.0
18323,4274.1,4274.1,2025-07-02 22:27:16,2025-07-02 22:27:20,GTIGL,GTERI,ok,0.0
18325,4274.1,4274.1,2025-07-02 22:27:20,2025-07-02 22:27:49,GTERI,GTERI,ok,0.0
18326,4274.1,4274.1,2025-07-02 22:27:49,2025-07-02 22:27:53,GTERI,GTERI,ok,0.0
18327,4274.1,4274.1,2025-07-02 22:27:53,2025-07-02 22:27:56,GTERI,GTERI,ok,0.0
18328,4274.1,4274.1,2025-07-02 22:27:56,2025-07-02 22:27:57,GTERI,GTERI,ok,0.0
18329,4274.1,4274.1,2025-07-02 22:27:57,2025-07-02 22:28:00,GTERI,GTERI,ok,0.0
18330,4274.1,4274.2,2025-07-02 22:28:00,2025-07-02 22:28:02,GTERI,GTERI,ok,0.0999999999994543
18331,4274.2,4274.2,2025-07-02 22:28:02,2025-07-02 22:28:06,GTERI,GTERI,ok,0.0
18332,4274.2,4274.2,2025-07-02 22:28:06,2025-07-02 22:28:08,GTERI,GTERI,ok,0.0
18333,4274.2,4274.2,2025-07-02 22:28:08,2025-07-02 22:28:11,GTERI,GTERI,ok,0.0
18334,4274.2,4274.3,2025-07-02 22:28:11,2025-07-02 22:29:20,GTERI,GTIGF,ok,0.1000000000003638
18335,4274.3,4274.3,2025-07-02 22:29:20,2025-07-02 22:29:20,GTIGF,GTSTT,ok,0.0
18336,4274.3,4274.3,2025-07-02 22:29:20,2025-07-02 22:29:20,GTSTT,GTERI,ok,0.0
18337,4274.3,4274.3,2025-07-02 22:29:20,2025-07-02 22:29:20,GTERI,GTIGL,ok,0.0
18339,4274.3,4274.3,2025-07-02 22:29:20,2025-07-02 22:30:01,GTIGL,GTSTT,ok,0.0
18369,4274.3,4274.3,2025-07-02 22:30:01,2025-07-02 23:29:15,GTSTT,GTERI,ok,0.0
18400,4274.3,4274.3,2025-07-02 23:29:15,2025-07-03 00:29:15,GTERI,GTERI,ok,0.0
18431,4274.3,4274.3,2025-07-03 00:29:15,2025-07-03 01:29:15,GTERI,GTERI,ok,0.0
18462,4274.3,4274.3,2025-07-03 01:29:15,2025-07-03 02:29:15,GTERI,GTERI,ok,0.0
18488,4274.3,4274.3,2025-07-03 02:29:15,2025-07-03 03:19:36,GTERI,GTPDP,ok,0.0
18494,4274.3,4274.3,2025-07-03 03:19:36,2025-07-03 03:29:15,GTPDP,GTERI,ok,0.0
18548,4274.3,4274.3,2025-07-03 03:29:15,2025-07-03 04:29:15,GTERI,GTERI,ok,0.0
18579,4274.3,4274.3,2025-07-03 04:29:15,2025-07-03 05:29:15,GTERI,GTERI,ok,0.0
18610,4274.3,4274.3,2025-07-03 05:29:15,2025-07-03 06:29:15,GTERI,GTERI,ok,0.0
18641,4274.3,4274.3,2025-07-03 06:29:15,2025-07-03 07:29:15,GTERI,GTERI,ok,0.0
18672,4274.3,4274.3,2025-07-03 07:29:15,2025-07-03 08:29:15,GTERI,GTERI,ok,0.0
18681,4274.3,4274.3,2025-07-03 08:29:15,2025-07-03 08:44:54,GTERI,GTIGN,ok,0.0
18682,4274.3,4274.3,2025-07-03 08:44:54,2025-07-03 08:44:54,GTIGN,GTSTT,ok,0.0
18683,4274.3,4274.3,2025-07-03 08:44:54,2025-07-03 08:44:55,GTSTT,GTIGF,ok,0.0
18684,4274.3,4274.3,2025-07-03 08:44:55,2025-07-03 08:44:55,GTIGF,GTSTT,ok,0.0
18685,4274.3,4274.3,2025-07-03 08:44:55,2025-07-03 08:44:56,GTSTT,GTIGN,ok,0.0
18686,4274.3,4274.3,2025-07-03 08:44:56,2025-07-03 08:44:56,GTIGN,GTSTT,ok,0.0
18687,4274.3,4274.4,2025-07-03 08:44:56,2025-07-03 08:45:40,GTSTT,GTERI,ok,0.0999999999994543
18688,4274.4,4274.4,2025-07-03 08:45:40,2025-07-03 08:45:40,GTERI,GTIGL,ok,0.0
18689,4274.4,4274.4,2025-07-03 08:45:40,2025-07-03 08:45:40,GTIGL,GTIGL,ok,0.0
18690,4274.4,4274.4,2025-07-03 08:45:40,2025-07-03 08:45:40,GTIGL,GTIGL,ok,0.0
18691,4274.4,4274.4,2025-07-03 08:45:40,2025-07-03 08:45:43,GTIGL,GTERI,ok,0.0
18692,4274.4,4274.4,2025-07-03 08:45:43,2025-07-03 08:45:45,GTERI,GTERI,ok,0.0
18693,4274.4,4274.4,2025-07-03 08:45:45,2025-07-03 08:45:46,GTERI,GTERI,ok,0.0
18694,4274.4,4274.4,2025-07-03 08:45:46,2025-07-03 08:45:47,GTERI,GTERI,ok,0.0
18695,4274.4,4274.4,2025-07-03 08:45:47,2025-07-03 08:45:49,GTERI,GTERI,ok,0.0
18696,4274.4,4274.4,2025-07-03 08:45:49,2025-07-03 08:46:10,GTERI,GTERI,ok,0.0
18697,4274.4,4274.4,2025-07-03 08:46:10,2025-07-03 08:46:25,GTERI,GTIGF,ok,0.0
18698,4274.4,4274.4,2025-07-03 08:46:25,2025-07-03 08:46:25,GTIGF,GTSTT,ok,0.0
18699,4274.4,4274.4,2025-07-03 08:46:25,2025-07-03 08:46:26,GTSTT,GTERI,ok,0.0
18700,4274.4,4274.4,2025-07-03 08:46:26,2025-07-03 08:46:26,GTERI,GTIGL,ok,0.0
18702,4274.4,4274.4,2025-07-03 08:46:26,2025-07-03 08:47:48,GTIGL,GTSTT,ok,0.0
18704,4274.4,4274.4,2025-07-03 08:47:48,2025-07-03 08:49:18,GTSTT,GTIGN,ok,0.0
18705,4274.4,4274.4,2025-07-03 08:49:18,2025-07-03 08:49:18,GTIGN,GTSTT,ok,0.0
18706,4274.4,4274.4,2025-07-03 08:49:18,2025-07-03 08:49:19,GTSTT,GTIGL,ok,0.0
18707,4274.4,4274.4,2025-07-03 08:49:19,2025-07-03 08:49:23,GTIGL,GTERI,ok,0.0
18708,4274.4,4274.4,2025-07-03 08:49:23,2025-07-03 08:49:27,GTERI,GTIGF,ok,0.0
18709,4274.4,4274.4,2025-07-03 08:49:27,2025-07-03 08:49:27,GTIGF,GTSTT,ok,0.0
18710,4274.4,4274.4,2025-07-03 08:49:27,2025-07-03 08:49:27,GTSTT,GTERI,ok,0.0
18711,4274.4,4274.4,2025-07-03 08:49:27,2025-07-03 08:49:27,GTERI,GTIGL,ok,0.0
18712,4274.4,4274.4,2025-07-03 08:49:27,2025-07-03 08:49:50,GTIGL,GTIGN,ok,0.0
18713,4274.4,4274.4,2025-07-03 08:49:50,2025-07-03 08:49:50,GTIGN,GTSTT,ok,0.0
18714,4274.4,4274.4,2025-07-03 08:49:50,2025-07-03 08:49:51,GTSTT,GTIGL,ok,0.0
18715,4274.4,4274.4,2025-07-03 08:49:51,2025-07-03 08:49:54,GTIGL,GTERI,ok,0.0
18716,4274.4,4274.4,2025-07-03 08:49:54,2025-07-03 08:49:57,GTERI,GTIGF,ok,0.0
18717,4274.4,4274.4,2025-07-03 08:49:57,2025-07-03 08:49:57,GTIGF,GTSTT,ok,0.0
18718,4274.4,4274.4,2025-07-03 08:49:57,2025-07-03 08:49:57,GTSTT,GTERI,ok,0.0
18719,4274.4,4274.4,2025-07-03 08:49:57,2025-07-03 08:49:57,GTERI,GTIGL,ok,0.0
18720,4274.4,4274.4,2025-07-03 08:49:57,2025-07-03 08:49:58,GTIGL,GTIGN,ok,0.0
18721,4274.4,4274.4,2025-07-03 08:49:58,2025-07-03 08:49:58,GTIGN,GTSTT,ok,0.0
18722,4274.4,4274.4,2025-07-03 08:49:58,2025-07-03 08:49:58,GTSTT,GTIGL,ok,0.0
18723,4274.4,4274.4,2025-07-03 08:49:58,2025-07-03 08:50:02,GTIGL,GTERI,ok,0.0
18725,4274.4,4274.4,2025-07-03 08:50:02,2025-07-03 08:51:33,GTERI,GTERI,ok,0.0
18726,4274.4,4274.4,2025-07-03 08:51:33,2025-07-03 08:51:37,GTERI,GTERI,ok,0.0
18727,4274.4,4274.5,2025-07-03 08:51:37,2025-07-03 08:51:40,GTERI,GTERI,ok,0.1000000000003638
18728,4274.5,4274.5,2025-07-03 08:51:40,2025-07-03 08:51:44,GTERI,GTERI,ok,0.0
18729,4274.5,4274.5,2025-07-03 08:51:44,2025-07-03 08:51:51,GTERI,GTERI,ok,0.0
18731,4274.5,4274.5,2025-07-03 08:51:51,2025-07-03 08:53:03,GTERI,GTERI,ok,0.0
18732,4274.5,4274.5,2025-07-03 08:53:03,2025-07-03 08:53:46,GTERI,GTERI,ok,0.0
18733,4274.5,4274.5,2025-07-03 08:53:46,2025-07-03 08:53:59,GTERI,GTERI,ok,0.0
18734,4274.5,4274.6,2025-07-03 08:53:59,2025-07-03 08:54:25,GTERI,GTERI,ok,0.1000000000003638
18735,4274.6,4274.6,2025-07-03 08:54:25,2025-07-03 08:54:26,GTERI,GTERI,ok,0.0
18736,4274.6,4274.6,2025-07-03 08:54:26,2025-07-03 08:54:29,GTERI,GTERI,ok,0.0
18738,4274.6,4274.7,2025-07-03 08:54:29,2025-07-03 08:54:57,GTERI,GTERI,ok,0.0999999999994543
18739,4274.7,4274.9,2025-07-03 08:54:57,2025-07-03 08:55:17,GTERI,GTERI,ok,0.1999999999998181
18740,4274.9,4274.9,2025-07-03 08:55:17,2025-07-03 08:55:25,GTERI,GTERI,ok,0.0
18741,4274.9,4275.1,2025-07-03 08:55:25,2025-07-03 08:56:03,GTERI,GTERI,ok,0.2000000000007276
18743,4275.1,4275.1,2025-07-03 08:56:03,2025-07-03 08:57:04,GTERI,GTERI,ok,0.0
18744,4275.1,4275.1,2025-07-03 08:57:04,2025-07-03 08:57:06,GTERI,GTERI,ok,0.0
18745,4275.1,4275.1,2025-07-03 08:57:06,2025-07-03 08:57:08,GTERI,GTERI,ok,0.0
18746,4275.1,4275.4,2025-07-03 08:57:08,2025-07-03 08:57:34,GTERI,GTERI,ok,0.2999999999992724
18747,4275.4,4275.7,2025-07-03 08:57:34,2025-07-03 08:58:31,GTERI,GTERI,ok,0.3000000000001819
18749,4275.7,4276.1,2025-07-03 08:58:31,2025-07-03 08:59:03,GTERI,GTERI,ok,0.4000000000005457
18751,4276.1,4276.9,2025-07-03 08:59:03,2025-07-03 09:02:03,GTERI,GTERI,ok,0.7999999999992724
18752,4276.9,4277.3,2025-07-03 09:02:03,2025-07-03 09:02:46,GTERI,GTERI,ok,0.4000000000005457
18753,4277.3,4277.3,2025-07-03 09:02:46,2025-07-03 09:02:48,GTERI,GTERI,ok,0.0
18756,4277.3,4278.5,2025-07-03 09:02:48,2025-07-03 09:05:03,GTERI,GTERI,ok,1.199999999999818
18758,4278.5,4279.4,2025-07-03 09:05:03,2025-07-03 09:07:00,GTERI,GTERI,ok,0.8999999999996362
18759,4279.4,4279.5,2025-07-03 09:07:00,2025-07-03 09:07:15,GTERI,GTERI,ok,0.1000000000003638
18760,4279.5,4279.6,2025-07-03 09:07:15,2025-07-03 09:07:37,GTERI,GTERI,ok,0.1000000000003638
18761,4279.6,4279.7,2025-07-03 09:07:37,2025-07-03 09:08:03,GTERI,GTERI,ok,0.0999999999994543
18764,4279.7,4281.2,2025-07-03 09:08:03,2025-07-03 09:11:03,GTERI,GTERI,ok,1.5
18765,4281.2,4282.2,2025-07-03 09:11:03,2025-07-03 09:12:47,GTERI,GTERI,ok,1.0
18767,4282.2,4282.2,2025-07-03 09:12:47,2025-07-03 09:12:51,GTERI,GTERI,ok,0.0
18768,4282.2,4282.2,2025-07-03 09:12:51,2025-07-03 09:12:54,GTERI,GTERI,ok,0.0
18769,4282.2,4282.5,2025-07-03 09:12:54,2025-07-03 09:14:03,GTERI,GTERI,ok,0.3000000000001819
18770,4282.5,4282.6,2025-07-03 09:14:03,2025-07-03 09:14:17,GTERI,GTERI,ok,0.1000000000003638
18771,4282.6,4282.6,2025-07-03 09:14:17,2025-07-03 09:14:20,GTERI,GTERI,ok,0.0
18772,4282.6,4282.6,2025-07-03 09:14:20,2025-07-03 09:14:23,GTERI,GTERI,ok,0.0
18773,4282.6,4282.6,2025-07-03 09:14:23,2025-07-03 09:14:26,GTERI,GTERI,ok,0.0
18774,4282.6,4282.6,2025-07-03 09:14:26,2025-07-03 09:14:29,GTERI,GTERI,ok,0.0
18775,4282.6,4282.6,2025-07-03 09:14:29,2025-07-03 09:14:33,GTERI,GTERI,ok,0.0
18776,4282.6,4282.7,2025-07-03 09:14:33,2025-07-03 09:14:42,GTERI,GTERI,ok,0.0999999999994543
18777,4282.7,4282.7,2025-07-03 09:14:42,2025-07-03 09:14:44,GTERI,GTERI,ok,0.0
18778,4282.7,4282.7,2025-07-03 09:14:44,2025-07-03 09:14:46,GTERI,GTERI,ok,0.0
18779,4282.7,4282.7,2025-07-03 09:14:46,2025-07-03 09:14:49,GTERI,GTERI,ok,0.0
18780,4282.7,4282.7,2025-07-03 09:14:49,2025-07-03 09:14:51,GTERI,GTERI,ok,0.0
18782,4282.7,4282.7,2025-07-03 09:14:51,2025-07-03 09:15:33,GTERI,GTERI,ok,0.0
18783,4282.7,4282.7,2025-07-03 09:15:33,2025-07-03 09:15:39,GTERI,GTERI,ok,0.0
18784,4282.7,4282.7,2025-07-03 09:15:39,2025-07-03 09:15:41,GTERI,GTERI,ok,0.0
18785,4282.7,4283.0,2025-07-03 09:15:41,2025-07-03 09:16:23,GTERI,GTERI,ok,0.3000000000001819
18786,4283.0,4283.0,2025-07-03 09:16:23,2025-07-03 09:16:26,GTERI,GTERI,ok,0.0
18787,4283.0,4283.0,2025-07-03 09:16:26,2025-07-03 09:16:30,GTERI,GTERI,ok,0.0
18788,4283.0,4283.0,2025-07-03 09:16:30,2025-07-03 09:16:32,GTERI,GTERI,ok,0.0
18789,4283.0,4283.1,2025-07-03 09:16:32,2025-07-03 09:16:53,GTERI,GTERI,ok,0.1000000000003638
18791,4283.1,4283.1,2025-07-03 09:16:53,2025-07-03 09:16:55,GTERI,GTERI,ok,0.0
18792,4283.1,4283.1,2025-07-03 09:16:55,2025-07-03 09:17:03,GTERI,GTERI,ok,0.0
18793,4283.1,4283.1,2025-07-03 09:17:03,2025-07-03 09:17:47,GTERI,GTIGF,ok,0.0
18794,4283.1,4283.1,2025-07-03 09:17:47,2025-07-03 09:17:47,GTIGF,GTSTT,ok,0.0
18795,4283.1,4283.1,2025-07-03 09:17:47,2025-07-03 09:17:47,GTSTT,GTERI,ok,0.0
18796,4283.1,4283.1,2025-07-03 09:17:47,2025-07-03 09:17:48,GTERI,GTIGL,ok,0.0
18798,4283.1,4283.1,2025-07-03 09:17:48,2025-07-03 09:19:23,GTIGL,GTSTT,ok,0.0
18828,4283.1,4283.1,2025-07-03 09:19:23,2025-07-03 10:17:42,GTSTT,GTERI,ok,0.0
18859,4283.1,4283.1,2025-07-03 10:17:42,2025-07-03 11:17:42,GTERI,GTERI,ok,0.0
18890,4283.1,4283.1,2025-07-03 11:17:42,2025-07-03 12:17:42,GTERI,GTERI,ok,0.0
18921,4283.1,4283.1,2025-07-03 12:17:42,2025-07-03 13:17:42,GTERI,GTERI,ok,0.0
18952,4283.1,4283.1,2025-07-03 13:17:42,2025-07-03 14:17:42,GTERI,GTERI,ok,0.0
18983,4283.1,4283.1,2025-07-03 14:17:42,2025-07-03 15:17:42,GTERI,GTERI,ok,0.0
19014,4283.1,4283.1,2025-07-03 15:17:42,2025-07-03 16:17:42,GTERI,GTERI,ok,0.0
19020,4283.1,4283.1,2025-07-03 16:17:42,2025-07-03 16:27:38,GTERI,GTIGN,ok,0.0
19021,4283.1,4283.1,2025-07-03 16:27:38,2025-07-03 16:27:38,GTIGN,GTSTT,ok,0.0
19022,4283.1,4283.1,2025-07-03 16:27:38,2025-07-03 16:27:49,GTSTT,GTERI,ok,0.0
19023,4283.1,4283.1,2025-07-03 16:27:49,2025-07-03 16:27:49,GTERI,GTIGL,ok,0.0
19024,4283.1,4283.1,2025-07-03 16:27:49,2025-07-03 16:27:53,GTIGL,GTIGF,ok,0.0
19025,4283.1,4283.1,2025-07-03 16:27:53,2025-07-03 16:27:53,GTIGF,GTSTT,ok,0.0
19026,4283.1,4283.1,2025-07-03 16:27:53,2025-07-03 16:27:54,GTSTT,GTIGN,ok,0.0
19027,4283.1,4283.1,2025-07-03 16:27:54,2025-07-03 16:27:54,GTIGN,GTSTT,ok,0.0
19028,4283.1,4283.1,2025-07-03 16:27:54,2025-07-03 16:27:54,GTSTT,GTIGL,ok,0.0
19029,4283.1,4283.1,2025-07-03 16:27:54,2025-07-03 16:27:54,GTIGL,GTIGL,ok,0.0
19030,4283.1,4283.2,2025-07-03 16:27:54,2025-07-03 16:27:56,GTIGL,GTIGF,ok,0.0999999999994543
19031,4283.2,4283.2,2025-07-03 16:27:56,2025-07-03 16:27:56,GTIGF,GTSTT,ok,0.0
19032,4283.2,4283.2,2025-07-03 16:27:56,2025-07-03 16:27:56,GTSTT,GTIGL,ok,0.0
19033,4283.2,4283.2,2025-07-03 16:27:56,2025-07-03 16:27:57,GTIGL,GTIGN,ok,0.0
19034,4283.2,4283.2,2025-07-03 16:27:57,2025-07-03 16:27:57,GTIGN,GTSTT,ok,0.0
19035,4283.2,4283.2,2025-07-03 16:27:57,2025-07-03 16:27:58,GTSTT,GTIGL,ok,0.0
19036,4283.2,4283.2,2025-07-03 16:27:58,2025-07-03 16:28:01,GTIGL,GTERI,ok,0.0
19038,4283.2,4283.2,2025-07-03 16:28:01,2025-07-03 16:31:05,GTERI,GTERI,ok,0.0
19040,4283.2,4283.2,2025-07-03 16:31:05,2025-07-03 16:31:37,GTERI,GTERI,ok,0.0
19041,4283.2,4283.2,2025-07-03 16:31:37,2025-07-03 16:31:58,GTERI,GTERI,ok,0.0
19042,4283.2,4283.3,2025-07-03 16:31:58,2025-07-03 16:32:26,GTERI,GTERI,ok,0.1000000000003638
19043,4283.3,4283.3,2025-07-03 16:32:26,2025-07-03 16:32:28,GTERI,GTERI,ok,0.0
19045,4283.3,4283.4,2025-07-03 16:32:28,2025-07-03 16:34:05,GTERI,GTERI,ok,0.0999999999994543
19046,4283.4,4283.4,2025-07-03 16:34:05,2025-07-03 16:34:34,GTERI,GTERI,ok,0.0
19047,4283.4,4283.5,2025-07-03 16:34:34,2025-07-03 16:35:09,GTERI,GTERI,ok,0.1000000000003638
19049,4283.5,4283.7,2025-07-03 16:35:09,2025-07-03 16:35:33,GTERI,GTERI,ok,0.1999999999998181
19050,4283.7,4283.7,2025-07-03 16:35:33,2025-07-03 16:35:42,GTERI,GTERI,ok,0.0
19051,4283.7,4284.2,2025-07-03 16:35:42,2025-07-03 16:36:14,GTERI,GTERI,ok,0.5
19052,4284.2,4284.7,2025-07-03 16:36:14,2025-07-03 16:36:48,GTERI,GTERI,ok,0.5
19053,4284.7,4285.0,2025-07-03 16:36:48,2025-07-03 16:37:05,GTERI,GTERI,ok,0.3000000000001819
19055,4285.0,4286.0,2025-07-03 16:37:05,2025-07-03 16:38:06,GTERI,GTERI,ok,1.0
19056,4286.0,4286.1,2025-07-03 16:38:06,2025-07-03 16:38:11,GTERI,GTERI,ok,0.1000000000003638
19057,4286.1,4286.2,2025-07-03 16:38:11,2025-07-03 16:38:15,GTERI,GTERI,ok,0.0999999999994543
19058,4286.2,4286.2,2025-07-03 16:38:15,2025-07-03 16:38:19,GTERI,GTERI,ok,0.0
19059,4286.2,4286.3,2025-07-03 16:38:19,2025-07-03 16:38:23,GTERI,GTERI,ok,0.1000000000003638
19061,4286.3,4287.4,2025-07-03 16:38:23,2025-07-03 16:39:53,GTERI,GTERI,ok,1.0999999999994543
19062,4287.4,4287.4,2025-07-03 16:39:53,2025-07-03 16:39:53,GTERI,GTERI,ok,0.0
19063,4287.4,4287.4,2025-07-03 16:39:53,2025-07-03 16:39:55,GTERI,GTERI,ok,0.0
19064,4287.4,4287.4,2025-07-03 16:39:55,2025-07-03 16:39:57,GTERI,GTERI,ok,0.0
19065,4287.4,4287.5,2025-07-03 16:39:57,2025-07-03 16:40:05,GTERI,GTERI,ok,0.1000000000003638
19067,4287.5,4288.1,2025-07-03 16:40:05,2025-07-03 16:42:19,GTERI,GTERI,ok,0.6000000000003638
19068,4288.1,4288.3,2025-07-03 16:42:19,2025-07-03 16:42:41,GTERI,GTERI,ok,0.1999999999998181
19069,4288.3,4288.4,2025-07-03 16:42:41,2025-07-03 16:43:05,GTERI,GTERI,ok,0.0999999999994543
19071,4288.4,4288.6,2025-07-03 16:43:05,2025-07-03 16:44:35,GTERI,GTERI,ok,0.2000000000007276
19073,4288.6,4288.7,2025-07-03 16:44:35,2025-07-03 16:45:30,GTERI,GTERI,ok,0.0999999999994543
19074,4288.7,4288.8,2025-07-03 16:45:30,2025-07-03 16:46:05,GTERI,GTERI,ok,0.1000000000003638
19075,4288.8,4288.9,2025-07-03 16:46:05,2025-07-03 16:46:28,GTERI,GTERI,ok,0.0999999999994543
19076,4288.9,4289.0,2025-07-03 16:46:28,2025-07-03 16:46:42,GTERI,GTERI,ok,0.1000000000003638
19077,4289.0,4289.0,2025-07-03 16:46:42,2025-07-03 16:46:44,GTERI,GTERI,ok,0.0
19078,4289.0,4289.0,2025-07-03 16:46:44,2025-07-03 16:46:47,GTERI,GTERI,ok,0.0
19079,4289.0,4289.1,2025-07-03 16:46:47,2025-07-03 16:47:06,GTERI,GTERI,ok,0.1000000000003638
19080,4289.1,4289.3,2025-07-03 16:47:06,2025-07-03 16:47:27,GTERI,GTERI,ok,0.1999999999998181
19082,4289.3,4289.5,2025-07-03 16:47:27,2025-07-03 16:48:07,GTERI,GTERI,ok,0.1999999999998181
19083,4289.5,4289.6,2025-07-03 16:48:07,2025-07-03 16:48:15,GTERI,GTERI,ok,0.1000000000003638
19084,4289.6,4289.7,2025-07-03 16:48:15,2025-07-03 16:49:05,GTERI,GTERI,ok,0.0999999999994543
19087,4289.7,4290.2,2025-07-03 16:49:05,2025-07-03 16:51:45,GTERI,GTERI,ok,0.5
19088,4290.2,4290.2,2025-07-03 16:51:45,2025-07-03 16:52:05,GTERI,GTERI,ok,0.0
19089,4290.2,4290.6,2025-07-03 16:52:05,2025-07-03 16:52:44,GTERI,GTERI,ok,0.4000000000005457
19090,4290.6,4290.9,2025-07-03 16:52:44,2025-07-03 16:53:26,GTERI,GTERI,ok,0.2999999999992724
19092,4290.9,4291.1,2025-07-03 16:53:26,2025-07-03 16:55:05,GTERI,GTERI,ok,0.2000000000007276
19093,4291.1,4291.3,2025-07-03 16:55:05,2025-07-03 16:55:17,GTERI,GTERI,ok,0.1999999999998181
19095,4291.3,4291.3,2025-07-03 16:55:17,2025-07-03 16:55:58,GTERI,GTERI,ok,0.0
19096,4291.3,4291.4,2025-07-03 16:55:58,2025-07-03 16:56:26,GTERI,GTERI,ok,0.0999999999994543
19097,4291.4,4291.4,2025-07-03 16:56:26,2025-07-03 16:56:28,GTERI,GTERI,ok,0.0
19099,4291.4,4291.7,2025-07-03 16:56:28,2025-07-03 16:58:05,GTERI,GTERI,ok,0.3000000000001819
19101,4291.7,4291.9,2025-07-03 16:58:05,2025-07-03 16:59:37,GTERI,GTERI,ok,0.1999999999998181
19102,4291.9,4292.5,2025-07-03 16:59:37,2025-07-03 17:01:05,GTERI,GTERI,ok,0.6000000000003638
19103,4292.5,4292.6,2025-07-03 17:01:05,2025-07-03 17:01:19,GTERI,GTERI,ok,0.1000000000003638
19105,4292.6,4292.6,2025-07-03 17:01:19,2025-07-03 17:01:33,GTERI,GTERI,ok,0.0
19106,4292.6,4292.9,2025-07-03 17:01:33,2025-07-03 17:02:03,GTERI,GTERI,ok,0.2999999999992724
19107,4292.9,4292.9,2025-07-03 17:02:03,2025-07-03 17:02:17,GTERI,GTERI,ok,0.0
19108,4292.9,4293.1,2025-07-03 17:02:17,2025-07-03 17:03:03,GTERI,GTERI,ok,0.2000000000007276
19110,4293.1,4293.1,2025-07-03 17:03:03,2025-07-03 17:03:46,GTERI,GTSTT,ok,0.0
19111,4293.1,4293.1,2025-07-03 17:03:46,2025-07-03 17:04:05,GTSTT,GTERI,ok,0.0
19112,4293.1,4293.1,2025-07-03 17:04:05,2025-07-03 17:04:16,GTERI,GTSTT,ok,0.0
19113,4293.1,4293.1,2025-07-03 17:04:16,2025-07-03 17:04:33,GTSTT,GTERI,ok,0.0
19114,4293.1,4293.2,2025-07-03 17:04:33,2025-07-03 17:04:42,GTERI,GTERI,ok,0.0999999999994543
19116,4293.2,4293.5,2025-07-03 17:04:42,2025-07-03 17:06:04,GTERI,GTSTT,ok,0.3000000000001819
19117,4293.5,4293.5,2025-07-03 17:06:04,2025-07-03 17:06:20,GTSTT,GTSTT,ok,0.0
19118,4293.5,4293.6,2025-07-03 17:06:20,2025-07-03 17:06:41,GTSTT,GTERI,ok,0.1000000000003638
19119,4293.6,4293.6,2025-07-03 17:06:41,2025-07-03 17:07:05,GTERI,GTERI,ok,0.0
19121,4293.6,4293.7,2025-07-03 17:07:05,2025-07-03 17:08:27,GTERI,GTSTT,ok,0.0999999999994543
19122,4293.7,4293.7,2025-07-03 17:08:27,2025-07-03 17:08:38,GTSTT,GTSTT,ok,0.0
19123,4293.7,4294.1,2025-07-03 17:08:38,2025-07-03 17:09:18,GTSTT,GTERI,ok,0.4000000000005457
19125,4294.1,4294.3,2025-07-03 17:09:18,2025-07-03 17:10:05,GTERI,GTERI,ok,0.1999999999998181
19126,4294.3,4294.8,2025-07-03 17:10:05,2025-07-03 17:10:49,GTERI,GTERI,ok,0.5
19128,4294.8,4295.6,2025-07-03 17:10:49,2025-07-03 17:13:05,GTERI,GTERI,ok,0.8000000000001819
19131,4295.6,4297.2,2025-07-03 17:13:05,2025-07-03 17:16:05,GTERI,GTERI,ok,1.5999999999994543
19133,4297.2,4297.9,2025-07-03 17:16:05,2025-07-03 17:19:05,GTERI,GTERI,ok,0.6999999999998181
19136,4297.9,4299.0,2025-07-03 17:19:05,2025-07-03 17:22:05,GTERI,GTERI,ok,1.1000000000003638
19137,4299.0,4299.7,2025-07-03 17:22:05,2025-07-03 17:23:11,GTERI,GTERI,ok,0.6999999999998181
19139,4299.7,4300.9,2025-07-03 17:23:11,2025-07-03 17:25:05,GTERI,GTERI,ok,1.199999999999818
19141,4300.9,4301.7,2025-07-03 17:25:05,2025-07-03 17:26:08,GTERI,GTERI,ok,0.8000000000001819
19142,4301.7,4301.9,2025-07-03 17:26:08,2025-07-03 17:26:23,GTERI,GTERI,ok,0.1999999999998181
19143,4301.9,4302.0,2025-07-03 17:26:23,2025-07-03 17:26:28,GTERI,GTERI,ok,0.1000000000003638
19144,4302.0,4302.1,2025-07-03 17:26:28,2025-07-03 17:26:40,GTERI,GTERI,ok,0.1000000000003638
19145,4302.1,4302.6,2025-07-03 17:26:40,2025-07-03 17:27:06,GTERI,GTERI,ok,0.5
19147,4302.6,4303.2,2025-07-03 17:27:06,2025-07-03 17:28:05,GTERI,GTERI,ok,0.5999999999994543
19148,4303.2,4304.0,2025-07-03 17:28:05,2025-07-03 17:28:36,GTERI,GTERI,ok,0.8000000000001819
19150,4304.0,4306.5,2025-07-03 17:28:36,2025-07-03 17:31:05,GTERI,GTERI,ok,2.5
19152,4306.5,4309.0,2025-07-03 17:31:05,2025-07-03 17:32:57,GTERI,GTERI,ok,2.5
19153,4309.0,4309.0,2025-07-03 17:32:57,2025-07-03 17:32:57,GTERI,GTERI,ok,0.0
19155,4309.0,4310.3,2025-07-03 17:32:57,2025-07-03 17:33:44,GTERI,GTERI,ok,1.300000000000182
19156,4310.3,4310.8,2025-07-03 17:33:44,2025-07-03 17:34:05,GTERI,GTERI,ok,0.5
19157,4310.8,4311.0,2025-07-03 17:34:05,2025-07-03 17:34:14,GTERI,GTERI,ok,0.1999999999998181
19158,4311.0,4312.9,2025-07-03 17:34:14,2025-07-03 17:35:24,GTERI,GTERI,ok,1.8999999999996362
19160,4312.9,4315.6,2025-07-03 17:35:24,2025-07-03 17:37:05,GTERI,GTERI,ok,2.7000000000007276
19162,4315.6,4316.6,2025-07-03 17:37:05,2025-07-03 17:37:43,GTERI,GTERI,ok,1.0
19163,4316.6,4318.2,2025-07-03 17:37:43,2025-07-03 17:38:47,GTERI,GTERI,ok,1.5999999999994543
19164,4318.2,4318.6,2025-07-03 17:38:47,2025-07-03 17:39:01,GTERI,GTERI,ok,0.4000000000005457
19166,4318.6,4320.3,2025-07-03 17:39:01,2025-07-03 17:40:05,GTERI,GTERI,ok,1.699999999999818
19167,4320.3,4321.4,2025-07-03 17:40:05,2025-07-03 17:40:53,GTERI,GTERI,ok,1.0999999999994543
19170,4321.4,4322.9,2025-07-03 17:40:53,2025-07-03 17:42:40,GTERI,GTPDP,ok,1.5
19171,4322.9,4322.9,2025-07-03 17:42:40,2025-07-03 17:43:05,GTPDP,GTERI,ok,0.0
19172,4322.9,4324.9,2025-07-03 17:43:05,2025-07-03 17:43:06,GTERI,GTERI,ok,2.0
19174,4324.9,4328.0,2025-07-03 17:43:06,2025-07-03 17:46:05,GTERI,GTERI,ok,3.100000000000364
19175,4328.0,4328.2,2025-07-03 17:46:05,2025-07-03 17:46:49,GTERI,GTERI,ok,0.1999999999998181
19177,4328.2,4328.4,2025-07-03 17:46:49,2025-07-03 17:47:22,GTERI,GTERI,ok,0.1999999999998181
19178,4328.4,4328.6,2025-07-03 17:47:22,2025-07-03 17:47:35,GTERI,GTERI,ok,0.2000000000007276
19179,4328.6,4328.8,2025-07-03 17:47:35,2025-07-03 17:47:48,GTERI,GTERI,ok,0.1999999999998181
19180,4328.8,4329.0,2025-07-03 17:47:48,2025-07-03 17:48:00,GTERI,GTERI,ok,0.1999999999998181
19181,4329.0,4329.7,2025-07-03 17:48:00,2025-07-03 17:49:05,GTERI,GTERI,ok,0.6999999999998181
19184,4329.7,4333.8,2025-07-03 17:49:05,2025-07-03 17:52:05,GTERI,GTERI,ok,4.100000000000364
19185,4333.8,4335.0,2025-07-03 17:52:05,2025-07-03 17:53:00,GTERI,GTERI,ok,1.199999999999818
19187,4335.0,4338.2,2025-07-03 17:53:00,2025-07-03 17:55:05,GTERI,GTERI,ok,3.199999999999818
19188,4338.2,4338.2,2025-07-03 17:55:05,2025-07-03 17:55:05,GTERI,GTERI,ok,0.0
19190,4338.2,4342.2,2025-07-03 17:55:05,2025-07-03 17:57:33,GTERI,GTERI,ok,4.0
19192,4342.2,4342.9,2025-07-03 17:57:33,2025-07-03 17:58:01,GTERI,GTERI,ok,0.6999999999998181
19193,4342.9,4343.0,2025-07-03 17:58:01,2025-07-03 17:58:05,GTERI,GTERI,ok,0.1000000000003638
19195,4343.0,4345.1,2025-07-03 17:58:05,2025-07-03 17:59:58,GTERI,GTERI,ok,2.100000000000364
19196,4345.1,4345.4,2025-07-03 17:59:58,2025-07-03 18:00:12,GTERI,GTERI,ok,0.2999999999992724
19197,4345.4,4346.8,2025-07-03 18:00:12,2025-07-03 18:01:05,GTERI,GTERI,ok,1.4000000000005457
19198,4346.8,4347.3,2025-07-03 18:01:05,2025-07-03 18:01:27,GTERI,GTERI,ok,0.5
19200,4347.3,4348.3,2025-07-03 18:01:27,2025-07-03 18:02:01,GTERI,GTERI,ok,1.0
19201,4348.3,4349.0,2025-07-03 18:02:01,2025-07-03 18:02:31,GTERI,GTERI,ok,0.6999999999998181
19202,4349.0,4350.4,2025-07-03 18:02:31,2025-07-03 18:03:19,GTERI,GTERI,ok,1.3999999999996362
19204,4350.4,4351.7,2025-07-03 18:03:19,2025-07-03 18:04:05,GTERI,GTERI,ok,1.300000000000182
19206,4351.7,4356.2,2025-07-03 18:04:05,2025-07-03 18:07:05,GTERI,GTERI,ok,4.5
19209,4356.2,4360.3,2025-07-03 18:07:05,2025-07-03 18:10:05,GTERI,GTERI,ok,4.100000000000364
19210,4360.3,4361.7,2025-07-03 18:10:05,2025-07-03 18:11:01,GTERI,GTERI,ok,1.3999999999996362
19212,4361.7,4363.3,2025-07-03 18:11:01,2025-07-03 18:12:11,GTERI,GTERI,ok,1.6000000000003638
19213,4363.3,4363.4,2025-07-03 18:12:11,2025-07-03 18:12:29,GTERI,GTERI,ok,0.0999999999994543
19214,4363.4,4363.4,2025-07-03 18:12:29,2025-07-03 18:13:05,GTERI,GTERI,ok,0.0
19215,4363.4,4363.4,2025-07-03 18:13:05,2025-07-03 18:13:22,GTERI,GTSTT,ok,0.0
19216,4363.4,4363.4,2025-07-03 18:13:22,2025-07-03 18:13:28,GTSTT,GTSTT,ok,0.0
19218,4363.4,4363.4,2025-07-03 18:13:28,2025-07-03 18:14:39,GTSTT,GTIGF,ok,0.0
19219,4363.4,4363.4,2025-07-03 18:14:39,2025-07-03 18:14:39,GTIGF,GTSTT,ok,0.0
19220,4363.4,4363.4,2025-07-03 18:14:39,2025-07-03 18:14:40,GTSTT,GTERI,ok,0.0
19221,4363.4,4363.4,2025-07-03 18:14:40,2025-07-03 18:14:40,GTERI,GTIGL,ok,0.0
19222,4363.4,4363.4,2025-07-03 18:14:40,2025-07-03 18:14:40,GTIGL,GTIGN,ok,0.0
19223,4363.4,4363.4,2025-07-03 18:14:40,2025-07-03 18:14:40,GTIGN,GTSTT,ok,0.0
19224,4363.4,4363.4,2025-07-03 18:14:40,2025-07-03 18:14:41,GTSTT,GTIGF,ok,0.0
19225,4363.4,4363.4,2025-07-03 18:14:41,2025-07-03 18:14:41,GTIGF,GTSTT,ok,0.0
19226,4363.4,4363.4,2025-07-03 18:14:41,2025-07-03 18:14:41,GTSTT,GTIGL,ok,0.0
19227,4363.4,4363.4,2025-07-03 18:14:41,2025-07-03 18:14:41,GTIGL,GTIGL,ok,0.0
19228,4363.4,4363.4,2025-07-03 18:14:41,2025-07-03 18:14:41,GTIGL,GTIGN,ok,0.0
19229,4363.4,4363.4,2025-07-03 18:14:41,2025-07-03 18:14:41,GTIGN,GTSTT,ok,0.0
19230,4363.4,4363.4,2025-07-03 18:14:41,2025-07-03 18:14:42,GTSTT,GTIGF,ok,0.0
19231,4363.4,4363.4,2025-07-03 18:14:42,2025-07-03 18:14:42,GTIGF,GTSTT,ok,0.0
19232,4363.4,4363.4,2025-07-03 18:14:42,2025-07-03 18:14:42,GTSTT,GTIGL,ok,0.0
19233,4363.4,4363.4,2025-07-03 18:14:42,2025-07-03 18:14:42,GTIGL,GTIGL,ok,0.0
19234,4363.4,4363.4,2025-07-03 18:14:42,2025-07-03 18:14:44,GTIGL,GTIGN,ok,0.0
19235,4363.4,4363.4,2025-07-03 18:14:44,2025-07-03 18:14:44,GTIGN,GTSTT,ok,0.0
19236,4363.4,4363.4,2025-07-03 18:14:44,2025-07-03 18:14:44,GTSTT,GTIGF,ok,0.0
19237,4363.4,4363.4,2025-07-03 18:14:44,2025-07-03 18:14:44,GTIGF,GTSTT,ok,0.0
19238,4363.4,4363.4,2025-07-03 18:14:44,2025-07-03 18:14:45,GTSTT,GTIGL,ok,0.0
19239,4363.4,4363.4,2025-07-03 18:14:45,2025-07-03 18:14:45,GTIGL,GTIGL,ok,0.0
19240,4363.4,4363.4,2025-07-03 18:14:45,2025-07-03 18:14:54,GTIGL,GTIGN,ok,0.0
19241,4363.4,4363.4,2025-07-03 18:14:54,2025-07-03 18:14:54,GTIGN,GTSTT,ok,0.0
19242,4363.4,4363.4,2025-07-03 18:14:54,2025-07-03 18:14:55,GTSTT,GTIGL,ok,0.0
19243,4363.4,4363.4,2025-07-03 18:14:55,2025-07-03 18:14:56,GTIGL,GTIGF,ok,0.0
19244,4363.4,4363.4,2025-07-03 18:14:56,2025-07-03 18:14:56,GTIGF,GTSTT,ok,0.0
19245,4363.4,4363.4,2025-07-03 18:14:56,2025-07-03 18:14:57,GTSTT,GTIGL,ok,0.0
19246,4363.4,4363.4,2025-07-03 18:14:57,2025-07-03 18:14:58,GTIGL,GTIGN,ok,0.0
19247,4363.4,4363.4,2025-07-03 18:14:58,2025-07-03 18:14:58,GTIGN,GTSTT,ok,0.0
19248,4363.4,4363.4,2025-07-03 18:14:58,2025-07-03 18:14:59,GTSTT,GTIGL,ok,0.0
19249,4363.4,4363.4,2025-07-03 18:14:59,2025-07-03 18:15:02,GTIGL,GTERI,ok,0.0
19251,4363.4,4363.5,2025-07-03 18:15:02,2025-07-03 18:15:42,GTERI,GTERI,ok,0.1000000000003638
19252,4363.5,4363.6,2025-07-03 18:15:42,2025-07-03 18:15:57,GTERI,GTERI,ok,0.1000000000003638
19254,4363.6,4366.7,2025-07-03 18:15:57,2025-07-03 18:18:06,GTERI,GTERI,ok,3.0999999999994543
19256,4366.7,4371.1,2025-07-03 18:18:06,2025-07-03 18:21:06,GTERI,GTERI,ok,4.400000000000546
19259,4371.1,4375.6,2025-07-03 18:21:06,2025-07-03 18:24:06,GTERI,GTERI,ok,4.5
19263,4375.6,4380.2,2025-07-03 18:24:06,2025-07-03 18:27:06,GTERI,GTERI,ok,4.599999999999454
19262,4380.2,4380.2,2025-07-03 18:27:06,2025-07-03 18:27:06,GTERI,GTPDP,ok,0.0
19265,4380.2,4382.9,2025-07-03 18:27:06,2025-07-03 18:29:27,GTPDP,GTPDP,ok,2.699999999999818
19266,4382.9,4383.9,2025-07-03 18:29:27,2025-07-03 18:30:07,GTPDP,GTERI,ok,1.0
19268,4383.9,4388.5,2025-07-03 18:30:07,2025-07-03 18:33:07,GTERI,GTERI,ok,4.600000000000364
19270,4388.5,4388.9,2025-07-03 18:33:07,2025-07-03 18:33:40,GTERI,GTERI,ok,0.3999999999996362
19271,4388.9,4389.1,2025-07-03 18:33:40,2025-07-03 18:33:57,GTERI,GTERI,ok,0.2000000000007276
19272,4389.1,4389.3,2025-07-03 18:33:57,2025-07-03 18:34:17,GTERI,GTERI,ok,0.1999999999998181
19273,4389.3,4390.0,2025-07-03 18:34:17,2025-07-03 18:34:52,GTERI,GTERI,ok,0.6999999999998181
19275,4390.0,4391.2,2025-07-03 18:34:52,2025-07-03 18:36:07,GTERI,GTERI,ok,1.199999999999818
19276,4391.2,4392.6,2025-07-03 18:36:07,2025-07-03 18:37:19,GTERI,GTERI,ok,1.4000000000005457
19278,4392.6,4394.6,2025-07-03 18:37:19,2025-07-03 18:39:07,GTERI,GTERI,ok,2.0
19281,4394.6,4397.7,2025-07-03 18:39:07,2025-07-03 18:42:05,GTERI,GTERI,ok,3.0999999999994543
19282,4397.7,4397.8,2025-07-03 18:42:05,2025-07-03 18:42:07,GTERI,GTERI,ok,0.1000000000003638
19283,4397.8,4398.8,2025-07-03 18:42:07,2025-07-03 18:42:56,GTERI,GTERI,ok,1.0
19284,4398.8,4398.8,2025-07-03 18:42:56,2025-07-03 18:42:59,GTERI,GTERI,ok,0.0
19285,4398.8,4398.8,2025-07-03 18:42:59,2025-07-03 18:43:02,GTERI,GTERI,ok,0.0
19286,4398.8,4398.9,2025-07-03 18:43:02,2025-07-03 18:43:12,GTERI,GTERI,ok,0.0999999999994543
19287,4398.9,4399.0,2025-07-03 18:43:12,2025-07-03 18:43:15,GTERI,GTERI,ok,0.1000000000003638
19288,4399.0,4399.0,2025-07-03 18:43:15,2025-07-03 18:43:18,GTERI,GTERI,ok,0.0
19289,4399.0,4399.0,2025-07-03 18:43:18,2025-07-03 18:43:21,GTERI,GTERI,ok,0.0
19290,4399.0,4399.1,2025-07-03 18:43:21,2025-07-03 18:43:27,GTERI,GTERI,ok,0.1000000000003638
19292,4399.1,4399.4,2025-07-03 18:43:27,2025-07-03 18:44:06,GTERI,GTERI,ok,0.2999999999992724
19293,4399.4,4399.5,2025-07-03 18:44:06,2025-07-03 18:45:07,GTERI,GTERI,ok,0.1000000000003638
19296,4399.5,4399.6,2025-07-03 18:45:07,2025-07-03 18:48:07,GTERI,GTERI,ok,0.1000000000003638
19298,4399.6,4399.9,2025-07-03 18:48:07,2025-07-03 18:51:07,GTERI,GTERI,ok,0.2999999999992724
19300,4399.9,4400.7,2025-07-03 18:51:07,2025-07-03 18:53:00,GTERI,GTERI,ok,0.8000000000001819
19301,4400.7,4400.7,2025-07-03 18:53:00,2025-07-03 18:53:02,GTERI,GTERI,ok,0.0
19302,4400.7,4400.8,2025-07-03 18:53:02,2025-07-03 18:53:15,GTERI,GTERI,ok,0.1000000000003638
19304,4400.8,4400.8,2025-07-03 18:53:15,2025-07-03 18:54:07,GTERI,GTERI,ok,0.0
19305,4400.8,4400.9,2025-07-03 18:54:07,2025-07-03 18:55:17,GTERI,GTERI,ok,0.0999999999994543
19306,4400.9,4400.9,2025-07-03 18:55:17,2025-07-03 18:55:19,GTERI,GTERI,ok,0.0
19307,4400.9,4400.9,2025-07-03 18:55:19,2025-07-03 18:55:32,GTERI,GTERI,ok,0.0
19308,4400.9,4400.9,2025-07-03 18:55:32,2025-07-03 18:55:35,GTERI,GTERI,ok,0.0
19310,4400.9,4401.1,2025-07-03 18:55:35,2025-07-03 18:56:16,GTERI,GTERI,ok,0.2000000000007276
19311,4401.1,4401.1,2025-07-03 18:56:16,2025-07-03 18:56:19,GTERI,GTERI,ok,0.0
19312,4401.1,4401.2,2025-07-03 18:56:19,2025-07-03 18:56:49,GTERI,GTERI,ok,0.0999999999994543
19313,4401.2,4401.3,2025-07-03 18:56:49,2025-07-03 18:57:07,GTERI,GTERI,ok,0.1000000000003638
19315,4401.3,4401.4,2025-07-03 18:57:07,2025-07-03 18:58:05,GTERI,GTERI,ok,0.0999999999994543
19316,4401.4,4401.4,2025-07-03 18:58:05,2025-07-03 18:58:08,GTERI,GTERI,ok,0.0
19317,4401.4,4401.4,2025-07-03 18:58:08,2025-07-03 18:58:13,GTERI,GTERI,ok,0.0
19318,4401.4,4401.4,2025-07-03 18:58:13,2025-07-03 18:58:17,GTERI,GTERI,ok,0.0
19319,4401.4,4401.4,2025-07-03 18:58:17,2025-07-03 18:58:41,GTERI,GTERI,ok,0.0
19321,4401.4,4401.4,2025-07-03 18:58:41,2025-07-03 19:00:07,GTERI,GTERI,ok,0.0
19322,4401.4,4401.5,2025-07-03 19:00:07,2025-07-03 19:00:23,GTERI,GTERI,ok,0.1000000000003638
19323,4401.5,4401.5,2025-07-03 19:00:23,2025-07-03 19:00:29,GTERI,GTERI,ok,0.0
19324,4401.5,4401.6,2025-07-03 19:00:29,2025-07-03 19:00:50,GTERI,GTERI,ok,0.1000000000003638
19325,4401.6,4401.6,2025-07-03 19:00:50,2025-07-03 19:00:52,GTERI,GTERI,ok,0.0
19326,4401.6,4401.6,2025-07-03 19:00:52,2025-07-03 19:01:01,GTERI,GTERI,ok,0.0
19327,4401.6,4401.6,2025-07-03 19:01:01,2025-07-03 19:01:35,GTERI,GTERI,ok,0.0
19329,4401.6,4401.6,2025-07-03 19:01:35,2025-07-03 19:01:42,GTERI,GTERI,ok,0.0
19330,4401.6,4401.7,2025-07-03 19:01:42,2025-07-03 19:02:33,GTERI,GTIGF,ok,0.0999999999994543
19331,4401.7,4401.7,2025-07-03 19:02:33,2025-07-03 19:02:33,GTIGF,GTSTT,ok,0.0
19332,4401.7,4401.7,2025-07-03 19:02:33,2025-07-03 19:02:33,GTSTT,GTERI,ok,0.0
19333,4401.7,4401.7,2025-07-03 19:02:33,2025-07-03 19:02:33,GTERI,GTIGL,ok,0.0
19335,4401.7,4401.7,2025-07-03 19:02:33,2025-07-03 19:04:03,GTIGL,GTSTT,ok,0.0
19337,4401.7,4401.7,2025-07-03 19:04:03,2025-07-03 19:07:22,GTSTT,GTIGN,ok,0.0
19338,4401.7,4401.7,2025-07-03 19:07:22,2025-07-03 19:07:22,GTIGN,GTSTT,ok,0.0
19339,4401.7,4401.7,2025-07-03 19:07:22,2025-07-03 19:07:23,GTSTT,GTIGL,ok,0.0
19340,4401.7,4401.7,2025-07-03 19:07:23,2025-07-03 19:07:27,GTIGL,GTERI,ok,0.0
19341,4401.7,4401.7,2025-07-03 19:07:27,2025-07-03 19:07:29,GTERI,GTIGF,ok,0.0
19342,4401.7,4401.7,2025-07-03 19:07:29,2025-07-03 19:07:29,GTIGF,GTSTT,ok,0.0
19343,4401.7,4401.7,2025-07-03 19:07:29,2025-07-03 19:07:29,GTSTT,GTERI,ok,0.0
19344,4401.7,4401.7,2025-07-03 19:07:29,2025-07-03 19:07:29,GTERI,GTIGL,ok,0.0
19345,4401.7,4401.7,2025-07-03 19:07:29,2025-07-03 19:07:30,GTIGL,GTIGN,ok,0.0
19346,4401.7,4401.7,2025-07-03 19:07:30,2025-07-03 19:07:30,GTIGN,GTSTT,ok,0.0
19347,4401.7,4401.7,2025-07-03 19:07:30,2025-07-03 19:07:30,GTSTT,GTIGL,ok,0.0
19348,4401.7,4401.7,2025-07-03 19:07:30,2025-07-03 19:07:30,GTIGL,GTIGF,ok,0.0
19349,4401.7,4401.7,2025-07-03 19:07:30,2025-07-03 19:07:30,GTIGF,GTSTT,ok,0.0
19350,4401.7,4401.7,2025-07-03 19:07:30,2025-07-03 19:07:31,GTSTT,GTIGL,ok,0.0
19351,4401.7,4401.7,2025-07-03 19:07:31,2025-07-03 19:07:32,GTIGL,GTIGN,ok,0.0
19352,4401.7,4401.7,2025-07-03 19:07:32,2025-07-03 19:07:32,GTIGN,GTSTT,ok,0.0
19353,4401.7,4401.7,2025-07-03 19:07:32,2025-07-03 19:07:32,GTSTT,GTIGL,ok,0.0
19354,4401.7,4401.7,2025-07-03 19:07:32,2025-07-03 19:07:36,GTIGL,GTERI,ok,0.0
19357,4401.7,4401.7,2025-07-03 19:07:36,2025-07-03 19:09:50,GTERI,GTIGF,ok,0.0
19358,4401.7,4401.7,2025-07-03 19:09:50,2025-07-03 19:09:50,GTIGF,GTSTT,ok,0.0
19359,4401.7,4401.7,2025-07-03 19:09:50,2025-07-03 19:09:51,GTSTT,GTERI,ok,0.0
19360,4401.7,4401.7,2025-07-03 19:09:51,2025-07-03 19:09:51,GTERI,GTIGL,ok,0.0
19361,4401.7,4401.7,2025-07-03 19:09:51,2025-07-03 19:10:50,GTIGL,GTSTT,ok,0.0
19392,4401.7,4401.7,2025-07-03 19:10:50,2025-07-03 20:09:45,GTSTT,GTERI,ok,0.0
19423,4401.7,4401.7,2025-07-03 20:09:45,2025-07-03 21:09:45,GTERI,GTERI,ok,0.0
19453,4401.7,4401.7,2025-07-03 21:09:45,2025-07-03 22:09:45,GTERI,GTERI,ok,0.0
19484,4401.7,4401.7,2025-07-03 22:09:45,2025-07-03 23:09:45,GTERI,GTERI,ok,0.0
19515,4401.7,4401.7,2025-07-03 23:09:45,2025-07-04 00:09:45,GTERI,GTERI,ok,0.0
19546,4401.7,4401.7,2025-07-04 00:09:45,2025-07-04 01:09:45,GTERI,GTERI,ok,0.0
19577,4401.7,4401.7,2025-07-04 01:09:45,2025-07-04 02:09:45,GTERI,GTERI,ok,0.0
19608,4401.7,4401.7,2025-07-04 02:09:45,2025-07-04 03:09:45,GTERI,GTERI,ok,0.0
19639,4401.7,4401.7,2025-07-04 03:09:45,2025-07-04 04:09:45,GTERI,GTERI,ok,0.0
19670,4401.7,4401.7,2025-07-04 04:09:45,2025-07-04 05:09:45,GTERI,GTERI,ok,0.0
19701,4401.7,4401.7,2025-07-04 05:09:45,2025-07-04 06:09:45,GTERI,GTERI,ok,0.0
19703,4401.7,4401.7,2025-07-04 06:09:45,2025-07-04 06:11:30,GTERI,GTIGN,ok,0.0
19704,4401.7,4401.7,2025-07-04 06:11:30,2025-07-04 06:11:30,GTIGN,GTSTT,ok,0.0
19705,4401.7,4401.7,2025-07-04 06:11:30,2025-07-04 06:11:30,GTSTT,GTIGF,ok,0.0
19706,4401.7,4401.7,2025-07-04 06:11:30,2025-07-04 06:11:30,GTIGF,GTSTT,ok,0.0
19707,4401.7,4401.7,2025-07-04 06:11:30,2025-07-04 06:11:32,GTSTT,GTIGN,ok,0.0
19708,4401.7,4401.7,2025-07-04 06:11:32,2025-07-04 06:11:32,GTIGN,GTSTT,ok,0.0
19709,4401.7,4401.7,2025-07-04 06:11:32,2025-07-04 06:11:40,GTSTT,GTERI,ok,0.0
19710,4401.7,4401.7,2025-07-04 06:11:40,2025-07-04 06:11:40,GTERI,GTIGL,ok,0.0
19711,4401.7,4401.7,2025-07-04 06:11:40,2025-07-04 06:11:40,GTIGL,GTIGL,ok,0.0
19712,4401.7,4401.7,2025-07-04 06:11:40,2025-07-04 06:11:40,GTIGL,GTIGL,ok,0.0
19715,4401.7,4401.7,2025-07-04 06:11:40,2025-07-04 06:14:41,GTIGL,GTERI,ok,0.0
19716,4401.7,4401.7,2025-07-04 06:14:41,2025-07-04 06:16:10,GTERI,GTSTT,ok,0.0
19718,4401.7,4401.7,2025-07-04 06:16:10,2025-07-04 06:16:14,GTSTT,GTSTT,ok,0.0
19719,4401.7,4401.7,2025-07-04 06:16:14,2025-07-04 06:17:06,GTSTT,GTSTT,ok,0.0
19720,4401.7,4401.7,2025-07-04 06:17:06,2025-07-04 06:17:41,GTSTT,GTERI,ok,0.0
19722,4401.7,4401.7,2025-07-04 06:17:41,2025-07-04 06:18:40,GTERI,GTSTT,ok,0.0
19723,4401.7,4401.7,2025-07-04 06:18:40,2025-07-04 06:19:15,GTSTT,GTSTT,ok,0.0
19725,4401.7,4401.7,2025-07-04 06:19:15,2025-07-04 06:20:41,GTSTT,GTERI,ok,0.0
19727,4401.7,4401.7,2025-07-04 06:20:41,2025-07-04 06:23:41,GTERI,GTERI,ok,0.0
19730,4401.7,4401.7,2025-07-04 06:23:41,2025-07-04 06:26:41,GTERI,GTERI,ok,0.0
19732,4401.7,4401.7,2025-07-04 06:26:41,2025-07-04 06:28:58,GTERI,GTSTT,ok,0.0
19733,4401.7,4401.7,2025-07-04 06:28:58,2025-07-04 06:29:02,GTSTT,GTIGF,ok,0.0
19734,4401.7,4401.7,2025-07-04 06:29:02,2025-07-04 06:29:02,GTIGF,GTSTT,ok,0.0
19735,4401.7,4401.7,2025-07-04 06:29:02,2025-07-04 06:29:02,GTSTT,GTERI,ok,0.0
19736,4401.7,4401.7,2025-07-04 06:29:02,2025-07-04 06:29:02,GTERI,GTIGL,ok,0.0
19737,4401.7,4401.7,2025-07-04 06:29:02,2025-07-04 06:29:39,GTIGL,GTSTT,ok,0.0
19768,4401.7,4401.7,2025-07-04 06:29:39,2025-07-04 07:28:57,GTSTT,GTERI,ok,0.0
19799,4401.7,4401.7,2025-07-04 07:28:57,2025-07-04 08:28:57,GTERI,GTERI,ok,0.0
19830,4401.7,4401.7,2025-07-04 08:28:57,2025-07-04 09:28:57,GTERI,GTERI,ok,0.0
19861,4401.7,4401.7,2025-07-04 09:28:57,2025-07-04 10:28:55,GTERI,GTIGN,ok,0.0
19862,4401.7,4401.7,2025-07-04 10:28:55,2025-07-04 10:28:55,GTIGN,GTSTT,ok,0.0
19863,4401.7,4401.7,2025-07-04 10:28:55,2025-07-04 10:28:55,GTSTT,GTERI,ok,0.0
19864,4401.7,4401.7,2025-07-04 10:28:55,2025-07-04 10:28:55,GTERI,GTIGF,ok,0.0
19865,4401.7,4401.7,2025-07-04 10:28:55,2025-07-04 10:28:55,GTIGF,GTSTT,ok,0.0
19866,4401.7,4401.7,2025-07-04 10:28:55,2025-07-04 10:28:56,GTSTT,GTIGN,ok,0.0
19867,4401.7,4401.7,2025-07-04 10:28:56,2025-07-04 10:28:56,GTIGN,GTSTT,ok,0.0
19868,4401.7,4401.7,2025-07-04 10:28:56,2025-07-04 10:29:04,GTSTT,GTERI,ok,0.0
19869,4401.7,4401.7,2025-07-04 10:29:04,2025-07-04 10:29:04,GTERI,GTIGL,ok,0.0
19870,4401.7,4401.7,2025-07-04 10:29:04,2025-07-04 10:29:04,GTIGL,GTIGL,ok,0.0
19871,4401.7,4401.7,2025-07-04 10:29:04,2025-07-04 10:29:04,GTIGL,GTIGL,ok,0.0
19872,4401.7,4401.7,2025-07-04 10:29:04,2025-07-04 10:29:09,GTIGL,GTERI,ok,0.0
19873,4401.7,4401.7,2025-07-04 10:29:09,2025-07-04 10:29:11,GTERI,GTERI,ok,0.0
19875,4401.7,4401.7,2025-07-04 10:29:11,2025-07-04 10:32:03,GTERI,GTERI,ok,0.0
19878,4401.7,4401.7,2025-07-04 10:32:03,2025-07-04 10:35:03,GTERI,GTERI,ok,0.0
19880,4401.7,4401.7,2025-07-04 10:35:03,2025-07-04 10:36:47,GTERI,GTERI,ok,0.0
19881,4401.7,4401.7,2025-07-04 10:36:47,2025-07-04 10:36:58,GTERI,GTERI,ok,0.0
19882,4401.7,4401.7,2025-07-04 10:36:58,2025-07-04 10:37:03,GTERI,GTERI,ok,0.0
19883,4401.7,4402.6,2025-07-04 10:37:03,2025-07-04 10:38:03,GTERI,GTERI,ok,0.9000000000005457
19885,4402.6,4402.9,2025-07-04 10:38:03,2025-07-04 10:38:29,GTERI,GTERI,ok,0.2999999999992724
19886,4402.9,4403.0,2025-07-04 10:38:29,2025-07-04 10:38:42,GTERI,GTERI,ok,0.1000000000003638
19888,4403.0,4402.6,2025-07-04 10:38:42,2025-07-04 10:38:58,GTERI,GTPNR,regressão,-0.3999999999996362
19891,4402.6,4402.6,2025-07-04 10:38:58,2025-07-04 10:39:18,GTPNR,GTPNR,ok,0.0
19892,4402.6,4402.6,2025-07-04 10:39:18,2025-07-04 10:39:20,GTPNR,GTRTL,ok,0.0
19894,4402.6,4402.6,2025-07-04 10:39:20,2025-07-04 10:39:20,GTRTL,GTERI,ok,0.0
19895,4402.6,4402.6,2025-07-04 10:39:20,2025-07-04 10:39:21,GTERI,GTSTT,ok,0.0
19896,4402.6,4402.7,2025-07-04 10:39:21,2025-07-04 10:39:32,GTSTT,GTERI,ok,0.0999999999994543
19897,4402.7,4402.8,2025-07-04 10:39:32,2025-07-04 10:40:00,GTERI,GTIGF,ok,0.1000000000003638
19898,4402.8,4402.8,2025-07-04 10:40:00,2025-07-04 10:40:00,GTIGF,GTSTT,ok,0.0
19899,4402.8,4402.8,2025-07-04 10:40:00,2025-07-04 10:40:01,GTSTT,GTERI,ok,0.0
19900,4402.8,4402.8,2025-07-04 10:40:01,2025-07-04 10:40:01,GTERI,GTIGL,ok,0.0
19901,4402.8,4402.8,2025-07-04 10:40:01,2025-07-04 10:40:53,GTIGL,GTSTT,ok,0.0
19903,4402.8,4402.8,2025-07-04 10:40:53,2025-07-04 10:42:29,GTSTT,GTSTT,ok,0.0
19904,4402.8,4402.8,2025-07-04 10:42:29,2025-07-04 10:43:13,GTSTT,GTSTT,ok,0.0
19906,4402.8,4402.8,2025-07-04 10:43:13,2025-07-04 10:44:54,GTSTT,GTIGN,ok,0.0
19907,4402.8,4402.8,2025-07-04 10:44:54,2025-07-04 10:44:54,GTIGN,GTSTT,ok,0.0
19908,4402.8,4402.8,2025-07-04 10:44:54,2025-07-04 10:44:54,GTSTT,GTIGL,ok,0.0
19909,4402.8,4402.8,2025-07-04 10:44:54,2025-07-04 10:44:54,GTIGL,GTIGF,ok,0.0
19910,4402.8,4402.8,2025-07-04 10:44:54,2025-07-04 10:44:54,GTIGF,GTSTT,ok,0.0
19911,4402.8,4402.8,2025-07-04 10:44:54,2025-07-04 10:44:55,GTSTT,GTIGN,ok,0.0
19912,4402.8,4402.8,2025-07-04 10:44:55,2025-07-04 10:44:55,GTIGN,GTSTT,ok,0.0
19913,4402.8,4402.8,2025-07-04 10:44:55,2025-07-04 10:44:55,GTSTT,GTIGL,ok,0.0
19914,4402.8,4402.8,2025-07-04 10:44:55,2025-07-04 10:44:55,GTIGL,GTIGL,ok,0.0
19915,4402.8,4402.8,2025-07-04 10:44:55,2025-07-04 10:45:00,GTIGL,GTERI,ok,0.0
19917,4402.8,4402.8,2025-07-04 10:45:00,2025-07-04 10:45:38,GTERI,GTERI,ok,0.0
19918,4402.8,4403.7,2025-07-04 10:45:38,2025-07-04 10:47:09,GTERI,GTERI,ok,0.8999999999996362
19919,4403.7,4403.7,2025-07-04 10:47:09,2025-07-04 10:47:13,GTERI,GTERI,ok,0.0
19921,4403.7,4404.0,2025-07-04 10:47:13,2025-07-04 10:47:38,GTERI,GTERI,ok,0.3000000000001819
19922,4404.0,4404.1,2025-07-04 10:47:38,2025-07-04 10:47:52,GTERI,GTERI,ok,0.1000000000003638
19923,4404.1,4404.1,2025-07-04 10:47:52,2025-07-04 10:47:53,GTERI,GTERI,ok,0.0
19924,4404.1,4404.1,2025-07-04 10:47:53,2025-07-04 10:47:54,GTERI,GTERI,ok,0.0
19925,4404.1,4404.1,2025-07-04 10:47:54,2025-07-04 10:47:55,GTERI,GTERI,ok,0.0
19926,4404.1,4404.2,2025-07-04 10:47:55,2025-07-04 10:48:02,GTERI,GTERI,ok,0.0999999999994543
19927,4404.2,4404.3,2025-07-04 10:48:02,2025-07-04 10:48:10,GTERI,GTERI,ok,0.1000000000003638
19928,4404.3,4404.6,2025-07-04 10:48:10,2025-07-04 10:48:28,GTERI,GTERI,ok,0.3000000000001819
19930,4404.6,4404.8,2025-07-04 10:48:28,2025-07-04 10:49:24,GTERI,GTERI,ok,0.1999999999998181
19931,4404.8,4405.4,2025-07-04 10:49:24,2025-07-04 10:50:03,GTERI,GTERI,ok,0.5999999999994543
19932,4405.4,4405.8,2025-07-04 10:50:03,2025-07-04 10:51:02,GTERI,GTERI,ok,0.4000000000005457
19933,4405.8,4406.0,2025-07-04 10:51:02,2025-07-04 10:51:15,GTERI,GTERI,ok,0.1999999999998181
19934,4406.0,4406.0,2025-07-04 10:51:15,2025-07-04 10:51:17,GTERI,GTERI,ok,0.0
19936,4406.0,4406.2,2025-07-04 10:51:17,2025-07-04 10:51:45,GTERI,GTERI,ok,0.1999999999998181
19937,4406.2,4406.3,2025-07-04 10:51:45,2025-07-04 10:52:01,GTERI,GTERI,ok,0.1000000000003638
19938,4406.3,4406.3,2025-07-04 10:52:01,2025-07-04 10:52:02,GTERI,GTERI,ok,0.0
19939,4406.3,4406.3,2025-07-04 10:52:02,2025-07-04 10:52:04,GTERI,GTERI,ok,0.0
19940,4406.3,4406.3,2025-07-04 10:52:04,2025-07-04 10:52:07,GTERI,GTERI,ok,0.0
19942,4406.3,4406.3,2025-07-04 10:52:07,2025-07-04 10:53:21,GTERI,GTERI,ok,0.0
19943,4406.3,4406.3,2025-07-04 10:53:21,2025-07-04 10:53:24,GTERI,GTERI,ok,0.0
19944,4406.3,4406.3,2025-07-04 10:53:24,2025-07-04 10:53:26,GTERI,GTERI,ok,0.0
19945,4406.3,4406.5,2025-07-04 10:53:26,2025-07-04 10:53:57,GTERI,GTERI,ok,0.1999999999998181
19946,4406.5,4406.5,2025-07-04 10:53:57,2025-07-04 10:53:59,GTERI,GTERI,ok,0.0
19947,4406.5,4406.5,2025-07-04 10:53:59,2025-07-04 10:54:01,GTERI,GTERI,ok,0.0
19948,4406.5,4406.6,2025-07-04 10:54:01,2025-07-04 10:54:08,GTERI,GTERI,ok,0.1000000000003638
19949,4406.6,4406.6,2025-07-04 10:54:08,2025-07-04 10:54:11,GTERI,GTERI,ok,0.0
19950,4406.6,4406.7,2025-07-04 10:54:11,2025-07-04 10:54:58,GTERI,GTERI,ok,0.0999999999994543
19951,4406.7,4406.7,2025-07-04 10:54:58,2025-07-04 10:55:04,GTERI,GTERI,ok,0.0
19952,4406.7,4406.8,2025-07-04 10:55:04,2025-07-04 10:55:07,GTERI,GTERI,ok,0.1000000000003638
19954,4406.8,4407.1,2025-07-04 10:55:07,2025-07-04 10:55:57,GTERI,GTERI,ok,0.3000000000001819
19955,4407.1,4407.4,2025-07-04 10:55:57,2025-07-04 10:56:14,GTERI,GTERI,ok,0.2999999999992724
19956,4407.4,4407.7,2025-07-04 10:56:14,2025-07-04 10:56:32,GTERI,GTERI,ok,0.3000000000001819
19957,4407.7,4408.2,2025-07-04 10:56:32,2025-07-04 10:57:01,GTERI,GTERI,ok,0.5
19959,4408.2,4408.6,2025-07-04 10:57:01,2025-07-04 10:57:22,GTERI,GTERI,ok,0.4000000000005457
19960,4408.6,4408.7,2025-07-04 10:57:22,2025-07-04 10:57:31,GTERI,GTERI,ok,0.0999999999994543
19961,4408.7,4409.1,2025-07-04 10:57:31,2025-07-04 10:58:54,GTERI,GTERI,ok,0.4000000000005457
19962,4409.1,4409.2,2025-07-04 10:58:54,2025-07-04 10:58:59,GTERI,GTERI,ok,0.0999999999994543
19964,4409.2,4409.5,2025-07-04 10:58:59,2025-07-04 10:59:47,GTERI,GTERI,ok,0.3000000000001819
19965,4409.5,4409.6,2025-07-04 10:59:47,2025-07-04 11:00:01,GTERI,GTERI,ok,0.1000000000003638
19966,4409.6,4409.8,2025-07-04 11:00:01,2025-07-04 11:01:02,GTERI,GTERI,ok,0.1999999999998181
19968,4409.8,4410.6,2025-07-04 11:01:02,2025-07-04 11:03:01,GTERI,GTERI,ok,0.8000000000001819
19970,4410.6,4411.4,2025-07-04 11:03:01,2025-07-04 11:04:33,GTERI,GTERI,ok,0.7999999999992724
19971,4411.4,4411.7,2025-07-04 11:04:33,2025-07-04 11:04:56,GTERI,GTERI,ok,0.3000000000001819
19972,4411.7,4411.8,2025-07-04 11:04:56,2025-07-04 11:05:09,GTERI,GTERI,ok,0.1000000000003638
19973,4411.8,4411.9,2025-07-04 11:05:09,2025-07-04 11:05:13,GTERI,GTERI,ok,0.0999999999994543
19975,4411.9,4411.9,2025-07-04 11:05:13,2025-07-04 11:05:26,GTERI,GTERI,ok,0.0
19976,4411.9,4411.9,2025-07-04 11:05:26,2025-07-04 11:05:28,GTERI,GTERI,ok,0.0
19977,4411.9,4412.0,2025-07-04 11:05:28,2025-07-04 11:05:30,GTERI,GTERI,ok,0.1000000000003638
19978,4412.0,4412.2,2025-07-04 11:05:30,2025-07-04 11:05:46,GTERI,GTERI,ok,0.1999999999998181
19979,4412.2,4412.2,2025-07-04 11:05:46,2025-07-04 11:05:52,GTERI,GTERI,ok,0.0
19980,4412.2,4412.3,2025-07-04 11:05:52,2025-07-04 11:06:01,GTERI,GTERI,ok,0.1000000000003638
19981,4412.3,4412.9,2025-07-04 11:06:01,2025-07-04 11:06:48,GTERI,GTERI,ok,0.5999999999994543
19982,4412.9,4413.1,2025-07-04 11:06:48,2025-07-04 11:07:04,GTERI,GTERI,ok,0.2000000000007276
19984,4413.1,4413.4,2025-07-04 11:07:04,2025-07-04 11:07:27,GTERI,GTERI,ok,0.2999999999992724
19985,4413.4,4413.9,2025-07-04 11:07:27,2025-07-04 11:08:11,GTERI,GTERI,ok,0.5
19986,4413.9,4414.1,2025-07-04 11:08:11,2025-07-04 11:08:27,GTERI,GTERI,ok,0.2000000000007276
19987,4414.1,4414.5,2025-07-04 11:08:27,2025-07-04 11:09:01,GTERI,GTERI,ok,0.3999999999996362
19989,4414.5,4414.7,2025-07-04 11:09:01,2025-07-04 11:09:55,GTERI,GTERI,ok,0.1999999999998181
19990,4414.7,4414.7,2025-07-04 11:09:55,2025-07-04 11:09:58,GTERI,GTERI,ok,0.0
19991,4414.7,4415.3,2025-07-04 11:09:58,2025-07-04 11:10:42,GTERI,GTERI,ok,0.6000000000003638
19992,4415.3,4415.3,2025-07-04 11:10:42,2025-07-04 11:10:46,GTERI,GTERI,ok,0.0
19993,4415.3,4415.4,2025-07-04 11:10:46,2025-07-04 11:10:54,GTERI,GTERI,ok,0.0999999999994543
19994,4415.4,4415.4,2025-07-04 11:10:54,2025-07-04 11:10:56,GTERI,GTERI,ok,0.0
19995,4415.4,4415.4,2025-07-04 11:10:56,2025-07-04 11:10:58,GTERI,GTERI,ok,0.0
19996,4415.4,4415.4,2025-07-04 11:10:58,2025-07-04 11:10:58,GTERI,GTERI,ok,0.0
19997,4415.4,4415.5,2025-07-04 11:10:58,2025-07-04 11:11:03,GTERI,GTERI,ok,0.1000000000003638
19998,4415.5,4415.6,2025-07-04 11:11:03,2025-07-04 11:11:07,GTERI,GTERI,ok,0.1000000000003638
19999,4415.6,4415.6,2025-07-04 11:11:07,2025-07-04 11:11:09,GTERI,GTERI,ok,0.0
20000,4415.6,4415.6,2025-07-04 11:11:09,2025-07-04 11:11:11,GTERI,GTERI,ok,0.0
20002,4415.6,4415.9,2025-07-04 11:11:11,2025-07-04 11:11:56,GTERI,GTIGF,ok,0.2999999999992724
20003,4415.9,4415.9,2025-07-04 11:11:56,2025-07-04 11:11:56,GTIGF,GTSTT,ok,0.0
20004,4415.9,4415.9,2025-07-04 11:11:56,2025-07-04 11:11:56,GTSTT,GTERI,ok,0.0
20005,4415.9,4415.9,2025-07-04 11:11:56,2025-07-04 11:11:56,GTERI,GTIGL,ok,0.0
20006,4415.9,4415.9,2025-07-04 11:11:56,2025-07-04 11:12:39,GTIGL,GTSTT,ok,0.0
20010,4415.9,4415.9,2025-07-04 11:12:39,2025-07-04 11:18:44,GTSTT,GTIGN,ok,0.0
20011,4415.9,4415.9,2025-07-04 11:18:44,2025-07-04 11:18:44,GTIGN,GTSTT,ok,0.0
20012,4415.9,4415.9,2025-07-04 11:18:44,2025-07-04 11:18:49,GTSTT,GTIGF,ok,0.0
20013,4415.9,4415.9,2025-07-04 11:18:49,2025-07-04 11:18:49,GTIGF,GTSTT,ok,0.0
20014,4415.9,4415.9,2025-07-04 11:18:49,2025-07-04 11:18:50,GTSTT,GTIGN,ok,0.0
20015,4415.9,4415.9,2025-07-04 11:18:50,2025-07-04 11:18:50,GTIGN,GTSTT,ok,0.0
20016,4415.9,4415.9,2025-07-04 11:18:50,2025-07-04 11:18:54,GTSTT,GTERI,ok,0.0
20017,4415.9,4415.9,2025-07-04 11:18:54,2025-07-04 11:18:54,GTERI,GTIGL,ok,0.0
20018,4415.9,4415.9,2025-07-04 11:18:54,2025-07-04 11:18:54,GTIGL,GTIGL,ok,0.0
20019,4415.9,4415.9,2025-07-04 11:18:54,2025-07-04 11:18:54,GTIGL,GTIGL,ok,0.0
20021,4415.9,4415.9,2025-07-04 11:18:54,2025-07-04 11:19:47,GTIGL,GTERI,ok,0.0
20022,4415.9,4416.3,2025-07-04 11:19:47,2025-07-04 11:20:48,GTERI,GTERI,ok,0.4000000000005457
20023,4416.3,4416.3,2025-07-04 11:20:48,2025-07-04 11:20:54,GTERI,GTERI,ok,0.0
20024,4416.3,4416.3,2025-07-04 11:20:54,2025-07-04 11:20:56,GTERI,GTERI,ok,0.0
20025,4416.3,4416.4,2025-07-04 11:20:56,2025-07-04 11:21:19,GTERI,GTERI,ok,0.0999999999994543
20026,4416.4,4416.4,2025-07-04 11:21:19,2025-07-04 11:21:21,GTERI,GTERI,ok,0.0
20028,4416.4,4416.8,2025-07-04 11:21:21,2025-07-04 11:21:57,GTERI,GTERI,ok,0.4000000000005457
20029,4416.8,4417.0,2025-07-04 11:21:57,2025-07-04 11:22:09,GTERI,GTERI,ok,0.1999999999998181
20030,4417.0,4417.0,2025-07-04 11:22:09,2025-07-04 11:22:14,GTERI,GTERI,ok,0.0
20031,4417.0,4417.0,2025-07-04 11:22:14,2025-07-04 11:22:17,GTERI,GTERI,ok,0.0
20032,4417.0,4417.1,2025-07-04 11:22:17,2025-07-04 11:22:24,GTERI,GTERI,ok,0.1000000000003638
20033,4417.1,4417.1,2025-07-04 11:22:24,2025-07-04 11:22:26,GTERI,GTERI,ok,0.0
20034,4417.1,4417.1,2025-07-04 11:22:26,2025-07-04 11:22:28,GTERI,GTERI,ok,0.0
20035,4417.1,4417.2,2025-07-04 11:22:28,2025-07-04 11:22:31,GTERI,GTERI,ok,0.0999999999994543
20036,4417.2,4417.4,2025-07-04 11:22:31,2025-07-04 11:22:44,GTERI,GTERI,ok,0.1999999999998181
20037,4417.4,4417.6,2025-07-04 11:22:44,2025-07-04 11:23:03,GTERI,GTERI,ok,0.2000000000007276
20039,4417.6,4420.2,2025-07-04 11:23:03,2025-07-04 11:24:57,GTERI,GTERI,ok,2.5999999999994543
20041,4420.2,4421.2,2025-07-04 11:24:57,2025-07-04 11:25:47,GTERI,GTERI,ok,1.0
20042,4421.2,4421.6,2025-07-04 11:25:47,2025-07-04 11:26:04,GTERI,GTERI,ok,0.4000000000005457
20043,4421.6,4422.6,2025-07-04 11:26:04,2025-07-04 11:26:48,GTERI,GTERI,ok,1.0
20045,4422.6,4424.5,2025-07-04 11:26:48,2025-07-04 11:27:57,GTERI,GTERI,ok,1.8999999999996362
20047,4424.5,4427.2,2025-07-04 11:27:57,2025-07-04 11:29:41,GTERI,GTERI,ok,2.699999999999818
20048,4427.2,4427.7,2025-07-04 11:29:41,2025-07-04 11:30:03,GTERI,GTERI,ok,0.5
20049,4427.7,4427.8,2025-07-04 11:30:03,2025-07-04 11:30:06,GTERI,GTERI,ok,0.1000000000003638
20050,4427.8,4427.8,2025-07-04 11:30:06,2025-07-04 11:30:10,GTERI,GTERI,ok,0.0
20051,4427.8,4428.4,2025-07-04 11:30:10,2025-07-04 11:30:57,GTERI,GTERI,ok,0.5999999999994543
20053,4428.4,4429.3,2025-07-04 11:30:57,2025-07-04 11:33:08,GTERI,GTERI,ok,0.9000000000005457
20054,4429.3,4429.3,2025-07-04 11:33:08,2025-07-04 11:33:09,GTERI,GTERI,ok,0.0
20055,4429.3,4429.3,2025-07-04 11:33:09,2025-07-04 11:33:18,GTERI,GTERI,ok,0.0
20056,4429.3,4429.3,2025-07-04 11:33:18,2025-07-04 11:33:20,GTERI,GTERI,ok,0.0
20058,4429.3,4429.4,2025-07-04 11:33:20,2025-07-04 11:33:35,GTERI,GTERI,ok,0.0999999999994543
20059,4429.4,4429.4,2025-07-04 11:33:35,2025-07-04 11:33:36,GTERI,GTERI,ok,0.0
20060,4429.4,4429.4,2025-07-04 11:33:36,2025-07-04 11:33:38,GTERI,GTERI,ok,0.0
20061,4429.4,4429.4,2025-07-04 11:33:38,2025-07-04 11:33:57,GTERI,GTERI,ok,0.0
20063,4429.4,4429.4,2025-07-04 11:33:57,2025-07-04 11:35:46,GTERI,GTIGF,ok,0.0
20064,4429.4,4429.4,2025-07-04 11:35:46,2025-07-04 11:35:46,GTIGF,GTSTT,ok,0.0
20065,4429.4,4429.4,2025-07-04 11:35:46,2025-07-04 11:35:46,GTSTT,GTERI,ok,0.0
20066,4429.4,4429.4,2025-07-04 11:35:46,2025-07-04 11:35:46,GTERI,GTIGL,ok,0.0
20067,4429.4,4429.4,2025-07-04 11:35:46,2025-07-04 11:36:41,GTIGL,GTSTT,ok,0.0
20077,4429.4,4429.4,2025-07-04 11:36:41,2025-07-04 11:55:01,GTSTT,GTIGN,ok,0.0
20078,4429.4,4429.4,2025-07-04 11:55:01,2025-07-04 11:55:01,GTIGN,GTSTT,ok,0.0
20079,4429.4,4429.4,2025-07-04 11:55:01,2025-07-04 11:55:01,GTSTT,GTIGF,ok,0.0
20080,4429.4,4429.4,2025-07-04 11:55:01,2025-07-04 11:55:01,GTIGF,GTSTT,ok,0.0
20081,4429.4,4429.4,2025-07-04 11:55:01,2025-07-04 11:55:02,GTSTT,GTIGN,ok,0.0
20082,4429.4,4429.4,2025-07-04 11:55:02,2025-07-04 11:55:02,GTIGN,GTSTT,ok,0.0
20083,4429.4,4429.4,2025-07-04 11:55:02,2025-07-04 11:55:17,GTSTT,GTERI,ok,0.0
20084,4429.4,4429.4,2025-07-04 11:55:17,2025-07-04 11:55:17,GTERI,GTIGL,ok,0.0
20085,4429.4,4429.4,2025-07-04 11:55:17,2025-07-04 11:55:17,GTIGL,GTIGL,ok,0.0
20086,4429.4,4429.4,2025-07-04 11:55:17,2025-07-04 11:55:17,GTIGL,GTIGL,ok,0.0
20088,4429.4,4429.4,2025-07-04 11:55:17,2025-07-04 11:55:39,GTIGL,GTERI,ok,0.0
20090,4429.4,4429.4,2025-07-04 11:55:39,2025-07-04 11:58:12,GTERI,GTERI,ok,0.0
20091,4429.4,4429.4,2025-07-04 11:58:12,2025-07-04 11:58:49,GTERI,GTERI,ok,0.0
20092,4429.4,4429.5,2025-07-04 11:58:49,2025-07-04 11:58:53,GTERI,GTERI,ok,0.1000000000003638
20093,4429.5,4429.5,2025-07-04 11:58:53,2025-07-04 11:58:56,GTERI,GTERI,ok,0.0
20094,4429.5,4429.5,2025-07-04 11:58:56,2025-07-04 11:58:58,GTERI,GTERI,ok,0.0
20095,4429.5,4429.5,2025-07-04 11:58:58,2025-07-04 11:59:07,GTERI,GTERI,ok,0.0
20096,4429.5,4429.5,2025-07-04 11:59:07,2025-07-04 11:59:10,GTERI,GTERI,ok,0.0
20098,4429.5,4429.7,2025-07-04 11:59:10,2025-07-04 11:59:32,GTERI,GTERI,ok,0.1999999999998181
20099,4429.7,4429.7,2025-07-04 11:59:32,2025-07-04 11:59:35,GTERI,GTERI,ok,0.0
20100,4429.7,4430.8,2025-07-04 11:59:35,2025-07-04 12:01:12,GTERI,GTERI,ok,1.1000000000003638
20102,4430.8,4430.9,2025-07-04 12:01:12,2025-07-04 12:01:51,GTERI,GTERI,ok,0.0999999999994543
20103,4430.9,4431.3,2025-07-04 12:01:51,2025-07-04 12:02:48,GTERI,GTIGF,ok,0.4000000000005457
20104,4431.3,4431.3,2025-07-04 12:02:48,2025-07-04 12:02:48,GTIGF,GTSTT,ok,0.0
20105,4431.3,4431.3,2025-07-04 12:02:48,2025-07-04 12:02:48,GTSTT,GTERI,ok,0.0
20106,4431.3,4431.3,2025-07-04 12:02:48,2025-07-04 12:02:49,GTERI,GTIGL,ok,0.0
20108,4431.3,4431.3,2025-07-04 12:02:49,2025-07-04 12:03:30,GTIGL,GTSTT,ok,0.0
20118,4431.3,4431.3,2025-07-04 12:03:30,2025-07-04 12:22:50,GTSTT,GTIGN,ok,0.0
20119,4431.3,4431.3,2025-07-04 12:22:50,2025-07-04 12:22:50,GTIGN,GTSTT,ok,0.0
20120,4431.3,4431.3,2025-07-04 12:22:50,2025-07-04 12:22:50,GTSTT,GTIGF,ok,0.0
20121,4431.3,4431.3,2025-07-04 12:22:50,2025-07-04 12:22:50,GTIGF,GTSTT,ok,0.0
20122,4431.3,4431.3,2025-07-04 12:22:50,2025-07-04 12:22:51,GTSTT,GTIGN,ok,0.0
20123,4431.3,4431.3,2025-07-04 12:22:51,2025-07-04 12:22:51,GTIGN,GTSTT,ok,0.0
20124,4431.3,4431.3,2025-07-04 12:22:51,2025-07-04 12:22:57,GTSTT,GTERI,ok,0.0
20125,4431.3,4431.3,2025-07-04 12:22:57,2025-07-04 12:22:57,GTERI,GTIGL,ok,0.0
20126,4431.3,4431.3,2025-07-04 12:22:57,2025-07-04 12:22:57,GTIGL,GTIGL,ok,0.0
20127,4431.3,4431.3,2025-07-04 12:22:57,2025-07-04 12:22:57,GTIGL,GTIGL,ok,0.0
20129,4431.3,4431.4,2025-07-04 12:22:57,2025-07-04 12:23:48,GTIGL,GTERI,ok,0.0999999999994543
20130,4431.4,4431.4,2025-07-04 12:23:48,2025-07-04 12:23:50,GTERI,GTERI,ok,0.0
20131,4431.4,4431.4,2025-07-04 12:23:50,2025-07-04 12:23:52,GTERI,GTERI,ok,0.0
20133,4431.4,4432.2,2025-07-04 12:23:52,2025-07-04 12:25:27,GTERI,GTERI,ok,0.8000000000001819
20134,4432.2,4432.4,2025-07-04 12:25:27,2025-07-04 12:25:41,GTERI,GTERI,ok,0.1999999999998181
20135,4432.4,4432.4,2025-07-04 12:25:41,2025-07-04 12:25:50,GTERI,GTERI,ok,0.0
20136,4432.4,4432.5,2025-07-04 12:25:50,2025-07-04 12:25:53,GTERI,GTERI,ok,0.1000000000003638
20137,4432.5,4432.5,2025-07-04 12:25:53,2025-07-04 12:25:59,GTERI,GTERI,ok,0.0
20138,4432.5,4432.9,2025-07-04 12:25:59,2025-07-04 12:26:38,GTERI,GTERI,ok,0.3999999999996362
20140,4432.9,4433.4,2025-07-04 12:26:38,2025-07-04 12:27:32,GTERI,GTERI,ok,0.5
20141,4433.4,4433.5,2025-07-04 12:27:32,2025-07-04 12:27:43,GTERI,GTERI,ok,0.1000000000003638
20142,4433.5,4433.6,2025-07-04 12:27:43,2025-07-04 12:27:58,GTERI,GTERI,ok,0.1000000000003638
20143,4433.6,4433.6,2025-07-04 12:27:58,2025-07-04 12:28:01,GTERI,GTERI,ok,0.0
20144,4433.6,4433.7,2025-07-04 12:28:01,2025-07-04 12:28:10,GTERI,GTERI,ok,0.0999999999994543
20145,4433.7,4433.7,2025-07-04 12:28:10,2025-07-04 12:28:12,GTERI,GTERI,ok,0.0
20146,4433.7,4433.8,2025-07-04 12:28:12,2025-07-04 12:28:28,GTERI,GTERI,ok,0.1000000000003638
20147,4433.8,4434.0,2025-07-04 12:28:28,2025-07-04 12:28:53,GTERI,GTERI,ok,0.1999999999998181
20148,4434.0,4434.0,2025-07-04 12:28:53,2025-07-04 12:28:55,GTERI,GTERI,ok,0.0
20149,4434.0,4434.0,2025-07-04 12:28:55,2025-07-04 12:28:59,GTERI,GTERI,ok,0.0
20151,4434.0,4434.0,2025-07-04 12:28:59,2025-07-04 12:30:12,GTERI,GTERI,ok,0.0
20152,4434.0,4434.2,2025-07-04 12:30:12,2025-07-04 12:30:33,GTERI,GTERI,ok,0.1999999999998181
20153,4434.2,4434.4,2025-07-04 12:30:33,2025-07-04 12:31:08,GTERI,GTERI,ok,0.1999999999998181
20155,4434.4,4434.4,2025-07-04 12:31:08,2025-07-04 12:31:10,GTERI,GTERI,ok,0.0
20156,4434.4,4434.5,2025-07-04 12:31:10,2025-07-04 12:31:23,GTERI,GTERI,ok,0.1000000000003638
20157,4434.5,4434.5,2025-07-04 12:31:23,2025-07-04 12:31:30,GTERI,GTERI,ok,0.0
20158,4434.5,4434.5,2025-07-04 12:31:30,2025-07-04 12:31:32,GTERI,GTERI,ok,0.0
20159,4434.5,4434.5,2025-07-04 12:31:32,2025-07-04 12:31:34,GTERI,GTERI,ok,0.0
20160,4434.5,4434.6,2025-07-04 12:31:34,2025-07-04 12:31:46,GTERI,GTERI,ok,0.1000000000003638
20161,4434.6,4434.7,2025-07-04 12:31:46,2025-07-04 12:31:59,GTERI,GTERI,ok,0.0999999999994543
20162,4434.7,4434.7,2025-07-04 12:31:59,2025-07-04 12:32:13,GTERI,GTERI,ok,0.0
20164,4434.7,4434.7,2025-07-04 12:32:13,2025-07-04 12:34:39,GTERI,GTIGF,ok,0.0
20165,4434.7,4434.7,2025-07-04 12:34:39,2025-07-04 12:34:39,GTIGF,GTSTT,ok,0.0
20166,4434.7,4434.7,2025-07-04 12:34:39,2025-07-04 12:34:39,GTSTT,GTERI,ok,0.0
20167,4434.7,4434.7,2025-07-04 12:34:39,2025-07-04 12:34:39,GTERI,GTIGL,ok,0.0
20169,4434.7,4434.7,2025-07-04 12:34:39,2025-07-04 12:35:33,GTIGL,GTSTT,ok,0.0
20199,4434.7,4434.7,2025-07-04 12:35:33,2025-07-04 13:34:34,GTSTT,GTERI,ok,0.0
20230,4434.7,4434.7,2025-07-04 13:34:34,2025-07-04 14:34:34,GTERI,GTERI,ok,0.0
20261,4434.7,4434.7,2025-07-04 14:34:34,2025-07-04 15:34:34,GTERI,GTERI,ok,0.0
20292,4434.7,4434.7,2025-07-04 15:34:34,2025-07-04 16:34:34,GTERI,GTERI,ok,0.0
20324,4434.7,4434.7,2025-07-04 16:34:34,2025-07-04 17:34:34,GTERI,GTERI,ok,0.0
20355,4434.7,4434.7,2025-07-04 17:34:34,2025-07-04 18:34:34,GTERI,GTERI,ok,0.0
20386,4434.7,4434.7,2025-07-04 18:34:34,2025-07-04 19:34:34,GTERI,GTERI,ok,0.0
20417,4434.7,4434.7,2025-07-04 19:34:34,2025-07-04 20:34:34,GTERI,GTERI,ok,0.0
20448,4434.7,4434.7,2025-07-04 20:34:34,2025-07-04 21:34:34,GTERI,GTERI,ok,0.0
20479,4434.7,4434.7,2025-07-04 21:34:34,2025-07-04 22:34:34,GTERI,GTERI,ok,0.0
20506,4434.7,4434.7,2025-07-04 22:34:34,2025-07-04 23:26:21,GTERI,GTPNR,ok,0.0
20508,4434.7,4434.7,2025-07-04 23:26:21,2025-07-04 23:26:35,GTPNR,GTRTL,ok,0.0
20509,4434.7,4434.7,2025-07-04 23:26:35,2025-07-04 23:26:35,GTRTL,GTERI,ok,0.0
20539,4434.7,4434.7,2025-07-04 23:26:35,2025-07-05 00:26:19,GTERI,GTERI,ok,0.0
20570,4434.7,4434.7,2025-07-05 00:26:19,2025-07-05 01:26:19,GTERI,GTERI,ok,0.0
20601,4434.7,4434.7,2025-07-05 01:26:19,2025-07-05 02:26:19,GTERI,GTERI,ok,0.0
20632,4434.7,4434.7,2025-07-05 02:26:19,2025-07-05 03:26:19,GTERI,GTERI,ok,0.0
20663,4434.7,4434.7,2025-07-05 03:26:19,2025-07-05 04:26:19,GTERI,GTERI,ok,0.0
20694,4434.7,4434.7,2025-07-05 04:26:19,2025-07-05 05:26:19,GTERI,GTERI,ok,0.0
20725,4434.7,4434.7,2025-07-05 05:26:19,2025-07-05 06:26:19,GTERI,GTERI,ok,0.0
20756,4434.7,4434.7,2025-07-05 06:26:19,2025-07-05 07:26:19,GTERI,GTERI,ok,0.0
20787,4434.7,4434.7,2025-07-05 07:26:19,2025-07-05 08:26:19,GTERI,GTERI,ok,0.0
20818,4434.7,4434.7,2025-07-05 08:26:19,2025-07-05 09:26:19,GTERI,GTERI,ok,0.0
20849,4434.7,4434.7,2025-07-05 09:26:19,2025-07-05 10:26:19,GTERI,GTERI,ok,0.0
20880,4434.7,4434.7,2025-07-05 10:26:19,2025-07-05 11:26:19,GTERI,GTERI,ok,0.0
20911,4434.7,4434.7,2025-07-05 11:26:19,2025-07-05 12:26:19,GTERI,GTERI,ok,0.0
20942,4434.7,4434.7,2025-07-05 12:26:19,2025-07-05 13:26:19,GTERI,GTERI,ok,0.0
20973,4434.7,4434.7,2025-07-05 13:26:19,2025-07-05 14:26:19,GTERI,GTERI,ok,0.0
21004,4434.7,4434.7,2025-07-05 14:26:19,2025-07-05 15:26:19,GTERI,GTERI,ok,0.0
21035,4434.7,4434.7,2025-07-05 15:26:19,2025-07-05 16:26:19,GTERI,GTERI,ok,0.0
21066,4434.7,4434.7,2025-07-05 16:26:19,2025-07-05 17:26:19,GTERI,GTERI,ok,0.0
21097,4434.7,4434.7,2025-07-05 17:26:19,2025-07-05 18:26:19,GTERI,GTERI,ok,0.0
21128,4434.7,4434.7,2025-07-05 18:26:19,2025-07-05 19:26:19,GTERI,GTERI,ok,0.0
21159,4434.7,4434.7,2025-07-05 19:26:19,2025-07-05 20:26:19,GTERI,GTERI,ok,0.0
21190,4434.7,4434.7,2025-07-05 20:26:19,2025-07-05 21:26:19,GTERI,GTERI,ok,0.0
21221,4434.7,4434.7,2025-07-05 21:26:19,2025-07-05 22:26:19,GTERI,GTERI,ok,0.0
21252,4434.7,4434.7,2025-07-05 22:26:19,2025-07-05 23:26:19,GTERI,GTERI,ok,0.0
21283,4434.7,4434.7,2025-07-05 23:26:19,2025-07-06 00:26:19,GTERI,GTERI,ok,0.0
21314,4434.7,4434.7,2025-07-06 00:26:19,2025-07-06 01:26:19,GTERI,GTERI,ok,0.0
21344,4434.7,4434.7,2025-07-06 01:26:19,2025-07-06 02:26:19,GTERI,GTERI,ok,0.0
21354,4434.7,4434.7,2025-07-06 02:26:19,2025-07-06 02:42:20,GTERI,GTPDP,ok,0.0
21376,4434.7,4434.7,2025-07-06 02:42:20,2025-07-06 03:26:19,GTPDP,GTERI,ok,0.0
21407,4434.7,4434.7,2025-07-06 03:26:19,2025-07-06 04:26:19,GTERI,GTERI,ok,0.0
21438,4434.7,4434.7,2025-07-06 04:26:19,2025-07-06 05:26:19,GTERI,GTERI,ok,0.0
21469,4434.7,4434.7,2025-07-06 05:26:19,2025-07-06 06:26:19,GTERI,GTERI,ok,0.0
21500,4434.7,4434.7,2025-07-06 06:26:19,2025-07-06 07:26:19,GTERI,GTERI,ok,0.0
21531,4434.7,4434.7,2025-07-06 07:26:19,2025-07-06 08:26:19,GTERI,GTERI,ok,0.0
21562,4434.7,4434.7,2025-07-06 08:26:19,2025-07-06 09:26:19,GTERI,GTERI,ok,0.0
21593,4434.7,4434.7,2025-07-06 09:26:19,2025-07-06 10:26:19,GTERI,GTERI,ok,0.0
21624,4434.7,4434.7,2025-07-06 10:26:19,2025-07-06 11:26:19,GTERI,GTERI,ok,0.0
21655,4434.7,4434.7,2025-07-06 11:26:19,2025-07-06 12:26:19,GTERI,GTERI,ok,0.0
21686,4434.7,4434.7,2025-07-06 12:26:19,2025-07-06 13:26:19,GTERI,GTERI,ok,0.0
21717,4434.7,4434.7,2025-07-06 13:26:19,2025-07-06 14:26:19,GTERI,GTERI,ok,0.0
21748,4434.7,4434.7,2025-07-06 14:26:19,2025-07-06 15:26:19,GTERI,GTERI,ok,0.0
21779,4434.7,4434.7,2025-07-06 15:26:19,2025-07-06 16:26:19,GTERI,GTERI,ok,0.0
21810,4434.7,4434.7,2025-07-06 16:26:19,2025-07-06 17:26:19,GTERI,GTERI,ok,0.0
21841,4434.7,4434.7,2025-07-06 17:26:19,2025-07-06 18:26:19,GTERI,GTERI,ok,0.0
21872,4434.7,4434.7,2025-07-06 18:26:19,2025-07-06 19:26:19,GTERI,GTERI,ok,0.0
21903,4434.7,4434.7,2025-07-06 19:26:19,2025-07-06 20:26:19,GTERI,GTERI,ok,0.0
21934,4434.7,4434.7,2025-07-06 20:26:19,2025-07-06 21:26:19,GTERI,GTERI,ok,0.0
21965,4434.7,4434.7,2025-07-06 21:26:19,2025-07-06 22:26:19,GTERI,GTERI,ok,0.0
21996,4434.7,4434.7,2025-07-06 22:26:19,2025-07-06 23:26:19,GTERI,GTERI,ok,0.0
22027,4434.7,4434.7,2025-07-06 23:26:19,2025-07-07 00:26:19,GTERI,GTERI,ok,0.0
22058,4434.7,4434.7,2025-07-07 00:26:19,2025-07-07 01:26:19,GTERI,GTERI,ok,0.0
22089,4434.7,4434.7,2025-07-07 01:26:19,2025-07-07 02:26:19,GTERI,GTERI,ok,0.0
22120,4434.7,4434.7,2025-07-07 02:26:19,2025-07-07 03:26:19,GTERI,GTERI,ok,0.0
22151,4434.7,4434.7,2025-07-07 03:26:19,2025-07-07 04:26:19,GTERI,GTERI,ok,0.0
22182,4434.7,4434.7,2025-07-07 04:26:19,2025-07-07 05:26:19,GTERI,GTERI,ok,0.0
22212,4434.7,4434.7,2025-07-07 05:26:19,2025-07-07 06:26:19,GTERI,GTERI,ok,0.0
22243,4434.7,4434.7,2025-07-07 06:26:19,2025-07-07 07:26:19,GTERI,GTERI,ok,0.0
22274,4434.7,4434.7,2025-07-07 07:26:19,2025-07-07 08:26:19,GTERI,GTERI,ok,0.0
22305,4434.7,4434.7,2025-07-07 08:26:19,2025-07-07 09:26:19,GTERI,GTERI,ok,0.0
22336,4434.7,4434.7,2025-07-07 09:26:19,2025-07-07 10:26:19,GTERI,GTERI,ok,0.0
22367,4434.7,4434.7,2025-07-07 10:26:19,2025-07-07 11:26:19,GTERI,GTERI,ok,0.0
22398,4434.7,4434.7,2025-07-07 11:26:19,2025-07-07 12:26:19,GTERI,GTERI,ok,0.0
22429,4434.7,4434.7,2025-07-07 12:26:19,2025-07-07 13:26:19,GTERI,GTERI,ok,0.0
22460,4434.7,4434.7,2025-07-07 13:26:19,2025-07-07 14:26:19,GTERI,GTERI,ok,0.0
22491,4434.7,4434.7,2025-07-07 14:26:19,2025-07-07 15:26:19,GTERI,GTERI,ok,0.0
22522,4434.7,4434.7,2025-07-07 15:26:19,2025-07-07 16:26:19,GTERI,GTERI,ok,0.0
22554,4434.7,4434.7,2025-07-07 16:26:19,2025-07-07 17:26:19,GTERI,GTERI,ok,0.0
22585,4434.7,4434.7,2025-07-07 17:26:19,2025-07-07 18:26:19,GTERI,GTERI,ok,0.0
22616,4434.7,4434.7,2025-07-07 18:26:19,2025-07-07 19:26:19,GTERI,GTERI,ok,0.0
22647,4434.7,4434.7,2025-07-07 19:26:19,2025-07-07 20:26:19,GTERI,GTERI,ok,0.0
22678,4434.7,4434.7,2025-07-07 20:26:19,2025-07-07 21:26:19,GTERI,GTERI,ok,0.0
22709,4434.7,4434.7,2025-07-07 21:26:19,2025-07-07 22:26:19,GTERI,GTERI,ok,0.0
22740,4434.7,4434.7,2025-07-07 22:26:19,2025-07-07 23:26:19,GTERI,GTERI,ok,0.0
22771,4434.7,4434.7,2025-07-07 23:26:19,2025-07-08 00:26:19,GTERI,GTERI,ok,0.0
22802,4434.7,4434.7,2025-07-08 00:26:19,2025-07-08 01:26:19,GTERI,GTERI,ok,0.0
22833,4434.7,4434.7,2025-07-08 01:26:19,2025-07-08 02:26:19,GTERI,GTERI,ok,0.0
22843,4434.7,4434.7,2025-07-08 02:26:19,2025-07-08 02:43:28,GTERI,GTPDP,ok,0.0
22865,4434.7,4434.7,2025-07-08 02:43:28,2025-07-08 03:26:19,GTPDP,GTERI,ok,0.0
22896,4434.7,4434.7,2025-07-08 03:26:19,2025-07-08 04:26:19,GTERI,GTERI,ok,0.0
22927,4434.7,4434.7,2025-07-08 04:26:19,2025-07-08 05:26:19,GTERI,GTERI,ok,0.0
22958,4434.7,4434.7,2025-07-08 05:26:19,2025-07-08 06:26:19,GTERI,GTERI,ok,0.0
22989,4434.7,4434.7,2025-07-08 06:26:19,2025-07-08 07:26:19,GTERI,GTERI,ok,0.0
23020,4434.7,4434.7,2025-07-08 07:26:19,2025-07-08 08:26:19,GTERI,GTERI,ok,0.0
23050,4434.7,4434.7,2025-07-08 08:26:19,2025-07-08 09:26:19,GTERI,GTERI,ok,0.0
23081,4434.7,4434.7,2025-07-08 09:26:19,2025-07-08 10:26:19,GTERI,GTERI,ok,0.0
23112,4434.7,4434.7,2025-07-08 10:26:19,2025-07-08 11:26:19,GTERI,GTERI,ok,0.0
23143,4434.7,4434.7,2025-07-08 11:26:19,2025-07-08 12:26:19,GTERI,GTERI,ok,0.0
23174,4434.7,4434.7,2025-07-08 12:26:19,2025-07-08 13:26:19,GTERI,GTERI,ok,0.0
23205,4434.7,4434.7,2025-07-08 13:26:19,2025-07-08 14:26:19,GTERI,GTERI,ok,0.0
23236,4434.7,4434.7,2025-07-08 14:26:19,2025-07-08 15:26:19,GTERI,GTERI,ok,0.0
23267,4434.7,4434.7,2025-07-08 15:26:19,2025-07-08 16:26:19,GTERI,GTERI,ok,0.0
23298,4434.7,4434.7,2025-07-08 16:26:19,2025-07-08 17:26:19,GTERI,GTERI,ok,0.0
23329,4434.7,4434.7,2025-07-08 17:26:19,2025-07-08 18:26:19,GTERI,GTERI,ok,0.0
23360,4434.7,4434.7,2025-07-08 18:26:19,2025-07-08 19:26:19,GTERI,GTERI,ok,0.0
23391,4434.7,4434.7,2025-07-08 19:26:19,2025-07-08 20:26:19,GTERI,GTERI,ok,0.0
23422,4434.7,4434.7,2025-07-08 20:26:19,2025-07-08 21:26:19,GTERI,GTERI,ok,0.0
23453,4434.7,4434.7,2025-07-08 21:26:19,2025-07-08 22:26:19,GTERI,GTERI,ok,0.0
23485,4434.7,4434.7,2025-07-08 22:26:19,2025-07-08 23:26:19,GTERI,GTERI,ok,0.0
23516,4434.7,4434.7,2025-07-08 23:26:19,2025-07-09 00:26:19,GTERI,GTERI,ok,0.0
23547,4434.7,4434.7,2025-07-09 00:26:19,2025-07-09 01:26:19,GTERI,GTERI,ok,0.0
23578,4434.7,4434.7,2025-07-09 01:26:19,2025-07-09 02:26:19,GTERI,GTERI,ok,0.0
23609,4434.7,4434.7,2025-07-09 02:26:19,2025-07-09 03:26:19,GTERI,GTERI,ok,0.0
23640,4434.7,4434.7,2025-07-09 03:26:19,2025-07-09 04:26:19,GTERI,GTERI,ok,0.0
23671,4434.7,4434.7,2025-07-09 04:26:19,2025-07-09 05:26:19,GTERI,GTERI,ok,0.0
23702,4434.7,4434.7,2025-07-09 05:26:19,2025-07-09 06:26:19,GTERI,GTERI,ok,0.0
23733,4434.7,4434.7,2025-07-09 06:26:19,2025-07-09 07:26:19,GTERI,GTERI,ok,0.0
23764,4434.7,4434.7,2025-07-09 07:26:19,2025-07-09 08:26:19,GTERI,GTERI,ok,0.0
23795,4434.7,4434.7,2025-07-09 08:26:19,2025-07-09 09:26:19,GTERI,GTERI,ok,0.0
23826,4434.7,4434.7,2025-07-09 09:26:19,2025-07-09 10:26:19,GTERI,GTERI,ok,0.0
23857,4434.7,4434.7,2025-07-09 10:26:19,2025-07-09 11:26:19,GTERI,GTERI,ok,0.0
23889,4434.7,4434.7,2025-07-09 11:26:19,2025-07-09 12:26:19,GTERI,GTERI,ok,0.0
23920,4434.7,4434.7,2025-07-09 12:26:19,2025-07-09 13:26:19,GTERI,GTERI,ok,0.0
23951,4434.7,4434.7,2025-07-09 13:26:19,2025-07-09 14:26:19,GTERI,GTERI,ok,0.0
23982,4434.7,4434.7,2025-07-09 14:26:19,2025-07-09 15:26:19,GTERI,GTERI,ok,0.0
24017,4434.7,4434.7,2025-07-09 15:26:19,2025-07-09 16:26:19,GTERI,GTERI,ok,0.0
24048,4434.7,4434.7,2025-07-09 16:26:19,2025-07-09 17:26:19,GTERI,GTERI,ok,0.0
24079,4434.7,4434.7,2025-07-09 17:26:19,2025-07-09 18:26:19,GTERI,GTERI,ok,0.0
24110,4434.7,4434.7,2025-07-09 18:26:19,2025-07-09 19:26:19,GTERI,GTERI,ok,0.0
24141,4434.7,4434.7,2025-07-09 19:26:19,2025-07-09 20:26:19,GTERI,GTERI,ok,0.0
24172,4434.7,4434.7,2025-07-09 20:26:19,2025-07-09 21:26:19,GTERI,GTERI,ok,0.0
24203,4434.7,4434.7,2025-07-09 21:26:19,2025-07-09 22:26:19,GTERI,GTERI,ok,0.0
24234,4434.7,4434.7,2025-07-09 22:26:19,2025-07-09 23:26:19,GTERI,GTERI,ok,0.0
24265,4434.7,4434.7,2025-07-09 23:26:19,2025-07-10 00:26:19,GTERI,GTERI,ok,0.0
24296,4434.7,4434.7,2025-07-10 00:26:19,2025-07-10 01:26:19,GTERI,GTERI,ok,0.0
24327,4434.7,4434.7,2025-07-10 01:26:19,2025-07-10 02:26:19,GTERI,GTERI,ok,0.0
24337,4434.7,4434.7,2025-07-10 02:26:19,2025-07-10 02:42:43,GTERI,GTPDP,ok,0.0
24359,4434.7,4434.7,2025-07-10 02:42:43,2025-07-10 03:26:19,GTPDP,GTERI,ok,0.0
24390,4434.7,4434.7,2025-07-10 03:26:19,2025-07-10 04:26:19,GTERI,GTERI,ok,0.0
24421,4434.7,4434.7,2025-07-10 04:26:19,2025-07-10 05:26:19,GTERI,GTERI,ok,0.0
24452,4434.7,4434.7,2025-07-10 05:26:19,2025-07-10 06:26:19,GTERI,GTERI,ok,0.0
24483,4434.7,4434.7,2025-07-10 06:26:19,2025-07-10 07:26:19,GTERI,GTERI,ok,0.0
24514,4434.7,4434.7,2025-07-10 07:26:19,2025-07-10 08:26:19,GTERI,GTERI,ok,0.0
24545,4434.7,4434.7,2025-07-10 08:26:19,2025-07-10 09:26:19,GTERI,GTERI,ok,0.0
24564,4434.7,4434.7,2025-07-10 09:26:19,2025-07-10 10:02:28,GTERI,GTIGN,ok,0.0
24565,4434.7,4434.7,2025-07-10 10:02:28,2025-07-10 10:02:28,GTIGN,GTSTT,ok,0.0
24566,4434.7,4434.7,2025-07-10 10:02:28,2025-07-10 10:02:29,GTSTT,GTIGF,ok,0.0
24567,4434.7,4434.7,2025-07-10 10:02:29,2025-07-10 10:02:29,GTIGF,GTSTT,ok,0.0
24568,4434.7,4434.7,2025-07-10 10:02:29,2025-07-10 10:02:30,GTSTT,GTIGN,ok,0.0
24569,4434.7,4434.7,2025-07-10 10:02:30,2025-07-10 10:02:30,GTIGN,GTSTT,ok,0.0
24570,4434.7,4434.7,2025-07-10 10:02:30,2025-07-10 10:02:54,GTSTT,GTERI,ok,0.0
24571,4434.7,4434.7,2025-07-10 10:02:54,2025-07-10 10:02:54,GTERI,GTIGL,ok,0.0
24572,4434.7,4434.7,2025-07-10 10:02:54,2025-07-10 10:02:54,GTIGL,GTIGL,ok,0.0
24573,4434.7,4434.7,2025-07-10 10:02:54,2025-07-10 10:02:54,GTIGL,GTIGL,ok,0.0
24575,4434.7,4434.7,2025-07-10 10:02:54,2025-07-10 10:03:44,GTIGL,GTIGF,ok,0.0
24576,4434.7,4434.7,2025-07-10 10:03:44,2025-07-10 10:03:44,GTIGF,GTSTT,ok,0.0
24577,4434.7,4434.7,2025-07-10 10:03:44,2025-07-10 10:03:44,GTSTT,GTERI,ok,0.0
24578,4434.7,4434.7,2025-07-10 10:03:44,2025-07-10 10:03:44,GTERI,GTIGL,ok,0.0
24579,4434.7,4434.7,2025-07-10 10:03:44,2025-07-10 10:04:23,GTIGL,GTSTT,ok,0.0
24584,4434.7,4434.7,2025-07-10 10:04:23,2025-07-10 10:12:24,GTSTT,GTIGN,ok,0.0
24585,4434.7,4434.7,2025-07-10 10:12:24,2025-07-10 10:12:24,GTIGN,GTSTT,ok,0.0
24586,4434.7,4434.7,2025-07-10 10:12:24,2025-07-10 10:12:25,GTSTT,GTIGF,ok,0.0
24587,4434.7,4434.7,2025-07-10 10:12:25,2025-07-10 10:12:25,GTIGF,GTSTT,ok,0.0
24588,4434.7,4434.7,2025-07-10 10:12:25,2025-07-10 10:12:26,GTSTT,GTIGN,ok,0.0
24589,4434.7,4434.7,2025-07-10 10:12:26,2025-07-10 10:12:26,GTIGN,GTSTT,ok,0.0
24590,4434.7,4434.7,2025-07-10 10:12:26,2025-07-10 10:12:37,GTSTT,GTERI,ok,0.0
24591,4434.7,4434.7,2025-07-10 10:12:37,2025-07-10 10:12:37,GTERI,GTIGL,ok,0.0
24592,4434.7,4434.7,2025-07-10 10:12:37,2025-07-10 10:12:37,GTIGL,GTIGL,ok,0.0
24593,4434.7,4434.7,2025-07-10 10:12:37,2025-07-10 10:12:37,GTIGL,GTIGL,ok,0.0
24595,4434.7,4434.7,2025-07-10 10:12:37,2025-07-10 10:14:22,GTIGL,GTIGF,ok,0.0
24596,4434.7,4434.7,2025-07-10 10:14:22,2025-07-10 10:14:22,GTIGF,GTSTT,ok,0.0
24597,4434.7,4434.7,2025-07-10 10:14:22,2025-07-10 10:14:22,GTSTT,GTERI,ok,0.0
24598,4434.7,4434.7,2025-07-10 10:14:22,2025-07-10 10:14:22,GTERI,GTIGL,ok,0.0
24599,4434.7,4434.7,2025-07-10 10:14:22,2025-07-10 10:14:28,GTIGL,GTIGN,ok,0.0
24600,4434.7,4434.7,2025-07-10 10:14:28,2025-07-10 10:14:28,GTIGN,GTSTT,ok,0.0
24601,4434.7,4434.7,2025-07-10 10:14:28,2025-07-10 10:14:29,GTSTT,GTIGF,ok,0.0
24602,4434.7,4434.7,2025-07-10 10:14:29,2025-07-10 10:14:29,GTIGF,GTSTT,ok,0.0
24603,4434.7,4434.7,2025-07-10 10:14:29,2025-07-10 10:14:29,GTSTT,GTIGL,ok,0.0
24604,4434.7,4434.7,2025-07-10 10:14:29,2025-07-10 10:14:29,GTIGL,GTIGL,ok,0.0
24605,4434.7,4434.7,2025-07-10 10:14:29,2025-07-10 10:14:31,GTIGL,GTIGN,ok,0.0
24606,4434.7,4434.7,2025-07-10 10:14:31,2025-07-10 10:14:31,GTIGN,GTSTT,ok,0.0
24607,4434.7,4434.7,2025-07-10 10:14:31,2025-07-10 10:14:32,GTSTT,GTIGL,ok,0.0
24608,4434.7,4434.7,2025-07-10 10:14:32,2025-07-10 10:14:35,GTIGL,GTERI,ok,0.0
24609,4434.7,4434.7,2025-07-10 10:14:35,2025-07-10 10:15:00,GTERI,GTIGF,ok,0.0
24610,4434.7,4434.7,2025-07-10 10:15:00,2025-07-10 10:15:00,GTIGF,GTSTT,ok,0.0
24611,4434.7,4434.7,2025-07-10 10:15:00,2025-07-10 10:15:00,GTSTT,GTIGN,ok,0.0
24612,4434.7,4434.7,2025-07-10 10:15:00,2025-07-10 10:15:00,GTIGN,GTSTT,ok,0.0
24613,4434.7,4434.7,2025-07-10 10:15:00,2025-07-10 10:15:00,GTSTT,GTIGL,ok,0.0
24614,4434.7,4434.7,2025-07-10 10:15:00,2025-07-10 10:15:00,GTIGL,GTIGL,ok,0.0
24615,4434.7,4434.7,2025-07-10 10:15:00,2025-07-10 10:15:00,GTIGL,GTIGF,ok,0.0
24616,4434.7,4434.7,2025-07-10 10:15:00,2025-07-10 10:15:00,GTIGF,GTSTT,ok,0.0
24617,4434.7,4434.7,2025-07-10 10:15:00,2025-07-10 10:15:01,GTSTT,GTIGL,ok,0.0
24618,4434.7,4434.7,2025-07-10 10:15:01,2025-07-10 10:15:02,GTIGL,GTIGN,ok,0.0
24619,4434.7,4434.7,2025-07-10 10:15:02,2025-07-10 10:15:02,GTIGN,GTSTT,ok,0.0
24620,4434.7,4434.7,2025-07-10 10:15:02,2025-07-10 10:15:02,GTSTT,GTIGF,ok,0.0
24621,4434.7,4434.7,2025-07-10 10:15:02,2025-07-10 10:15:02,GTIGF,GTSTT,ok,0.0
24622,4434.7,4434.7,2025-07-10 10:15:02,2025-07-10 10:15:02,GTSTT,GTIGL,ok,0.0
24623,4434.7,4434.7,2025-07-10 10:15:02,2025-07-10 10:15:02,GTIGL,GTIGL,ok,0.0
24624,4434.7,4434.7,2025-07-10 10:15:02,2025-07-10 10:15:03,GTIGL,GTIGN,ok,0.0
24625,4434.7,4434.7,2025-07-10 10:15:03,2025-07-10 10:15:03,GTIGN,GTSTT,ok,0.0
24626,4434.7,4434.7,2025-07-10 10:15:03,2025-07-10 10:15:03,GTSTT,GTIGL,ok,0.0
24627,4434.7,4434.7,2025-07-10 10:15:03,2025-07-10 10:15:04,GTIGL,GTIGF,ok,0.0
24628,4434.7,4434.7,2025-07-10 10:15:04,2025-07-10 10:15:04,GTIGF,GTSTT,ok,0.0
24629,4434.7,4434.7,2025-07-10 10:15:04,2025-07-10 10:15:04,GTSTT,GTIGL,ok,0.0
24630,4434.7,4434.7,2025-07-10 10:15:04,2025-07-10 10:15:05,GTIGL,GTIGN,ok,0.0
24631,4434.7,4434.7,2025-07-10 10:15:05,2025-07-10 10:15:05,GTIGN,GTSTT,ok,0.0
24632,4434.7,4434.7,2025-07-10 10:15:05,2025-07-10 10:15:05,GTSTT,GTIGF,ok,0.0
24633,4434.7,4434.7,2025-07-10 10:15:05,2025-07-10 10:15:05,GTIGF,GTSTT,ok,0.0
24634,4434.7,4434.7,2025-07-10 10:15:05,2025-07-10 10:15:06,GTSTT,GTIGL,ok,0.0
24635,4434.7,4434.7,2025-07-10 10:15:06,2025-07-10 10:15:06,GTIGL,GTIGL,ok,0.0
24636,4434.7,4434.7,2025-07-10 10:15:06,2025-07-10 10:15:06,GTIGL,GTIGN,ok,0.0
24637,4434.7,4434.7,2025-07-10 10:15:06,2025-07-10 10:15:06,GTIGN,GTSTT,ok,0.0
24638,4434.7,4434.7,2025-07-10 10:15:06,2025-07-10 10:15:07,GTSTT,GTIGL,ok,0.0
24639,4434.7,4434.7,2025-07-10 10:15:07,2025-07-10 10:15:10,GTIGL,GTERI,ok,0.0
24640,4434.7,4434.7,2025-07-10 10:15:10,2025-07-10 10:15:18,GTERI,GTERI,ok,0.0
24641,4434.7,4434.7,2025-07-10 10:15:18,2025-07-10 10:15:25,GTERI,GTERI,ok,0.0
24642,4434.7,4434.7,2025-07-10 10:15:25,2025-07-10 10:15:27,GTERI,GTERI,ok,0.0
24644,4434.7,4434.8,2025-07-10 10:15:27,2025-07-10 10:15:43,GTERI,GTERI,ok,0.1000000000003638
24645,4434.8,4434.8,2025-07-10 10:15:43,2025-07-10 10:15:46,GTERI,GTERI,ok,0.0
24646,4434.8,4434.9,2025-07-10 10:15:46,2025-07-10 10:16:09,GTERI,GTERI,ok,0.0999999999994543
24647,4434.9,4435.0,2025-07-10 10:16:09,2025-07-10 10:16:11,GTERI,GTERI,ok,0.1000000000003638
24648,4435.0,4435.2,2025-07-10 10:16:11,2025-07-10 10:16:50,GTERI,GTERI,ok,0.1999999999998181
24650,4435.2,4436.1,2025-07-10 10:16:50,2025-07-10 10:18:16,GTERI,GTERI,ok,0.9000000000005457
24651,4436.1,4436.2,2025-07-10 10:18:16,2025-07-10 10:18:32,GTERI,GTERI,ok,0.0999999999994543
24652,4436.2,4436.6,2025-07-10 10:18:32,2025-07-10 10:19:18,GTERI,GTERI,ok,0.4000000000005457
24653,4436.6,4436.7,2025-07-10 10:19:18,2025-07-10 10:19:25,GTERI,GTERI,ok,0.0999999999994543
24655,4436.7,4436.7,2025-07-10 10:19:25,2025-07-10 10:19:44,GTERI,GTERI,ok,0.0
24656,4436.7,4436.9,2025-07-10 10:19:44,2025-07-10 10:20:06,GTERI,GTERI,ok,0.1999999999998181
24657,4436.9,4436.9,2025-07-10 10:20:06,2025-07-10 10:20:09,GTERI,GTERI,ok,0.0
24658,4436.9,4437.1,2025-07-10 10:20:09,2025-07-10 10:20:24,GTERI,GTERI,ok,0.2000000000007276
24659,4437.1,4437.4,2025-07-10 10:20:24,2025-07-10 10:20:50,GTERI,GTERI,ok,0.2999999999992724
24660,4437.4,4437.5,2025-07-10 10:20:50,2025-07-10 10:21:16,GTERI,GTERI,ok,0.1000000000003638
24662,4437.5,4438.3,2025-07-10 10:21:16,2025-07-10 10:22:48,GTERI,GTERI,ok,0.8000000000001819
24663,4438.3,4438.3,2025-07-10 10:22:48,2025-07-10 10:22:55,GTERI,GTERI,ok,0.0
24664,4438.3,4438.4,2025-07-10 10:22:55,2025-07-10 10:23:32,GTERI,GTIGF,ok,0.0999999999994543
24665,4438.4,4438.4,2025-07-10 10:23:32,2025-07-10 10:23:32,GTIGF,GTSTT,ok,0.0
24666,4438.4,4438.4,2025-07-10 10:23:32,2025-07-10 10:23:32,GTSTT,GTERI,ok,0.0
24667,4438.4,4438.4,2025-07-10 10:23:32,2025-07-10 10:23:33,GTERI,GTIGL,ok,0.0
24669,4438.4,4438.4,2025-07-10 10:23:33,2025-07-10 10:24:15,GTIGL,GTSTT,ok,0.0
24672,4438.4,4438.4,2025-07-10 10:24:15,2025-07-10 10:27:41,GTSTT,GTSTT,ok,0.0
24673,4438.4,4438.4,2025-07-10 10:27:41,2025-07-10 10:27:43,GTSTT,GTSTT,ok,0.0
24674,4438.4,4438.4,2025-07-10 10:27:43,2025-07-10 10:27:44,GTSTT,GTIGN,ok,0.0
24675,4438.4,4438.4,2025-07-10 10:27:44,2025-07-10 10:27:44,GTIGN,GTSTT,ok,0.0
24676,4438.4,4438.4,2025-07-10 10:27:44,2025-07-10 10:27:45,GTSTT,GTIGL,ok,0.0
24677,4438.4,4438.4,2025-07-10 10:27:45,2025-07-10 10:27:45,GTIGL,GTIGF,ok,0.0
24678,4438.4,4438.4,2025-07-10 10:27:45,2025-07-10 10:27:45,GTIGF,GTSTT,ok,0.0
24679,4438.4,4438.4,2025-07-10 10:27:45,2025-07-10 10:27:46,GTSTT,GTIGN,ok,0.0
24680,4438.4,4438.4,2025-07-10 10:27:46,2025-07-10 10:27:46,GTIGN,GTSTT,ok,0.0
24681,4438.4,4438.4,2025-07-10 10:27:46,2025-07-10 10:27:47,GTSTT,GTIGL,ok,0.0
24682,4438.4,4438.4,2025-07-10 10:27:47,2025-07-10 10:27:47,GTIGL,GTIGL,ok,0.0
24683,4438.4,4438.4,2025-07-10 10:27:47,2025-07-10 10:27:51,GTIGL,GTERI,ok,0.0
24684,4438.4,4438.7,2025-07-10 10:27:51,2025-07-10 10:29:03,GTERI,GTERI,ok,0.3000000000001819
24686,4438.7,4439.7,2025-07-10 10:29:03,2025-07-10 10:30:45,GTERI,GTERI,ok,1.0
24687,4439.7,4439.8,2025-07-10 10:30:45,2025-07-10 10:30:54,GTERI,GTERI,ok,0.1000000000003638
24688,4439.8,4440.0,2025-07-10 10:30:54,2025-07-10 10:31:17,GTERI,GTERI,ok,0.1999999999998181
24691,4440.0,4441.2,2025-07-10 10:31:17,2025-07-10 10:33:54,GTERI,GTERI,ok,1.199999999999818
24692,4441.2,4441.5,2025-07-10 10:33:54,2025-07-10 10:34:25,GTERI,GTERI,ok,0.3000000000001819
24694,4441.5,4442.2,2025-07-10 10:34:25,2025-07-10 10:36:01,GTERI,GTERI,ok,0.6999999999998181
24695,4442.2,4442.5,2025-07-10 10:36:01,2025-07-10 10:36:23,GTERI,GTERI,ok,0.3000000000001819
24696,4442.5,4442.5,2025-07-10 10:36:23,2025-07-10 10:36:29,GTERI,GTERI,ok,0.0
24697,4442.5,4442.8,2025-07-10 10:36:29,2025-07-10 10:36:49,GTERI,GTERI,ok,0.3000000000001819
24698,4442.8,4442.9,2025-07-10 10:36:49,2025-07-10 10:36:54,GTERI,GTERI,ok,0.0999999999994543
24699,4442.9,4442.9,2025-07-10 10:36:54,2025-07-10 10:36:57,GTERI,GTERI,ok,0.0
24701,4442.9,4443.3,2025-07-10 10:36:57,2025-07-10 10:38:34,GTERI,GTERI,ok,0.4000000000005457
24702,4443.3,4443.6,2025-07-10 10:38:34,2025-07-10 10:38:58,GTERI,GTERI,ok,0.3000000000001819
24703,4443.6,4443.9,2025-07-10 10:38:58,2025-07-10 10:39:20,GTERI,GTERI,ok,0.2999999999992724
24704,4443.9,4444.0,2025-07-10 10:39:20,2025-07-10 10:39:24,GTERI,GTERI,ok,0.1000000000003638
24705,4444.0,4444.0,2025-07-10 10:39:24,2025-07-10 10:39:29,GTERI,GTERI,ok,0.0
24707,4444.0,4444.1,2025-07-10 10:39:29,2025-07-10 10:39:42,GTERI,GTERI,ok,0.1000000000003638
24708,4444.1,4444.1,2025-07-10 10:39:42,2025-07-10 10:39:44,GTERI,GTERI,ok,0.0
24709,4444.1,4444.1,2025-07-10 10:39:44,2025-07-10 10:39:47,GTERI,GTERI,ok,0.0
24710,4444.1,4444.2,2025-07-10 10:39:47,2025-07-10 10:39:50,GTERI,GTERI,ok,0.0999999999994543
24711,4444.2,4444.2,2025-07-10 10:39:50,2025-07-10 10:39:54,GTERI,GTERI,ok,0.0
24712,4444.2,4444.4,2025-07-10 10:39:54,2025-07-10 10:40:16,GTERI,GTERI,ok,0.1999999999998181
24713,4444.4,4444.7,2025-07-10 10:40:16,2025-07-10 10:40:47,GTERI,GTERI,ok,0.3000000000001819
24714,4444.7,4444.8,2025-07-10 10:40:47,2025-07-10 10:41:01,GTERI,GTERI,ok,0.1000000000003638
24715,4444.8,4444.8,2025-07-10 10:41:01,2025-07-10 10:41:03,GTERI,GTERI,ok,0.0
24716,4444.8,4444.8,2025-07-10 10:41:03,2025-07-10 10:41:04,GTERI,GTERI,ok,0.0
24717,4444.8,4444.8,2025-07-10 10:41:04,2025-07-10 10:41:05,GTERI,GTERI,ok,0.0
24718,4444.8,4444.8,2025-07-10 10:41:05,2025-07-10 10:41:07,GTERI,GTERI,ok,0.0
24719,4444.8,4444.8,2025-07-10 10:41:07,2025-07-10 10:41:16,GTERI,GTERI,ok,0.0
24720,4444.8,4444.9,2025-07-10 10:41:16,2025-07-10 10:41:28,GTERI,GTERI,ok,0.0999999999994543
24722,4444.9,4444.9,2025-07-10 10:41:28,2025-07-10 10:42:54,GTERI,GTERI,ok,0.0
24724,4444.9,4444.9,2025-07-10 10:42:54,2025-07-10 10:45:24,GTERI,GTERI,ok,0.0
24726,4444.9,4444.9,2025-07-10 10:45:24,2025-07-10 10:45:42,GTERI,GTERI,ok,0.0
24727,4444.9,4445.0,2025-07-10 10:45:42,2025-07-10 10:45:54,GTERI,GTERI,ok,0.1000000000003638
24729,4445.0,4445.0,2025-07-10 10:45:54,2025-07-10 10:47:52,GTERI,GTIGF,ok,0.0
24730,4445.0,4445.0,2025-07-10 10:47:52,2025-07-10 10:47:52,GTIGF,GTSTT,ok,0.0
24731,4445.0,4445.0,2025-07-10 10:47:52,2025-07-10 10:47:52,GTSTT,GTERI,ok,0.0
24732,4445.0,4445.0,2025-07-10 10:47:52,2025-07-10 10:47:52,GTERI,GTIGL,ok,0.0
24733,4445.0,4445.0,2025-07-10 10:47:52,2025-07-10 10:48:59,GTIGL,GTSTT,ok,0.0
24766,4445.0,4445.0,2025-07-10 10:48:59,2025-07-10 11:47:47,GTSTT,GTERI,ok,0.0
24797,4445.0,4445.0,2025-07-10 11:47:47,2025-07-10 12:47:47,GTERI,GTERI,ok,0.0
24802,4445.0,4445.0,2025-07-10 12:47:47,2025-07-10 12:56:22,GTERI,GTSTT,ok,0.0
24803,4445.0,4445.0,2025-07-10 12:56:22,2025-07-10 12:56:26,GTSTT,GTSTT,ok,0.0
24829,4445.0,4445.0,2025-07-10 12:56:26,2025-07-10 13:47:47,GTSTT,GTERI,ok,0.0
24842,4445.0,4445.0,2025-07-10 13:47:47,2025-07-10 14:11:18,GTERI,GTIGN,ok,0.0
24843,4445.0,4445.0,2025-07-10 14:11:18,2025-07-10 14:11:18,GTIGN,GTSTT,ok,0.0
24844,4445.0,4445.0,2025-07-10 14:11:18,2025-07-10 14:11:19,GTSTT,GTIGF,ok,0.0
24845,4445.0,4445.0,2025-07-10 14:11:19,2025-07-10 14:11:19,GTIGF,GTSTT,ok,0.0
24846,4445.0,4445.0,2025-07-10 14:11:19,2025-07-10 14:11:20,GTSTT,GTIGN,ok,0.0
24847,4445.0,4445.0,2025-07-10 14:11:20,2025-07-10 14:11:20,GTIGN,GTSTT,ok,0.0
24848,4445.0,4445.0,2025-07-10 14:11:20,2025-07-10 14:11:46,GTSTT,GTERI,ok,0.0
24849,4445.0,4445.0,2025-07-10 14:11:46,2025-07-10 14:11:46,GTERI,GTIGL,ok,0.0
24850,4445.0,4445.0,2025-07-10 14:11:46,2025-07-10 14:11:46,GTIGL,GTIGL,ok,0.0
24851,4445.0,4445.0,2025-07-10 14:11:46,2025-07-10 14:11:46,GTIGL,GTIGL,ok,0.0
24853,4445.0,4445.1,2025-07-10 14:11:46,2025-07-10 14:13:06,GTIGL,GTERI,ok,0.1000000000003638
24854,4445.1,4445.1,2025-07-10 14:13:06,2025-07-10 14:13:22,GTERI,GTERI,ok,0.0
24856,4445.1,4445.1,2025-07-10 14:13:22,2025-07-10 14:13:56,GTERI,GTERI,ok,0.0
24857,4445.1,4445.1,2025-07-10 14:13:56,2025-07-10 14:13:59,GTERI,GTERI,ok,0.0
24858,4445.1,4445.1,2025-07-10 14:13:59,2025-07-10 14:14:04,GTERI,GTERI,ok,0.0
24859,4445.1,4445.2,2025-07-10 14:14:04,2025-07-10 14:14:28,GTERI,GTERI,ok,0.0999999999994543
24860,4445.2,4445.2,2025-07-10 14:14:28,2025-07-10 14:14:35,GTERI,GTERI,ok,0.0
24861,4445.2,4445.3,2025-07-10 14:14:35,2025-07-10 14:15:16,GTERI,GTERI,ok,0.1000000000003638
24862,4445.3,4445.3,2025-07-10 14:15:16,2025-07-10 14:15:19,GTERI,GTERI,ok,0.0
24864,4445.3,4445.4,2025-07-10 14:15:19,2025-07-10 14:16:26,GTERI,GTERI,ok,0.0999999999994543
24865,4445.4,4445.4,2025-07-10 14:16:26,2025-07-10 14:16:28,GTERI,GTERI,ok,0.0
24866,4445.4,4445.4,2025-07-10 14:16:28,2025-07-10 14:16:36,GTERI,GTERI,ok,0.0
24867,4445.4,4445.5,2025-07-10 14:16:36,2025-07-10 14:17:21,GTERI,GTERI,ok,0.1000000000003638
24868,4445.5,4445.6,2025-07-10 14:17:21,2025-07-10 14:17:28,GTERI,GTERI,ok,0.1000000000003638
24869,4445.6,4445.7,2025-07-10 14:17:28,2025-07-10 14:17:43,GTERI,GTERI,ok,0.0999999999994543
24871,4445.7,4445.9,2025-07-10 14:17:43,2025-07-10 14:18:17,GTERI,GTERI,ok,0.1999999999998181
24872,4445.9,4445.9,2025-07-10 14:18:17,2025-07-10 14:18:18,GTERI,GTERI,ok,0.0
24873,4445.9,4446.2,2025-07-10 14:18:18,2025-07-10 14:18:43,GTERI,GTERI,ok,0.3000000000001819
24875,4446.2,4447.5,2025-07-10 14:18:43,2025-07-10 14:20:28,GTERI,GTERI,ok,1.300000000000182
24877,4447.5,4448.9,2025-07-10 14:20:28,2025-07-10 14:22:50,GTERI,GTERI,ok,1.3999999999996362
24878,4448.9,4449.1,2025-07-10 14:22:50,2025-07-10 14:23:02,GTERI,GTERI,ok,0.2000000000007276
24880,4449.1,4449.1,2025-07-10 14:23:02,2025-07-10 14:23:25,GTERI,GTPNR,ok,0.0
24882,4449.1,4449.1,2025-07-10 14:23:25,2025-07-10 14:23:28,GTPNR,GTSTT,ok,0.0
24883,4449.1,4449.1,2025-07-10 14:23:28,2025-07-10 14:23:34,GTSTT,GTRTL,ok,0.0
24884,4449.1,4449.1,2025-07-10 14:23:34,2025-07-10 14:23:34,GTRTL,GTERI,ok,0.0
24885,4449.1,4450.3,2025-07-10 14:23:34,2025-07-10 14:24:22,GTERI,GTERI,ok,1.199999999999818
24887,4450.3,4453.6,2025-07-10 14:24:22,2025-07-10 14:26:35,GTERI,GTERI,ok,3.300000000000182
24889,4453.6,4455.8,2025-07-10 14:26:35,2025-07-10 14:28:02,GTERI,GTERI,ok,2.199999999999818
24891,4455.8,4458.2,2025-07-10 14:28:02,2025-07-10 14:29:30,GTERI,GTERI,ok,2.399999999999636
24892,4458.2,4458.3,2025-07-10 14:29:30,2025-07-10 14:29:35,GTERI,GTERI,ok,0.1000000000003638
24893,4458.3,4460.0,2025-07-10 14:29:35,2025-07-10 14:30:40,GTERI,GTERI,ok,1.699999999999818
24895,4460.0,4461.8,2025-07-10 14:30:40,2025-07-10 14:32:03,GTERI,GTERI,ok,1.800000000000182
24896,4461.8,4462.3,2025-07-10 14:32:03,2025-07-10 14:32:26,GTERI,GTERI,ok,0.5
24897,4462.3,4462.4,2025-07-10 14:32:26,2025-07-10 14:32:29,GTERI,GTERI,ok,0.0999999999994543
24898,4462.4,4462.4,2025-07-10 14:32:29,2025-07-10 14:32:35,GTERI,GTERI,ok,0.0
24900,4462.4,4463.1,2025-07-10 14:32:35,2025-07-10 14:33:53,GTERI,GTERI,ok,0.7000000000007276
24901,4463.1,4463.1,2025-07-10 14:33:53,2025-07-10 14:33:56,GTERI,GTERI,ok,0.0
24902,4463.1,4463.1,2025-07-10 14:33:56,2025-07-10 14:33:58,GTERI,GTERI,ok,0.0
24903,4463.1,4463.2,2025-07-10 14:33:58,2025-07-10 14:34:07,GTERI,GTERI,ok,0.0999999999994543
24904,4463.2,4463.4,2025-07-10 14:34:07,2025-07-10 14:34:36,GTERI,GTERI,ok,0.1999999999998181
24905,4463.4,4463.5,2025-07-10 14:34:36,2025-07-10 14:34:47,GTERI,GTERI,ok,0.1000000000003638
24906,4463.5,4463.5,2025-07-10 14:34:47,2025-07-10 14:34:49,GTERI,GTERI,ok,0.0
24907,4463.5,4463.5,2025-07-10 14:34:49,2025-07-10 14:34:57,GTERI,GTIGF,ok,0.0
24908,4463.5,4463.5,2025-07-10 14:34:57,2025-07-10 14:34:57,GTIGF,GTSTT,ok,0.0
24909,4463.5,4463.5,2025-07-10 14:34:57,2025-07-10 14:34:57,GTSTT,GTERI,ok,0.0
24910,4463.5,4463.5,2025-07-10 14:34:57,2025-07-10 14:34:57,GTERI,GTIGL,ok,0.0
24912,4463.5,4463.5,2025-07-10 14:34:57,2025-07-10 14:35:57,GTIGL,GTSTT,ok,0.0
24923,4463.5,4463.5,2025-07-10 14:35:57,2025-07-10 14:57:05,GTSTT,GTIGN,ok,0.0
24924,4463.5,4463.5,2025-07-10 14:57:05,2025-07-10 14:57:05,GTIGN,GTSTT,ok,0.0
24925,4463.5,4463.5,2025-07-10 14:57:05,2025-07-10 14:57:06,GTSTT,GTIGF,ok,0.0
24926,4463.5,4463.5,2025-07-10 14:57:06,2025-07-10 14:57:06,GTIGF,GTSTT,ok,0.0
24927,4463.5,4463.5,2025-07-10 14:57:06,2025-07-10 14:57:07,GTSTT,GTIGN,ok,0.0
24928,4463.5,4463.5,2025-07-10 14:57:07,2025-07-10 14:57:07,GTIGN,GTSTT,ok,0.0
24929,4463.5,4463.5,2025-07-10 14:57:07,2025-07-10 14:57:14,GTSTT,GTERI,ok,0.0
24930,4463.5,4463.5,2025-07-10 14:57:14,2025-07-10 14:57:14,GTERI,GTIGL,ok,0.0
24931,4463.5,4463.5,2025-07-10 14:57:14,2025-07-10 14:57:14,GTIGL,GTIGL,ok,0.0
24932,4463.5,4463.5,2025-07-10 14:57:14,2025-07-10 14:57:14,GTIGL,GTIGL,ok,0.0
24934,4463.5,4463.6,2025-07-10 14:57:14,2025-07-10 14:57:40,GTIGL,GTERI,ok,0.1000000000003638
24935,4463.6,4463.6,2025-07-10 14:57:40,2025-07-10 14:57:42,GTERI,GTERI,ok,0.0
24936,4463.6,4463.7,2025-07-10 14:57:42,2025-07-10 14:58:01,GTERI,GTERI,ok,0.0999999999994543
24937,4463.7,4463.9,2025-07-10 14:58:01,2025-07-10 14:58:30,GTERI,GTERI,ok,0.1999999999998181
24938,4463.9,4464.1,2025-07-10 14:58:30,2025-07-10 14:59:09,GTERI,GTERI,ok,0.2000000000007276
24940,4464.1,4464.7,2025-07-10 14:59:09,2025-07-10 15:00:13,GTERI,GTERI,ok,0.5999999999994543
24941,4464.7,4464.8,2025-07-10 15:00:13,2025-07-10 15:00:26,GTERI,GTERI,ok,0.1000000000003638
24942,4464.8,4464.8,2025-07-10 15:00:26,2025-07-10 15:00:28,GTERI,GTERI,ok,0.0
24943,4464.8,4464.8,2025-07-10 15:00:28,2025-07-10 15:00:39,GTERI,GTERI,ok,0.0
24944,4464.8,4464.9,2025-07-10 15:00:39,2025-07-10 15:01:00,GTERI,GTERI,ok,0.0999999999994543
24946,4464.9,4464.9,2025-07-10 15:01:00,2025-07-10 15:01:35,GTERI,GTERI,ok,0.0
24947,4464.9,4464.9,2025-07-10 15:01:35,2025-07-10 15:02:03,GTERI,GTIGF,ok,0.0
24948,4464.9,4464.9,2025-07-10 15:02:03,2025-07-10 15:02:03,GTIGF,GTSTT,ok,0.0
24949,4464.9,4464.9,2025-07-10 15:02:03,2025-07-10 15:02:03,GTSTT,GTERI,ok,0.0
24950,4464.9,4464.9,2025-07-10 15:02:03,2025-07-10 15:02:03,GTERI,GTIGL,ok,0.0
24951,4464.9,4464.9,2025-07-10 15:02:03,2025-07-10 15:03:11,GTIGL,GTSTT,ok,0.0
24982,4464.9,4464.9,2025-07-10 15:03:11,2025-07-10 16:01:58,GTSTT,GTERI,ok,0.0
25013,4464.9,4464.9,2025-07-10 16:01:58,2025-07-10 17:01:58,GTERI,GTERI,ok,0.0
25044,4464.9,4464.9,2025-07-10 17:01:58,2025-07-10 18:01:58,GTERI,GTERI,ok,0.0
25075,4464.9,4464.9,2025-07-10 18:01:58,2025-07-10 19:01:58,GTERI,GTERI,ok,0.0
25106,4464.9,4464.9,2025-07-10 19:01:58,2025-07-10 20:01:58,GTERI,GTERI,ok,0.0
25137,4464.9,4464.9,2025-07-10 20:01:58,2025-07-10 21:01:58,GTERI,GTERI,ok,0.0
25165,4464.9,4464.9,2025-07-10 21:01:58,2025-07-10 22:01:58,GTERI,GTERI,ok,0.0
25196,4464.9,4464.9,2025-07-10 22:01:58,2025-07-10 23:01:58,GTERI,GTERI,ok,0.0
25227,4464.9,4464.9,2025-07-10 23:01:58,2025-07-11 00:01:58,GTERI,GTERI,ok,0.0
25258,4464.9,4464.9,2025-07-11 00:01:58,2025-07-11 01:01:58,GTERI,GTERI,ok,0.0
25289,4464.9,4464.9,2025-07-11 01:01:58,2025-07-11 02:01:58,GTERI,GTERI,ok,0.0
25320,4464.9,4464.9,2025-07-11 02:01:58,2025-07-11 03:01:58,GTERI,GTERI,ok,0.0
25334,4464.9,4464.9,2025-07-11 03:01:58,2025-07-11 03:27:45,GTERI,GTSTT,ok,0.0
25335,4464.9,4464.9,2025-07-11 03:27:45,2025-07-11 03:28:07,GTSTT,GTSTT,ok,0.0
25337,4464.9,4464.9,2025-07-11 03:28:07,2025-07-11 03:29:19,GTSTT,GTSTT,ok,0.0
25338,4464.9,4464.9,2025-07-11 03:29:19,2025-07-11 03:29:42,GTSTT,GTIGN,ok,0.0
25339,4464.9,4464.9,2025-07-11 03:29:42,2025-07-11 03:29:42,GTIGN,GTSTT,ok,0.0
25340,4464.9,4464.9,2025-07-11 03:29:42,2025-07-11 03:29:43,GTSTT,GTIGF,ok,0.0
25341,4464.9,4464.9,2025-07-11 03:29:43,2025-07-11 03:29:43,GTIGF,GTSTT,ok,0.0
25342,4464.9,4464.9,2025-07-11 03:29:43,2025-07-11 03:29:44,GTSTT,GTIGN,ok,0.0
25343,4464.9,4464.9,2025-07-11 03:29:44,2025-07-11 03:29:44,GTIGN,GTSTT,ok,0.0
25344,4464.9,4464.9,2025-07-11 03:29:44,2025-07-11 03:29:45,GTSTT,GTIGF,ok,0.0
25345,4464.9,4464.9,2025-07-11 03:29:45,2025-07-11 03:29:45,GTIGF,GTSTT,ok,0.0
25346,4464.9,4464.9,2025-07-11 03:29:45,2025-07-11 03:29:45,GTSTT,GTIGN,ok,0.0
25347,4464.9,4464.9,2025-07-11 03:29:45,2025-07-11 03:29:45,GTIGN,GTSTT,ok,0.0
25348,4464.9,4464.9,2025-07-11 03:29:45,2025-07-11 03:29:46,GTSTT,GTIGF,ok,0.0
25349,4464.9,4464.9,2025-07-11 03:29:46,2025-07-11 03:29:46,GTIGF,GTSTT,ok,0.0
25350,4464.9,4464.9,2025-07-11 03:29:46,2025-07-11 03:29:47,GTSTT,GTIGN,ok,0.0
25351,4464.9,4464.9,2025-07-11 03:29:47,2025-07-11 03:29:47,GTIGN,GTSTT,ok,0.0
25352,4464.9,4464.9,2025-07-11 03:29:47,2025-07-11 03:29:59,GTSTT,GTERI,ok,0.0
25353,4464.9,4464.9,2025-07-11 03:29:59,2025-07-11 03:29:59,GTERI,GTIGL,ok,0.0
25354,4464.9,4464.9,2025-07-11 03:29:59,2025-07-11 03:29:59,GTIGL,GTIGL,ok,0.0
25355,4464.9,4464.9,2025-07-11 03:29:59,2025-07-11 03:29:59,GTIGL,GTIGL,ok,0.0
25356,4464.9,4464.9,2025-07-11 03:29:59,2025-07-11 03:29:59,GTIGL,GTIGL,ok,0.0
25357,4464.9,4464.9,2025-07-11 03:29:59,2025-07-11 03:29:59,GTIGL,GTIGL,ok,0.0
25358,4464.9,4464.9,2025-07-11 03:29:59,2025-07-11 03:29:59,GTIGL,GTIGL,ok,0.0
25359,4464.9,4464.9,2025-07-11 03:29:59,2025-07-11 03:29:59,GTIGL,GTIGL,ok,0.0
25360,4464.9,4464.9,2025-07-11 03:29:59,2025-07-11 03:30:07,GTIGL,GTIGF,ok,0.0
25361,4464.9,4464.9,2025-07-11 03:30:07,2025-07-11 03:30:07,GTIGF,GTSTT,ok,0.0
25362,4464.9,4464.9,2025-07-11 03:30:07,2025-07-11 03:30:07,GTSTT,GTERI,ok,0.0
25363,4464.9,4464.9,2025-07-11 03:30:07,2025-07-11 03:30:07,GTERI,GTIGN,ok,0.0
25364,4464.9,4464.9,2025-07-11 03:30:07,2025-07-11 03:30:07,GTIGN,GTSTT,ok,0.0
25365,4464.9,4464.9,2025-07-11 03:30:07,2025-07-11 03:30:08,GTSTT,GTIGF,ok,0.0
25366,4464.9,4464.9,2025-07-11 03:30:08,2025-07-11 03:30:08,GTIGF,GTSTT,ok,0.0
25367,4464.9,4464.9,2025-07-11 03:30:08,2025-07-11 03:30:09,GTSTT,GTIGN,ok,0.0
25368,4464.9,4464.9,2025-07-11 03:30:09,2025-07-11 03:30:09,GTIGN,GTSTT,ok,0.0
25369,4464.9,4464.9,2025-07-11 03:30:09,2025-07-11 03:30:09,GTSTT,GTIGL,ok,0.0
25370,4464.9,4464.9,2025-07-11 03:30:09,2025-07-11 03:30:09,GTIGL,GTIGL,ok,0.0
25371,4464.9,4464.9,2025-07-11 03:30:09,2025-07-11 03:30:09,GTIGL,GTIGL,ok,0.0
25372,4464.9,4464.9,2025-07-11 03:30:09,2025-07-11 03:30:09,GTIGL,GTIGL,ok,0.0
25373,4464.9,4464.9,2025-07-11 03:30:09,2025-07-11 03:30:09,GTIGL,GTIGF,ok,0.0
25374,4464.9,4464.9,2025-07-11 03:30:09,2025-07-11 03:30:09,GTIGF,GTSTT,ok,0.0
25375,4464.9,4464.9,2025-07-11 03:30:09,2025-07-11 03:30:10,GTSTT,GTIGN,ok,0.0
25376,4464.9,4464.9,2025-07-11 03:30:10,2025-07-11 03:30:10,GTIGN,GTSTT,ok,0.0
25377,4464.9,4464.9,2025-07-11 03:30:10,2025-07-11 03:30:10,GTSTT,GTIGF,ok,0.0
25378,4464.9,4464.9,2025-07-11 03:30:10,2025-07-11 03:30:10,GTIGF,GTSTT,ok,0.0
25379,4464.9,4464.9,2025-07-11 03:30:10,2025-07-11 03:30:10,GTSTT,GTIGN,ok,0.0
25380,4464.9,4464.9,2025-07-11 03:30:10,2025-07-11 03:30:10,GTIGN,GTSTT,ok,0.0
25381,4464.9,4464.9,2025-07-11 03:30:10,2025-07-11 03:30:11,GTSTT,GTIGL,ok,0.0
25382,4464.9,4464.9,2025-07-11 03:30:11,2025-07-11 03:30:11,GTIGL,GTIGL,ok,0.0
25383,4464.9,4464.9,2025-07-11 03:30:11,2025-07-11 03:30:11,GTIGL,GTIGL,ok,0.0
25384,4464.9,4464.9,2025-07-11 03:30:11,2025-07-11 03:30:11,GTIGL,GTIGL,ok,0.0
25385,4464.9,4464.9,2025-07-11 03:30:11,2025-07-11 03:30:11,GTIGL,GTIGF,ok,0.0
25386,4464.9,4464.9,2025-07-11 03:30:11,2025-07-11 03:30:11,GTIGF,GTSTT,ok,0.0
25387,4464.9,4464.9,2025-07-11 03:30:11,2025-07-11 03:30:11,GTSTT,GTIGL,ok,0.0
25388,4464.9,4464.9,2025-07-11 03:30:11,2025-07-11 03:30:13,GTIGL,GTIGN,ok,0.0
25389,4464.9,4464.9,2025-07-11 03:30:13,2025-07-11 03:30:13,GTIGN,GTSTT,ok,0.0
25390,4464.9,4464.9,2025-07-11 03:30:13,2025-07-11 03:30:14,GTSTT,GTIGF,ok,0.0
25391,4464.9,4464.9,2025-07-11 03:30:14,2025-07-11 03:30:14,GTIGF,GTSTT,ok,0.0
25392,4464.9,4464.9,2025-07-11 03:30:14,2025-07-11 03:30:14,GTSTT,GTIGL,ok,0.0
25393,4464.9,4464.9,2025-07-11 03:30:14,2025-07-11 03:30:14,GTIGL,GTIGL,ok,0.0
25394,4464.9,4464.9,2025-07-11 03:30:14,2025-07-11 03:30:15,GTIGL,GTIGN,ok,0.0
25395,4464.9,4464.9,2025-07-11 03:30:15,2025-07-11 03:30:15,GTIGN,GTSTT,ok,0.0
25396,4464.9,4464.9,2025-07-11 03:30:15,2025-07-11 03:30:16,GTSTT,GTIGL,ok,0.0
25397,4464.9,4464.9,2025-07-11 03:30:16,2025-07-11 03:30:19,GTIGL,GTERI,ok,0.0
25399,4464.9,4465.0,2025-07-11 03:30:19,2025-07-11 03:31:21,GTERI,GTERI,ok,0.1000000000003638
25400,4465.0,4465.0,2025-07-11 03:31:21,2025-07-11 03:31:25,GTERI,GTERI,ok,0.0
25401,4465.0,4465.0,2025-07-11 03:31:25,2025-07-11 03:31:28,GTERI,GTERI,ok,0.0
25402,4465.0,4465.0,2025-07-11 03:31:28,2025-07-11 03:31:33,GTERI,GTERI,ok,0.0
25403,4465.0,4465.0,2025-07-11 03:31:33,2025-07-11 03:31:35,GTERI,GTERI,ok,0.0
25404,4465.0,4465.1,2025-07-11 03:31:35,2025-07-11 03:31:43,GTERI,GTERI,ok,0.1000000000003638
25405,4465.1,4465.1,2025-07-11 03:31:43,2025-07-11 03:31:46,GTERI,GTERI,ok,0.0
25406,4465.1,4465.1,2025-07-11 03:31:46,2025-07-11 03:31:48,GTERI,GTERI,ok,0.0
25407,4465.1,4465.3,2025-07-11 03:31:48,2025-07-11 03:32:09,GTERI,GTERI,ok,0.1999999999998181
25408,4465.3,4465.3,2025-07-11 03:32:09,2025-07-11 03:32:11,GTERI,GTERI,ok,0.0
25410,4465.3,4466.4,2025-07-11 03:32:11,2025-07-11 03:33:25,GTERI,GTERI,ok,1.0999999999994543
25412,4466.4,4468.5,2025-07-11 03:33:25,2025-07-11 03:35:53,GTERI,GTERI,ok,2.100000000000364
25413,4468.5,4468.5,2025-07-11 03:35:53,2025-07-11 03:35:57,GTERI,GTERI,ok,0.0
25414,4468.5,4468.6,2025-07-11 03:35:57,2025-07-11 03:36:15,GTERI,GTERI,ok,0.1000000000003638
25415,4468.6,4468.7,2025-07-11 03:36:15,2025-07-11 03:36:18,GTERI,GTERI,ok,0.0999999999994543
25416,4468.7,4468.7,2025-07-11 03:36:18,2025-07-11 03:36:25,GTERI,GTERI,ok,0.0
25418,4468.7,4469.3,2025-07-11 03:36:25,2025-07-11 03:37:14,GTERI,GTERI,ok,0.6000000000003638
25419,4469.3,4469.7,2025-07-11 03:37:14,2025-07-11 03:37:44,GTERI,GTERI,ok,0.3999999999996362
25420,4469.7,4469.7,2025-07-11 03:37:44,2025-07-11 03:37:46,GTERI,GTERI,ok,0.0
25421,4469.7,4469.7,2025-07-11 03:37:46,2025-07-11 03:37:51,GTERI,GTERI,ok,0.0
25422,4469.7,4469.8,2025-07-11 03:37:51,2025-07-11 03:37:54,GTERI,GTERI,ok,0.1000000000003638
25423,4469.8,4470.0,2025-07-11 03:37:54,2025-07-11 03:38:21,GTERI,GTERI,ok,0.1999999999998181
25425,4470.0,4470.4,2025-07-11 03:38:21,2025-07-11 03:38:51,GTERI,GTERI,ok,0.3999999999996362
25426,4470.4,4470.5,2025-07-11 03:38:51,2025-07-11 03:39:06,GTERI,GTERI,ok,0.1000000000003638
25427,4470.5,4470.7,2025-07-11 03:39:06,2025-07-11 03:39:25,GTERI,GTERI,ok,0.1999999999998181
25428,4470.7,4471.1,2025-07-11 03:39:25,2025-07-11 03:39:54,GTERI,GTERI,ok,0.4000000000005457
25429,4471.1,4471.1,2025-07-11 03:39:54,2025-07-11 03:39:59,GTERI,GTERI,ok,0.0
25431,4471.1,4471.5,2025-07-11 03:39:59,2025-07-11 03:40:35,GTERI,GTERI,ok,0.3999999999996362
25432,4471.5,4471.7,2025-07-11 03:40:35,2025-07-11 03:40:46,GTERI,GTERI,ok,0.1999999999998181
25433,4471.7,4471.8,2025-07-11 03:40:46,2025-07-11 03:40:53,GTERI,GTERI,ok,0.1000000000003638
25434,4471.8,4471.8,2025-07-11 03:40:53,2025-07-11 03:41:05,GTERI,GTERI,ok,0.0
25435,4471.8,4472.0,2025-07-11 03:41:05,2025-07-11 03:41:20,GTERI,GTERI,ok,0.1999999999998181
25436,4472.0,4472.2,2025-07-11 03:41:20,2025-07-11 03:41:48,GTERI,GTERI,ok,0.1999999999998181
25437,4472.2,4472.3,2025-07-11 03:41:48,2025-07-11 03:41:52,GTERI,GTERI,ok,0.1000000000003638
25438,4472.3,4472.3,2025-07-11 03:41:52,2025-07-11 03:42:01,GTERI,GTERI,ok,0.0
25439,4472.3,4472.4,2025-07-11 03:42:01,2025-07-11 03:42:04,GTERI,GTERI,ok,0.0999999999994543
25440,4472.4,4472.4,2025-07-11 03:42:04,2025-07-11 03:42:08,GTERI,GTERI,ok,0.0
25441,4472.4,4472.4,2025-07-11 03:42:08,2025-07-11 03:42:15,GTERI,GTERI,ok,0.0
25442,4472.4,4472.4,2025-07-11 03:42:15,2025-07-11 03:42:18,GTERI,GTERI,ok,0.0
25443,4472.4,4472.5,2025-07-11 03:42:18,2025-07-11 03:42:20,GTERI,GTERI,ok,0.1000000000003638
25444,4472.5,4472.5,2025-07-11 03:42:20,2025-07-11 03:42:25,GTERI,GTERI,ok,0.0
25446,4472.5,4472.5,2025-07-11 03:42:25,2025-07-11 03:44:20,GTERI,GTIGF,ok,0.0
25447,4472.5,4472.5,2025-07-11 03:44:20,2025-07-11 03:44:20,GTIGF,GTSTT,ok,0.0
25448,4472.5,4472.5,2025-07-11 03:44:20,2025-07-11 03:44:20,GTSTT,GTERI,ok,0.0
25449,4472.5,4472.5,2025-07-11 03:44:20,2025-07-11 03:44:20,GTERI,GTIGL,ok,0.0
25451,4472.5,4472.5,2025-07-11 03:44:20,2025-07-11 03:45:03,GTIGL,GTSTT,ok,0.0
25481,4472.5,4472.5,2025-07-11 03:45:03,2025-07-11 04:44:15,GTSTT,GTERI,ok,0.0
25512,4472.5,4472.5,2025-07-11 04:44:15,2025-07-11 05:44:15,GTERI,GTERI,ok,0.0
25543,4472.5,4472.5,2025-07-11 05:44:15,2025-07-11 06:44:15,GTERI,GTERI,ok,0.0
25574,4472.5,4472.5,2025-07-11 06:44:15,2025-07-11 07:44:15,GTERI,GTERI,ok,0.0
25605,4472.5,4472.5,2025-07-11 07:44:15,2025-07-11 08:44:15,GTERI,GTERI,ok,0.0
25632,4472.5,4472.5,2025-07-11 08:44:15,2025-07-11 09:35:56,GTERI,GTSTT,ok,0.0
25633,4472.5,4472.5,2025-07-11 09:35:56,2025-07-11 09:36:21,GTSTT,GTSTT,ok,0.0
25637,4472.5,4472.5,2025-07-11 09:36:21,2025-07-11 09:41:23,GTSTT,GTIGN,ok,0.0
25638,4472.5,4472.5,2025-07-11 09:41:23,2025-07-11 09:41:23,GTIGN,GTSTT,ok,0.0
25639,4472.5,4472.5,2025-07-11 09:41:23,2025-07-11 09:41:24,GTSTT,GTIGF,ok,0.0
25640,4472.5,4472.5,2025-07-11 09:41:24,2025-07-11 09:41:24,GTIGF,GTSTT,ok,0.0
25641,4472.5,4472.5,2025-07-11 09:41:24,2025-07-11 09:41:25,GTSTT,GTIGN,ok,0.0
25642,4472.5,4472.5,2025-07-11 09:41:25,2025-07-11 09:41:25,GTIGN,GTSTT,ok,0.0
25643,4472.5,4472.5,2025-07-11 09:41:25,2025-07-11 09:41:53,GTSTT,GTERI,ok,0.0
25644,4472.5,4472.5,2025-07-11 09:41:53,2025-07-11 09:41:53,GTERI,GTIGL,ok,0.0
25645,4472.5,4472.5,2025-07-11 09:41:53,2025-07-11 09:41:53,GTIGL,GTIGL,ok,0.0
25646,4472.5,4472.5,2025-07-11 09:41:53,2025-07-11 09:41:53,GTIGL,GTIGL,ok,0.0
25647,4472.5,4472.5,2025-07-11 09:41:53,2025-07-11 09:42:40,GTIGL,GTERI,ok,0.0
25649,4472.5,4472.6,2025-07-11 09:42:40,2025-07-11 09:42:54,GTERI,GTERI,ok,0.1000000000003638
25650,4472.6,4472.8,2025-07-11 09:42:54,2025-07-11 09:43:15,GTERI,GTERI,ok,0.1999999999998181
25651,4472.8,4473.2,2025-07-11 09:43:15,2025-07-11 09:44:31,GTERI,GTERI,ok,0.3999999999996362
25653,4473.2,4473.3,2025-07-11 09:44:31,2025-07-11 09:45:13,GTERI,GTERI,ok,0.1000000000003638
25654,4473.3,4473.6,2025-07-11 09:45:13,2025-07-11 09:45:40,GTERI,GTERI,ok,0.3000000000001819
25655,4473.6,4474.2,2025-07-11 09:45:40,2025-07-11 09:46:49,GTERI,GTERI,ok,0.5999999999994543
25657,4474.2,4474.4,2025-07-11 09:46:49,2025-07-11 09:47:24,GTERI,GTERI,ok,0.1999999999998181
25658,4474.4,4474.5,2025-07-11 09:47:24,2025-07-11 09:47:31,GTERI,GTERI,ok,0.1000000000003638
25659,4474.5,4474.8,2025-07-11 09:47:31,2025-07-11 09:47:55,GTERI,GTERI,ok,0.3000000000001819
25660,4474.8,4474.9,2025-07-11 09:47:55,2025-07-11 09:48:03,GTERI,GTERI,ok,0.0999999999994543
25661,4474.9,4474.9,2025-07-11 09:48:03,2025-07-11 09:48:05,GTERI,GTERI,ok,0.0
25662,4474.9,4474.9,2025-07-11 09:48:05,2025-07-11 09:48:08,GTERI,GTERI,ok,0.0
25663,4474.9,4474.9,2025-07-11 09:48:08,2025-07-11 09:48:15,GTERI,GTERI,ok,0.0
25665,4474.9,4475.4,2025-07-11 09:48:15,2025-07-11 09:49:04,GTERI,GTERI,ok,0.5
25666,4475.4,4475.9,2025-07-11 09:49:04,2025-07-11 09:50:01,GTERI,GTERI,ok,0.5
25667,4475.9,4476.2,2025-07-11 09:50:01,2025-07-11 09:50:31,GTERI,GTERI,ok,0.3000000000001819
25668,4476.2,4476.2,2025-07-11 09:50:31,2025-07-11 09:50:49,GTERI,GTERI,ok,0.0
25670,4476.2,4476.2,2025-07-11 09:50:49,2025-07-11 09:50:53,GTERI,GTERI,ok,0.0
25671,4476.2,4476.5,2025-07-11 09:50:53,2025-07-11 09:51:13,GTERI,GTERI,ok,0.3000000000001819
25672,4476.5,4476.5,2025-07-11 09:51:13,2025-07-11 09:51:31,GTERI,GTERI,ok,0.0
25673,4476.5,4476.5,2025-07-11 09:51:31,2025-07-11 09:51:35,GTERI,GTERI,ok,0.0
25674,4476.5,4476.6,2025-07-11 09:51:35,2025-07-11 09:51:43,GTERI,GTERI,ok,0.1000000000003638
25675,4476.6,4476.6,2025-07-11 09:51:43,2025-07-11 09:51:46,GTERI,GTERI,ok,0.0
25676,4476.6,4476.6,2025-07-11 09:51:46,2025-07-11 09:51:48,GTERI,GTERI,ok,0.0
25677,4476.6,4476.6,2025-07-11 09:51:48,2025-07-11 09:51:50,GTERI,GTERI,ok,0.0
25678,4476.6,4476.8,2025-07-11 09:51:50,2025-07-11 09:52:11,GTERI,GTERI,ok,0.1999999999998181
25679,4476.8,4477.0,2025-07-11 09:52:11,2025-07-11 09:52:39,GTERI,GTERI,ok,0.1999999999998181
25680,4477.0,4477.1,2025-07-11 09:52:39,2025-07-11 09:52:46,GTERI,GTERI,ok,0.1000000000003638
25681,4477.1,4477.1,2025-07-11 09:52:46,2025-07-11 09:52:49,GTERI,GTERI,ok,0.0
25683,4477.1,4477.5,2025-07-11 09:52:49,2025-07-11 09:53:31,GTERI,GTERI,ok,0.3999999999996362
25685,4477.5,4478.2,2025-07-11 09:53:31,2025-07-11 09:55:25,GTERI,GTERI,ok,0.6999999999998181
25686,4478.2,4478.2,2025-07-11 09:55:25,2025-07-11 09:55:27,GTERI,GTERI,ok,0.0
25687,4478.2,4478.2,2025-07-11 09:55:27,2025-07-11 09:55:32,GTERI,GTERI,ok,0.0
25688,4478.2,4478.3,2025-07-11 09:55:32,2025-07-11 09:55:50,GTERI,GTERI,ok,0.1000000000003638
25689,4478.3,4478.3,2025-07-11 09:55:50,2025-07-11 09:55:53,GTERI,GTERI,ok,0.0
25690,4478.3,4478.4,2025-07-11 09:55:53,2025-07-11 09:56:04,GTERI,GTERI,ok,0.0999999999994543
25691,4478.4,4478.4,2025-07-11 09:56:04,2025-07-11 09:56:31,GTERI,GTERI,ok,0.0
25693,4478.4,4478.4,2025-07-11 09:56:31,2025-07-11 09:57:37,GTERI,GTIGF,ok,0.0
25694,4478.4,4478.4,2025-07-11 09:57:37,2025-07-11 09:57:37,GTIGF,GTSTT,ok,0.0
25695,4478.4,4478.4,2025-07-11 09:57:37,2025-07-11 09:57:38,GTSTT,GTERI,ok,0.0
25696,4478.4,4478.4,2025-07-11 09:57:38,2025-07-11 09:57:38,GTERI,GTIGL,ok,0.0
25698,4478.4,4478.4,2025-07-11 09:57:38,2025-07-11 09:58:53,GTIGL,GTSTT,ok,0.0
25718,4478.4,4478.4,2025-07-11 09:58:53,2025-07-11 10:38:44,GTSTT,GTSTT,ok,0.0
25720,4478.4,4478.4,2025-07-11 10:38:44,2025-07-11 10:39:25,GTSTT,GTSTT,ok,0.0
25721,4478.4,4478.4,2025-07-11 10:39:25,2025-07-11 10:40:34,GTSTT,GTSTT,ok,0.0
25723,4478.4,4478.4,2025-07-11 10:40:34,2025-07-11 10:41:02,GTSTT,GTSTT,ok,0.0
25732,4478.4,4478.4,2025-07-11 10:41:02,2025-07-11 10:57:32,GTSTT,GTERI,ok,0.0
25749,4478.4,4478.4,2025-07-11 10:57:32,2025-07-11 11:30:07,GTERI,GTSTT,ok,0.0
25750,4478.4,4478.4,2025-07-11 11:30:07,2025-07-11 11:30:29,GTSTT,GTSTT,ok,0.0
25765,4478.4,4478.4,2025-07-11 11:30:29,2025-07-11 11:57:32,GTSTT,GTERI,ok,0.0
25796,4478.4,4478.4,2025-07-11 11:57:32,2025-07-11 12:57:32,GTERI,GTERI,ok,0.0
25827,4478.4,4478.4,2025-07-11 12:57:32,2025-07-11 13:57:32,GTERI,GTERI,ok,0.0
25858,4478.4,4478.4,2025-07-11 13:57:32,2025-07-11 14:57:32,GTERI,GTERI,ok,0.0
25892,4478.4,4478.4,2025-07-11 14:57:32,2025-07-11 15:57:32,GTERI,GTERI,ok,0.0
25926,4478.4,4478.4,2025-07-11 15:57:32,2025-07-11 16:57:32,GTERI,GTERI,ok,0.0
25957,4478.4,4478.4,2025-07-11 16:57:32,2025-07-11 17:57:32,GTERI,GTERI,ok,0.0
25988,4478.4,4478.4,2025-07-11 17:57:32,2025-07-11 18:57:32,GTERI,GTERI,ok,0.0
26019,4478.4,4478.4,2025-07-11 18:57:32,2025-07-11 19:57:32,GTERI,GTERI,ok,0.0
26050,4478.4,4478.4,2025-07-11 19:57:32,2025-07-11 20:57:32,GTERI,GTERI,ok,0.0
26081,4478.4,4478.4,2025-07-11 20:57:32,2025-07-11 21:57:32,GTERI,GTERI,ok,0.0
26111,4478.4,4478.4,2025-07-11 21:57:32,2025-07-11 22:57:32,GTERI,GTERI,ok,0.0
26142,4478.4,4478.4,2025-07-11 22:57:32,2025-07-11 23:57:32,GTERI,GTERI,ok,0.0
26173,4478.4,4478.4,2025-07-11 23:57:32,2025-07-12 00:57:32,GTERI,GTERI,ok,0.0
26204,4478.4,4478.4,2025-07-12 00:57:32,2025-07-12 01:57:32,GTERI,GTERI,ok,0.0
26235,4478.4,4478.4,2025-07-12 01:57:32,2025-07-12 02:57:32,GTERI,GTERI,ok,0.0
26266,4478.4,4478.4,2025-07-12 02:57:32,2025-07-12 03:57:32,GTERI,GTERI,ok,0.0
26297,4478.4,4478.4,2025-07-12 03:57:32,2025-07-12 04:57:32,GTERI,GTERI,ok,0.0
26328,4478.4,4478.4,2025-07-12 04:57:32,2025-07-12 05:57:32,GTERI,GTERI,ok,0.0
26359,4478.4,4478.4,2025-07-12 05:57:32,2025-07-12 06:57:32,GTERI,GTERI,ok,0.0
26389,4478.4,4478.4,2025-07-12 06:57:32,2025-07-12 07:57:32,GTERI,GTERI,ok,0.0
26420,4478.4,4478.4,2025-07-12 07:57:32,2025-07-12 08:57:32,GTERI,GTERI,ok,0.0
26451,4478.4,4478.4,2025-07-12 08:57:32,2025-07-12 09:57:32,GTERI,GTERI,ok,0.0
26482,4478.4,4478.4,2025-07-12 09:57:32,2025-07-12 10:57:32,GTERI,GTERI,ok,0.0
26513,4478.4,4478.4,2025-07-12 10:57:32,2025-07-12 11:57:32,GTERI,GTERI,ok,0.0
26544,4478.4,4478.4,2025-07-12 11:57:32,2025-07-12 12:57:32,GTERI,GTERI,ok,0.0
26575,4478.4,4478.4,2025-07-12 12:57:32,2025-07-12 13:57:32,GTERI,GTERI,ok,0.0
26606,4478.4,4478.4,2025-07-12 13:57:32,2025-07-12 14:57:32,GTERI,GTERI,ok,0.0
26637,4478.4,4478.4,2025-07-12 14:57:32,2025-07-12 15:57:32,GTERI,GTERI,ok,0.0
26668,4478.4,4478.4,2025-07-12 15:57:32,2025-07-12 16:57:32,GTERI,GTERI,ok,0.0
26699,4478.4,4478.4,2025-07-12 16:57:32,2025-07-12 17:57:32,GTERI,GTERI,ok,0.0
26730,4478.4,4478.4,2025-07-12 17:57:32,2025-07-12 18:57:32,GTERI,GTERI,ok,0.0
26761,4478.4,4478.4,2025-07-12 18:57:32,2025-07-12 19:57:32,GTERI,GTERI,ok,0.0
26792,4478.4,4478.4,2025-07-12 19:57:32,2025-07-12 20:57:32,GTERI,GTERI,ok,0.0
26823,4478.4,4478.4,2025-07-12 20:57:32,2025-07-12 21:57:32,GTERI,GTERI,ok,0.0
26854,4478.4,4478.4,2025-07-12 21:57:32,2025-07-12 22:57:32,GTERI,GTERI,ok,0.0
26885,4478.4,4478.4,2025-07-12 22:57:32,2025-07-12 23:57:32,GTERI,GTERI,ok,0.0
26917,4478.4,4478.4,2025-07-12 23:57:32,2025-07-13 00:57:32,GTERI,GTERI,ok,0.0
26948,4478.4,4478.4,2025-07-13 00:57:32,2025-07-13 01:57:32,GTERI,GTERI,ok,0.0
26979,4478.4,4478.4,2025-07-13 01:57:32,2025-07-13 02:57:32,GTERI,GTERI,ok,0.0
27010,4478.4,4478.4,2025-07-13 02:57:32,2025-07-13 03:57:32,GTERI,GTERI,ok,0.0
27041,4478.4,4478.4,2025-07-13 03:57:32,2025-07-13 04:57:32,GTERI,GTERI,ok,0.0
27072,4478.4,4478.4,2025-07-13 04:57:32,2025-07-13 05:57:32,GTERI,GTERI,ok,0.0
27087,4478.4,4478.4,2025-07-13 05:57:32,2025-07-13 06:24:52,GTERI,GTIGN,ok,0.0
27088,4478.4,4478.4,2025-07-13 06:24:52,2025-07-13 06:24:52,GTIGN,GTSTT,ok,0.0
27089,4478.4,4478.4,2025-07-13 06:24:52,2025-07-13 06:25:03,GTSTT,GTIGF,ok,0.0
27090,4478.4,4478.4,2025-07-13 06:25:03,2025-07-13 06:25:03,GTIGF,GTSTT,ok,0.0
27091,4478.4,4478.4,2025-07-13 06:25:03,2025-07-13 06:25:04,GTSTT,GTIGN,ok,0.0
27092,4478.4,4478.4,2025-07-13 06:25:04,2025-07-13 06:25:04,GTIGN,GTSTT,ok,0.0
27093,4478.4,4478.4,2025-07-13 06:25:04,2025-07-13 06:25:31,GTSTT,GTIGF,ok,0.0
27094,4478.4,4478.4,2025-07-13 06:25:31,2025-07-13 06:25:31,GTIGF,GTSTT,ok,0.0
27095,4478.4,4478.4,2025-07-13 06:25:31,2025-07-13 06:25:50,GTSTT,GTERI,ok,0.0
27096,4478.4,4478.4,2025-07-13 06:25:50,2025-07-13 06:25:50,GTERI,GTIGL,ok,0.0
27097,4478.4,4478.4,2025-07-13 06:25:50,2025-07-13 06:25:50,GTIGL,GTIGL,ok,0.0
27098,4478.4,4478.4,2025-07-13 06:25:50,2025-07-13 06:25:50,GTIGL,GTIGL,ok,0.0
27099,4478.4,4478.4,2025-07-13 06:25:50,2025-07-13 06:25:50,GTIGL,GTIGL,ok,0.0
27100,4478.4,4478.4,2025-07-13 06:25:50,2025-07-13 06:26:18,GTIGL,GTSTT,ok,0.0
27103,4478.4,4478.4,2025-07-13 06:26:18,2025-07-13 06:28:56,GTSTT,GTSTT,ok,0.0
27104,4478.4,4478.4,2025-07-13 06:28:56,2025-07-13 06:29:42,GTSTT,GTIGN,ok,0.0
27105,4478.4,4478.4,2025-07-13 06:29:42,2025-07-13 06:29:42,GTIGN,GTSTT,ok,0.0
27106,4478.4,4478.4,2025-07-13 06:29:42,2025-07-13 06:29:43,GTSTT,GTIGL,ok,0.0
27107,4478.4,4478.4,2025-07-13 06:29:43,2025-07-13 06:29:47,GTIGL,GTERI,ok,0.0
27108,4478.4,4478.4,2025-07-13 06:29:47,2025-07-13 06:29:47,GTERI,GTIGF,ok,0.0
27109,4478.4,4478.4,2025-07-13 06:29:47,2025-07-13 06:29:47,GTIGF,GTSTT,ok,0.0
27110,4478.4,4478.4,2025-07-13 06:29:47,2025-07-13 06:29:48,GTSTT,GTIGN,ok,0.0
27111,4478.4,4478.4,2025-07-13 06:29:48,2025-07-13 06:29:48,GTIGN,GTSTT,ok,0.0
27112,4478.4,4478.4,2025-07-13 06:29:48,2025-07-13 06:29:48,GTSTT,GTIGL,ok,0.0
27113,4478.4,4478.4,2025-07-13 06:29:48,2025-07-13 06:29:48,GTIGL,GTIGL,ok,0.0
27114,4478.4,4478.4,2025-07-13 06:29:48,2025-07-13 06:29:52,GTIGL,GTERI,ok,0.0
27115,4478.4,4478.5,2025-07-13 06:29:52,2025-07-13 06:30:46,GTERI,GTERI,ok,0.1000000000003638
27117,4478.5,4478.5,2025-07-13 06:30:46,2025-07-13 06:30:48,GTERI,GTERI,ok,0.0
27118,4478.5,4478.5,2025-07-13 06:30:48,2025-07-13 06:30:57,GTERI,GTERI,ok,0.0
27119,4478.5,4478.5,2025-07-13 06:30:57,2025-07-13 06:31:02,GTERI,GTERI,ok,0.0
27120,4478.5,4478.5,2025-07-13 06:31:02,2025-07-13 06:31:05,GTERI,GTERI,ok,0.0
27121,4478.5,4478.7,2025-07-13 06:31:05,2025-07-13 06:31:34,GTERI,GTERI,ok,0.1999999999998181
27122,4478.7,4478.7,2025-07-13 06:31:34,2025-07-13 06:31:38,GTERI,GTERI,ok,0.0
27124,4478.7,4479.6,2025-07-13 06:31:38,2025-07-13 06:32:53,GTERI,GTERI,ok,0.9000000000005457
27126,4479.6,4481.4,2025-07-13 06:32:53,2025-07-13 06:35:53,GTERI,GTERI,ok,1.7999999999992724
27127,4481.4,4481.9,2025-07-13 06:35:53,2025-07-13 06:36:32,GTERI,GTERI,ok,0.5
27129,4481.9,4482.5,2025-07-13 06:36:32,2025-07-13 06:37:33,GTERI,GTERI,ok,0.6000000000003638
27130,4482.5,4482.5,2025-07-13 06:37:33,2025-07-13 06:37:49,GTERI,GTERI,ok,0.0
27131,4482.5,4483.0,2025-07-13 06:37:49,2025-07-13 06:38:46,GTERI,GTERI,ok,0.5
27133,4483.0,4483.1,2025-07-13 06:38:46,2025-07-13 06:38:53,GTERI,GTERI,ok,0.1000000000003638
27134,4483.1,4483.1,2025-07-13 06:38:53,2025-07-13 06:39:26,GTERI,GTERI,ok,0.0
27135,4483.1,4483.2,2025-07-13 06:39:26,2025-07-13 06:39:33,GTERI,GTERI,ok,0.0999999999994543
27136,4483.2,4483.5,2025-07-13 06:39:33,2025-07-13 06:39:55,GTERI,GTERI,ok,0.3000000000001819
27138,4483.5,4484.3,2025-07-13 06:39:55,2025-07-13 06:41:01,GTERI,GTERI,ok,0.8000000000001819
27139,4484.3,4484.3,2025-07-13 06:41:01,2025-07-13 06:41:06,GTERI,GTERI,ok,0.0
27140,4484.3,4484.4,2025-07-13 06:41:06,2025-07-13 06:41:10,GTERI,GTERI,ok,0.0999999999994543
27141,4484.4,4484.4,2025-07-13 06:41:10,2025-07-13 06:41:15,GTERI,GTERI,ok,0.0
27142,4484.4,4484.7,2025-07-13 06:41:15,2025-07-13 06:41:45,GTERI,GTERI,ok,0.3000000000001819
27143,4484.7,4484.8,2025-07-13 06:41:45,2025-07-13 06:41:53,GTERI,GTERI,ok,0.1000000000003638
27144,4484.8,4485.3,2025-07-13 06:41:53,2025-07-13 06:42:41,GTERI,GTERI,ok,0.5
27146,4485.3,4485.5,2025-07-13 06:42:41,2025-07-13 06:43:28,GTERI,GTERI,ok,0.1999999999998181
27147,4485.5,4485.7,2025-07-13 06:43:28,2025-07-13 06:44:26,GTERI,GTERI,ok,0.1999999999998181
27148,4485.7,4485.7,2025-07-13 06:44:26,2025-07-13 06:44:27,GTERI,GTERI,ok,0.0
27150,4485.7,4485.7,2025-07-13 06:44:27,2025-07-13 06:44:53,GTERI,GTERI,ok,0.0
27151,4485.7,4485.8,2025-07-13 06:44:53,2025-07-13 06:45:11,GTERI,GTERI,ok,0.1000000000003638
27152,4485.8,4485.8,2025-07-13 06:45:11,2025-07-13 06:45:13,GTERI,GTERI,ok,0.0
27153,4485.8,4486.2,2025-07-13 06:45:13,2025-07-13 06:46:05,GTERI,GTERI,ok,0.3999999999996362
27155,4486.2,4487.1,2025-07-13 06:46:05,2025-07-13 06:47:53,GTERI,GTERI,ok,0.9000000000005457
27157,4487.1,4487.6,2025-07-13 06:47:53,2025-07-13 06:48:56,GTERI,GTERI,ok,0.5
27158,4487.6,4487.6,2025-07-13 06:48:56,2025-07-13 06:48:58,GTERI,GTERI,ok,0.0
27160,4487.6,4488.2,2025-07-13 06:48:58,2025-07-13 06:50:53,GTERI,GTERI,ok,0.5999999999994543
27161,4488.2,4488.2,2025-07-13 06:50:53,2025-07-13 06:51:18,GTERI,GTERI,ok,0.0
27162,4488.2,4488.3,2025-07-13 06:51:18,2025-07-13 06:51:38,GTERI,GTERI,ok,0.1000000000003638
27163,4488.3,4488.5,2025-07-13 06:51:38,2025-07-13 06:52:25,GTERI,GTERI,ok,0.1999999999998181
27164,4488.5,4488.6,2025-07-13 06:52:25,2025-07-13 06:52:43,GTERI,GTERI,ok,0.1000000000003638
27165,4488.6,4488.6,2025-07-13 06:52:43,2025-07-13 06:52:45,GTERI,GTERI,ok,0.0
27167,4488.6,4488.6,2025-07-13 06:52:45,2025-07-13 06:53:30,GTERI,GTERI,ok,0.0
27168,4488.6,4488.6,2025-07-13 06:53:30,2025-07-13 06:53:32,GTERI,GTERI,ok,0.0
27169,4488.6,4488.8,2025-07-13 06:53:32,2025-07-13 06:53:53,GTERI,GTERI,ok,0.1999999999998181
27170,4488.8,4488.9,2025-07-13 06:53:53,2025-07-13 06:54:34,GTERI,GTERI,ok,0.0999999999994543
27171,4488.9,4488.9,2025-07-13 06:54:34,2025-07-13 06:54:36,GTERI,GTERI,ok,0.0
27173,4488.9,4489.0,2025-07-13 06:54:36,2025-07-13 06:54:50,GTERI,GTERI,ok,0.1000000000003638
27174,4489.0,4489.0,2025-07-13 06:54:50,2025-07-13 06:54:52,GTERI,GTERI,ok,0.0
27175,4489.0,4489.1,2025-07-13 06:54:52,2025-07-13 06:55:08,GTERI,GTERI,ok,0.1000000000003638
27176,4489.1,4489.1,2025-07-13 06:55:08,2025-07-13 06:55:11,GTERI,GTERI,ok,0.0
27177,4489.1,4489.1,2025-07-13 06:55:11,2025-07-13 06:55:13,GTERI,GTERI,ok,0.0
27178,4489.1,4489.1,2025-07-13 06:55:13,2025-07-13 06:55:47,GTERI,GTIGF,ok,0.0
27179,4489.1,4489.1,2025-07-13 06:55:47,2025-07-13 06:55:47,GTIGF,GTSTT,ok,0.0
27180,4489.1,4489.1,2025-07-13 06:55:47,2025-07-13 06:55:47,GTSTT,GTERI,ok,0.0
27181,4489.1,4489.1,2025-07-13 06:55:47,2025-07-13 06:55:48,GTERI,GTIGL,ok,0.0
27183,4489.1,4489.1,2025-07-13 06:55:48,2025-07-13 06:57:14,GTIGL,GTSTT,ok,0.0
27186,4489.1,4489.1,2025-07-13 06:57:14,2025-07-13 07:01:20,GTSTT,GTIGN,ok,0.0
27187,4489.1,4489.1,2025-07-13 07:01:20,2025-07-13 07:01:20,GTIGN,GTSTT,ok,0.0
27188,4489.1,4489.1,2025-07-13 07:01:20,2025-07-13 07:01:30,GTSTT,GTERI,ok,0.0
27189,4489.1,4489.1,2025-07-13 07:01:30,2025-07-13 07:01:30,GTERI,GTIGL,ok,0.0
27190,4489.1,4489.1,2025-07-13 07:01:30,2025-07-13 07:01:36,GTIGL,GTIGF,ok,0.0
27191,4489.1,4489.1,2025-07-13 07:01:36,2025-07-13 07:01:36,GTIGF,GTSTT,ok,0.0
27192,4489.1,4489.1,2025-07-13 07:01:36,2025-07-13 07:01:36,GTSTT,GTERI,ok,0.0
27193,4489.1,4489.1,2025-07-13 07:01:36,2025-07-13 07:01:36,GTERI,GTIGL,ok,0.0
27194,4489.1,4489.1,2025-07-13 07:01:36,2025-07-13 07:01:48,GTIGL,GTIGN,ok,0.0
27195,4489.1,4489.1,2025-07-13 07:01:48,2025-07-13 07:01:48,GTIGN,GTSTT,ok,0.0
27196,4489.1,4489.1,2025-07-13 07:01:48,2025-07-13 07:01:48,GTSTT,GTIGL,ok,0.0
27197,4489.1,4489.1,2025-07-13 07:01:48,2025-07-13 07:01:50,GTIGL,GTIGF,ok,0.0
27198,4489.1,4489.1,2025-07-13 07:01:50,2025-07-13 07:01:50,GTIGF,GTSTT,ok,0.0
27199,4489.1,4489.1,2025-07-13 07:01:50,2025-07-13 07:01:50,GTSTT,GTIGL,ok,0.0
27200,4489.1,4489.1,2025-07-13 07:01:50,2025-07-13 07:01:51,GTIGL,GTIGN,ok,0.0
27201,4489.1,4489.1,2025-07-13 07:01:51,2025-07-13 07:01:51,GTIGN,GTSTT,ok,0.0
27202,4489.1,4489.1,2025-07-13 07:01:51,2025-07-13 07:01:52,GTSTT,GTIGL,ok,0.0
27203,4489.1,4489.1,2025-07-13 07:01:52,2025-07-13 07:01:56,GTIGL,GTERI,ok,0.0
27204,4489.1,4489.1,2025-07-13 07:01:56,2025-07-13 07:02:03,GTERI,GTIGF,ok,0.0
27205,4489.1,4489.1,2025-07-13 07:02:03,2025-07-13 07:02:03,GTIGF,GTSTT,ok,0.0
27206,4489.1,4489.1,2025-07-13 07:02:03,2025-07-13 07:02:03,GTSTT,GTERI,ok,0.0
27207,4489.1,4489.1,2025-07-13 07:02:03,2025-07-13 07:02:03,GTERI,GTIGL,ok,0.0
27208,4489.1,4489.1,2025-07-13 07:02:03,2025-07-13 07:02:39,GTIGL,GTSTT,ok,0.0
27210,4489.1,4489.1,2025-07-13 07:02:39,2025-07-13 07:02:58,GTSTT,GTIGN,ok,0.0
27211,4489.1,4489.1,2025-07-13 07:02:58,2025-07-13 07:02:58,GTIGN,GTSTT,ok,0.0
27212,4489.1,4489.1,2025-07-13 07:02:58,2025-07-13 07:02:58,GTSTT,GTIGL,ok,0.0
27213,4489.1,4489.1,2025-07-13 07:02:58,2025-07-13 07:03:03,GTIGL,GTERI,ok,0.0
27214,4489.1,4489.1,2025-07-13 07:03:03,2025-07-13 07:03:04,GTERI,GTIGF,ok,0.0
27215,4489.1,4489.1,2025-07-13 07:03:04,2025-07-13 07:03:04,GTIGF,GTSTT,ok,0.0
27216,4489.1,4489.1,2025-07-13 07:03:04,2025-07-13 07:03:05,GTSTT,GTERI,ok,0.0
27217,4489.1,4489.1,2025-07-13 07:03:05,2025-07-13 07:03:05,GTERI,GTIGL,ok,0.0
27218,4489.1,4489.1,2025-07-13 07:03:05,2025-07-13 07:04:07,GTIGL,GTSTT,ok,0.0
27220,4489.1,4489.1,2025-07-13 07:04:07,2025-07-13 07:06:39,GTSTT,GTSTT,ok,0.0
27221,4489.1,4489.1,2025-07-13 07:06:39,2025-07-13 07:06:44,GTSTT,GTSTT,ok,0.0
27224,4489.1,4489.1,2025-07-13 07:06:44,2025-07-13 07:10:36,GTSTT,GTSTT,ok,0.0
27226,4489.1,4489.1,2025-07-13 07:10:36,2025-07-13 07:11:12,GTSTT,GTSTT,ok,0.0
27230,4489.1,4489.1,2025-07-13 07:11:12,2025-07-13 07:18:10,GTSTT,GTSTT,ok,0.0
27232,4489.1,4489.1,2025-07-13 07:18:10,2025-07-13 07:19:05,GTSTT,GTIGN,ok,0.0
27233,4489.1,4489.1,2025-07-13 07:19:05,2025-07-13 07:19:05,GTIGN,GTSTT,ok,0.0
27234,4489.1,4489.1,2025-07-13 07:19:05,2025-07-13 07:19:18,GTSTT,GTIGF,ok,0.0
27235,4489.1,4489.1,2025-07-13 07:19:18,2025-07-13 07:19:18,GTIGF,GTSTT,ok,0.0
27236,4489.1,4489.1,2025-07-13 07:19:18,2025-07-13 07:19:18,GTSTT,GTERI,ok,0.0
27237,4489.1,4489.1,2025-07-13 07:19:18,2025-07-13 07:19:18,GTERI,GTIGL,ok,0.0
27238,4489.1,4489.1,2025-07-13 07:19:18,2025-07-13 07:19:18,GTIGL,GTIGL,ok,0.0
27239,4489.1,4489.1,2025-07-13 07:19:18,2025-07-13 07:20:02,GTIGL,GTSTT,ok,0.0
27242,4489.1,4489.1,2025-07-13 07:20:02,2025-07-13 07:21:10,GTSTT,GTPNR,ok,0.0
27244,4489.1,4489.1,2025-07-13 07:21:10,2025-07-13 07:21:21,GTPNR,GTRTL,ok,0.0
27245,4489.1,4489.1,2025-07-13 07:21:21,2025-07-13 07:21:21,GTRTL,GTERI,ok,0.0
27275,4489.1,4489.1,2025-07-13 07:21:21,2025-07-13 08:21:08,GTERI,GTERI,ok,0.0
27306,4489.1,4489.1,2025-07-13 08:21:08,2025-07-13 09:21:08,GTERI,GTERI,ok,0.0
27337,4489.1,4489.1,2025-07-13 09:21:08,2025-07-13 10:21:08,GTERI,GTERI,ok,0.0
27368,4489.1,4489.1,2025-07-13 10:21:08,2025-07-13 11:21:08,GTERI,GTERI,ok,0.0
27399,4489.1,4489.1,2025-07-13 11:21:08,2025-07-13 12:21:08,GTERI,GTERI,ok,0.0
27430,4489.1,4489.1,2025-07-13 12:21:08,2025-07-13 13:21:08,GTERI,GTERI,ok,0.0
27432,4489.1,4489.1,2025-07-13 13:21:08,2025-07-13 13:23:18,GTERI,GTSTT,ok,0.0
27435,4489.1,4489.1,2025-07-13 13:23:18,2025-07-13 13:26:04,GTSTT,GTIGN,ok,0.0
27436,4489.1,4489.1,2025-07-13 13:26:04,2025-07-13 13:26:04,GTIGN,GTSTT,ok,0.0
27437,4489.1,4489.1,2025-07-13 13:26:04,2025-07-13 13:26:05,GTSTT,GTIGF,ok,0.0
27438,4489.1,4489.1,2025-07-13 13:26:05,2025-07-13 13:26:05,GTIGF,GTSTT,ok,0.0
27439,4489.1,4489.1,2025-07-13 13:26:05,2025-07-13 13:26:06,GTSTT,GTIGN,ok,0.0
27440,4489.1,4489.1,2025-07-13 13:26:06,2025-07-13 13:26:06,GTIGN,GTSTT,ok,0.0
27441,4489.1,4489.1,2025-07-13 13:26:06,2025-07-13 13:26:32,GTSTT,GTERI,ok,0.0
27442,4489.1,4489.1,2025-07-13 13:26:32,2025-07-13 13:26:32,GTERI,GTIGL,ok,0.0
27443,4489.1,4489.1,2025-07-13 13:26:32,2025-07-13 13:26:32,GTIGL,GTIGL,ok,0.0
27444,4489.1,4489.1,2025-07-13 13:26:32,2025-07-13 13:26:32,GTIGL,GTIGL,ok,0.0
27446,4489.1,4489.5,2025-07-13 13:26:32,2025-07-13 13:28:11,GTIGL,GTERI,ok,0.3999999999996362
27447,4489.5,4489.5,2025-07-13 13:28:11,2025-07-13 13:28:13,GTERI,GTERI,ok,0.0
27448,4489.5,4489.6,2025-07-13 13:28:13,2025-07-13 13:28:18,GTERI,GTERI,ok,0.1000000000003638
27449,4489.6,4490.0,2025-07-13 13:28:18,2025-07-13 13:29:14,GTERI,GTERI,ok,0.3999999999996362
27450,4490.0,4490.0,2025-07-13 13:29:14,2025-07-13 13:29:14,GTERI,GTERI,ok,0.0
27451,4490.0,4490.1,2025-07-13 13:29:14,2025-07-13 13:29:26,GTERI,GTERI,ok,0.1000000000003638
27454,4490.1,4491.1,2025-07-13 13:29:26,2025-07-13 13:31:33,GTERI,GTERI,ok,1.0
27455,4491.1,4491.3,2025-07-13 13:31:33,2025-07-13 13:32:14,GTERI,GTERI,ok,0.1999999999998181
27456,4491.3,4491.7,2025-07-13 13:32:14,2025-07-13 13:33:16,GTERI,GTERI,ok,0.3999999999996362
27457,4491.7,4491.7,2025-07-13 13:33:16,2025-07-13 13:33:18,GTERI,GTERI,ok,0.0
27459,4491.7,4492.3,2025-07-13 13:33:18,2025-07-13 13:33:55,GTERI,GTERI,ok,0.6000000000003638
27460,4492.3,4493.7,2025-07-13 13:33:55,2025-07-13 13:35:14,GTERI,GTERI,ok,1.3999999999996362
27461,4493.7,4493.7,2025-07-13 13:35:14,2025-07-13 13:35:21,GTERI,GTERI,ok,0.0
27462,4493.7,4493.7,2025-07-13 13:35:21,2025-07-13 13:35:23,GTERI,GTERI,ok,0.0
27463,4493.7,4493.8,2025-07-13 13:35:23,2025-07-13 13:35:29,GTERI,GTERI,ok,0.1000000000003638
27464,4493.8,4493.8,2025-07-13 13:35:29,2025-07-13 13:35:31,GTERI,GTERI,ok,0.0
27466,4493.8,4494.0,2025-07-13 13:35:31,2025-07-13 13:35:47,GTERI,GTERI,ok,0.1999999999998181
27467,4494.0,4494.0,2025-07-13 13:35:47,2025-07-13 13:35:50,GTERI,GTERI,ok,0.0
27468,4494.0,4494.2,2025-07-13 13:35:50,2025-07-13 13:36:06,GTERI,GTERI,ok,0.1999999999998181
27469,4494.2,4494.4,2025-07-13 13:36:06,2025-07-13 13:36:34,GTERI,GTERI,ok,0.1999999999998181
27470,4494.4,4495.0,2025-07-13 13:36:34,2025-07-13 13:37:31,GTERI,GTERI,ok,0.6000000000003638
27472,4495.0,4495.1,2025-07-13 13:37:31,2025-07-13 13:37:46,GTERI,GTERI,ok,0.1000000000003638
27473,4495.1,4495.3,2025-07-13 13:37:46,2025-07-13 13:38:10,GTERI,GTERI,ok,0.1999999999998181
27474,4495.3,4495.3,2025-07-13 13:38:10,2025-07-13 13:38:14,GTERI,GTERI,ok,0.0
27475,4495.3,4495.5,2025-07-13 13:38:14,2025-07-13 13:38:34,GTERI,GTERI,ok,0.1999999999998181
27476,4495.5,4495.5,2025-07-13 13:38:34,2025-07-13 13:38:41,GTERI,GTERI,ok,0.0
27477,4495.5,4495.5,2025-07-13 13:38:41,2025-07-13 13:38:43,GTERI,GTERI,ok,0.0
27478,4495.5,4495.5,2025-07-13 13:38:43,2025-07-13 13:38:45,GTERI,GTERI,ok,0.0
27479,4495.5,4495.5,2025-07-13 13:38:45,2025-07-13 13:38:47,GTERI,GTERI,ok,0.0
27480,4495.5,4495.6,2025-07-13 13:38:47,2025-07-13 13:38:53,GTERI,GTERI,ok,0.1000000000003638
27482,4495.6,4495.8,2025-07-13 13:38:53,2025-07-13 13:39:46,GTERI,GTERI,ok,0.1999999999998181
27483,4495.8,4495.9,2025-07-13 13:39:46,2025-07-13 13:39:51,GTERI,GTERI,ok,0.0999999999994543
27484,4495.9,4495.9,2025-07-13 13:39:51,2025-07-13 13:39:54,GTERI,GTERI,ok,0.0
27485,4495.9,4495.9,2025-07-13 13:39:54,2025-07-13 13:39:56,GTERI,GTERI,ok,0.0
27486,4495.9,4495.9,2025-07-13 13:39:56,2025-07-13 13:39:58,GTERI,GTERI,ok,0.0
27487,4495.9,4496.3,2025-07-13 13:39:58,2025-07-13 13:41:14,GTERI,GTERI,ok,0.4000000000005457
27489,4496.3,4496.9,2025-07-13 13:41:14,2025-07-13 13:41:43,GTERI,GTERI,ok,0.5999999999994543
27490,4496.9,4496.9,2025-07-13 13:41:43,2025-07-13 13:41:48,GTERI,GTERI,ok,0.0
27491,4496.9,4496.9,2025-07-13 13:41:48,2025-07-13 13:41:50,GTERI,GTERI,ok,0.0
27492,4496.9,4497.0,2025-07-13 13:41:50,2025-07-13 13:41:57,GTERI,GTERI,ok,0.1000000000003638
27493,4497.0,4497.0,2025-07-13 13:41:57,2025-07-13 13:42:04,GTERI,GTERI,ok,0.0
27494,4497.0,4497.2,2025-07-13 13:42:04,2025-07-13 13:42:20,GTERI,GTERI,ok,0.1999999999998181
27495,4497.2,4497.2,2025-07-13 13:42:20,2025-07-13 13:42:22,GTERI,GTERI,ok,0.0
27496,4497.2,4497.2,2025-07-13 13:42:22,2025-07-13 13:42:25,GTERI,GTERI,ok,0.0
27497,4497.2,4497.2,2025-07-13 13:42:25,2025-07-13 13:42:34,GTERI,GTERI,ok,0.0
27498,4497.2,4497.3,2025-07-13 13:42:34,2025-07-13 13:42:41,GTERI,GTERI,ok,0.1000000000003638
27500,4497.3,4497.8,2025-07-13 13:42:41,2025-07-13 13:43:37,GTERI,GTERI,ok,0.5
27501,4497.8,4497.8,2025-07-13 13:43:37,2025-07-13 13:43:39,GTERI,GTERI,ok,0.0
27502,4497.8,4497.8,2025-07-13 13:43:39,2025-07-13 13:43:41,GTERI,GTERI,ok,0.0
27503,4497.8,4497.9,2025-07-13 13:43:41,2025-07-13 13:43:48,GTERI,GTERI,ok,0.0999999999994543
27504,4497.9,4497.9,2025-07-13 13:43:48,2025-07-13 13:43:52,GTERI,GTERI,ok,0.0
27505,4497.9,4497.9,2025-07-13 13:43:52,2025-07-13 13:44:02,GTERI,GTERI,ok,0.0
27506,4497.9,4498.0,2025-07-13 13:44:02,2025-07-13 13:44:14,GTERI,GTERI,ok,0.1000000000003638
27507,4498.0,4498.2,2025-07-13 13:44:14,2025-07-13 13:44:31,GTERI,GTERI,ok,0.1999999999998181
27508,4498.2,4498.8,2025-07-13 13:44:31,2025-07-13 13:45:07,GTERI,GTERI,ok,0.6000000000003638
27510,4498.8,4500.0,2025-07-13 13:45:07,2025-07-13 13:46:10,GTERI,GTERI,ok,1.199999999999818
27511,4500.0,4501.1,2025-07-13 13:46:10,2025-07-13 13:47:14,GTERI,GTERI,ok,1.1000000000003638
27512,4501.1,4501.3,2025-07-13 13:47:14,2025-07-13 13:47:28,GTERI,GTERI,ok,0.1999999999998181
27514,4501.3,4501.6,2025-07-13 13:47:28,2025-07-13 13:47:47,GTERI,GTERI,ok,0.3000000000001819
27515,4501.6,4501.8,2025-07-13 13:47:47,2025-07-13 13:48:03,GTERI,GTERI,ok,0.1999999999998181
27516,4501.8,4502.0,2025-07-13 13:48:03,2025-07-13 13:48:15,GTERI,GTERI,ok,0.1999999999998181
27517,4502.0,4502.6,2025-07-13 13:48:15,2025-07-13 13:49:01,GTERI,GTERI,ok,0.6000000000003638
27518,4502.6,4502.9,2025-07-13 13:49:01,2025-07-13 13:49:24,GTERI,GTERI,ok,0.2999999999992724
27520,4502.9,4503.0,2025-07-13 13:49:24,2025-07-13 13:50:14,GTERI,GTERI,ok,0.1000000000003638
27522,4503.0,4504.5,2025-07-13 13:50:14,2025-07-13 13:52:06,GTERI,GTERI,ok,1.5
27523,4504.5,4504.6,2025-07-13 13:52:06,2025-07-13 13:52:35,GTERI,GTERI,ok,0.1000000000003638
27524,4504.6,4504.6,2025-07-13 13:52:35,2025-07-13 13:52:37,GTERI,GTERI,ok,0.0
27525,4504.6,4504.6,2025-07-13 13:52:37,2025-07-13 13:52:43,GTERI,GTERI,ok,0.0
27526,4504.6,4504.7,2025-07-13 13:52:43,2025-07-13 13:53:02,GTERI,GTERI,ok,0.0999999999994543
27527,4504.7,4504.7,2025-07-13 13:53:02,2025-07-13 13:53:05,GTERI,GTERI,ok,0.0
27528,4504.7,4504.8,2025-07-13 13:53:05,2025-07-13 13:53:14,GTERI,GTERI,ok,0.1000000000003638
27529,4504.8,4504.8,2025-07-13 13:53:14,2025-07-13 13:53:15,GTERI,GTERI,ok,0.0
27530,4504.8,4504.9,2025-07-13 13:53:15,2025-07-13 13:53:30,GTERI,GTERI,ok,0.0999999999994543
27532,4504.9,4504.9,2025-07-13 13:53:30,2025-07-13 13:53:37,GTERI,GTERI,ok,0.0
27533,4504.9,4504.9,2025-07-13 13:53:37,2025-07-13 13:54:30,GTERI,GTIGF,ok,0.0
27534,4504.9,4504.9,2025-07-13 13:54:30,2025-07-13 13:54:30,GTIGF,GTSTT,ok,0.0
27535,4504.9,4504.9,2025-07-13 13:54:30,2025-07-13 13:54:30,GTSTT,GTERI,ok,0.0
27536,4504.9,4504.9,2025-07-13 13:54:30,2025-07-13 13:54:30,GTERI,GTIGL,ok,0.0
27537,4504.9,4504.9,2025-07-13 13:54:30,2025-07-13 13:55:26,GTIGL,GTSTT,ok,0.0
27539,4504.9,4504.9,2025-07-13 13:55:26,2025-07-13 13:57:10,GTSTT,GTSTT,ok,0.0
27540,4504.9,4504.9,2025-07-13 13:57:10,2025-07-13 13:57:24,GTSTT,GTSTT,ok,0.0
27543,4504.9,4504.9,2025-07-13 13:57:24,2025-07-13 14:00:12,GTSTT,GTSTT,ok,0.0
27544,4504.9,4504.9,2025-07-13 14:00:12,2025-07-13 14:00:44,GTSTT,GTSTT,ok,0.0
27573,4504.9,4504.9,2025-07-13 14:00:44,2025-07-13 14:54:25,GTSTT,GTERI,ok,0.0
27604,4504.9,4504.9,2025-07-13 14:54:25,2025-07-13 15:54:25,GTERI,GTERI,ok,0.0
27635,4504.9,4504.9,2025-07-13 15:54:25,2025-07-13 16:54:25,GTERI,GTERI,ok,0.0
27666,4504.9,4504.9,2025-07-13 16:54:25,2025-07-13 17:54:25,GTERI,GTERI,ok,0.0
27697,4504.9,4504.9,2025-07-13 17:54:25,2025-07-13 18:54:25,GTERI,GTERI,ok,0.0
27728,4504.9,4504.9,2025-07-13 18:54:25,2025-07-13 19:54:25,GTERI,GTERI,ok,0.0
27759,4504.9,4504.9,2025-07-13 19:54:25,2025-07-13 20:54:25,GTERI,GTERI,ok,0.0
27790,4504.9,4504.9,2025-07-13 20:54:25,2025-07-13 21:54:25,GTERI,GTERI,ok,0.0
27821,4504.9,4504.9,2025-07-13 21:54:25,2025-07-13 22:54:25,GTERI,GTERI,ok,0.0
27852,4504.9,4504.9,2025-07-13 22:54:25,2025-07-13 23:54:25,GTERI,GTERI,ok,0.0
27883,4504.9,4504.9,2025-07-13 23:54:25,2025-07-14 00:54:25,GTERI,GTERI,ok,0.0
27914,4504.9,4504.9,2025-07-14 00:54:25,2025-07-14 01:54:25,GTERI,GTERI,ok,0.0
27945,4504.9,4504.9,2025-07-14 01:54:25,2025-07-14 02:54:25,GTERI,GTERI,ok,0.0
27976,4504.9,4504.9,2025-07-14 02:54:25,2025-07-14 03:54:25,GTERI,GTERI,ok,0.0
28007,4504.9,4504.9,2025-07-14 03:54:25,2025-07-14 04:54:25,GTERI,GTERI,ok,0.0
28038,4504.9,4504.9,2025-07-14 04:54:25,2025-07-14 05:54:25,GTERI,GTERI,ok,0.0
28068,4504.9,4504.9,2025-07-14 05:54:25,2025-07-14 06:54:25,GTERI,GTERI,ok,0.0
28099,4504.9,4504.9,2025-07-14 06:54:25,2025-07-14 07:54:25,GTERI,GTERI,ok,0.0
28130,4504.9,4504.9,2025-07-14 07:54:25,2025-07-14 08:54:25,GTERI,GTERI,ok,0.0
28161,4504.9,4504.9,2025-07-14 08:54:25,2025-07-14 09:54:25,GTERI,GTERI,ok,0.0
28193,4504.9,4504.9,2025-07-14 09:54:25,2025-07-14 10:54:25,GTERI,GTERI,ok,0.0
28224,4504.9,4504.9,2025-07-14 10:54:25,2025-07-14 11:54:25,GTERI,GTERI,ok,0.0
28255,4504.9,4504.9,2025-07-14 11:54:25,2025-07-14 12:54:25,GTERI,GTERI,ok,0.0
28286,4504.9,4504.9,2025-07-14 12:54:25,2025-07-14 13:54:25,GTERI,GTERI,ok,0.0
28317,4504.9,4504.9,2025-07-14 13:54:25,2025-07-14 14:54:25,GTERI,GTERI,ok,0.0
28349,4504.9,4504.9,2025-07-14 14:54:25,2025-07-14 15:54:25,GTERI,GTERI,ok,0.0
28380,4504.9,4504.9,2025-07-14 15:54:25,2025-07-14 16:54:25,GTERI,GTERI,ok,0.0
28411,4504.9,4504.9,2025-07-14 16:54:25,2025-07-14 17:54:25,GTERI,GTERI,ok,0.0
28442,4504.9,4504.9,2025-07-14 17:54:25,2025-07-14 18:54:25,GTERI,GTERI,ok,0.0
28468,4504.9,4504.9,2025-07-14 18:54:25,2025-07-14 19:54:25,GTERI,GTERI,ok,0.0
28481,4504.9,4504.9,2025-07-14 19:54:25,2025-07-14 20:26:53,GTERI,GTPDP,ok,0.0
28496,4504.9,4504.9,2025-07-14 20:26:53,2025-07-14 20:54:25,GTPDP,GTERI,ok,0.0
28526,4504.9,4504.9,2025-07-14 20:54:25,2025-07-14 21:54:25,GTERI,GTERI,ok,0.0
28556,4504.9,4504.9,2025-07-14 21:54:25,2025-07-14 22:54:25,GTERI,GTERI,ok,0.0
28587,4504.9,4504.9,2025-07-14 22:54:25,2025-07-14 23:54:25,GTERI,GTERI,ok,0.0
28618,4504.9,4504.9,2025-07-14 23:54:25,2025-07-15 00:54:25,GTERI,GTERI,ok,0.0
28649,4504.9,4504.9,2025-07-15 00:54:25,2025-07-15 01:54:25,GTERI,GTERI,ok,0.0
28680,4504.9,4504.9,2025-07-15 01:54:25,2025-07-15 02:54:25,GTERI,GTERI,ok,0.0
28711,4504.9,4504.9,2025-07-15 02:54:25,2025-07-15 03:54:25,GTERI,GTERI,ok,0.0
28742,4504.9,4504.9,2025-07-15 03:54:25,2025-07-15 04:54:25,GTERI,GTERI,ok,0.0
28771,4504.9,4504.9,2025-07-15 04:54:25,2025-07-15 05:54:25,GTERI,GTERI,ok,0.0
28802,4504.9,4504.9,2025-07-15 05:54:25,2025-07-15 06:54:25,GTERI,GTERI,ok,0.0
28833,4504.9,4504.9,2025-07-15 06:54:25,2025-07-15 07:54:25,GTERI,GTERI,ok,0.0
28864,4504.9,4504.9,2025-07-15 07:54:25,2025-07-15 08:54:25,GTERI,GTERI,ok,0.0
28872,4504.9,4504.9,2025-07-15 08:54:25,2025-07-15 09:08:31,GTERI,GTIGN,ok,0.0
28873,4504.9,4504.9,2025-07-15 09:08:31,2025-07-15 09:08:31,GTIGN,GTSTT,ok,0.0
28874,4504.9,4504.9,2025-07-15 09:08:31,2025-07-15 09:08:32,GTSTT,GTIGF,ok,0.0
28875,4504.9,4504.9,2025-07-15 09:08:32,2025-07-15 09:08:32,GTIGF,GTSTT,ok,0.0
28876,4504.9,4504.9,2025-07-15 09:08:32,2025-07-15 09:08:34,GTSTT,GTIGN,ok,0.0
28877,4504.9,4504.9,2025-07-15 09:08:34,2025-07-15 09:08:34,GTIGN,GTSTT,ok,0.0
28878,4504.9,4504.9,2025-07-15 09:08:34,2025-07-15 09:08:34,GTSTT,GTIGF,ok,0.0
28879,4504.9,4504.9,2025-07-15 09:08:34,2025-07-15 09:08:34,GTIGF,GTSTT,ok,0.0
28880,4504.9,4504.9,2025-07-15 09:08:34,2025-07-15 09:08:36,GTSTT,GTIGN,ok,0.0
28881,4504.9,4504.9,2025-07-15 09:08:36,2025-07-15 09:08:36,GTIGN,GTSTT,ok,0.0
28882,4504.9,4504.9,2025-07-15 09:08:36,2025-07-15 09:08:37,GTSTT,GTIGF,ok,0.0
28883,4504.9,4504.9,2025-07-15 09:08:37,2025-07-15 09:08:37,GTIGF,GTSTT,ok,0.0
28884,4504.9,4504.9,2025-07-15 09:08:37,2025-07-15 09:08:38,GTSTT,GTIGN,ok,0.0
28885,4504.9,4504.9,2025-07-15 09:08:38,2025-07-15 09:08:38,GTIGN,GTSTT,ok,0.0
28886,4504.9,4504.9,2025-07-15 09:08:38,2025-07-15 09:08:38,GTSTT,GTIGF,ok,0.0
28887,4504.9,4504.9,2025-07-15 09:08:38,2025-07-15 09:08:38,GTIGF,GTSTT,ok,0.0
28888,4504.9,4504.9,2025-07-15 09:08:38,2025-07-15 09:08:39,GTSTT,GTIGN,ok,0.0
28889,4504.9,4504.9,2025-07-15 09:08:39,2025-07-15 09:08:39,GTIGN,GTSTT,ok,0.0
28890,4504.9,4504.9,2025-07-15 09:08:39,2025-07-15 09:08:39,GTSTT,GTIGF,ok,0.0
28892,4504.9,4504.9,2025-07-15 09:08:39,2025-07-15 09:08:39,GTIGF,GTSTT,ok,0.0
28893,4504.9,4504.9,2025-07-15 09:08:39,2025-07-15 09:08:40,GTSTT,GTIGN,ok,0.0
28894,4504.9,4504.9,2025-07-15 09:08:40,2025-07-15 09:08:40,GTIGN,GTSTT,ok,0.0
28895,4504.9,4504.9,2025-07-15 09:08:40,2025-07-15 09:09:24,GTSTT,GTERI,ok,0.0
28896,4504.9,4504.9,2025-07-15 09:09:24,2025-07-15 09:09:24,GTERI,GTIGL,ok,0.0
28897,4504.9,4504.9,2025-07-15 09:09:24,2025-07-15 09:09:24,GTIGL,GTIGL,ok,0.0
28898,4504.9,4504.9,2025-07-15 09:09:24,2025-07-15 09:09:24,GTIGL,GTIGL,ok,0.0
28899,4504.9,4504.9,2025-07-15 09:09:24,2025-07-15 09:09:24,GTIGL,GTIGL,ok,0.0
28900,4504.9,4504.9,2025-07-15 09:09:24,2025-07-15 09:09:24,GTIGL,GTIGL,ok,0.0
28901,4504.9,4504.9,2025-07-15 09:09:24,2025-07-15 09:09:24,GTIGL,GTIGL,ok,0.0
28902,4504.9,4504.9,2025-07-15 09:09:24,2025-07-15 09:09:24,GTIGL,GTIGL,ok,0.0
28903,4504.9,4504.9,2025-07-15 09:09:24,2025-07-15 09:09:24,GTIGL,GTIGL,ok,0.0
28904,4504.9,4504.9,2025-07-15 09:09:24,2025-07-15 09:09:24,GTIGL,GTIGL,ok,0.0
28905,4504.9,4504.9,2025-07-15 09:09:24,2025-07-15 09:09:24,GTIGL,GTIGL,ok,0.0
28906,4504.9,4504.9,2025-07-15 09:09:24,2025-07-15 09:09:24,GTIGL,GTIGL,ok,0.0
28908,4504.9,4505.0,2025-07-15 09:09:24,2025-07-15 09:11:46,GTIGL,GTERI,ok,0.1000000000003638
28911,4505.0,4505.0,2025-07-15 09:11:46,2025-07-15 09:14:46,GTERI,GTERI,ok,0.0
28912,4505.0,4505.0,2025-07-15 09:14:46,2025-07-15 09:14:54,GTERI,GTERI,ok,0.0
28913,4505.0,4505.0,2025-07-15 09:14:54,2025-07-15 09:16:36,GTERI,GTERI,ok,0.0
28914,4505.0,4505.1,2025-07-15 09:16:36,2025-07-15 09:16:40,GTERI,GTERI,ok,0.1000000000003638
28915,4505.1,4505.1,2025-07-15 09:16:40,2025-07-15 09:16:42,GTERI,GTERI,ok,0.0
28917,4505.1,4505.1,2025-07-15 09:16:42,2025-07-15 09:16:50,GTERI,GTERI,ok,0.0
28918,4505.1,4505.1,2025-07-15 09:16:50,2025-07-15 09:16:53,GTERI,GTERI,ok,0.0
28919,4505.1,4505.1,2025-07-15 09:16:53,2025-07-15 09:16:56,GTERI,GTERI,ok,0.0
28920,4505.1,4505.3,2025-07-15 09:16:56,2025-07-15 09:17:15,GTERI,GTERI,ok,0.1999999999998181
28921,4505.3,4505.5,2025-07-15 09:17:15,2025-07-15 09:17:42,GTERI,GTERI,ok,0.1999999999998181
28922,4505.5,4505.6,2025-07-15 09:17:42,2025-07-15 09:17:46,GTERI,GTERI,ok,0.1000000000003638
28923,4505.6,4505.6,2025-07-15 09:17:46,2025-07-15 09:17:49,GTERI,GTERI,ok,0.0
28924,4505.6,4505.6,2025-07-15 09:17:49,2025-07-15 09:17:51,GTERI,GTERI,ok,0.0
28925,4505.6,4505.6,2025-07-15 09:17:51,2025-07-15 09:17:52,GTERI,GTERI,ok,0.0
28926,4505.6,4505.6,2025-07-15 09:17:52,2025-07-15 09:17:54,GTERI,GTERI,ok,0.0
28928,4505.6,4507.3,2025-07-15 09:17:54,2025-07-15 09:19:51,GTERI,GTERI,ok,1.699999999999818
28929,4507.3,4507.3,2025-07-15 09:19:51,2025-07-15 09:19:54,GTERI,GTERI,ok,0.0
28930,4507.3,4507.4,2025-07-15 09:19:54,2025-07-15 09:19:59,GTERI,GTERI,ok,0.0999999999994543
28931,4507.4,4507.5,2025-07-15 09:19:59,2025-07-15 09:20:05,GTERI,GTERI,ok,0.1000000000003638
28932,4507.5,4507.6,2025-07-15 09:20:05,2025-07-15 09:20:13,GTERI,GTERI,ok,0.1000000000003638
28934,4507.6,4508.5,2025-07-15 09:20:13,2025-07-15 09:20:46,GTERI,GTERI,ok,0.8999999999996362
28935,4508.5,4509.9,2025-07-15 09:20:46,2025-07-15 09:21:38,GTERI,GTERI,ok,1.3999999999996362
28937,4509.9,4513.6,2025-07-15 09:21:38,2025-07-15 09:23:46,GTERI,GTERI,ok,3.7000000000007276
28939,4513.6,4515.0,2025-07-15 09:23:46,2025-07-15 09:24:39,GTERI,GTPDP,ok,1.3999999999996362
28940,4515.0,4515.8,2025-07-15 09:24:39,2025-07-15 09:25:06,GTPDP,GTERI,ok,0.8000000000001819
28941,4515.8,4516.4,2025-07-15 09:25:06,2025-07-15 09:25:29,GTERI,GTERI,ok,0.5999999999994543
28942,4516.4,4517.3,2025-07-15 09:25:29,2025-07-15 09:26:08,GTERI,GTERI,ok,0.9000000000005457
28943,4517.3,4517.3,2025-07-15 09:26:08,2025-07-15 09:26:11,GTERI,GTERI,ok,0.0
28944,4517.3,4517.4,2025-07-15 09:26:11,2025-07-15 09:26:13,GTERI,GTERI,ok,0.0999999999994543
28945,4517.4,4517.4,2025-07-15 09:26:13,2025-07-15 09:26:15,GTERI,GTERI,ok,0.0
28946,4517.4,4517.5,2025-07-15 09:26:15,2025-07-15 09:26:20,GTERI,GTERI,ok,0.1000000000003638
28947,4517.5,4517.5,2025-07-15 09:26:20,2025-07-15 09:26:24,GTERI,GTERI,ok,0.0
28948,4517.5,4517.5,2025-07-15 09:26:24,2025-07-15 09:26:26,GTERI,GTERI,ok,0.0
28949,4517.5,4517.6,2025-07-15 09:26:26,2025-07-15 09:26:29,GTERI,GTERI,ok,0.1000000000003638
28950,4517.6,4517.7,2025-07-15 09:26:29,2025-07-15 09:26:41,GTERI,GTERI,ok,0.0999999999994543
28951,4517.7,4517.9,2025-07-15 09:26:41,2025-07-15 09:26:46,GTERI,GTERI,ok,0.1999999999998181
28954,4517.9,4522.3,2025-07-15 09:26:46,2025-07-15 09:29:46,GTERI,GTERI,ok,4.400000000000546
28956,4522.3,4523.3,2025-07-15 09:29:46,2025-07-15 09:30:32,GTERI,GTPDP,ok,1.0
28959,4523.3,4526.4,2025-07-15 09:30:32,2025-07-15 09:32:46,GTPDP,GTERI,ok,3.0999999999994543
28958,4526.4,4526.4,2025-07-15 09:32:46,2025-07-15 09:32:46,GTERI,GTPDP,ok,0.0
28961,4526.4,4529.9,2025-07-15 09:32:46,2025-07-15 09:35:16,GTPDP,GTPDP,ok,3.5
28962,4529.9,4530.6,2025-07-15 09:35:16,2025-07-15 09:35:47,GTPDP,GTERI,ok,0.7000000000007276
28964,4530.6,4535.4,2025-07-15 09:35:47,2025-07-15 09:38:47,GTERI,GTERI,ok,4.799999999999272
28965,4535.4,4535.9,2025-07-15 09:38:47,2025-07-15 09:39:05,GTERI,GTERI,ok,0.5
28968,4535.9,4540.3,2025-07-15 09:39:05,2025-07-15 09:41:47,GTERI,GTERI,ok,4.400000000000546
28970,4540.3,4544.4,2025-07-15 09:41:47,2025-07-15 09:44:47,GTERI,GTERI,ok,4.099999999999454
28972,4544.4,4546.2,2025-07-15 09:44:47,2025-07-15 09:45:53,GTERI,GTERI,ok,1.800000000000182
28974,4546.2,4548.4,2025-07-15 09:45:53,2025-07-15 09:47:47,GTERI,GTERI,ok,2.199999999999818
28976,4548.4,4549.0,2025-07-15 09:47:47,2025-07-15 09:50:47,GTERI,GTERI,ok,0.6000000000003638
28979,4549.0,4551.7,2025-07-15 09:50:47,2025-07-15 09:53:47,GTERI,GTERI,ok,2.699999999999818
28981,4551.7,4555.3,2025-07-15 09:53:47,2025-07-15 09:56:47,GTERI,GTERI,ok,3.600000000000364
28983,4555.3,4560.5,2025-07-15 09:56:47,2025-07-15 09:59:47,GTERI,GTERI,ok,5.199999999999818
28985,4560.5,4561.7,2025-07-15 09:59:47,2025-07-15 10:00:33,GTERI,GTERI,ok,1.199999999999818
28987,4561.7,4565.1,2025-07-15 10:00:33,2025-07-15 10:02:47,GTERI,GTERI,ok,3.4000000000005457
28990,4565.1,4566.3,2025-07-15 10:02:47,2025-07-15 10:03:53,GTERI,GTERI,ok,1.199999999999818
28991,4566.3,4568.7,2025-07-15 10:03:53,2025-07-15 10:05:15,GTERI,GTERI,ok,2.399999999999636
28992,4568.7,4568.7,2025-07-15 10:05:15,2025-07-15 10:05:15,GTERI,GTERI,ok,0.0
28993,4568.7,4568.7,2025-07-15 10:05:15,2025-07-15 10:05:15,GTERI,GTERI,ok,0.0
28994,4568.7,4569.1,2025-07-15 10:05:15,2025-07-15 10:05:25,GTERI,GTERI,ok,0.4000000000005457
28995,4569.1,4569.8,2025-07-15 10:05:25,2025-07-15 10:05:47,GTERI,GTERI,ok,0.6999999999998181
28998,4569.8,4575.2,2025-07-15 10:05:47,2025-07-15 10:08:47,GTERI,GTERI,ok,5.399999999999636
29000,4575.2,4580.4,2025-07-15 10:08:47,2025-07-15 10:11:47,GTERI,GTERI,ok,5.199999999999818
29002,4580.4,4582.5,2025-07-15 10:11:47,2025-07-15 10:12:53,GTERI,GTERI,ok,2.100000000000364
29003,4582.5,4582.5,2025-07-15 10:12:53,2025-07-15 10:12:53,GTERI,GTERI,ok,0.0
29004,4582.5,4583.8,2025-07-15 10:12:53,2025-07-15 10:13:34,GTERI,GTERI,ok,1.300000000000182
29006,4583.8,4585.0,2025-07-15 10:13:34,2025-07-15 10:14:17,GTERI,GTERI,ok,1.199999999999818
29007,4585.0,4585.2,2025-07-15 10:14:17,2025-07-15 10:14:47,GTERI,GTERI,ok,0.1999999999998181
29009,4585.2,4585.4,2025-07-15 10:14:47,2025-07-15 10:17:47,GTERI,GTERI,ok,0.1999999999998181
29012,4585.4,4585.7,2025-07-15 10:17:47,2025-07-15 10:20:47,GTERI,GTERI,ok,0.3000000000001819
29014,4585.7,4586.0,2025-07-15 10:20:47,2025-07-15 10:23:47,GTERI,GTERI,ok,0.3000000000001819
29017,4586.0,4586.3,2025-07-15 10:23:47,2025-07-15 10:26:47,GTERI,GTERI,ok,0.3000000000001819
29019,4586.3,4586.6,2025-07-15 10:26:47,2025-07-15 10:29:42,GTERI,GTSTT,ok,0.3000000000001819
29020,4586.6,4586.6,2025-07-15 10:29:42,2025-07-15 10:29:43,GTSTT,GTSTT,ok,0.0
29021,4586.6,4586.6,2025-07-15 10:29:43,2025-07-15 10:29:47,GTSTT,GTERI,ok,0.0
29024,4586.6,4587.0,2025-07-15 10:29:47,2025-07-15 10:32:47,GTERI,GTERI,ok,0.3999999999996362
29028,4587.0,4587.3,2025-07-15 10:32:47,2025-07-15 10:33:58,GTERI,GTERI,ok,0.3000000000001819
29027,4587.3,4587.3,2025-07-15 10:33:58,2025-07-15 10:34:22,GTERI,GTPDP,ok,0.0
29029,4587.3,4587.4,2025-07-15 10:34:22,2025-07-15 10:34:30,GTPDP,GTERI,ok,0.0999999999994543
29030,4587.4,4587.6,2025-07-15 10:34:30,2025-07-15 10:35:48,GTERI,GTERI,ok,0.2000000000007276
29032,4587.6,4589.3,2025-07-15 10:35:48,2025-07-15 10:38:48,GTERI,GTERI,ok,1.699999999999818
29034,4589.3,4589.7,2025-07-15 10:38:48,2025-07-15 10:39:21,GTERI,GTERI,ok,0.3999999999996362
29035,4589.7,4589.7,2025-07-15 10:39:21,2025-07-15 10:39:23,GTERI,GTERI,ok,0.0
29037,4589.7,4590.3,2025-07-15 10:39:23,2025-07-15 10:41:48,GTERI,GTERI,ok,0.6000000000003638
29039,4590.3,4590.4,2025-07-15 10:41:48,2025-07-15 10:43:06,GTERI,GTSTT,ok,0.0999999999994543
29040,4590.4,4590.4,2025-07-15 10:43:06,2025-07-15 10:43:32,GTSTT,GTSTT,ok,0.0
29041,4590.4,4590.4,2025-07-15 10:43:32,2025-07-15 10:44:05,GTSTT,GTERI,ok,0.0
29042,4590.4,4590.6,2025-07-15 10:44:05,2025-07-15 10:44:48,GTERI,GTERI,ok,0.2000000000007276
29045,4590.6,4591.8,2025-07-15 10:44:48,2025-07-15 10:47:48,GTERI,GTERI,ok,1.199999999999818
29046,4591.8,4591.8,2025-07-15 10:47:48,2025-07-15 10:47:53,GTERI,GTERI,ok,0.0
29047,4591.8,4592.0,2025-07-15 10:47:53,2025-07-15 10:48:25,GTERI,GTERI,ok,0.1999999999998181
29050,4592.0,4592.3,2025-07-15 10:48:25,2025-07-15 10:49:15,GTERI,GTERI,ok,0.3000000000001819
29051,4592.3,4592.4,2025-07-15 10:49:15,2025-07-15 10:49:36,GTERI,GTERI,ok,0.0999999999994543
29052,4592.4,4592.4,2025-07-15 10:49:36,2025-07-15 10:49:36,GTERI,GTERI,ok,0.0
29053,4592.4,4592.5,2025-07-15 10:49:36,2025-07-15 10:49:39,GTERI,GTERI,ok,0.1000000000003638
29054,4592.5,4592.7,2025-07-15 10:49:39,2025-07-15 10:49:54,GTERI,GTERI,ok,0.1999999999998181
29055,4592.7,4593.4,2025-07-15 10:49:54,2025-07-15 10:50:48,GTERI,GTERI,ok,0.6999999999998181
29056,4593.4,4593.4,2025-07-15 10:50:48,2025-07-15 10:50:48,GTERI,GTERI,ok,0.0
29058,4593.4,4593.4,2025-07-15 10:50:48,2025-07-15 10:50:49,GTERI,GTERI,ok,0.0
29059,4593.4,4593.5,2025-07-15 10:50:49,2025-07-15 10:50:50,GTERI,GTERI,ok,0.1000000000003638
29060,4593.5,4593.5,2025-07-15 10:50:50,2025-07-15 10:50:51,GTERI,GTERI,ok,0.0
29061,4593.5,4593.5,2025-07-15 10:50:51,2025-07-15 10:51:00,GTERI,GTERI,ok,0.0
29062,4593.5,4593.7,2025-07-15 10:51:00,2025-07-15 10:51:19,GTERI,GTERI,ok,0.1999999999998181
29063,4593.7,4593.9,2025-07-15 10:51:19,2025-07-15 10:52:12,GTERI,GTERI,ok,0.1999999999998181
29065,4593.9,4593.9,2025-07-15 10:52:12,2025-07-15 10:53:48,GTERI,GTERI,ok,0.0
29066,4593.9,4594.0,2025-07-15 10:53:48,2025-07-15 10:54:08,GTERI,GTERI,ok,0.1000000000003638
29068,4594.0,4594.0,2025-07-15 10:54:08,2025-07-15 10:55:10,GTERI,GTERI,ok,0.0
29069,4594.0,4594.0,2025-07-15 10:55:10,2025-07-15 10:55:23,GTERI,GTERI,ok,0.0
29070,4594.0,4594.1,2025-07-15 10:55:23,2025-07-15 10:55:34,GTERI,GTERI,ok,0.1000000000003638
29071,4594.1,4594.1,2025-07-15 10:55:34,2025-07-15 10:55:34,GTERI,GTERI,ok,0.0
29072,4594.1,4594.7,2025-07-15 10:55:34,2025-07-15 10:56:28,GTERI,GTERI,ok,0.5999999999994543
29073,4594.7,4595.0,2025-07-15 10:56:28,2025-07-15 10:56:48,GTERI,GTERI,ok,0.3000000000001819
29074,4595.0,4595.1,2025-07-15 10:56:48,2025-07-15 10:56:58,GTERI,GTERI,ok,0.1000000000003638
29075,4595.1,4595.1,2025-07-15 10:56:58,2025-07-15 10:57:01,GTERI,GTERI,ok,0.0
29077,4595.1,4595.2,2025-07-15 10:57:01,2025-07-15 10:57:20,GTERI,GTERI,ok,0.0999999999994543
29078,4595.2,4595.2,2025-07-15 10:57:20,2025-07-15 10:57:22,GTERI,GTERI,ok,0.0
29079,4595.2,4595.3,2025-07-15 10:57:22,2025-07-15 10:57:39,GTERI,GTERI,ok,0.1000000000003638
29080,4595.3,4595.3,2025-07-15 10:57:39,2025-07-15 10:57:43,GTERI,GTERI,ok,0.0
29081,4595.3,4595.3,2025-07-15 10:57:43,2025-07-15 10:57:47,GTERI,GTERI,ok,0.0
29083,4595.3,4595.3,2025-07-15 10:57:47,2025-07-15 10:59:48,GTERI,GTERI,ok,0.0
29084,4595.3,4595.4,2025-07-15 10:59:48,2025-07-15 11:00:02,GTERI,GTERI,ok,0.0999999999994543
29085,4595.4,4595.4,2025-07-15 11:00:02,2025-07-15 11:00:34,GTERI,GTIGF,ok,0.0
29086,4595.4,4595.4,2025-07-15 11:00:34,2025-07-15 11:00:34,GTIGF,GTSTT,ok,0.0
29087,4595.4,4595.4,2025-07-15 11:00:34,2025-07-15 11:00:34,GTSTT,GTERI,ok,0.0
29088,4595.4,4595.4,2025-07-15 11:00:34,2025-07-15 11:00:35,GTERI,GTIGL,ok,0.0
29090,4595.4,4595.4,2025-07-15 11:00:35,2025-07-15 11:01:31,GTIGL,GTSTT,ok,0.0
29120,4595.4,4595.4,2025-07-15 11:01:31,2025-07-15 12:00:29,GTSTT,GTERI,ok,0.0
29131,4595.4,4595.4,2025-07-15 12:00:29,2025-07-15 12:19:54,GTERI,GTSTT,ok,0.0
29132,4595.4,4595.4,2025-07-15 12:19:54,2025-07-15 12:20:11,GTSTT,GTSTT,ok,0.0
29153,4595.4,4595.4,2025-07-15 12:20:11,2025-07-15 13:00:29,GTSTT,GTERI,ok,0.0
29184,4595.4,4595.4,2025-07-15 13:00:29,2025-07-15 14:00:29,GTERI,GTERI,ok,0.0
29192,4595.4,4595.4,2025-07-15 14:00:29,2025-07-15 14:15:04,GTERI,GTIGN,ok,0.0
29193,4595.4,4595.4,2025-07-15 14:15:04,2025-07-15 14:15:04,GTIGN,GTSTT,ok,0.0
29194,4595.4,4595.4,2025-07-15 14:15:04,2025-07-15 14:15:04,GTSTT,GTIGF,ok,0.0
29195,4595.4,4595.4,2025-07-15 14:15:04,2025-07-15 14:15:04,GTIGF,GTSTT,ok,0.0
29196,4595.4,4595.4,2025-07-15 14:15:04,2025-07-15 14:15:05,GTSTT,GTIGN,ok,0.0
29197,4595.4,4595.4,2025-07-15 14:15:05,2025-07-15 14:15:05,GTIGN,GTSTT,ok,0.0
29198,4595.4,4595.4,2025-07-15 14:15:05,2025-07-15 14:15:15,GTSTT,GTERI,ok,0.0
29199,4595.4,4595.4,2025-07-15 14:15:15,2025-07-15 14:15:15,GTERI,GTIGL,ok,0.0
29200,4595.4,4595.4,2025-07-15 14:15:15,2025-07-15 14:15:15,GTIGL,GTIGL,ok,0.0
29201,4595.4,4595.4,2025-07-15 14:15:15,2025-07-15 14:15:15,GTIGL,GTIGL,ok,0.0
29203,4595.4,4595.4,2025-07-15 14:15:15,2025-07-15 14:17:14,GTIGL,GTERI,ok,0.0
29205,4595.4,4595.5,2025-07-15 14:17:14,2025-07-15 14:17:35,GTERI,GTERI,ok,0.1000000000003638
29206,4595.5,4595.5,2025-07-15 14:17:35,2025-07-15 14:17:37,GTERI,GTERI,ok,0.0
29207,4595.5,4595.9,2025-07-15 14:17:37,2025-07-15 14:18:10,GTERI,GTERI,ok,0.3999999999996362
29209,4595.9,4596.2,2025-07-15 14:18:10,2025-07-15 14:21:10,GTERI,GTERI,ok,0.3000000000001819
29212,4596.2,4596.3,2025-07-15 14:21:10,2025-07-15 14:24:10,GTERI,GTERI,ok,0.1000000000003638
29214,4596.3,4596.5,2025-07-15 14:24:10,2025-07-15 14:27:10,GTERI,GTERI,ok,0.1999999999998181
29216,4596.5,4596.5,2025-07-15 14:27:10,2025-07-15 14:27:48,GTERI,GTSTT,ok,0.0
29217,4596.5,4596.5,2025-07-15 14:27:48,2025-07-15 14:27:59,GTSTT,GTSTT,ok,0.0
29219,4596.5,4596.6,2025-07-15 14:27:59,2025-07-15 14:30:10,GTSTT,GTERI,ok,0.1000000000003638
29220,4596.6,4596.7,2025-07-15 14:30:10,2025-07-15 14:30:19,GTERI,GTERI,ok,0.0999999999994543
29221,4596.7,4596.7,2025-07-15 14:30:19,2025-07-15 14:30:23,GTERI,GTERI,ok,0.0
29222,4596.7,4597.1,2025-07-15 14:30:23,2025-07-15 14:30:58,GTERI,GTERI,ok,0.4000000000005457
29225,4597.1,4597.3,2025-07-15 14:30:58,2025-07-15 14:31:34,GTERI,GTERI,ok,0.1999999999998181
29226,4597.3,4597.3,2025-07-15 14:31:34,2025-07-15 14:31:48,GTERI,GTERI,ok,0.0
29227,4597.3,4598.1,2025-07-15 14:31:48,2025-07-15 14:33:10,GTERI,GTERI,ok,0.8000000000001819
29230,4598.1,4599.3,2025-07-15 14:33:10,2025-07-15 14:36:10,GTERI,GTERI,ok,1.199999999999818
29232,4599.3,4600.2,2025-07-15 14:36:10,2025-07-15 14:39:10,GTERI,GTERI,ok,0.8999999999996362
29235,4600.2,4601.8,2025-07-15 14:39:10,2025-07-15 14:42:10,GTERI,GTERI,ok,1.6000000000003638
29236,4601.8,4602.2,2025-07-15 14:42:10,2025-07-15 14:42:37,GTERI,GTERI,ok,0.3999999999996362
29238,4602.2,4603.3,2025-07-15 14:42:37,2025-07-15 14:44:26,GTERI,GTERI,ok,1.1000000000003638
29239,4603.3,4603.3,2025-07-15 14:44:26,2025-07-15 14:44:26,GTERI,GTERI,ok,0.0
29240,4603.3,4603.6,2025-07-15 14:44:26,2025-07-15 14:45:10,GTERI,GTERI,ok,0.3000000000001819
29242,4603.6,4603.9,2025-07-15 14:45:10,2025-07-15 14:46:12,GTERI,GTERI,ok,0.2999999999992724
29244,4603.9,4604.8,2025-07-15 14:46:12,2025-07-15 14:48:10,GTERI,GTERI,ok,0.9000000000005457
29245,4604.8,4605.2,2025-07-15 14:48:10,2025-07-15 14:48:51,GTERI,GTERI,ok,0.3999999999996362
29247,4605.2,4606.8,2025-07-15 14:48:51,2025-07-15 14:51:10,GTERI,GTERI,ok,1.6000000000003638
29250,4606.8,4608.6,2025-07-15 14:51:10,2025-07-15 14:54:10,GTERI,GTERI,ok,1.800000000000182
29251,4608.6,4608.9,2025-07-15 14:54:10,2025-07-15 14:54:30,GTERI,GTERI,ok,0.2999999999992724
29252,4608.9,4609.2,2025-07-15 14:54:30,2025-07-15 14:55:01,GTERI,GTERI,ok,0.3000000000001819
29253,4609.2,4609.2,2025-07-15 14:55:01,2025-07-15 14:55:01,GTERI,GTERI,ok,0.0
29255,4609.2,4609.6,2025-07-15 14:55:01,2025-07-15 14:55:35,GTERI,GTERI,ok,0.4000000000005457
29256,4609.6,4609.7,2025-07-15 14:55:35,2025-07-15 14:55:46,GTERI,GTERI,ok,0.0999999999994543
29257,4609.7,4609.8,2025-07-15 14:55:46,2025-07-15 14:55:54,GTERI,GTERI,ok,0.1000000000003638
29258,4609.8,4610.7,2025-07-15 14:55:54,2025-07-15 14:57:10,GTERI,GTERI,ok,0.8999999999996362
29261,4610.7,4612.1,2025-07-15 14:57:10,2025-07-15 15:00:10,GTERI,GTERI,ok,1.4000000000005457
29263,4612.1,4613.1,2025-07-15 15:00:10,2025-07-15 15:03:04,GTERI,GTERI,ok,1.0
29264,4613.1,4613.2,2025-07-15 15:03:04,2025-07-15 15:03:10,GTERI,GTERI,ok,0.0999999999994543
29266,4613.2,4613.7,2025-07-15 15:03:10,2025-07-15 15:04:16,GTERI,GTERI,ok,0.5
29267,4613.7,4613.7,2025-07-15 15:04:16,2025-07-15 15:04:18,GTERI,GTERI,ok,0.0
29268,4613.7,4613.9,2025-07-15 15:04:18,2025-07-15 15:04:30,GTERI,GTERI,ok,0.1999999999998181
29269,4613.9,4614.1,2025-07-15 15:04:30,2025-07-15 15:05:11,GTERI,GTERI,ok,0.2000000000007276
29270,4614.1,4614.1,2025-07-15 15:05:11,2025-07-15 15:05:11,GTERI,GTERI,ok,0.0
29272,4614.1,4614.4,2025-07-15 15:05:11,2025-07-15 15:06:10,GTERI,GTERI,ok,0.2999999999992724
29273,4614.4,4614.4,2025-07-15 15:06:10,2025-07-15 15:06:30,GTERI,GTIGF,ok,0.0
29274,4614.4,4614.4,2025-07-15 15:06:30,2025-07-15 15:06:30,GTIGF,GTSTT,ok,0.0
29275,4614.4,4614.4,2025-07-15 15:06:30,2025-07-15 15:06:30,GTSTT,GTERI,ok,0.0
29276,4614.4,4614.4,2025-07-15 15:06:30,2025-07-15 15:06:30,GTERI,GTIGL,ok,0.0
29277,4614.4,4614.4,2025-07-15 15:06:30,2025-07-15 15:07:12,GTIGL,GTSTT,ok,0.0
29279,4614.4,4614.4,2025-07-15 15:07:12,2025-07-15 15:08:51,GTSTT,GTIGN,ok,0.0
29280,4614.4,4614.4,2025-07-15 15:08:51,2025-07-15 15:08:51,GTIGN,GTSTT,ok,0.0
29281,4614.4,4614.4,2025-07-15 15:08:51,2025-07-15 15:08:51,GTSTT,GTIGF,ok,0.0
29282,4614.4,4614.4,2025-07-15 15:08:51,2025-07-15 15:08:51,GTIGF,GTSTT,ok,0.0
29283,4614.4,4614.4,2025-07-15 15:08:51,2025-07-15 15:08:51,GTSTT,GTIGL,ok,0.0
29284,4614.4,4614.4,2025-07-15 15:08:51,2025-07-15 15:08:51,GTIGL,GTIGL,ok,0.0
29285,4614.4,4614.4,2025-07-15 15:08:51,2025-07-15 15:08:52,GTIGL,GTIGN,ok,0.0
29286,4614.4,4614.4,2025-07-15 15:08:52,2025-07-15 15:08:52,GTIGN,GTSTT,ok,0.0
29287,4614.4,4614.4,2025-07-15 15:08:52,2025-07-15 15:08:53,GTSTT,GTIGL,ok,0.0
29288,4614.4,4614.4,2025-07-15 15:08:53,2025-07-15 15:08:56,GTIGL,GTERI,ok,0.0
29289,4614.4,4614.4,2025-07-15 15:08:56,2025-07-15 15:09:15,GTERI,GTERI,ok,0.0
29290,4614.4,4614.4,2025-07-15 15:09:15,2025-07-15 15:09:19,GTERI,GTERI,ok,0.0
29292,4614.4,4614.5,2025-07-15 15:09:19,2025-07-15 15:10:10,GTERI,GTERI,ok,0.1000000000003638
29293,4614.5,4614.5,2025-07-15 15:10:10,2025-07-15 15:10:11,GTERI,GTERI,ok,0.0
29294,4614.5,4614.5,2025-07-15 15:10:11,2025-07-15 15:10:13,GTERI,GTERI,ok,0.0
29296,4614.5,4614.9,2025-07-15 15:10:13,2025-07-15 15:12:01,GTERI,GTERI,ok,0.3999999999996362
29297,4614.9,4615.0,2025-07-15 15:12:01,2025-07-15 15:12:25,GTERI,GTERI,ok,0.1000000000003638
29298,4615.0,4615.1,2025-07-15 15:12:25,2025-07-15 15:12:40,GTERI,GTERI,ok,0.1000000000003638
29299,4615.1,4615.1,2025-07-15 15:12:40,2025-07-15 15:12:47,GTERI,GTERI,ok,0.0
29301,4615.1,4615.6,2025-07-15 15:12:47,2025-07-15 15:13:55,GTERI,GTERI,ok,0.5
29302,4615.6,4615.6,2025-07-15 15:13:55,2025-07-15 15:13:57,GTERI,GTERI,ok,0.0
29303,4615.6,4615.7,2025-07-15 15:13:57,2025-07-15 15:14:08,GTERI,GTERI,ok,0.0999999999994543
29304,4615.7,4615.7,2025-07-15 15:14:08,2025-07-15 15:14:09,GTERI,GTERI,ok,0.0
29305,4615.7,4615.9,2025-07-15 15:14:09,2025-07-15 15:14:55,GTERI,GTERI,ok,0.1999999999998181
29306,4615.9,4615.9,2025-07-15 15:14:55,2025-07-15 15:14:57,GTERI,GTERI,ok,0.0
29307,4615.9,4616.0,2025-07-15 15:14:57,2025-07-15 15:15:01,GTERI,GTERI,ok,0.1000000000003638
29310,4616.0,4617.3,2025-07-15 15:15:01,2025-07-15 15:18:01,GTERI,GTERI,ok,1.300000000000182
29312,4617.3,4618.6,2025-07-15 15:18:01,2025-07-15 15:21:01,GTERI,GTERI,ok,1.300000000000182
29314,4618.6,4619.3,2025-07-15 15:21:01,2025-07-15 15:21:56,GTERI,GTERI,ok,0.6999999999998181
29315,4619.3,4619.3,2025-07-15 15:21:56,2025-07-15 15:22:00,GTERI,GTERI,ok,0.0
29316,4619.3,4619.4,2025-07-15 15:22:00,2025-07-15 15:22:07,GTERI,GTERI,ok,0.0999999999994543
29317,4619.4,4619.5,2025-07-15 15:22:07,2025-07-15 15:22:19,GTERI,GTERI,ok,0.1000000000003638
29318,4619.5,4619.6,2025-07-15 15:22:19,2025-07-15 15:22:25,GTERI,GTERI,ok,0.1000000000003638
29319,4619.6,4619.6,2025-07-15 15:22:25,2025-07-15 15:22:30,GTERI,GTERI,ok,0.0
29320,4619.6,4619.8,2025-07-15 15:22:30,2025-07-15 15:22:47,GTERI,GTERI,ok,0.1999999999998181
29321,4619.8,4619.8,2025-07-15 15:22:47,2025-07-15 15:22:51,GTERI,GTERI,ok,0.0
29322,4619.8,4619.8,2025-07-15 15:22:51,2025-07-15 15:22:55,GTERI,GTERI,ok,0.0
29323,4619.8,4620.0,2025-07-15 15:22:55,2025-07-15 15:23:15,GTERI,GTERI,ok,0.1999999999998181
29324,4620.0,4620.3,2025-07-15 15:23:15,2025-07-15 15:23:31,GTERI,GTERI,ok,0.3000000000001819
29326,4620.3,4620.5,2025-07-15 15:23:31,2025-07-15 15:23:44,GTERI,GTERI,ok,0.1999999999998181
29327,4620.5,4620.8,2025-07-15 15:23:44,2025-07-15 15:24:01,GTERI,GTERI,ok,0.3000000000001819
29328,4620.8,4621.2,2025-07-15 15:24:01,2025-07-15 15:24:33,GTERI,GTERI,ok,0.3999999999996362
29329,4621.2,4621.9,2025-07-15 15:24:33,2025-07-15 15:25:14,GTERI,GTERI,ok,0.6999999999998181
29331,4621.9,4622.6,2025-07-15 15:25:14,2025-07-15 15:27:01,GTERI,GTERI,ok,0.7000000000007276
29333,4622.6,4623.7,2025-07-15 15:27:01,2025-07-15 15:28:11,GTERI,GTERI,ok,1.0999999999994543
29335,4623.7,4625.0,2025-07-15 15:28:11,2025-07-15 15:30:01,GTERI,GTERI,ok,1.300000000000182
29336,4625.0,4625.3,2025-07-15 15:30:01,2025-07-15 15:30:41,GTERI,GTERI,ok,0.3000000000001819
29338,4625.3,4626.0,2025-07-15 15:30:41,2025-07-15 15:33:01,GTERI,GTERI,ok,0.6999999999998181
29340,4626.0,4627.3,2025-07-15 15:33:01,2025-07-15 15:34:56,GTERI,GTERI,ok,1.300000000000182
29342,4627.3,4628.2,2025-07-15 15:34:56,2025-07-15 15:36:01,GTERI,GTERI,ok,0.8999999999996362
29344,4628.2,4629.3,2025-07-15 15:36:01,2025-07-15 15:39:01,GTERI,GTERI,ok,1.1000000000003638
29347,4629.3,4629.8,2025-07-15 15:39:01,2025-07-15 15:42:01,GTERI,GTERI,ok,0.5
29349,4629.8,4630.6,2025-07-15 15:42:01,2025-07-15 15:45:01,GTERI,GTERI,ok,0.8000000000001819
29352,4630.6,4631.8,2025-07-15 15:45:01,2025-07-15 15:48:01,GTERI,GTERI,ok,1.199999999999818
29353,4631.8,4631.9,2025-07-15 15:48:01,2025-07-15 15:48:10,GTERI,GTERI,ok,0.0999999999994543
29354,4631.9,4631.9,2025-07-15 15:48:10,2025-07-15 15:48:13,GTERI,GTERI,ok,0.0
29355,4631.9,4631.9,2025-07-15 15:48:13,2025-07-15 15:48:18,GTERI,GTERI,ok,0.0
29356,4631.9,4632.0,2025-07-15 15:48:18,2025-07-15 15:48:21,GTERI,GTERI,ok,0.1000000000003638
29357,4632.0,4632.0,2025-07-15 15:48:21,2025-07-15 15:48:24,GTERI,GTERI,ok,0.0
29358,4632.0,4632.0,2025-07-15 15:48:24,2025-07-15 15:48:27,GTERI,GTERI,ok,0.0
29359,4632.0,4632.0,2025-07-15 15:48:27,2025-07-15 15:48:31,GTERI,GTERI,ok,0.0
29361,4632.0,4632.7,2025-07-15 15:48:31,2025-07-15 15:50:19,GTERI,GTERI,ok,0.6999999999998181
29362,4632.7,4632.9,2025-07-15 15:50:19,2025-07-15 15:50:33,GTERI,GTERI,ok,0.1999999999998181
29363,4632.9,4633.0,2025-07-15 15:50:33,2025-07-15 15:50:40,GTERI,GTERI,ok,0.1000000000003638
29364,4633.0,4633.2,2025-07-15 15:50:40,2025-07-15 15:51:01,GTERI,GTERI,ok,0.1999999999998181
29367,4633.2,4633.9,2025-07-15 15:51:01,2025-07-15 15:51:58,GTERI,GTERI,ok,0.6999999999998181
29368,4633.9,4633.9,2025-07-15 15:51:58,2025-07-15 15:52:00,GTERI,GTERI,ok,0.0
29369,4633.9,4634.1,2025-07-15 15:52:00,2025-07-15 15:52:19,GTERI,GTERI,ok,0.2000000000007276
29370,4634.1,4634.1,2025-07-15 15:52:19,2025-07-15 15:52:28,GTERI,GTERI,ok,0.0
29371,4634.1,4634.2,2025-07-15 15:52:28,2025-07-15 15:52:36,GTERI,GTERI,ok,0.0999999999994543
29372,4634.2,4634.2,2025-07-15 15:52:36,2025-07-15 15:52:41,GTERI,GTERI,ok,0.0
29374,4634.2,4634.2,2025-07-15 15:52:41,2025-07-15 15:54:01,GTERI,GTERI,ok,0.0
29375,4634.2,4634.2,2025-07-15 15:54:01,2025-07-15 15:54:01,GTERI,GTERI,ok,0.0
29376,4634.2,4634.2,2025-07-15 15:54:01,2025-07-15 15:54:04,GTERI,GTERI,ok,0.0
29377,4634.2,4634.2,2025-07-15 15:54:04,2025-07-15 15:54:06,GTERI,GTERI,ok,0.0
29378,4634.2,4634.2,2025-07-15 15:54:06,2025-07-15 15:54:32,GTERI,GTIGF,ok,0.0
29379,4634.2,4634.2,2025-07-15 15:54:32,2025-07-15 15:54:32,GTIGF,GTSTT,ok,0.0
29380,4634.2,4634.2,2025-07-15 15:54:32,2025-07-15 15:54:33,GTSTT,GTERI,ok,0.0
29381,4634.2,4634.2,2025-07-15 15:54:33,2025-07-15 15:54:33,GTERI,GTIGL,ok,0.0
29382,4634.2,4634.2,2025-07-15 15:54:33,2025-07-15 15:55:12,GTIGL,GTSTT,ok,0.0
29404,4634.2,4634.2,2025-07-15 15:55:12,2025-07-15 16:35:59,GTSTT,GTSTT,ok,0.0
29405,4634.2,4634.2,2025-07-15 16:35:59,2025-07-15 16:36:01,GTSTT,GTSTT,ok,0.0
29415,4634.2,4634.2,2025-07-15 16:36:01,2025-07-15 16:54:27,GTSTT,GTERI,ok,0.0
29439,4634.2,4634.2,2025-07-15 16:54:27,2025-07-15 17:39:42,GTERI,GTIGN,ok,0.0
29440,4634.2,4634.2,2025-07-15 17:39:42,2025-07-15 17:39:42,GTIGN,GTSTT,ok,0.0
29441,4634.2,4634.2,2025-07-15 17:39:42,2025-07-15 17:39:43,GTSTT,GTSTT,ok,0.0
29442,4634.2,4634.2,2025-07-15 17:39:43,2025-07-15 17:39:43,GTSTT,GTIGF,ok,0.0
29443,4634.2,4634.2,2025-07-15 17:39:43,2025-07-15 17:39:43,GTIGF,GTSTT,ok,0.0
29444,4634.2,4634.2,2025-07-15 17:39:43,2025-07-15 17:39:51,GTSTT,GTIGL,ok,0.0
29445,4634.2,4634.2,2025-07-15 17:39:51,2025-07-15 17:39:51,GTIGL,GTIGL,ok,0.0
29446,4634.2,4634.2,2025-07-15 17:39:51,2025-07-15 17:40:19,GTIGL,GTSTT,ok,0.0
29454,4634.2,4634.2,2025-07-15 17:40:19,2025-07-15 17:54:27,GTSTT,GTERI,ok,0.0
29458,4634.2,4634.2,2025-07-15 17:54:27,2025-07-15 18:00:30,GTERI,GTSTT,ok,0.0
29459,4634.2,4634.2,2025-07-15 18:00:30,2025-07-15 18:00:44,GTSTT,GTSTT,ok,0.0
29462,4634.2,4634.2,2025-07-15 18:00:44,2025-07-15 18:04:40,GTSTT,GTSTT,ok,0.0
29463,4634.2,4634.2,2025-07-15 18:04:40,2025-07-15 18:05:02,GTSTT,GTSTT,ok,0.0
29466,4634.2,4634.2,2025-07-15 18:05:02,2025-07-15 18:09:18,GTSTT,GTIGN,ok,0.0
29467,4634.2,4634.2,2025-07-15 18:09:18,2025-07-15 18:09:18,GTIGN,GTSTT,ok,0.0
29468,4634.2,4634.2,2025-07-15 18:09:18,2025-07-15 18:09:19,GTSTT,GTIGF,ok,0.0
29469,4634.2,4634.2,2025-07-15 18:09:19,2025-07-15 18:09:19,GTIGF,GTSTT,ok,0.0
29470,4634.2,4634.2,2025-07-15 18:09:19,2025-07-15 18:09:20,GTSTT,GTIGN,ok,0.0
29471,4634.2,4634.2,2025-07-15 18:09:20,2025-07-15 18:09:20,GTIGN,GTSTT,ok,0.0
29472,4634.2,4634.2,2025-07-15 18:09:20,2025-07-15 18:09:28,GTSTT,GTERI,ok,0.0
29473,4634.2,4634.2,2025-07-15 18:09:28,2025-07-15 18:09:28,GTERI,GTIGL,ok,0.0
29474,4634.2,4634.2,2025-07-15 18:09:28,2025-07-15 18:09:28,GTIGL,GTIGL,ok,0.0
29475,4634.2,4634.2,2025-07-15 18:09:28,2025-07-15 18:09:28,GTIGL,GTIGL,ok,0.0
29477,4634.2,4634.2,2025-07-15 18:09:28,2025-07-15 18:10:03,GTIGL,GTERI,ok,0.0
29478,4634.2,4634.3,2025-07-15 18:10:03,2025-07-15 18:10:12,GTERI,GTERI,ok,0.1000000000003638
29479,4634.3,4634.3,2025-07-15 18:10:12,2025-07-15 18:10:25,GTERI,GTERI,ok,0.0
29480,4634.3,4634.4,2025-07-15 18:10:25,2025-07-15 18:10:46,GTERI,GTERI,ok,0.0999999999994543
29481,4634.4,4634.4,2025-07-15 18:10:46,2025-07-15 18:10:49,GTERI,GTERI,ok,0.0
29482,4634.4,4634.4,2025-07-15 18:10:49,2025-07-15 18:11:30,GTERI,GTERI,ok,0.0
29483,4634.4,4634.5,2025-07-15 18:11:30,2025-07-15 18:11:43,GTERI,GTERI,ok,0.1000000000003638
29485,4634.5,4634.6,2025-07-15 18:11:43,2025-07-15 18:11:47,GTERI,GTERI,ok,0.1000000000003638
29486,4634.6,4634.7,2025-07-15 18:11:47,2025-07-15 18:12:07,GTERI,GTERI,ok,0.0999999999994543
29487,4634.7,4634.9,2025-07-15 18:12:07,2025-07-15 18:12:28,GTERI,GTERI,ok,0.1999999999998181
29488,4634.9,4635.2,2025-07-15 18:12:28,2025-07-15 18:13:41,GTERI,GTERI,ok,0.3000000000001819
29490,4635.2,4635.6,2025-07-15 18:13:41,2025-07-15 18:14:42,GTERI,GTERI,ok,0.4000000000005457
29491,4635.6,4635.7,2025-07-15 18:14:42,2025-07-15 18:15:28,GTERI,GTERI,ok,0.0999999999994543
29492,4635.7,4635.8,2025-07-15 18:15:28,2025-07-15 18:15:34,GTERI,GTERI,ok,0.1000000000003638
29493,4635.8,4635.8,2025-07-15 18:15:34,2025-07-15 18:15:36,GTERI,GTERI,ok,0.0
29495,4635.8,4635.8,2025-07-15 18:15:36,2025-07-15 18:15:45,GTERI,GTERI,ok,0.0
29496,4635.8,4635.8,2025-07-15 18:15:45,2025-07-15 18:15:46,GTERI,GTERI,ok,0.0
29497,4635.8,4635.9,2025-07-15 18:15:46,2025-07-15 18:15:54,GTERI,GTERI,ok,0.0999999999994543
29498,4635.9,4636.0,2025-07-15 18:15:54,2025-07-15 18:16:06,GTERI,GTERI,ok,0.1000000000003638
29499,4636.0,4636.0,2025-07-15 18:16:06,2025-07-15 18:16:08,GTERI,GTERI,ok,0.0
29500,4636.0,4636.4,2025-07-15 18:16:08,2025-07-15 18:17:30,GTERI,GTERI,ok,0.3999999999996362
29501,4636.4,4636.4,2025-07-15 18:17:30,2025-07-15 18:17:32,GTERI,GTERI,ok,0.0
29503,4636.4,4636.7,2025-07-15 18:17:32,2025-07-15 18:18:28,GTERI,GTERI,ok,0.3000000000001819
29505,4636.7,4636.7,2025-07-15 18:18:28,2025-07-15 18:21:03,GTERI,GTSTT,ok,0.0
29506,4636.7,4636.7,2025-07-15 18:21:03,2025-07-15 18:21:11,GTSTT,GTSTT,ok,0.0
29507,4636.7,4636.7,2025-07-15 18:21:11,2025-07-15 18:21:28,GTSTT,GTERI,ok,0.0
29509,4636.7,4636.7,2025-07-15 18:21:28,2025-07-15 18:22:27,GTERI,GTERI,ok,0.0
29510,4636.7,4636.7,2025-07-15 18:22:27,2025-07-15 18:22:31,GTERI,GTERI,ok,0.0
29511,4636.7,4636.7,2025-07-15 18:22:31,2025-07-15 18:22:32,GTERI,GTERI,ok,0.0
29512,4636.7,4636.7,2025-07-15 18:22:32,2025-07-15 18:22:47,GTERI,GTIGF,ok,0.0
29513,4636.7,4636.7,2025-07-15 18:22:47,2025-07-15 18:22:47,GTIGF,GTSTT,ok,0.0
29514,4636.7,4636.7,2025-07-15 18:22:47,2025-07-15 18:22:47,GTSTT,GTERI,ok,0.0
29515,4636.7,4636.7,2025-07-15 18:22:47,2025-07-15 18:22:47,GTERI,GTIGL,ok,0.0
29516,4636.7,4636.7,2025-07-15 18:22:47,2025-07-15 18:23:29,GTIGL,GTSTT,ok,0.0
29527,4636.7,4636.7,2025-07-15 18:23:29,2025-07-15 18:42:02,GTSTT,GTIGN,ok,0.0
29528,4636.7,4636.7,2025-07-15 18:42:02,2025-07-15 18:42:02,GTIGN,GTSTT,ok,0.0
29529,4636.7,4636.7,2025-07-15 18:42:02,2025-07-15 18:42:03,GTSTT,GTIGF,ok,0.0
29530,4636.7,4636.7,2025-07-15 18:42:03,2025-07-15 18:42:03,GTIGF,GTSTT,ok,0.0
29531,4636.7,4636.7,2025-07-15 18:42:03,2025-07-15 18:42:04,GTSTT,GTIGN,ok,0.0
29532,4636.7,4636.7,2025-07-15 18:42:04,2025-07-15 18:42:04,GTIGN,GTSTT,ok,0.0
29533,4636.7,4636.7,2025-07-15 18:42:04,2025-07-15 18:42:37,GTSTT,GTIGF,ok,0.0
29534,4636.7,4636.7,2025-07-15 18:42:37,2025-07-15 18:42:37,GTIGF,GTSTT,ok,0.0
29535,4636.7,4636.7,2025-07-15 18:42:37,2025-07-15 18:43:20,GTSTT,GTSTT,ok,0.0
29537,4636.7,4636.7,2025-07-15 18:43:20,2025-07-15 18:44:33,GTSTT,GTERI,ok,0.0
29538,4636.7,4636.7,2025-07-15 18:44:33,2025-07-15 18:44:33,GTERI,GTIGL,ok,0.0
29539,4636.7,4636.7,2025-07-15 18:44:33,2025-07-15 18:44:33,GTIGL,GTIGL,ok,0.0
29540,4636.7,4636.7,2025-07-15 18:44:33,2025-07-15 18:44:33,GTIGL,GTIGL,ok,0.0
29541,4636.7,4636.7,2025-07-15 18:44:33,2025-07-15 18:44:33,GTIGL,GTIGL,ok,0.0
29571,4636.7,4636.7,2025-07-15 18:44:33,2025-07-15 19:42:32,GTIGL,GTERI,ok,0.0
29585,4636.7,4636.7,2025-07-15 19:42:32,2025-07-15 20:07:13,GTERI,GTIGN,ok,0.0
29586,4636.7,4636.7,2025-07-15 20:07:13,2025-07-15 20:07:13,GTIGN,GTSTT,ok,0.0
29587,4636.7,4636.7,2025-07-15 20:07:13,2025-07-15 20:07:13,GTSTT,GTIGF,ok,0.0
29588,4636.7,4636.7,2025-07-15 20:07:13,2025-07-15 20:07:13,GTIGF,GTSTT,ok,0.0
29589,4636.7,4636.7,2025-07-15 20:07:13,2025-07-15 20:07:15,GTSTT,GTIGN,ok,0.0
29590,4636.7,4636.7,2025-07-15 20:07:15,2025-07-15 20:07:15,GTIGN,GTSTT,ok,0.0
29592,4636.7,4636.7,2025-07-15 20:07:15,2025-07-15 20:07:59,GTSTT,GTIGF,ok,0.0
29593,4636.7,4636.7,2025-07-15 20:07:59,2025-07-15 20:07:59,GTIGF,GTSTT,ok,0.0
29594,4636.7,4636.7,2025-07-15 20:07:59,2025-07-15 20:08:42,GTSTT,GTSTT,ok,0.0
29595,4636.7,4636.7,2025-07-15 20:08:42,2025-07-15 20:09:44,GTSTT,GTERI,ok,0.0
29596,4636.7,4636.7,2025-07-15 20:09:44,2025-07-15 20:09:44,GTERI,GTIGL,ok,0.0
29597,4636.7,4636.7,2025-07-15 20:09:44,2025-07-15 20:09:44,GTIGL,GTIGL,ok,0.0
29598,4636.7,4636.7,2025-07-15 20:09:44,2025-07-15 20:09:44,GTIGL,GTIGL,ok,0.0
29599,4636.7,4636.7,2025-07-15 20:09:44,2025-07-15 20:09:44,GTIGL,GTIGL,ok,0.0
29630,4636.7,4636.7,2025-07-15 20:09:44,2025-07-15 21:07:54,GTIGL,GTERI,ok,0.0
29660,4636.7,4636.7,2025-07-15 21:07:54,2025-07-15 22:07:54,GTERI,GTERI,ok,0.0
29691,4636.7,4636.7,2025-07-15 22:07:54,2025-07-15 23:07:54,GTERI,GTERI,ok,0.0
29722,4636.7,4636.7,2025-07-15 23:07:54,2025-07-16 00:07:54,GTERI,GTERI,ok,0.0
29753,4636.7,4636.7,2025-07-16 00:07:54,2025-07-16 01:07:54,GTERI,GTERI,ok,0.0
29784,4636.7,4636.7,2025-07-16 01:07:54,2025-07-16 02:07:54,GTERI,GTERI,ok,0.0
29815,4636.7,4636.7,2025-07-16 02:07:54,2025-07-16 03:07:54,GTERI,GTERI,ok,0.0
29846,4636.7,4636.7,2025-07-16 03:07:54,2025-07-16 04:07:54,GTERI,GTERI,ok,0.0
29862,4636.7,4636.7,2025-07-16 04:07:54,2025-07-16 04:34:47,GTERI,GTPDP,ok,0.0
29879,4636.7,4636.7,2025-07-16 04:34:47,2025-07-16 05:07:54,GTPDP,GTERI,ok,0.0
29910,4636.7,4636.7,2025-07-16 05:07:54,2025-07-16 06:07:54,GTERI,GTERI,ok,0.0
29941,4636.7,4636.7,2025-07-16 06:07:54,2025-07-16 07:07:54,GTERI,GTERI,ok,0.0
29972,4636.7,4636.7,2025-07-16 07:07:54,2025-07-16 08:07:54,GTERI,GTERI,ok,0.0
30003,4636.7,4636.7,2025-07-16 08:07:54,2025-07-16 09:07:54,GTERI,GTERI,ok,0.0
30034,4636.7,4636.7,2025-07-16 09:07:54,2025-07-16 10:07:54,GTERI,GTERI,ok,0.0
30035,4636.7,4636.7,2025-07-16 10:07:54,2025-07-16 10:07:57,GTERI,GTIGN,ok,0.0
30036,4636.7,4636.7,2025-07-16 10:07:57,2025-07-16 10:07:57,GTIGN,GTSTT,ok,0.0
30037,4636.7,4636.7,2025-07-16 10:07:57,2025-07-16 10:07:58,GTSTT,GTIGF,ok,0.0
30038,4636.7,4636.7,2025-07-16 10:07:58,2025-07-16 10:07:58,GTIGF,GTSTT,ok,0.0
30039,4636.7,4636.7,2025-07-16 10:07:58,2025-07-16 10:08:00,GTSTT,GTIGN,ok,0.0
30040,4636.7,4636.7,2025-07-16 10:08:00,2025-07-16 10:08:00,GTIGN,GTSTT,ok,0.0
30041,4636.7,4636.7,2025-07-16 10:08:00,2025-07-16 10:08:00,GTSTT,GTIGF,ok,0.0
30042,4636.7,4636.7,2025-07-16 10:08:00,2025-07-16 10:08:00,GTIGF,GTSTT,ok,0.0
30043,4636.7,4636.7,2025-07-16 10:08:00,2025-07-16 10:08:01,GTSTT,GTIGN,ok,0.0
30044,4636.7,4636.7,2025-07-16 10:08:01,2025-07-16 10:08:01,GTIGN,GTSTT,ok,0.0
30045,4636.7,4636.7,2025-07-16 10:08:01,2025-07-16 10:08:02,GTSTT,GTIGF,ok,0.0
30046,4636.7,4636.7,2025-07-16 10:08:02,2025-07-16 10:08:02,GTIGF,GTSTT,ok,0.0
30047,4636.7,4636.7,2025-07-16 10:08:02,2025-07-16 10:08:02,GTSTT,GTIGN,ok,0.0
30048,4636.7,4636.7,2025-07-16 10:08:02,2025-07-16 10:08:02,GTIGN,GTSTT,ok,0.0
30049,4636.7,4636.7,2025-07-16 10:08:02,2025-07-16 10:08:41,GTSTT,GTIGF,ok,0.0
30050,4636.7,4636.7,2025-07-16 10:08:41,2025-07-16 10:08:41,GTIGF,GTSTT,ok,0.0
30052,4636.7,4636.7,2025-07-16 10:08:41,2025-07-16 10:09:23,GTSTT,GTSTT,ok,0.0
30053,4636.7,4636.7,2025-07-16 10:09:23,2025-07-16 10:10:28,GTSTT,GTERI,ok,0.0
30054,4636.7,4636.7,2025-07-16 10:10:28,2025-07-16 10:10:28,GTERI,GTIGL,ok,0.0
30055,4636.7,4636.7,2025-07-16 10:10:28,2025-07-16 10:10:28,GTIGL,GTIGL,ok,0.0
30056,4636.7,4636.7,2025-07-16 10:10:28,2025-07-16 10:10:28,GTIGL,GTIGL,ok,0.0
30057,4636.7,4636.7,2025-07-16 10:10:28,2025-07-16 10:10:28,GTIGL,GTIGL,ok,0.0
30058,4636.7,4636.7,2025-07-16 10:10:28,2025-07-16 10:10:28,GTIGL,GTIGL,ok,0.0
30059,4636.7,4636.7,2025-07-16 10:10:28,2025-07-16 10:10:28,GTIGL,GTIGL,ok,0.0
30060,4636.7,4636.7,2025-07-16 10:10:28,2025-07-16 10:10:28,GTIGL,GTIGL,ok,0.0
30061,4636.7,4636.7,2025-07-16 10:10:28,2025-07-16 10:10:28,GTIGL,GTIGL,ok,0.0
30091,4636.7,4636.7,2025-07-16 10:10:28,2025-07-16 11:08:36,GTIGL,GTERI,ok,0.0
30123,4636.7,4636.7,2025-07-16 11:08:36,2025-07-16 12:08:36,GTERI,GTERI,ok,0.0
30155,4636.7,4636.7,2025-07-16 12:08:36,2025-07-16 13:08:36,GTERI,GTERI,ok,0.0
30186,4636.7,4636.7,2025-07-16 13:08:36,2025-07-16 14:08:36,GTERI,GTERI,ok,0.0
30210,4636.7,4636.7,2025-07-16 14:08:36,2025-07-16 14:54:39,GTERI,GTIGN,ok,0.0
30211,4636.7,4636.7,2025-07-16 14:54:39,2025-07-16 14:54:39,GTIGN,GTSTT,ok,0.0
30212,4636.7,4636.7,2025-07-16 14:54:39,2025-07-16 14:54:40,GTSTT,GTIGF,ok,0.0
30213,4636.7,4636.7,2025-07-16 14:54:40,2025-07-16 14:54:40,GTIGF,GTSTT,ok,0.0
30214,4636.7,4636.7,2025-07-16 14:54:40,2025-07-16 14:54:42,GTSTT,GTIGN,ok,0.0
30215,4636.7,4636.7,2025-07-16 14:54:42,2025-07-16 14:54:42,GTIGN,GTSTT,ok,0.0
30216,4636.7,4636.7,2025-07-16 14:54:42,2025-07-16 14:54:43,GTSTT,GTIGF,ok,0.0
30217,4636.7,4636.7,2025-07-16 14:54:43,2025-07-16 14:54:43,GTIGF,GTSTT,ok,0.0
30218,4636.7,4636.7,2025-07-16 14:54:43,2025-07-16 14:54:44,GTSTT,GTIGN,ok,0.0
30219,4636.7,4636.7,2025-07-16 14:54:44,2025-07-16 14:54:44,GTIGN,GTSTT,ok,0.0
30220,4636.7,4636.7,2025-07-16 14:54:44,2025-07-16 14:54:44,GTSTT,GTIGF,ok,0.0
30221,4636.7,4636.7,2025-07-16 14:54:44,2025-07-16 14:54:44,GTIGF,GTSTT,ok,0.0
30222,4636.7,4636.7,2025-07-16 14:54:44,2025-07-16 14:54:45,GTSTT,GTIGN,ok,0.0
30223,4636.7,4636.7,2025-07-16 14:54:45,2025-07-16 14:54:45,GTIGN,GTSTT,ok,0.0
30224,4636.7,4636.7,2025-07-16 14:54:45,2025-07-16 14:54:48,GTSTT,GTIGF,ok,0.0
30225,4636.7,4636.7,2025-07-16 14:54:48,2025-07-16 14:54:48,GTIGF,GTSTT,ok,0.0
30226,4636.7,4636.7,2025-07-16 14:54:48,2025-07-16 14:54:49,GTSTT,GTIGN,ok,0.0
30227,4636.7,4636.7,2025-07-16 14:54:49,2025-07-16 14:54:49,GTIGN,GTSTT,ok,0.0
30229,4636.7,4636.7,2025-07-16 14:54:49,2025-07-16 14:57:10,GTSTT,GTERI,ok,0.0
30230,4636.7,4636.7,2025-07-16 14:57:10,2025-07-16 14:57:10,GTERI,GTIGL,ok,0.0
30231,4636.7,4636.7,2025-07-16 14:57:10,2025-07-16 14:57:10,GTIGL,GTIGL,ok,0.0
30232,4636.7,4636.7,2025-07-16 14:57:10,2025-07-16 14:57:10,GTIGL,GTIGL,ok,0.0
30233,4636.7,4636.7,2025-07-16 14:57:10,2025-07-16 14:57:10,GTIGL,GTIGL,ok,0.0
30234,4636.7,4636.7,2025-07-16 14:57:10,2025-07-16 14:57:10,GTIGL,GTIGL,ok,0.0
30235,4636.7,4636.7,2025-07-16 14:57:10,2025-07-16 14:57:10,GTIGL,GTIGL,ok,0.0
30236,4636.7,4636.7,2025-07-16 14:57:10,2025-07-16 14:57:10,GTIGL,GTIGL,ok,0.0
30237,4636.7,4636.7,2025-07-16 14:57:10,2025-07-16 14:57:10,GTIGL,GTIGL,ok,0.0
30238,4636.7,4636.7,2025-07-16 14:57:10,2025-07-16 14:57:10,GTIGL,GTIGL,ok,0.0
30240,4636.7,4636.7,2025-07-16 14:57:10,2025-07-16 14:57:57,GTIGL,GTERI,ok,0.0
30242,4636.7,4636.7,2025-07-16 14:57:57,2025-07-16 14:59:25,GTERI,GTSTT,ok,0.0
30243,4636.7,4636.7,2025-07-16 14:59:25,2025-07-16 14:59:42,GTSTT,GTSTT,ok,0.0
30244,4636.7,4636.7,2025-07-16 14:59:42,2025-07-16 15:00:57,GTSTT,GTERI,ok,0.0
30246,4636.7,4636.7,2025-07-16 15:00:57,2025-07-16 15:02:41,GTERI,GTERI,ok,0.0
30248,4636.7,4636.8,2025-07-16 15:02:41,2025-07-16 15:03:40,GTERI,GTERI,ok,0.1000000000003638
30249,4636.8,4636.8,2025-07-16 15:03:40,2025-07-16 15:03:42,GTERI,GTERI,ok,0.0
30250,4636.8,4636.9,2025-07-16 15:03:42,2025-07-16 15:03:57,GTERI,GTERI,ok,0.0999999999994543
30252,4636.9,4637.4,2025-07-16 15:03:57,2025-07-16 15:06:57,GTERI,GTERI,ok,0.5
30254,4637.4,4637.5,2025-07-16 15:06:57,2025-07-16 15:07:36,GTERI,GTERI,ok,0.1000000000003638
30255,4637.5,4637.5,2025-07-16 15:07:36,2025-07-16 15:08:38,GTERI,GTERI,ok,0.0
30256,4637.5,4637.5,2025-07-16 15:08:38,2025-07-16 15:08:43,GTERI,GTERI,ok,0.0
30258,4637.5,4637.8,2025-07-16 15:08:43,2025-07-16 15:09:57,GTERI,GTERI,ok,0.3000000000001819
30259,4637.8,4637.8,2025-07-16 15:09:57,2025-07-16 15:10:00,GTERI,GTERI,ok,0.0
30260,4637.8,4637.8,2025-07-16 15:10:00,2025-07-16 15:10:02,GTERI,GTERI,ok,0.0
30262,4637.8,4638.2,2025-07-16 15:10:02,2025-07-16 15:12:57,GTERI,GTERI,ok,0.3999999999996362
30265,4638.2,4638.7,2025-07-16 15:12:57,2025-07-16 15:15:57,GTERI,GTERI,ok,0.5
30266,4638.7,4638.7,2025-07-16 15:15:57,2025-07-16 15:16:05,GTERI,GTERI,ok,0.0
30267,4638.7,4638.7,2025-07-16 15:16:05,2025-07-16 15:16:07,GTERI,GTERI,ok,0.0
30269,4638.7,4639.3,2025-07-16 15:16:07,2025-07-16 15:17:42,GTERI,GTERI,ok,0.6000000000003638
30270,4639.3,4639.3,2025-07-16 15:17:42,2025-07-16 15:17:45,GTERI,GTERI,ok,0.0
30271,4639.3,4639.7,2025-07-16 15:17:45,2025-07-16 15:18:35,GTERI,GTERI,ok,0.3999999999996362
30272,4639.7,4639.7,2025-07-16 15:18:35,2025-07-16 15:18:39,GTERI,GTERI,ok,0.0
30273,4639.7,4639.8,2025-07-16 15:18:39,2025-07-16 15:18:57,GTERI,GTERI,ok,0.1000000000003638
30275,4639.8,4639.9,2025-07-16 15:18:57,2025-07-16 15:20:38,GTERI,GTERI,ok,0.0999999999994543
30277,4639.9,4639.9,2025-07-16 15:20:38,2025-07-16 15:21:57,GTERI,GTERI,ok,0.0
30278,4639.9,4639.9,2025-07-16 15:21:57,2025-07-16 15:22:20,GTERI,GTERI,ok,0.0
30279,4639.9,4639.9,2025-07-16 15:22:20,2025-07-16 15:22:24,GTERI,GTERI,ok,0.0
30280,4639.9,4639.9,2025-07-16 15:22:24,2025-07-16 15:22:39,GTERI,GTIGF,ok,0.0
30281,4639.9,4639.9,2025-07-16 15:22:39,2025-07-16 15:22:39,GTIGF,GTSTT,ok,0.0
30282,4639.9,4639.9,2025-07-16 15:22:39,2025-07-16 15:22:40,GTSTT,GTERI,ok,0.0
30283,4639.9,4639.9,2025-07-16 15:22:40,2025-07-16 15:22:40,GTERI,GTIGL,ok,0.0
30285,4639.9,4639.9,2025-07-16 15:22:40,2025-07-16 15:23:49,GTIGL,GTSTT,ok,0.0
30292,4639.9,4639.9,2025-07-16 15:23:49,2025-07-16 15:35:50,GTSTT,GTSTT,ok,0.0
30293,4639.9,4639.9,2025-07-16 15:35:50,2025-07-16 15:35:56,GTSTT,GTSTT,ok,0.0
30317,4639.9,4639.9,2025-07-16 15:35:56,2025-07-16 16:22:34,GTSTT,GTERI,ok,0.0
