Linha,Data/Hora Evento,GNSS UTC Time,Time fix,Média Geral,Média dos valores com delay
4,2025-06-11 16:22:47,2025-06-11 13:56:55,8752.0,801532.4547335748,1222859.039463299
9,2025-06-11 16:27:37,2025-06-11 13:56:55,9042.0,801532.4547335748,1222859.039463299
12,2025-06-11 16:28:02,2019-12-31 21:00:00,171833282.0,801532.4547335748,1222859.039463299
13,2025-06-11 16:28:03,2019-12-31 21:00:00,171833283.0,801532.4547335748,1222859.039463299
17,2025-06-11 16:28:09,2019-12-31 21:00:00,171833289.0,801532.4547335748,1222859.039463299
19,2025-06-11 16:30:33,2019-12-31 21:00:00,171833433.0,801532.4547335748,1222859.039463299
20,2025-06-11 16:30:33,2019-12-31 21:00:00,171833433.0,801532.4547335748,1222859.039463299
22,2025-06-11 17:28:00,2019-12-31 21:00:00,171836880.0,801532.4547335748,1222859.039463299
23,2025-06-11 17:50:08,2019-12-31 21:00:00,171838208.0,801532.4547335748,1222859.039463299
24,2025-06-11 17:50:18,2019-12-31 21:00:00,171838218.0,801532.4547335748,1222859.039463299
25,2025-06-11 17:50:18,2019-12-31 21:00:00,171838218.0,801532.4547335748,1222859.039463299
27,2025-06-11 17:50:42,2025-06-11 17:50:41,1.0,801532.4547335748,1222859.039463299
29,2025-06-11 17:53:26,2025-06-11 17:53:24,2.0,801532.4547335748,1222859.039463299
35,2025-06-11 17:56:26,2025-06-11 17:56:24,2.0,801532.4547335748,1222859.039463299
37,2025-06-11 17:59:26,2025-06-11 17:59:24,2.0,801532.4547335748,1222859.039463299
40,2025-06-11 18:02:26,2025-06-11 18:02:24,2.0,801532.4547335748,1222859.039463299
41,2025-06-11 18:03:15,2025-06-11 18:03:15,0.0,801532.4547335748,1222859.039463299
43,2025-06-11 18:05:15,2025-06-11 18:05:15,0.0,801532.4547335748,1222859.039463299
44,2025-06-11 18:05:15,2025-06-11 18:05:15,0.0,801532.4547335748,1222859.039463299
47,2025-06-11 18:05:26,2025-06-11 18:05:24,2.0,801532.4547335748,1222859.039463299
48,2025-06-11 18:05:36,2025-06-11 18:05:35,1.0,801532.4547335748,1222859.039463299
49,2025-06-11 18:05:36,2025-06-11 18:05:35,1.0,801532.4547335748,1222859.039463299
52,2025-06-11 18:08:26,2025-06-11 18:08:25,1.0,801532.4547335748,1222859.039463299
57,2025-06-11 18:11:26,2025-06-11 18:11:24,2.0,801532.4547335748,1222859.039463299
60,2025-06-11 18:14:26,2025-06-11 18:14:24,2.0,801532.4547335748,1222859.039463299
62,2025-06-11 18:17:16,2025-06-11 18:17:15,1.0,801532.4547335748,1222859.039463299
63,2025-06-11 18:17:26,2025-06-11 18:17:24,2.0,801532.4547335748,1222859.039463299
65,2025-06-11 18:19:16,2025-06-11 18:19:16,0.0,801532.4547335748,1222859.039463299
66,2025-06-11 18:19:16,2025-06-11 18:19:16,0.0,801532.4547335748,1222859.039463299
70,2025-06-11 18:20:26,2025-06-11 18:20:24,2.0,801532.4547335748,1222859.039463299
71,2025-06-11 18:21:02,2025-06-11 18:21:01,1.0,801532.4547335748,1222859.039463299
72,2025-06-11 18:21:02,2025-06-11 18:21:01,1.0,801532.4547335748,1222859.039463299
74,2025-06-11 18:23:26,2025-06-11 18:23:24,2.0,801532.4547335748,1222859.039463299
75,2025-06-11 18:23:31,2025-06-11 18:23:30,1.0,801532.4547335748,1222859.039463299
80,2025-06-11 18:25:31,2025-06-11 18:25:31,0.0,801532.4547335748,1222859.039463299
81,2025-06-11 18:25:31,2025-06-11 18:25:31,0.0,801532.4547335748,1222859.039463299
85,2025-06-11 18:26:26,2025-06-11 18:26:25,1.0,801532.4547335748,1222859.039463299
87,2025-06-11 18:29:26,2025-06-11 18:29:24,2.0,801532.4547335748,1222859.039463299
89,2025-06-11 18:30:31,2025-06-11 18:30:31,0.0,801532.4547335748,1222859.039463299
91,2025-06-11 19:30:26,2025-06-11 19:28:05,141.0,801532.4547335748,1222859.039463299
93,2025-06-11 20:30:26,2025-06-11 20:28:04,142.0,801532.4547335748,1222859.039463299
95,2025-06-11 21:30:26,2025-06-11 21:28:08,138.0,801532.4547335748,1222859.039463299
97,2025-06-11 22:30:26,2025-06-11 21:28:08,3738.0,801532.4547335748,1222859.039463299
99,2025-06-11 23:30:26,2025-06-11 23:28:08,138.0,801532.4547335748,1222859.039463299
101,2025-06-12 00:30:26,2025-06-12 00:28:16,130.0,801532.4547335748,1222859.039463299
103,2025-06-12 01:30:26,2025-06-12 01:28:11,135.0,801532.4547335748,1222859.039463299
105,2025-06-12 02:30:26,2025-06-12 02:28:36,110.0,801532.4547335748,1222859.039463299
107,2025-06-12 03:30:26,2025-06-12 03:28:03,143.0,801532.4547335748,1222859.039463299
109,2025-06-12 04:30:26,2025-06-12 04:28:05,141.0,801532.4547335748,1222859.039463299
111,2025-06-12 05:30:26,2025-06-12 05:28:30,116.0,801532.4547335748,1222859.039463299
113,2025-06-12 06:30:26,2025-06-12 06:28:07,139.0,801532.4547335748,1222859.039463299
114,2025-06-12 07:25:12,2025-06-12 06:28:07,3425.0,801532.4547335748,1222859.039463299
115,2025-06-12 07:25:12,2025-06-12 06:28:07,3425.0,801532.4547335748,1222859.039463299
117,2025-06-12 07:25:42,2025-06-12 07:25:42,0.0,801532.4547335748,1222859.039463299
118,2025-06-12 07:27:02,2025-06-12 07:27:02,0.0,801532.4547335748,1222859.039463299
120,2025-06-12 07:27:52,2025-06-12 07:27:52,0.0,801532.4547335748,1222859.039463299
121,2025-06-12 07:28:22,2025-06-12 07:28:20,2.0,801532.4547335748,1222859.039463299
127,2025-06-12 07:31:22,2025-06-12 07:31:20,2.0,801532.4547335748,1222859.039463299
130,2025-06-12 07:34:22,2025-06-12 07:34:20,2.0,801532.4547335748,1222859.039463299
132,2025-06-12 07:37:22,2025-06-12 07:37:21,1.0,801532.4547335748,1222859.039463299
135,2025-06-12 07:40:22,2025-06-12 07:40:21,1.0,801532.4547335748,1222859.039463299
137,2025-06-12 07:43:22,2025-06-12 07:43:20,2.0,801532.4547335748,1222859.039463299
139,2025-06-12 07:46:22,2025-06-12 07:46:21,1.0,801532.4547335748,1222859.039463299
142,2025-06-12 07:49:02,2025-06-12 07:49:02,0.0,801532.4547335748,1222859.039463299
143,2025-06-12 07:49:07,2025-06-12 07:49:06,1.0,801532.4547335748,1222859.039463299
144,2025-06-12 07:49:22,2025-06-12 07:49:20,2.0,801532.4547335748,1222859.039463299
147,2025-06-12 07:52:22,2025-06-12 07:52:21,1.0,801532.4547335748,1222859.039463299
148,2025-06-12 07:55:23,2025-06-12 07:55:22,1.0,801532.4547335748,1222859.039463299
150,2025-06-12 07:57:14,2025-06-12 07:56:03,71.0,801532.4547335748,1222859.039463299
151,2025-06-12 07:58:23,2025-06-12 07:55:22,181.0,801532.4547335748,1222859.039463299
152,2025-06-12 07:59:15,2025-06-12 07:56:03,192.0,801532.4547335748,1222859.039463299
153,2025-06-12 07:59:15,2025-06-12 07:56:03,192.0,801532.4547335748,1222859.039463299
156,2025-06-12 08:01:23,2025-06-12 07:55:22,361.0,801532.4547335748,1222859.039463299
157,2025-06-12 08:04:15,2025-06-12 07:55:22,533.0,801532.4547335748,1222859.039463299
159,2025-06-12 09:04:10,2025-06-12 07:55:22,4128.0,801532.4547335748,1222859.039463299
161,2025-06-12 10:04:10,2025-06-12 07:55:22,7728.0,801532.4547335748,1222859.039463299
163,2025-06-12 11:04:10,2025-06-12 07:55:22,11328.0,801532.4547335748,1222859.039463299
165,2025-06-12 12:04:10,2025-06-12 07:55:22,14928.0,801532.4547335748,1222859.039463299
167,2025-06-12 13:04:10,2025-06-12 07:55:22,18528.0,801532.4547335748,1222859.039463299
169,2025-06-12 14:04:10,2025-06-12 07:55:22,22128.0,801532.4547335748,1222859.039463299
171,2025-06-12 15:04:10,2025-06-12 07:55:22,25728.0,801532.4547335748,1222859.039463299
173,2025-06-12 16:04:10,2025-06-12 07:55:22,29328.0,801532.4547335748,1222859.039463299
175,2025-06-12 17:04:10,2025-06-12 07:56:03,32887.0,801532.4547335748,1222859.039463299
177,2025-06-12 18:01:58,2025-06-12 07:56:03,36355.0,801532.4547335748,1222859.039463299
178,2025-06-12 18:01:58,2025-06-12 07:56:03,36355.0,801532.4547335748,1222859.039463299
179,2025-06-12 18:02:12,2025-06-12 18:02:12,0.0,801532.4547335748,1222859.039463299
181,2025-06-12 18:05:06,2025-06-12 18:05:05,1.0,801532.4547335748,1222859.039463299
187,2025-06-12 18:08:06,2025-06-12 18:08:05,1.0,801532.4547335748,1222859.039463299
189,2025-06-12 18:10:21,2025-06-12 18:10:21,0.0,801532.4547335748,1222859.039463299
190,2025-06-12 18:10:35,2025-06-12 18:10:35,0.0,801532.4547335748,1222859.039463299
191,2025-06-12 18:11:06,2025-06-12 18:11:05,1.0,801532.4547335748,1222859.039463299
194,2025-06-12 18:14:06,2025-06-12 18:14:05,1.0,801532.4547335748,1222859.039463299
196,2025-06-12 18:15:57,2025-06-12 18:15:57,0.0,801532.4547335748,1222859.039463299
197,2025-06-12 18:17:06,2025-06-12 18:17:05,1.0,801532.4547335748,1222859.039463299
198,2025-06-12 18:17:16,2025-06-12 18:17:15,1.0,801532.4547335748,1222859.039463299
201,2025-06-12 18:20:06,2025-06-12 18:20:05,1.0,801532.4547335748,1222859.039463299
202,2025-06-12 18:20:27,2025-06-12 18:20:26,1.0,801532.4547335748,1222859.039463299
204,2025-06-12 18:22:27,2025-06-12 18:22:26,1.0,801532.4547335748,1222859.039463299
205,2025-06-12 18:22:27,2025-06-12 18:22:26,1.0,801532.4547335748,1222859.039463299
208,2025-06-12 18:23:06,2025-06-12 18:23:05,1.0,801532.4547335748,1222859.039463299
211,2025-06-12 18:26:06,2025-06-12 18:26:05,1.0,801532.4547335748,1222859.039463299
212,2025-06-12 18:27:27,2025-06-12 18:27:27,0.0,801532.4547335748,1222859.039463299
214,2025-06-12 19:27:22,2025-06-12 19:25:00,142.0,801532.4547335748,1222859.039463299
216,2025-06-12 20:27:22,2025-06-12 20:24:58,144.0,801532.4547335748,1222859.039463299
218,2025-06-12 21:27:22,2025-06-12 21:25:02,140.0,801532.4547335748,1222859.039463299
220,2025-06-12 22:27:22,2025-06-12 22:24:59,143.0,801532.4547335748,1222859.039463299
222,2025-06-12 23:27:22,2025-06-12 23:25:15,127.0,801532.4547335748,1222859.039463299
224,2025-06-13 00:27:22,2025-06-13 00:25:09,133.0,801532.4547335748,1222859.039463299
226,2025-06-13 01:27:22,2025-06-13 01:25:02,140.0,801532.4547335748,1222859.039463299
228,2025-06-13 02:27:22,2025-06-13 02:25:01,141.0,801532.4547335748,1222859.039463299
230,2025-06-13 03:27:22,2025-06-13 03:25:09,133.0,801532.4547335748,1222859.039463299
232,2025-06-13 04:27:22,2025-06-13 04:25:29,113.0,801532.4547335748,1222859.039463299
234,2025-06-13 05:27:22,2025-06-13 05:25:30,112.0,801532.4547335748,1222859.039463299
236,2025-06-13 06:27:22,2025-06-13 06:25:15,127.0,801532.4547335748,1222859.039463299
238,2025-06-13 07:27:22,2025-06-13 07:25:02,140.0,801532.4547335748,1222859.039463299
239,2025-06-13 07:41:48,2025-06-13 07:25:02,1006.0,801532.4547335748,1222859.039463299
240,2025-06-13 07:41:48,2025-06-13 07:25:02,1006.0,801532.4547335748,1222859.039463299
242,2025-06-13 07:42:05,2025-06-13 07:42:05,0.0,801532.4547335748,1222859.039463299
244,2025-06-13 07:44:53,2025-06-13 07:44:52,1.0,801532.4547335748,1222859.039463299
250,2025-06-13 07:47:53,2025-06-13 07:47:52,1.0,801532.4547335748,1222859.039463299
252,2025-06-13 07:50:53,2025-06-13 07:50:52,1.0,801532.4547335748,1222859.039463299
255,2025-06-13 07:53:53,2025-06-13 07:53:52,1.0,801532.4547335748,1222859.039463299
256,2025-06-13 07:55:37,2025-06-13 07:54:30,67.0,801532.4547335748,1222859.039463299
258,2025-06-13 07:56:53,2025-06-13 07:53:52,181.0,801532.4547335748,1222859.039463299
259,2025-06-13 07:57:37,2025-06-13 07:54:30,187.0,801532.4547335748,1222859.039463299
260,2025-06-13 07:57:37,2025-06-13 07:54:30,187.0,801532.4547335748,1222859.039463299
265,2025-06-13 07:59:53,2025-06-13 07:53:52,361.0,801532.4547335748,1222859.039463299
267,2025-06-13 08:02:41,2025-06-13 07:53:52,529.0,801532.4547335748,1222859.039463299
269,2025-06-13 09:02:32,2025-06-13 07:53:52,4120.0,801532.4547335748,1222859.039463299
271,2025-06-13 10:02:32,2025-06-13 07:53:52,7720.0,801532.4547335748,1222859.039463299
273,2025-06-13 11:02:32,2025-06-13 07:53:52,11320.0,801532.4547335748,1222859.039463299
275,2025-06-13 12:02:32,2025-06-13 12:00:14,138.0,801532.4547335748,1222859.039463299
276,2025-06-13 12:40:04,2025-06-13 12:00:14,2390.0,801532.4547335748,1222859.039463299
277,2025-06-13 12:40:04,2025-06-13 12:00:14,2390.0,801532.4547335748,1222859.039463299
279,2025-06-13 12:40:29,2025-06-13 12:00:14,2415.0,801532.4547335748,1222859.039463299
280,2025-06-13 12:40:36,2025-06-13 12:40:36,0.0,801532.4547335748,1222859.039463299
281,2025-06-13 12:40:40,2025-06-13 12:40:40,0.0,801532.4547335748,1222859.039463299
283,2025-06-13 12:42:34,2025-06-13 12:41:21,73.0,801532.4547335748,1222859.039463299
284,2025-06-13 12:43:13,2025-06-13 12:40:36,157.0,801532.4547335748,1222859.039463299
289,2025-06-13 12:44:35,2025-06-13 12:41:21,194.0,801532.4547335748,1222859.039463299
290,2025-06-13 12:44:35,2025-06-13 12:41:21,194.0,801532.4547335748,1222859.039463299
293,2025-06-13 12:46:13,2025-06-13 12:40:36,337.0,801532.4547335748,1222859.039463299
296,2025-06-13 12:49:13,2025-06-13 12:40:36,517.0,801532.4547335748,1222859.039463299
297,2025-06-13 12:49:37,2025-06-13 12:40:36,541.0,801532.4547335748,1222859.039463299
299,2025-06-13 13:49:30,2025-06-13 12:40:36,4134.0,801532.4547335748,1222859.039463299
301,2025-06-13 14:49:30,2025-06-13 12:40:36,7734.0,801532.4547335748,1222859.039463299
303,2025-06-13 15:49:30,2025-06-13 12:40:36,11334.0,801532.4547335748,1222859.039463299
305,2025-06-13 16:49:30,2025-06-13 16:47:29,121.0,801532.4547335748,1222859.039463299
307,2025-06-13 17:47:38,2025-06-13 17:47:11,27.0,801532.4547335748,1222859.039463299
308,2025-06-13 17:47:38,2025-06-13 17:47:11,27.0,801532.4547335748,1222859.039463299
309,2025-06-13 17:48:06,2025-06-13 17:48:06,0.0,801532.4547335748,1222859.039463299
311,2025-06-13 17:50:46,2025-06-13 17:50:45,1.0,801532.4547335748,1222859.039463299
317,2025-06-13 17:53:46,2025-06-13 17:53:45,1.0,801532.4547335748,1222859.039463299
319,2025-06-13 17:56:16,2025-06-13 17:56:16,0.0,801532.4547335748,1222859.039463299
320,2025-06-13 17:56:46,2025-06-13 17:56:45,1.0,801532.4547335748,1222859.039463299
322,2025-06-13 17:58:16,2025-06-13 17:58:16,0.0,801532.4547335748,1222859.039463299
323,2025-06-13 17:58:16,2025-06-13 17:58:16,0.0,801532.4547335748,1222859.039463299
327,2025-06-13 17:59:46,2025-06-13 17:59:45,1.0,801532.4547335748,1222859.039463299
329,2025-06-13 18:02:46,2025-06-13 18:02:45,1.0,801532.4547335748,1222859.039463299
330,2025-06-13 18:03:17,2025-06-13 18:03:17,0.0,801532.4547335748,1222859.039463299
332,2025-06-13 19:03:11,2025-06-13 19:00:48,143.0,801532.4547335748,1222859.039463299
334,2025-06-13 20:03:11,2025-06-13 20:00:47,144.0,801532.4547335748,1222859.039463299
336,2025-06-13 21:03:11,2025-06-13 21:00:47,144.0,801532.4547335748,1222859.039463299
338,2025-06-13 22:03:11,2025-06-13 22:00:54,137.0,801532.4547335748,1222859.039463299
340,2025-06-13 23:03:11,2025-06-13 23:00:59,132.0,801532.4547335748,1222859.039463299
342,2025-06-14 00:03:11,2025-06-14 00:00:59,132.0,801532.4547335748,1222859.039463299
344,2025-06-14 01:03:11,2025-06-14 01:00:50,141.0,801532.4547335748,1222859.039463299
346,2025-06-14 02:03:11,2025-06-14 02:00:49,142.0,801532.4547335748,1222859.039463299
348,2025-06-14 03:03:11,2025-06-14 03:00:54,137.0,801532.4547335748,1222859.039463299
350,2025-06-14 04:03:11,2025-06-14 04:01:13,118.0,801532.4547335748,1222859.039463299
352,2025-06-14 05:03:11,2025-06-14 05:00:53,138.0,801532.4547335748,1222859.039463299
354,2025-06-14 06:03:11,2025-06-14 06:00:59,132.0,801532.4547335748,1222859.039463299
356,2025-06-14 07:03:11,2025-06-14 07:00:57,134.0,801532.4547335748,1222859.039463299
358,2025-06-14 08:03:11,2025-06-14 08:01:09,122.0,801532.4547335748,1222859.039463299
360,2025-06-14 09:03:11,2025-06-14 09:00:51,140.0,801532.4547335748,1222859.039463299
362,2025-06-14 10:03:11,2025-06-14 10:01:24,107.0,801532.4547335748,1222859.039463299
364,2025-06-14 11:03:11,2025-06-14 11:00:45,146.0,801532.4547335748,1222859.039463299
366,2025-06-14 12:03:11,2025-06-14 12:00:51,140.0,801532.4547335748,1222859.039463299
368,2025-06-14 13:03:11,2025-06-14 13:00:52,139.0,801532.4547335748,1222859.039463299
370,2025-06-14 14:03:11,2025-06-14 14:00:49,142.0,801532.4547335748,1222859.039463299
372,2025-06-14 15:03:11,2025-06-14 15:00:53,138.0,801532.4547335748,1222859.039463299
374,2025-06-14 16:03:11,2025-06-14 16:00:52,139.0,801532.4547335748,1222859.039463299
376,2025-06-14 17:03:11,2025-06-14 17:00:53,138.0,801532.4547335748,1222859.039463299
378,2025-06-14 18:03:11,2025-06-14 18:00:53,138.0,801532.4547335748,1222859.039463299
380,2025-06-14 19:03:11,2025-06-14 19:00:49,142.0,801532.4547335748,1222859.039463299
382,2025-06-14 20:03:11,2025-06-14 20:00:52,139.0,801532.4547335748,1222859.039463299
384,2025-06-14 21:03:11,2025-06-14 21:00:49,142.0,801532.4547335748,1222859.039463299
386,2025-06-14 22:03:11,2025-06-14 22:00:52,139.0,801532.4547335748,1222859.039463299
388,2025-06-14 23:03:11,2025-06-14 23:00:59,132.0,801532.4547335748,1222859.039463299
390,2025-06-15 00:03:11,2025-06-15 00:00:53,138.0,801532.4547335748,1222859.039463299
392,2025-06-15 01:03:11,2025-06-15 01:00:59,132.0,801532.4547335748,1222859.039463299
394,2025-06-15 02:03:11,2025-06-15 02:00:49,142.0,801532.4547335748,1222859.039463299
396,2025-06-15 03:03:11,2025-06-15 03:00:48,143.0,801532.4547335748,1222859.039463299
398,2025-06-15 04:03:11,2025-06-15 04:00:51,140.0,801532.4547335748,1222859.039463299
400,2025-06-15 05:03:11,2025-06-15 05:00:52,139.0,801532.4547335748,1222859.039463299
402,2025-06-15 06:03:11,2025-06-15 06:00:54,137.0,801532.4547335748,1222859.039463299
404,2025-06-15 07:03:11,2025-06-15 07:01:50,81.0,801532.4547335748,1222859.039463299
406,2025-06-15 08:03:11,2025-06-15 08:01:01,130.0,801532.4547335748,1222859.039463299
408,2025-06-15 09:03:11,2025-06-15 09:01:11,120.0,801532.4547335748,1222859.039463299
410,2025-06-15 10:03:11,2025-06-15 10:00:56,135.0,801532.4547335748,1222859.039463299
412,2025-06-15 11:03:11,2025-06-15 11:00:57,134.0,801532.4547335748,1222859.039463299
414,2025-06-15 12:03:11,2025-06-15 12:00:45,146.0,801532.4547335748,1222859.039463299
416,2025-06-15 13:03:11,2025-06-15 13:00:53,138.0,801532.4547335748,1222859.039463299
418,2025-06-15 14:03:11,2025-06-15 14:00:50,141.0,801532.4547335748,1222859.039463299
420,2025-06-15 15:03:11,2025-06-15 15:00:50,141.0,801532.4547335748,1222859.039463299
422,2025-06-15 16:03:11,2025-06-15 16:00:47,144.0,801532.4547335748,1222859.039463299
424,2025-06-15 17:03:11,2025-06-15 17:00:49,142.0,801532.4547335748,1222859.039463299
425,2025-06-15 17:03:25,2025-06-15 17:00:49,156.0,801532.4547335748,1222859.039463299
426,2025-06-15 17:03:25,2025-06-15 17:00:49,156.0,801532.4547335748,1222859.039463299
428,2025-06-15 17:04:12,2025-06-15 17:04:13,-1.0,801532.4547335748,1222859.039463299
430,2025-06-15 17:06:32,2025-06-15 17:06:31,1.0,801532.4547335748,1222859.039463299
435,2025-06-15 17:09:32,2025-06-15 17:09:31,1.0,801532.4547335748,1222859.039463299
438,2025-06-15 17:12:32,2025-06-15 17:12:31,1.0,801532.4547335748,1222859.039463299
440,2025-06-15 17:15:32,2025-06-15 17:15:32,0.0,801532.4547335748,1222859.039463299
442,2025-06-15 17:17:39,2025-06-15 17:17:40,-1.0,801532.4547335748,1222859.039463299
444,2025-06-15 17:18:16,2025-06-15 17:18:17,-1.0,801532.4547335748,1222859.039463299
445,2025-06-15 17:18:32,2025-06-15 17:18:31,1.0,801532.4547335748,1222859.039463299
447,2025-06-15 17:21:32,2025-06-15 17:21:32,0.0,801532.4547335748,1222859.039463299
450,2025-06-15 17:24:32,2025-06-15 17:24:32,0.0,801532.4547335748,1222859.039463299
452,2025-06-15 17:27:32,2025-06-15 17:27:31,1.0,801532.4547335748,1222859.039463299
455,2025-06-15 17:30:32,2025-06-15 17:30:32,0.0,801532.4547335748,1222859.039463299
457,2025-06-15 17:33:31,2025-06-15 17:33:32,-1.0,801532.4547335748,1222859.039463299
458,2025-06-15 17:33:32,2025-06-15 17:33:32,0.0,801532.4547335748,1222859.039463299
460,2025-06-15 17:33:56,2025-06-15 17:33:57,-1.0,801532.4547335748,1222859.039463299
462,2025-06-15 17:36:32,2025-06-15 17:36:32,0.0,801532.4547335748,1222859.039463299
464,2025-06-15 17:39:32,2025-06-15 17:39:32,0.0,801532.4547335748,1222859.039463299
467,2025-06-15 17:42:32,2025-06-15 17:42:32,0.0,801532.4547335748,1222859.039463299
468,2025-06-15 17:42:43,2025-06-15 17:42:43,0.0,801532.4547335748,1222859.039463299
470,2025-06-15 17:45:32,2025-06-15 17:45:32,0.0,801532.4547335748,1222859.039463299
473,2025-06-15 17:48:32,2025-06-15 17:48:32,0.0,801532.4547335748,1222859.039463299
474,2025-06-15 17:49:06,2025-06-15 17:49:07,-1.0,801532.4547335748,1222859.039463299
475,2025-06-15 17:49:16,2025-06-15 17:49:17,-1.0,801532.4547335748,1222859.039463299
477,2025-06-15 17:51:32,2025-06-15 17:51:32,0.0,801532.4547335748,1222859.039463299
480,2025-06-15 17:54:32,2025-06-15 17:54:32,0.0,801532.4547335748,1222859.039463299
482,2025-06-15 17:57:32,2025-06-15 17:57:32,0.0,801532.4547335748,1222859.039463299
484,2025-06-15 17:59:16,2025-06-15 17:59:17,-1.0,801532.4547335748,1222859.039463299
486,2025-06-15 18:00:32,2025-06-15 18:00:32,0.0,801532.4547335748,1222859.039463299
487,2025-06-15 18:01:17,2025-06-15 18:01:17,0.0,801532.4547335748,1222859.039463299
488,2025-06-15 18:01:17,2025-06-15 18:01:17,0.0,801532.4547335748,1222859.039463299
492,2025-06-15 18:03:32,2025-06-15 18:03:32,0.0,801532.4547335748,1222859.039463299
495,2025-06-15 18:06:17,2025-06-15 18:06:18,-1.0,801532.4547335748,1222859.039463299
497,2025-06-15 19:06:12,2025-06-15 19:04:02,130.0,801532.4547335748,1222859.039463299
499,2025-06-15 20:06:12,2025-06-15 20:03:51,141.0,801532.4547335748,1222859.039463299
501,2025-06-15 21:06:12,2025-06-15 21:03:53,139.0,801532.4547335748,1222859.039463299
503,2025-06-15 22:06:12,2025-06-15 22:03:59,133.0,801532.4547335748,1222859.039463299
505,2025-06-15 23:06:12,2025-06-15 23:04:13,119.0,801532.4547335748,1222859.039463299
508,2025-06-16 00:06:12,2025-06-16 00:04:27,105.0,801532.4547335748,1222859.039463299
510,2025-06-16 01:06:12,2025-06-16 01:03:57,135.0,801532.4547335748,1222859.039463299
512,2025-06-16 02:06:12,2025-06-16 02:03:52,140.0,801532.4547335748,1222859.039463299
514,2025-06-16 03:06:12,2025-06-16 03:03:50,142.0,801532.4547335748,1222859.039463299
516,2025-06-16 04:06:12,2025-06-16 04:04:21,111.0,801532.4547335748,1222859.039463299
518,2025-06-16 05:06:12,2025-06-16 05:03:52,140.0,801532.4547335748,1222859.039463299
520,2025-06-16 06:06:12,2025-06-16 06:03:49,143.0,801532.4547335748,1222859.039463299
522,2025-06-16 07:06:12,2025-06-16 07:04:00,132.0,801532.4547335748,1222859.039463299
523,2025-06-16 07:34:19,2025-06-16 07:04:00,1819.0,801532.4547335748,1222859.039463299
524,2025-06-16 07:34:19,2025-06-16 07:04:00,1819.0,801532.4547335748,1222859.039463299
526,2025-06-16 07:34:36,2025-06-16 07:34:37,-1.0,801532.4547335748,1222859.039463299
528,2025-06-16 07:37:28,2025-06-16 07:37:28,0.0,801532.4547335748,1222859.039463299
533,2025-06-16 07:40:28,2025-06-16 07:40:28,0.0,801532.4547335748,1222859.039463299
535,2025-06-16 07:41:20,2025-06-16 07:41:20,0.0,801532.4547335748,1222859.039463299
536,2025-06-16 07:42:16,2025-06-16 07:42:17,-1.0,801532.4547335748,1222859.039463299
538,2025-06-16 07:43:28,2025-06-16 07:43:28,0.0,801532.4547335748,1222859.039463299
540,2025-06-16 07:46:28,2025-06-16 07:46:26,2.0,801532.4547335748,1222859.039463299
542,2025-06-16 07:47:54,2025-06-16 07:46:36,78.0,801532.4547335748,1222859.039463299
544,2025-06-16 07:49:28,2025-06-16 07:46:26,182.0,801532.4547335748,1222859.039463299
545,2025-06-16 07:49:54,2025-06-16 07:46:36,198.0,801532.4547335748,1222859.039463299
546,2025-06-16 07:49:54,2025-06-16 07:46:36,198.0,801532.4547335748,1222859.039463299
550,2025-06-16 07:52:28,2025-06-16 07:46:26,362.0,801532.4547335748,1222859.039463299
553,2025-06-16 07:54:57,2025-06-16 07:46:26,511.0,801532.4547335748,1222859.039463299
555,2025-06-16 08:54:49,2025-06-16 07:46:26,4103.0,801532.4547335748,1222859.039463299
557,2025-06-16 09:54:49,2025-06-16 07:46:26,7703.0,801532.4547335748,1222859.039463299
559,2025-06-16 10:54:49,2025-06-16 07:46:26,11303.0,801532.4547335748,1222859.039463299
561,2025-06-16 11:54:49,2025-06-16 07:46:26,14903.0,801532.4547335748,1222859.039463299
563,2025-06-16 12:54:49,2025-06-16 07:46:26,18503.0,801532.4547335748,1222859.039463299
565,2025-06-16 13:54:49,2025-06-16 07:46:26,22103.0,801532.4547335748,1222859.039463299
567,2025-06-16 14:54:49,2025-06-16 07:46:26,25703.0,801532.4547335748,1222859.039463299
569,2025-06-16 15:54:49,2025-06-16 07:46:26,29303.0,801532.4547335748,1222859.039463299
571,2025-06-16 16:54:49,2025-06-16 07:46:36,32893.0,801532.4547335748,1222859.039463299
573,2025-06-16 17:54:49,2025-06-16 17:53:17,92.0,801532.4547335748,1222859.039463299
574,2025-06-16 17:57:58,2025-06-16 17:53:17,281.0,801532.4547335748,1222859.039463299
575,2025-06-16 17:57:58,2025-06-16 17:53:17,281.0,801532.4547335748,1222859.039463299
577,2025-06-16 17:58:19,2025-06-16 17:58:20,-1.0,801532.4547335748,1222859.039463299
579,2025-06-16 18:01:05,2025-06-16 18:01:05,0.0,801532.4547335748,1222859.039463299
584,2025-06-16 18:04:05,2025-06-16 18:04:05,0.0,801532.4547335748,1222859.039463299
587,2025-06-16 18:07:05,2025-06-16 18:07:05,0.0,801532.4547335748,1222859.039463299
589,2025-06-16 18:10:05,2025-06-16 18:10:05,0.0,801532.4547335748,1222859.039463299
592,2025-06-16 18:13:05,2025-06-16 18:13:05,0.0,801532.4547335748,1222859.039463299
594,2025-06-16 18:15:26,2025-06-16 18:15:27,-1.0,801532.4547335748,1222859.039463299
595,2025-06-16 18:16:05,2025-06-16 18:16:05,0.0,801532.4547335748,1222859.039463299
597,2025-06-16 18:17:26,2025-06-16 18:17:27,-1.0,801532.4547335748,1222859.039463299
598,2025-06-16 18:17:26,2025-06-16 18:17:27,-1.0,801532.4547335748,1222859.039463299
602,2025-06-16 18:19:05,2025-06-16 18:19:05,0.0,801532.4547335748,1222859.039463299
603,2025-06-16 18:19:30,2025-06-16 18:19:30,0.0,801532.4547335748,1222859.039463299
604,2025-06-16 18:19:30,2025-06-16 18:19:30,0.0,801532.4547335748,1222859.039463299
606,2025-06-16 18:22:05,2025-06-16 18:22:05,0.0,801532.4547335748,1222859.039463299
607,2025-06-16 18:22:15,2025-06-16 18:22:16,-1.0,801532.4547335748,1222859.039463299
612,2025-06-16 18:24:16,2025-06-16 18:24:16,0.0,801532.4547335748,1222859.039463299
613,2025-06-16 18:24:16,2025-06-16 18:24:16,0.0,801532.4547335748,1222859.039463299
617,2025-06-16 18:25:05,2025-06-16 18:25:05,0.0,801532.4547335748,1222859.039463299
619,2025-06-16 18:28:05,2025-06-16 18:28:05,0.0,801532.4547335748,1222859.039463299
621,2025-06-16 18:29:16,2025-06-16 18:29:17,-1.0,801532.4547335748,1222859.039463299
623,2025-06-16 19:29:11,2025-06-16 19:26:56,135.0,801532.4547335748,1222859.039463299
625,2025-06-16 20:29:11,2025-06-16 20:27:25,106.0,801532.4547335748,1222859.039463299
627,2025-06-16 21:29:11,2025-06-16 21:26:51,140.0,801532.4547335748,1222859.039463299
629,2025-06-16 22:29:11,2025-06-16 22:27:02,129.0,801532.4547335748,1222859.039463299
631,2025-06-16 23:29:11,2025-06-16 23:26:54,137.0,801532.4547335748,1222859.039463299
633,2025-06-17 00:29:11,2025-06-17 00:27:02,129.0,801532.4547335748,1222859.039463299
635,2025-06-17 01:29:11,2025-06-17 01:26:58,133.0,801532.4547335748,1222859.039463299
637,2025-06-17 02:29:11,2025-06-17 02:26:52,139.0,801532.4547335748,1222859.039463299
639,2025-06-17 03:29:11,2025-06-17 03:27:05,126.0,801532.4547335748,1222859.039463299
641,2025-06-17 04:29:11,2025-06-17 04:26:53,138.0,801532.4547335748,1222859.039463299
643,2025-06-17 05:29:11,2025-06-17 05:27:24,107.0,801532.4547335748,1222859.039463299
645,2025-06-17 06:29:11,2025-06-17 06:26:55,136.0,801532.4547335748,1222859.039463299
646,2025-06-17 07:02:45,2025-06-17 06:26:55,2150.0,801532.4547335748,1222859.039463299
648,2025-06-17 07:02:45,2025-06-17 06:26:55,2150.0,801532.4547335748,1222859.039463299
649,2025-06-17 07:02:57,2025-06-17 07:02:58,-1.0,801532.4547335748,1222859.039463299
650,2025-06-17 07:03:21,2025-06-17 07:03:22,-1.0,801532.4547335748,1222859.039463299
652,2025-06-17 07:04:47,2025-06-17 07:04:47,0.0,801532.4547335748,1222859.039463299
653,2025-06-17 07:05:55,2025-06-17 07:05:52,3.0,801532.4547335748,1222859.039463299
659,2025-06-17 07:08:54,2025-06-17 07:08:52,2.0,801532.4547335748,1222859.039463299
661,2025-06-17 07:11:54,2025-06-17 07:11:52,2.0,801532.4547335748,1222859.039463299
664,2025-06-17 07:14:54,2025-06-17 07:14:51,3.0,801532.4547335748,1222859.039463299
665,2025-06-17 07:14:56,2025-06-17 07:14:54,2.0,801532.4547335748,1222859.039463299
666,2025-06-17 07:15:30,2025-06-17 07:15:29,1.0,801532.4547335748,1222859.039463299
668,2025-06-17 07:17:54,2025-06-17 07:17:52,2.0,801532.4547335748,1222859.039463299
671,2025-06-17 07:20:54,2025-06-17 07:20:52,2.0,801532.4547335748,1222859.039463299
673,2025-06-17 07:23:48,2025-06-17 07:23:47,1.0,801532.4547335748,1222859.039463299
674,2025-06-17 07:23:54,2025-06-17 07:23:52,2.0,801532.4547335748,1222859.039463299
675,2025-06-17 07:24:05,2025-06-17 07:24:04,1.0,801532.4547335748,1222859.039463299
678,2025-06-17 07:26:54,2025-06-17 07:26:52,2.0,801532.4547335748,1222859.039463299
680,2025-06-17 07:29:54,2025-06-17 07:29:52,2.0,801532.4547335748,1222859.039463299
683,2025-06-17 07:32:54,2025-06-17 07:32:52,2.0,801532.4547335748,1222859.039463299
684,2025-06-17 07:33:03,2025-06-17 07:33:02,1.0,801532.4547335748,1222859.039463299
685,2025-06-17 07:33:46,2025-06-17 07:33:45,1.0,801532.4547335748,1222859.039463299
687,2025-06-17 07:35:54,2025-06-17 07:35:52,2.0,801532.4547335748,1222859.039463299
690,2025-06-17 07:38:54,2025-06-17 07:38:52,2.0,801532.4547335748,1222859.039463299
691,2025-06-17 07:40:03,2025-06-17 07:40:02,1.0,801532.4547335748,1222859.039463299
692,2025-06-17 07:40:13,2025-06-17 07:40:12,1.0,801532.4547335748,1222859.039463299
694,2025-06-17 07:41:13,2025-06-17 07:41:12,1.0,801532.4547335748,1222859.039463299
695,2025-06-17 07:41:23,2025-06-17 07:41:22,1.0,801532.4547335748,1222859.039463299
696,2025-06-17 07:41:54,2025-06-17 07:41:52,2.0,801532.4547335748,1222859.039463299
698,2025-06-17 07:44:19,2025-06-17 07:43:19,60.0,801532.4547335748,1222859.039463299
700,2025-06-17 07:44:54,2025-06-17 07:41:52,182.0,801532.4547335748,1222859.039463299
701,2025-06-17 07:46:20,2025-06-17 07:43:19,181.0,801532.4547335748,1222859.039463299
702,2025-06-17 07:46:20,2025-06-17 07:43:19,181.0,801532.4547335748,1222859.039463299
706,2025-06-17 07:47:54,2025-06-17 07:41:52,362.0,801532.4547335748,1222859.039463299
709,2025-06-17 07:50:54,2025-06-17 07:41:52,542.0,801532.4547335748,1222859.039463299
710,2025-06-17 07:51:21,2025-06-17 07:41:52,569.0,801532.4547335748,1222859.039463299
712,2025-06-17 08:51:15,2025-06-17 07:41:52,4163.0,801532.4547335748,1222859.039463299
714,2025-06-17 09:51:15,2025-06-17 07:41:52,7763.0,801532.4547335748,1222859.039463299
716,2025-06-17 10:51:15,2025-06-17 07:41:52,11363.0,801532.4547335748,1222859.039463299
718,2025-06-17 11:51:15,2025-06-17 07:41:52,14963.0,801532.4547335748,1222859.039463299
720,2025-06-17 12:51:15,2025-06-17 07:41:52,18563.0,801532.4547335748,1222859.039463299
722,2025-06-17 13:51:15,2025-06-17 07:41:52,22163.0,801532.4547335748,1222859.039463299
724,2025-06-17 14:51:15,2025-06-17 07:41:52,25763.0,801532.4547335748,1222859.039463299
726,2025-06-17 15:51:15,2025-06-17 07:41:52,29363.0,801532.4547335748,1222859.039463299
728,2025-06-17 16:51:15,2025-06-17 07:43:19,32876.0,801532.4547335748,1222859.039463299
730,2025-06-17 17:51:15,2025-06-17 17:49:02,133.0,801532.4547335748,1222859.039463299
731,2025-06-17 17:51:31,2025-06-17 17:49:02,149.0,801532.4547335748,1222859.039463299
732,2025-06-17 17:51:31,2025-06-17 17:49:02,149.0,801532.4547335748,1222859.039463299
734,2025-06-17 17:51:45,2025-06-17 17:51:45,0.0,801532.4547335748,1222859.039463299
736,2025-06-17 17:54:36,2025-06-17 17:54:34,2.0,801532.4547335748,1222859.039463299
741,2025-06-17 17:57:36,2025-06-17 17:57:34,2.0,801532.4547335748,1222859.039463299
744,2025-06-17 18:00:36,2025-06-17 18:00:34,2.0,801532.4547335748,1222859.039463299
746,2025-06-17 18:01:54,2025-06-17 18:01:53,1.0,801532.4547335748,1222859.039463299
747,2025-06-17 18:03:36,2025-06-17 18:03:34,2.0,801532.4547335748,1222859.039463299
748,2025-06-17 18:03:46,2025-06-17 18:03:45,1.0,801532.4547335748,1222859.039463299
751,2025-06-17 18:06:36,2025-06-17 18:06:34,2.0,801532.4547335748,1222859.039463299
753,2025-06-17 18:09:36,2025-06-17 18:09:34,2.0,801532.4547335748,1222859.039463299
756,2025-06-17 18:12:36,2025-06-17 18:12:34,2.0,801532.4547335748,1222859.039463299
758,2025-06-17 18:14:44,2025-06-17 18:14:43,1.0,801532.4547335748,1222859.039463299
759,2025-06-17 18:15:36,2025-06-17 18:15:34,2.0,801532.4547335748,1222859.039463299
761,2025-06-17 18:16:44,2025-06-17 18:16:43,1.0,801532.4547335748,1222859.039463299
762,2025-06-17 18:16:44,2025-06-17 18:16:43,1.0,801532.4547335748,1222859.039463299
766,2025-06-17 18:18:36,2025-06-17 18:18:34,2.0,801532.4547335748,1222859.039463299
767,2025-06-17 18:19:22,2025-06-17 18:19:21,1.0,801532.4547335748,1222859.039463299
768,2025-06-17 18:19:22,2025-06-17 18:19:21,1.0,801532.4547335748,1222859.039463299
770,2025-06-17 18:21:36,2025-06-17 18:21:34,2.0,801532.4547335748,1222859.039463299
772,2025-06-17 18:22:16,2025-06-17 18:22:15,1.0,801532.4547335748,1222859.039463299
777,2025-06-17 18:24:17,2025-06-17 18:24:15,2.0,801532.4547335748,1222859.039463299
778,2025-06-17 18:24:17,2025-06-17 18:24:15,2.0,801532.4547335748,1222859.039463299
781,2025-06-17 18:24:36,2025-06-17 18:24:34,2.0,801532.4547335748,1222859.039463299
783,2025-06-17 18:27:36,2025-06-17 18:27:34,2.0,801532.4547335748,1222859.039463299
785,2025-06-17 18:29:17,2025-06-17 18:29:16,1.0,801532.4547335748,1222859.039463299
787,2025-06-17 19:29:12,2025-06-17 19:26:46,146.0,801532.4547335748,1222859.039463299
789,2025-06-17 20:29:12,2025-06-17 20:26:47,145.0,801532.4547335748,1222859.039463299
791,2025-06-17 21:29:12,2025-06-17 21:26:52,140.0,801532.4547335748,1222859.039463299
793,2025-06-17 22:29:12,2025-06-17 22:27:05,127.0,801532.4547335748,1222859.039463299
795,2025-06-17 23:29:12,2025-06-17 23:26:52,140.0,801532.4547335748,1222859.039463299
797,2025-06-18 00:29:12,2025-06-18 00:26:47,145.0,801532.4547335748,1222859.039463299
799,2025-06-18 01:29:12,2025-06-18 01:26:49,143.0,801532.4547335748,1222859.039463299
801,2025-06-18 02:29:12,2025-06-18 02:26:51,141.0,801532.4547335748,1222859.039463299
803,2025-06-18 03:29:12,2025-06-18 03:26:50,142.0,801532.4547335748,1222859.039463299
805,2025-06-18 04:29:12,2025-06-18 04:26:50,142.0,801532.4547335748,1222859.039463299
807,2025-06-18 05:29:12,2025-06-18 05:26:52,140.0,801532.4547335748,1222859.039463299
809,2025-06-18 06:29:12,2025-06-18 06:27:27,105.0,801532.4547335748,1222859.039463299
811,2025-06-18 07:29:12,2025-06-18 07:26:51,141.0,801532.4547335748,1222859.039463299
812,2025-06-18 07:32:05,2025-06-18 07:26:51,314.0,801532.4547335748,1222859.039463299
813,2025-06-18 07:32:05,2025-06-18 07:26:51,314.0,801532.4547335748,1222859.039463299
815,2025-06-18 07:33:45,2025-06-18 07:33:44,1.0,801532.4547335748,1222859.039463299
817,2025-06-18 07:35:13,2025-06-18 07:35:12,1.0,801532.4547335748,1222859.039463299
822,2025-06-18 07:38:13,2025-06-18 07:38:11,2.0,801532.4547335748,1222859.039463299
825,2025-06-18 07:41:13,2025-06-18 07:41:12,1.0,801532.4547335748,1222859.039463299
827,2025-06-18 07:44:13,2025-06-18 07:44:11,2.0,801532.4547335748,1222859.039463299
829,2025-06-18 07:46:10,2025-06-18 07:45:10,60.0,801532.4547335748,1222859.039463299
831,2025-06-18 07:47:13,2025-06-18 07:44:11,182.0,801532.4547335748,1222859.039463299
832,2025-06-18 07:48:11,2025-06-18 07:45:10,181.0,801532.4547335748,1222859.039463299
833,2025-06-18 07:48:11,2025-06-18 07:45:10,181.0,801532.4547335748,1222859.039463299
837,2025-06-18 07:50:13,2025-06-18 07:44:11,362.0,801532.4547335748,1222859.039463299
840,2025-06-18 07:53:11,2025-06-18 07:44:11,540.0,801532.4547335748,1222859.039463299
842,2025-06-18 08:53:06,2025-06-18 07:44:11,4135.0,801532.4547335748,1222859.039463299
844,2025-06-18 09:53:06,2025-06-18 07:44:11,7735.0,801532.4547335748,1222859.039463299
846,2025-06-18 10:53:06,2025-06-18 07:44:11,11335.0,801532.4547335748,1222859.039463299
848,2025-06-18 11:53:06,2025-06-18 07:44:11,14935.0,801532.4547335748,1222859.039463299
850,2025-06-18 12:53:06,2025-06-18 07:44:11,18535.0,801532.4547335748,1222859.039463299
852,2025-06-18 13:53:06,2025-06-18 07:44:11,22135.0,801532.4547335748,1222859.039463299
854,2025-06-18 14:53:06,2025-06-18 07:44:11,25735.0,801532.4547335748,1222859.039463299
856,2025-06-18 15:53:06,2025-06-18 07:44:11,29335.0,801532.4547335748,1222859.039463299
858,2025-06-18 16:53:06,2025-06-18 07:45:10,32876.0,801532.4547335748,1222859.039463299
860,2025-06-18 17:53:06,2025-06-18 17:50:56,130.0,801532.4547335748,1222859.039463299
862,2025-06-18 18:53:06,2025-06-18 18:51:06,120.0,801532.4547335748,1222859.039463299
864,2025-06-18 19:53:06,2025-06-18 19:50:45,141.0,801532.4547335748,1222859.039463299
866,2025-06-18 20:53:06,2025-06-18 20:50:48,138.0,801532.4547335748,1222859.039463299
868,2025-06-18 21:53:06,2025-06-18 21:50:46,140.0,801532.4547335748,1222859.039463299
870,2025-06-18 22:53:06,2025-06-18 22:50:48,138.0,801532.4547335748,1222859.039463299
872,2025-06-18 23:53:06,2025-06-18 23:51:01,125.0,801532.4547335748,1222859.039463299
874,2025-06-19 00:53:06,2025-06-19 00:50:46,140.0,801532.4547335748,1222859.039463299
876,2025-06-19 01:53:06,2025-06-19 01:50:42,144.0,801532.4547335748,1222859.039463299
878,2025-06-19 02:53:06,2025-06-19 02:51:06,120.0,801532.4547335748,1222859.039463299
880,2025-06-19 03:53:06,2025-06-19 03:50:50,136.0,801532.4547335748,1222859.039463299
882,2025-06-19 04:53:06,2025-06-19 04:50:48,138.0,801532.4547335748,1222859.039463299
884,2025-06-19 05:53:06,2025-06-19 05:50:44,142.0,801532.4547335748,1222859.039463299
886,2025-06-19 06:53:06,2025-06-19 06:50:59,127.0,801532.4547335748,1222859.039463299
888,2025-06-19 07:53:06,2025-06-19 07:50:43,143.0,801532.4547335748,1222859.039463299
890,2025-06-19 08:53:06,2025-06-19 08:50:46,140.0,801532.4547335748,1222859.039463299
895,2025-06-19 09:43:43,2025-06-19 08:50:46,3177.0,801532.4547335748,1222859.039463299
896,2025-06-19 09:43:43,2025-06-19 08:50:46,3177.0,801532.4547335748,1222859.039463299
897,2025-06-19 09:44:29,2025-06-19 09:44:29,0.0,801532.4547335748,1222859.039463299
898,2025-06-19 09:46:52,2025-06-19 09:46:51,1.0,801532.4547335748,1222859.039463299
904,2025-06-19 09:49:52,2025-06-19 09:49:51,1.0,801532.4547335748,1222859.039463299
905,2025-06-19 09:50:17,2025-06-19 09:50:16,1.0,801532.4547335748,1222859.039463299
907,2025-06-19 09:52:17,2025-06-19 09:52:17,0.0,801532.4547335748,1222859.039463299
908,2025-06-19 09:52:17,2025-06-19 09:52:17,0.0,801532.4547335748,1222859.039463299
911,2025-06-19 09:52:52,2025-06-19 09:52:51,1.0,801532.4547335748,1222859.039463299
914,2025-06-19 09:55:52,2025-06-19 09:55:51,1.0,801532.4547335748,1222859.039463299
915,2025-06-19 09:56:48,2025-06-19 09:56:48,0.0,801532.4547335748,1222859.039463299
916,2025-06-19 09:56:48,2025-06-19 09:56:48,0.0,801532.4547335748,1222859.039463299
918,2025-06-19 09:58:52,2025-06-19 09:58:51,1.0,801532.4547335748,1222859.039463299
924,2025-06-19 10:01:52,2025-06-19 10:01:51,1.0,801532.4547335748,1222859.039463299
926,2025-06-19 10:04:52,2025-06-19 10:04:51,1.0,801532.4547335748,1222859.039463299
929,2025-06-19 10:07:52,2025-06-19 10:07:51,1.0,801532.4547335748,1222859.039463299
931,2025-06-19 10:10:52,2025-06-19 10:10:51,1.0,801532.4547335748,1222859.039463299
932,2025-06-19 10:10:52,2025-06-19 10:10:51,1.0,801532.4547335748,1222859.039463299
933,2025-06-19 10:10:52,2025-06-19 10:10:51,1.0,801532.4547335748,1222859.039463299
934,2025-06-19 10:10:52,2025-06-19 10:10:51,1.0,801532.4547335748,1222859.039463299
936,2025-06-19 10:13:53,2025-06-19 10:13:52,1.0,801532.4547335748,1222859.039463299
942,2025-06-19 10:16:53,2025-06-19 10:16:52,1.0,801532.4547335748,1222859.039463299
944,2025-06-19 10:19:53,2025-06-19 10:19:52,1.0,801532.4547335748,1222859.039463299
947,2025-06-19 10:22:53,2025-06-19 10:22:52,1.0,801532.4547335748,1222859.039463299
949,2025-06-19 10:25:53,2025-06-19 10:25:52,1.0,801532.4547335748,1222859.039463299
952,2025-06-19 10:28:53,2025-06-19 10:28:52,1.0,801532.4547335748,1222859.039463299
953,2025-06-19 10:31:53,2025-06-19 10:31:52,1.0,801532.4547335748,1222859.039463299
956,2025-06-19 10:34:53,2025-06-19 10:34:52,1.0,801532.4547335748,1222859.039463299
958,2025-06-19 10:37:53,2025-06-19 10:37:52,1.0,801532.4547335748,1222859.039463299
961,2025-06-19 10:40:53,2025-06-19 10:40:52,1.0,801532.4547335748,1222859.039463299
963,2025-06-19 10:43:53,2025-06-19 10:43:52,1.0,801532.4547335748,1222859.039463299
966,2025-06-19 10:46:53,2025-06-19 10:46:52,1.0,801532.4547335748,1222859.039463299
968,2025-06-19 10:49:53,2025-06-19 10:49:52,1.0,801532.4547335748,1222859.039463299
971,2025-06-19 10:52:53,2025-06-19 10:52:52,1.0,801532.4547335748,1222859.039463299
973,2025-06-19 10:55:53,2025-06-19 10:55:52,1.0,801532.4547335748,1222859.039463299
976,2025-06-19 10:58:53,2025-06-19 10:58:52,1.0,801532.4547335748,1222859.039463299
978,2025-06-19 11:01:53,2025-06-19 11:01:52,1.0,801532.4547335748,1222859.039463299
981,2025-06-19 11:04:53,2025-06-19 11:04:52,1.0,801532.4547335748,1222859.039463299
983,2025-06-19 11:07:53,2025-06-19 11:07:52,1.0,801532.4547335748,1222859.039463299
986,2025-06-19 11:10:53,2025-06-19 11:10:52,1.0,801532.4547335748,1222859.039463299
988,2025-06-19 11:13:53,2025-06-19 11:13:52,1.0,801532.4547335748,1222859.039463299
991,2025-06-19 11:16:53,2025-06-19 11:16:52,1.0,801532.4547335748,1222859.039463299
993,2025-06-19 11:19:53,2025-06-19 11:19:52,1.0,801532.4547335748,1222859.039463299
996,2025-06-19 11:22:53,2025-06-19 11:22:52,1.0,801532.4547335748,1222859.039463299
998,2025-06-19 11:25:53,2025-06-19 11:25:52,1.0,801532.4547335748,1222859.039463299
1000,2025-06-19 11:28:53,2025-06-19 11:28:52,1.0,801532.4547335748,1222859.039463299
1003,2025-06-19 11:31:53,2025-06-19 11:31:52,1.0,801532.4547335748,1222859.039463299
1005,2025-06-19 11:34:53,2025-06-19 11:34:52,1.0,801532.4547335748,1222859.039463299
1008,2025-06-19 11:37:53,2025-06-19 11:37:52,1.0,801532.4547335748,1222859.039463299
1010,2025-06-19 11:40:53,2025-06-19 11:40:52,1.0,801532.4547335748,1222859.039463299
1013,2025-06-19 11:43:53,2025-06-19 11:43:52,1.0,801532.4547335748,1222859.039463299
1015,2025-06-19 11:46:53,2025-06-19 11:46:52,1.0,801532.4547335748,1222859.039463299
1018,2025-06-19 11:49:53,2025-06-19 11:49:52,1.0,801532.4547335748,1222859.039463299
1020,2025-06-19 11:52:53,2025-06-19 11:52:52,1.0,801532.4547335748,1222859.039463299
1023,2025-06-19 11:55:53,2025-06-19 11:55:52,1.0,801532.4547335748,1222859.039463299
1025,2025-06-19 11:58:53,2025-06-19 11:58:52,1.0,801532.4547335748,1222859.039463299
1028,2025-06-19 12:01:53,2025-06-19 12:01:52,1.0,801532.4547335748,1222859.039463299
1030,2025-06-19 12:04:53,2025-06-19 12:04:52,1.0,801532.4547335748,1222859.039463299
1031,2025-06-19 12:07:53,2025-06-19 12:07:52,1.0,801532.4547335748,1222859.039463299
1032,2025-06-19 12:10:53,2025-06-19 12:10:52,1.0,801532.4547335748,1222859.039463299
1034,2025-06-19 12:13:53,2025-06-19 12:13:52,1.0,801532.4547335748,1222859.039463299
1037,2025-06-19 12:16:53,2025-06-19 12:16:52,1.0,801532.4547335748,1222859.039463299
1039,2025-06-19 12:19:53,2025-06-19 12:19:52,1.0,801532.4547335748,1222859.039463299
1042,2025-06-19 12:22:53,2025-06-19 12:22:52,1.0,801532.4547335748,1222859.039463299
1044,2025-06-19 12:25:53,2025-06-19 12:25:52,1.0,801532.4547335748,1222859.039463299
1047,2025-06-19 12:28:53,2025-06-19 12:28:52,1.0,801532.4547335748,1222859.039463299
1049,2025-06-19 12:31:53,2025-06-19 12:31:52,1.0,801532.4547335748,1222859.039463299
1052,2025-06-19 12:34:53,2025-06-19 12:34:52,1.0,801532.4547335748,1222859.039463299
1053,2025-06-19 12:35:38,2025-06-19 12:35:38,0.0,801532.4547335748,1222859.039463299
1055,2025-06-19 12:37:39,2025-06-19 12:37:38,1.0,801532.4547335748,1222859.039463299
1056,2025-06-19 12:37:39,2025-06-19 12:37:38,1.0,801532.4547335748,1222859.039463299
1059,2025-06-19 12:37:53,2025-06-19 12:37:52,1.0,801532.4547335748,1222859.039463299
1062,2025-06-19 12:40:53,2025-06-19 12:40:52,1.0,801532.4547335748,1222859.039463299
1063,2025-06-19 12:42:39,2025-06-19 12:42:39,0.0,801532.4547335748,1222859.039463299
1066,2025-06-19 13:42:34,2025-06-19 13:40:08,146.0,801532.4547335748,1222859.039463299
1068,2025-06-19 14:42:34,2025-06-19 14:40:08,146.0,801532.4547335748,1222859.039463299
1069,2025-06-19 15:09:07,2025-06-19 14:40:08,1739.0,801532.4547335748,1222859.039463299
1071,2025-06-19 15:09:07,2025-06-19 14:40:08,1739.0,801532.4547335748,1222859.039463299
1072,2025-06-19 15:09:48,2025-06-19 15:09:48,0.0,801532.4547335748,1222859.039463299
1074,2025-06-19 15:12:15,2025-06-19 15:12:14,1.0,801532.4547335748,1222859.039463299
1079,2025-06-19 15:15:15,2025-06-19 15:15:14,1.0,801532.4547335748,1222859.039463299
1082,2025-06-19 15:18:15,2025-06-19 15:18:14,1.0,801532.4547335748,1222859.039463299
1084,2025-06-19 15:21:15,2025-06-19 15:21:14,1.0,801532.4547335748,1222859.039463299
1087,2025-06-19 15:24:15,2025-06-19 15:24:14,1.0,801532.4547335748,1222859.039463299
1089,2025-06-19 15:27:15,2025-06-19 15:27:14,1.0,801532.4547335748,1222859.039463299
1091,2025-06-19 15:29:23,2025-06-19 15:29:22,1.0,801532.4547335748,1222859.039463299
1093,2025-06-19 15:30:15,2025-06-19 15:30:14,1.0,801532.4547335748,1222859.039463299
1094,2025-06-19 15:30:33,2025-06-19 15:30:32,1.0,801532.4547335748,1222859.039463299
1096,2025-06-19 15:33:15,2025-06-19 15:33:14,1.0,801532.4547335748,1222859.039463299
1099,2025-06-19 15:36:15,2025-06-19 15:36:14,1.0,801532.4547335748,1222859.039463299
1101,2025-06-19 15:39:02,2025-06-19 15:39:02,0.0,801532.4547335748,1222859.039463299
1102,2025-06-19 15:39:15,2025-06-19 15:39:14,1.0,801532.4547335748,1222859.039463299
1104,2025-06-19 15:39:28,2025-06-19 15:39:28,0.0,801532.4547335748,1222859.039463299
1105,2025-06-19 15:40:00,2025-06-19 15:40:00,0.0,801532.4547335748,1222859.039463299
1106,2025-06-19 15:41:07,2025-06-19 15:41:07,0.0,801532.4547335748,1222859.039463299
1108,2025-06-19 15:42:15,2025-06-19 15:42:14,1.0,801532.4547335748,1222859.039463299
1110,2025-06-19 15:45:15,2025-06-19 15:45:14,1.0,801532.4547335748,1222859.039463299
1113,2025-06-19 15:48:15,2025-06-19 15:48:14,1.0,801532.4547335748,1222859.039463299
1116,2025-06-19 15:51:15,2025-06-19 15:51:14,1.0,801532.4547335748,1222859.039463299
1117,2025-06-19 15:51:42,2025-06-19 15:51:42,0.0,801532.4547335748,1222859.039463299
1118,2025-06-19 15:52:41,2025-06-19 15:52:41,0.0,801532.4547335748,1222859.039463299
1119,2025-06-19 15:53:02,2025-06-19 15:53:02,0.0,801532.4547335748,1222859.039463299
1120,2025-06-19 15:53:37,2025-06-19 15:53:37,0.0,801532.4547335748,1222859.039463299
1121,2025-06-19 15:54:16,2025-06-19 15:54:15,1.0,801532.4547335748,1222859.039463299
1122,2025-06-19 15:57:16,2025-06-19 15:57:15,1.0,801532.4547335748,1222859.039463299
1123,2025-06-19 16:00:16,2025-06-19 16:00:15,1.0,801532.4547335748,1222859.039463299
1124,2025-06-19 16:03:16,2025-06-19 16:03:15,1.0,801532.4547335748,1222859.039463299
1126,2025-06-19 16:06:16,2025-06-19 16:06:15,1.0,801532.4547335748,1222859.039463299
1127,2025-06-19 16:09:16,2025-06-19 16:09:15,1.0,801532.4547335748,1222859.039463299
1128,2025-06-19 16:12:16,2025-06-19 16:12:15,1.0,801532.4547335748,1222859.039463299
1129,2025-06-19 16:15:16,2025-06-19 16:15:15,1.0,801532.4547335748,1222859.039463299
1130,2025-06-19 16:18:16,2025-06-19 16:18:15,1.0,801532.4547335748,1222859.039463299
1131,2025-06-19 16:21:16,2025-06-19 16:21:15,1.0,801532.4547335748,1222859.039463299
1132,2025-06-19 16:22:28,2025-06-19 16:22:28,0.0,801532.4547335748,1222859.039463299
1133,2025-06-19 16:24:16,2025-06-19 16:24:15,1.0,801532.4547335748,1222859.039463299
1134,2025-06-19 16:24:29,2025-06-19 16:24:28,1.0,801532.4547335748,1222859.039463299
1135,2025-06-19 16:24:29,2025-06-19 16:24:28,1.0,801532.4547335748,1222859.039463299
1138,2025-06-19 16:25:39,2025-06-19 16:25:39,0.0,801532.4547335748,1222859.039463299
1139,2025-06-19 16:25:39,2025-06-19 16:25:39,0.0,801532.4547335748,1222859.039463299
1140,2025-06-19 16:27:04,2025-06-19 16:27:04,0.0,801532.4547335748,1222859.039463299
1141,2025-06-19 16:27:16,2025-06-19 16:27:15,1.0,801532.4547335748,1222859.039463299
1143,2025-06-19 16:29:05,2025-06-19 16:29:04,1.0,801532.4547335748,1222859.039463299
1144,2025-06-19 16:29:05,2025-06-19 16:29:04,1.0,801532.4547335748,1222859.039463299
1145,2025-06-19 16:30:04,2025-06-19 16:30:04,0.0,801532.4547335748,1222859.039463299
1146,2025-06-19 16:30:04,2025-06-19 16:30:04,0.0,801532.4547335748,1222859.039463299
1147,2025-06-19 16:30:18,2025-06-19 16:30:16,2.0,801532.4547335748,1222859.039463299
1148,2025-06-19 16:31:00,2025-06-19 16:31:00,0.0,801532.4547335748,1222859.039463299
1149,2025-06-19 16:32:09,2025-06-19 16:32:09,0.0,801532.4547335748,1222859.039463299
1150,2025-06-19 16:33:18,2025-06-19 16:33:16,2.0,801532.4547335748,1222859.039463299
1154,2025-06-19 16:36:19,2025-06-19 16:36:18,1.0,801532.4547335748,1222859.039463299
1155,2025-06-19 16:38:36,2025-06-19 16:38:36,0.0,801532.4547335748,1222859.039463299
1156,2025-06-19 16:39:19,2025-06-19 16:39:18,1.0,801532.4547335748,1222859.039463299
1157,2025-06-19 16:39:25,2025-06-19 16:39:25,0.0,801532.4547335748,1222859.039463299
1158,2025-06-19 16:42:19,2025-06-19 16:42:17,2.0,801532.4547335748,1222859.039463299
1160,2025-06-19 16:45:19,2025-06-19 16:45:17,2.0,801532.4547335748,1222859.039463299
1161,2025-06-19 16:45:21,2025-06-19 16:45:21,0.0,801532.4547335748,1222859.039463299
1162,2025-06-19 16:47:21,2025-06-19 16:47:21,0.0,801532.4547335748,1222859.039463299
1163,2025-06-19 16:47:21,2025-06-19 16:47:21,0.0,801532.4547335748,1222859.039463299
1164,2025-06-19 16:48:19,2025-06-19 16:48:18,1.0,801532.4547335748,1222859.039463299
1165,2025-06-19 16:51:19,2025-06-19 16:51:18,1.0,801532.4547335748,1222859.039463299
1166,2025-06-19 16:52:22,2025-06-19 16:52:22,0.0,801532.4547335748,1222859.039463299
1167,2025-06-19 17:11:15,2025-06-19 16:52:22,1133.0,801532.4547335748,1222859.039463299
1168,2025-06-19 17:11:15,2025-06-19 16:52:22,1133.0,801532.4547335748,1222859.039463299
1169,2025-06-19 17:11:27,2025-06-19 17:11:27,0.0,801532.4547335748,1222859.039463299
1170,2025-06-19 17:14:23,2025-06-19 17:14:21,2.0,801532.4547335748,1222859.039463299
1171,2025-06-19 17:14:54,2025-06-19 17:14:54,0.0,801532.4547335748,1222859.039463299
1172,2025-06-19 17:15:10,2025-06-19 17:15:09,1.0,801532.4547335748,1222859.039463299
1174,2025-06-19 17:17:20,2025-06-19 17:17:20,0.0,801532.4547335748,1222859.039463299
1175,2025-06-19 17:17:24,2025-06-19 17:17:23,1.0,801532.4547335748,1222859.039463299
1176,2025-06-19 17:19:20,2025-06-19 17:19:20,0.0,801532.4547335748,1222859.039463299
1177,2025-06-19 17:19:20,2025-06-19 17:19:20,0.0,801532.4547335748,1222859.039463299
1180,2025-06-19 17:20:25,2025-06-19 17:20:24,1.0,801532.4547335748,1222859.039463299
1181,2025-06-19 17:23:26,2025-06-19 17:23:25,1.0,801532.4547335748,1222859.039463299
1182,2025-06-19 17:24:21,2025-06-19 17:24:21,0.0,801532.4547335748,1222859.039463299
1183,2025-06-19 18:24:16,2025-06-19 18:21:51,145.0,801532.4547335748,1222859.039463299
1184,2025-06-19 19:16:42,2025-06-19 19:16:42,0.0,801532.4547335748,1222859.039463299
1185,2025-06-19 19:24:16,2025-06-19 19:21:50,146.0,801532.4547335748,1222859.039463299
1187,2025-06-19 20:07:58,2025-06-19 19:21:50,2768.0,801532.4547335748,1222859.039463299
1188,2025-06-19 20:07:58,2025-06-19 19:21:50,2768.0,801532.4547335748,1222859.039463299
1189,2025-06-19 20:08:10,2025-06-19 20:08:11,-1.0,801532.4547335748,1222859.039463299
1191,2025-06-19 20:11:07,2025-06-19 20:11:06,1.0,801532.4547335748,1222859.039463299
1196,2025-06-19 20:14:08,2025-06-19 20:14:07,1.0,801532.4547335748,1222859.039463299
1197,2025-06-19 20:15:25,2025-06-19 20:15:25,0.0,801532.4547335748,1222859.039463299
1198,2025-06-19 20:16:07,2025-06-19 20:16:07,0.0,801532.4547335748,1222859.039463299
1199,2025-06-19 20:17:08,2025-06-19 20:17:07,1.0,801532.4547335748,1222859.039463299
1200,2025-06-19 20:17:26,2025-06-19 20:17:26,0.0,801532.4547335748,1222859.039463299
1201,2025-06-19 20:19:26,2025-06-19 20:19:26,0.0,801532.4547335748,1222859.039463299
1202,2025-06-19 20:19:26,2025-06-19 20:19:26,0.0,801532.4547335748,1222859.039463299
1203,2025-06-19 20:20:08,2025-06-19 20:20:07,1.0,801532.4547335748,1222859.039463299
1204,2025-06-19 20:23:08,2025-06-19 20:23:07,1.0,801532.4547335748,1222859.039463299
1205,2025-06-19 20:24:27,2025-06-19 20:24:27,0.0,801532.4547335748,1222859.039463299
1206,2025-06-19 21:12:55,2025-06-19 21:12:55,0.0,801532.4547335748,1222859.039463299
1207,2025-06-19 21:24:21,2025-06-19 21:21:59,142.0,801532.4547335748,1222859.039463299
1208,2025-06-19 22:13:00,2025-06-19 22:13:00,0.0,801532.4547335748,1222859.039463299
1209,2025-06-19 22:24:21,2025-06-19 22:22:01,140.0,801532.4547335748,1222859.039463299
1210,2025-06-19 23:13:06,2025-06-19 23:13:07,-1.0,801532.4547335748,1222859.039463299
1211,2025-06-19 23:24:21,2025-06-19 23:22:08,133.0,801532.4547335748,1222859.039463299
1212,2025-06-20 00:13:06,2025-06-19 23:22:08,3058.0,801532.4547335748,1222859.039463299
1213,2025-06-20 00:24:21,2025-06-20 00:22:47,94.0,801532.4547335748,1222859.039463299
1214,2025-06-20 01:13:02,2025-06-20 01:13:03,-1.0,801532.4547335748,1222859.039463299
1215,2025-06-20 01:24:21,2025-06-20 01:22:01,140.0,801532.4547335748,1222859.039463299
1216,2025-06-20 02:13:04,2025-06-20 02:13:05,-1.0,801532.4547335748,1222859.039463299
1217,2025-06-20 02:24:21,2025-06-20 02:22:02,139.0,801532.4547335748,1222859.039463299
1218,2025-06-20 03:13:04,2025-06-20 03:13:04,0.0,801532.4547335748,1222859.039463299
1219,2025-06-20 03:24:21,2025-06-20 03:22:03,138.0,801532.4547335748,1222859.039463299
1220,2025-06-20 04:13:08,2025-06-20 04:13:09,-1.0,801532.4547335748,1222859.039463299
1221,2025-06-20 04:24:21,2025-06-20 04:22:13,128.0,801532.4547335748,1222859.039463299
1222,2025-06-20 05:13:08,2025-06-20 05:13:08,0.0,801532.4547335748,1222859.039463299
1223,2025-06-20 05:24:21,2025-06-20 04:22:13,3728.0,801532.4547335748,1222859.039463299
1224,2025-06-20 06:13:29,2025-06-20 06:13:30,-1.0,801532.4547335748,1222859.039463299
1225,2025-06-20 06:24:21,2025-06-20 04:22:13,7328.0,801532.4547335748,1222859.039463299
1226,2025-06-20 07:13:23,2025-06-20 04:22:13,10270.0,801532.4547335748,1222859.039463299
1227,2025-06-20 07:24:21,2025-06-20 04:22:13,10928.0,801532.4547335748,1222859.039463299
1228,2025-06-20 08:13:41,2025-06-20 08:13:41,0.0,801532.4547335748,1222859.039463299
1229,2025-06-20 08:24:21,2025-06-20 04:22:13,14528.0,801532.4547335748,1222859.039463299
1230,2025-06-20 09:06:58,2025-06-20 08:13:41,3197.0,801532.4547335748,1222859.039463299
1231,2025-06-20 09:06:58,2025-06-20 08:13:41,3197.0,801532.4547335748,1222859.039463299
1232,2025-06-20 09:07:21,2025-06-20 09:07:21,0.0,801532.4547335748,1222859.039463299
1233,2025-06-20 09:10:09,2025-06-20 09:10:08,1.0,801532.4547335748,1222859.039463299
1237,2025-06-20 09:11:09,2025-06-20 09:11:09,0.0,801532.4547335748,1222859.039463299
1238,2025-06-20 09:11:29,2025-06-20 09:11:28,1.0,801532.4547335748,1222859.039463299
1241,2025-06-20 09:13:09,2025-06-20 09:13:08,1.0,801532.4547335748,1222859.039463299
1242,2025-06-20 09:14:20,2025-06-20 09:14:20,0.0,801532.4547335748,1222859.039463299
1243,2025-06-20 09:16:09,2025-06-20 09:16:08,1.0,801532.4547335748,1222859.039463299
1244,2025-06-20 09:16:20,2025-06-20 09:16:21,-1.0,801532.4547335748,1222859.039463299
1245,2025-06-20 09:16:20,2025-06-20 09:16:21,-1.0,801532.4547335748,1222859.039463299
1246,2025-06-20 09:16:37,2025-06-20 09:16:37,0.0,801532.4547335748,1222859.039463299
1247,2025-06-20 09:16:37,2025-06-20 09:16:37,0.0,801532.4547335748,1222859.039463299
1248,2025-06-20 09:18:05,2025-06-20 09:18:05,0.0,801532.4547335748,1222859.039463299
1249,2025-06-20 09:19:09,2025-06-20 09:19:08,1.0,801532.4547335748,1222859.039463299
1250,2025-06-20 09:20:05,2025-06-20 09:20:06,-1.0,801532.4547335748,1222859.039463299
1251,2025-06-20 09:20:05,2025-06-20 09:20:06,-1.0,801532.4547335748,1222859.039463299
1252,2025-06-20 09:22:09,2025-06-20 09:22:08,1.0,801532.4547335748,1222859.039463299
1253,2025-06-20 09:25:06,2025-06-20 09:25:07,-1.0,801532.4547335748,1222859.039463299
1254,2025-06-20 10:12:54,2025-06-20 10:12:55,-1.0,801532.4547335748,1222859.039463299
1255,2025-06-20 10:25:01,2025-06-20 10:22:37,144.0,801532.4547335748,1222859.039463299
1256,2025-06-20 10:34:22,2025-06-20 10:22:37,705.0,801532.4547335748,1222859.039463299
1257,2025-06-20 10:34:22,2025-06-20 10:22:37,705.0,801532.4547335748,1222859.039463299
1258,2025-06-20 10:34:31,2025-06-20 10:34:32,-1.0,801532.4547335748,1222859.039463299
1259,2025-06-20 10:35:18,2025-06-20 10:35:17,1.0,801532.4547335748,1222859.039463299
1260,2025-06-20 10:35:42,2025-06-20 10:35:41,1.0,801532.4547335748,1222859.039463299
1261,2025-06-20 10:37:33,2025-06-20 10:37:32,1.0,801532.4547335748,1222859.039463299
1262,2025-06-20 10:40:33,2025-06-20 10:40:32,1.0,801532.4547335748,1222859.039463299
1263,2025-06-20 10:42:36,2025-06-20 10:42:36,0.0,801532.4547335748,1222859.039463299
1264,2025-06-20 10:43:34,2025-06-20 10:43:33,1.0,801532.4547335748,1222859.039463299
1265,2025-06-20 10:44:36,2025-06-20 10:44:36,0.0,801532.4547335748,1222859.039463299
1266,2025-06-20 10:44:36,2025-06-20 10:44:36,0.0,801532.4547335748,1222859.039463299
1267,2025-06-20 10:46:35,2025-06-20 10:46:34,1.0,801532.4547335748,1222859.039463299
1268,2025-06-20 10:49:35,2025-06-20 10:49:34,1.0,801532.4547335748,1222859.039463299
1269,2025-06-20 10:49:36,2025-06-20 10:49:37,-1.0,801532.4547335748,1222859.039463299
1270,2025-06-20 11:02:07,2025-06-20 10:49:37,750.0,801532.4547335748,1222859.039463299
1271,2025-06-20 11:02:07,2025-06-20 10:49:37,750.0,801532.4547335748,1222859.039463299
1272,2025-06-20 11:02:17,2025-06-20 11:02:17,0.0,801532.4547335748,1222859.039463299
1273,2025-06-20 11:03:51,2025-06-20 11:03:51,0.0,801532.4547335748,1222859.039463299
1274,2025-06-20 11:04:41,2025-06-20 11:04:41,0.0,801532.4547335748,1222859.039463299
1275,2025-06-20 11:05:13,2025-06-20 11:05:12,1.0,801532.4547335748,1222859.039463299
1276,2025-06-20 11:05:40,2025-06-20 11:05:41,-1.0,801532.4547335748,1222859.039463299
1277,2025-06-20 11:07:41,2025-06-20 11:07:41,0.0,801532.4547335748,1222859.039463299
1278,2025-06-20 11:07:41,2025-06-20 11:07:41,0.0,801532.4547335748,1222859.039463299
1279,2025-06-20 11:08:14,2025-06-20 11:08:13,1.0,801532.4547335748,1222859.039463299
1280,2025-06-20 11:11:15,2025-06-20 11:11:14,1.0,801532.4547335748,1222859.039463299
1281,2025-06-20 11:12:41,2025-06-20 11:12:42,-1.0,801532.4547335748,1222859.039463299
1282,2025-06-20 11:12:53,2025-06-20 11:12:53,0.0,801532.4547335748,1222859.039463299
1283,2025-06-20 11:29:21,2025-06-20 11:12:53,988.0,801532.4547335748,1222859.039463299
1284,2025-06-20 11:29:21,2025-06-20 11:12:53,988.0,801532.4547335748,1222859.039463299
1285,2025-06-20 11:29:31,2025-06-20 11:29:31,0.0,801532.4547335748,1222859.039463299
1286,2025-06-20 11:32:20,2025-06-20 11:32:20,0.0,801532.4547335748,1222859.039463299
1287,2025-06-20 11:32:27,2025-06-20 11:32:26,1.0,801532.4547335748,1222859.039463299
1288,2025-06-20 11:33:05,2025-06-20 11:33:05,0.0,801532.4547335748,1222859.039463299
1293,2025-06-20 11:35:27,2025-06-20 11:35:26,1.0,801532.4547335748,1222859.039463299
1294,2025-06-20 11:38:29,2025-06-20 11:38:29,0.0,801532.4547335748,1222859.039463299
1295,2025-06-20 11:38:29,2025-06-20 11:38:28,1.0,801532.4547335748,1222859.039463299
1297,2025-06-20 11:40:29,2025-06-20 11:40:29,0.0,801532.4547335748,1222859.039463299
1298,2025-06-20 11:40:29,2025-06-20 11:40:29,0.0,801532.4547335748,1222859.039463299
1301,2025-06-20 11:41:29,2025-06-20 11:41:28,1.0,801532.4547335748,1222859.039463299
1304,2025-06-20 11:44:29,2025-06-20 11:44:28,1.0,801532.4547335748,1222859.039463299
1305,2025-06-20 11:45:30,2025-06-20 11:45:30,0.0,801532.4547335748,1222859.039463299
1307,2025-06-20 12:20:29,2025-06-20 11:45:30,2099.0,801532.4547335748,1222859.039463299
1308,2025-06-20 12:20:29,2025-06-20 11:45:30,2099.0,801532.4547335748,1222859.039463299
1309,2025-06-20 12:20:41,2025-06-20 12:20:41,0.0,801532.4547335748,1222859.039463299
1310,2025-06-20 12:22:51,2025-06-20 12:22:51,0.0,801532.4547335748,1222859.039463299
1311,2025-06-20 12:23:37,2025-06-20 12:23:36,1.0,801532.4547335748,1222859.039463299
1312,2025-06-20 12:24:51,2025-06-20 12:24:52,-1.0,801532.4547335748,1222859.039463299
1313,2025-06-20 12:24:51,2025-06-20 12:24:52,-1.0,801532.4547335748,1222859.039463299
1316,2025-06-20 12:26:38,2025-06-20 12:26:37,1.0,801532.4547335748,1222859.039463299
1317,2025-06-20 12:29:38,2025-06-20 12:29:37,1.0,801532.4547335748,1222859.039463299
1318,2025-06-20 12:29:52,2025-06-20 12:29:52,0.0,801532.4547335748,1222859.039463299
1319,2025-06-20 13:20:57,2025-06-20 13:20:58,-1.0,801532.4547335748,1222859.039463299
1320,2025-06-20 13:29:46,2025-06-20 13:27:21,145.0,801532.4547335748,1222859.039463299
1321,2025-06-20 13:33:29,2025-06-20 13:27:21,368.0,801532.4547335748,1222859.039463299
1322,2025-06-20 13:33:29,2025-06-20 13:27:21,368.0,801532.4547335748,1222859.039463299
1323,2025-06-20 13:33:44,2025-06-20 13:33:44,0.0,801532.4547335748,1222859.039463299
1324,2025-06-20 13:35:38,2025-06-20 13:35:38,0.0,801532.4547335748,1222859.039463299
1325,2025-06-20 13:35:46,2025-06-20 13:35:46,0.0,801532.4547335748,1222859.039463299
1328,2025-06-20 13:36:37,2025-06-20 13:36:37,0.0,801532.4547335748,1222859.039463299
1329,2025-06-20 13:38:07,2025-06-20 13:38:08,-1.0,801532.4547335748,1222859.039463299
1330,2025-06-20 13:39:39,2025-06-20 13:39:38,1.0,801532.4547335748,1222859.039463299
1331,2025-06-20 13:40:01,2025-06-20 13:40:01,0.0,801532.4547335748,1222859.039463299
1332,2025-06-20 13:41:07,2025-06-20 13:41:08,-1.0,801532.4547335748,1222859.039463299
1333,2025-06-20 13:41:51,2025-06-20 13:41:52,-1.0,801532.4547335748,1222859.039463299
1334,2025-06-20 13:42:39,2025-06-20 13:42:38,1.0,801532.4547335748,1222859.039463299
1335,2025-06-20 13:42:53,2025-06-20 13:42:53,0.0,801532.4547335748,1222859.039463299
1336,2025-06-20 13:44:53,2025-06-20 13:44:53,0.0,801532.4547335748,1222859.039463299
1337,2025-06-20 13:44:53,2025-06-20 13:44:53,0.0,801532.4547335748,1222859.039463299
1338,2025-06-20 13:45:39,2025-06-20 13:45:38,1.0,801532.4547335748,1222859.039463299
1339,2025-06-20 13:48:40,2025-06-20 13:48:39,1.0,801532.4547335748,1222859.039463299
1340,2025-06-20 13:49:53,2025-06-20 13:49:54,-1.0,801532.4547335748,1222859.039463299
1341,2025-06-20 14:38:08,2025-06-20 14:38:09,-1.0,801532.4547335748,1222859.039463299
1342,2025-06-20 14:49:49,2025-06-20 14:47:32,137.0,801532.4547335748,1222859.039463299
1343,2025-06-20 15:38:43,2025-06-20 15:38:43,0.0,801532.4547335748,1222859.039463299
1344,2025-06-20 15:49:49,2025-06-20 15:47:35,134.0,801532.4547335748,1222859.039463299
1345,2025-06-20 16:32:03,2025-06-20 15:47:35,2668.0,801532.4547335748,1222859.039463299
1346,2025-06-20 16:32:03,2025-06-20 15:47:35,2668.0,801532.4547335748,1222859.039463299
1347,2025-06-20 16:32:17,2025-06-20 16:32:18,-1.0,801532.4547335748,1222859.039463299
1348,2025-06-20 16:35:11,2025-06-20 16:35:10,1.0,801532.4547335748,1222859.039463299
1350,2025-06-20 16:38:12,2025-06-20 16:38:11,1.0,801532.4547335748,1222859.039463299
1351,2025-06-20 16:41:12,2025-06-20 16:41:11,1.0,801532.4547335748,1222859.039463299
1352,2025-06-20 16:44:05,2025-06-20 16:44:05,0.0,801532.4547335748,1222859.039463299
1353,2025-06-20 16:44:12,2025-06-20 16:44:11,1.0,801532.4547335748,1222859.039463299
1354,2025-06-20 16:46:05,2025-06-20 16:46:05,0.0,801532.4547335748,1222859.039463299
1355,2025-06-20 16:46:05,2025-06-20 16:46:05,0.0,801532.4547335748,1222859.039463299
1356,2025-06-20 16:47:12,2025-06-20 16:47:11,1.0,801532.4547335748,1222859.039463299
1357,2025-06-20 16:50:12,2025-06-20 16:50:11,1.0,801532.4547335748,1222859.039463299
1358,2025-06-20 16:51:05,2025-06-20 16:51:06,-1.0,801532.4547335748,1222859.039463299
1359,2025-06-20 17:37:01,2025-06-20 17:37:02,-1.0,801532.4547335748,1222859.039463299
1360,2025-06-20 17:40:44,2025-06-20 17:37:02,222.0,801532.4547335748,1222859.039463299
1361,2025-06-20 17:40:44,2025-06-20 17:37:02,222.0,801532.4547335748,1222859.039463299
1362,2025-06-20 17:40:53,2025-06-20 17:40:54,-1.0,801532.4547335748,1222859.039463299
1363,2025-06-20 17:43:51,2025-06-20 17:43:50,1.0,801532.4547335748,1222859.039463299
1364,2025-06-20 17:46:39,2025-06-20 17:46:40,-1.0,801532.4547335748,1222859.039463299
1365,2025-06-20 17:46:45,2025-06-20 17:46:45,0.0,801532.4547335748,1222859.039463299
1366,2025-06-20 17:46:53,2025-06-20 17:46:52,1.0,801532.4547335748,1222859.039463299
1367,2025-06-20 17:49:53,2025-06-20 17:49:52,1.0,801532.4547335748,1222859.039463299
1368,2025-06-20 17:51:02,2025-06-20 17:51:02,0.0,801532.4547335748,1222859.039463299
1369,2025-06-20 17:52:53,2025-06-20 17:52:52,1.0,801532.4547335748,1222859.039463299
1370,2025-06-20 17:53:02,2025-06-20 17:53:02,0.0,801532.4547335748,1222859.039463299
1371,2025-06-20 17:53:02,2025-06-20 17:53:02,0.0,801532.4547335748,1222859.039463299
1372,2025-06-20 17:55:53,2025-06-20 17:55:52,1.0,801532.4547335748,1222859.039463299
1373,2025-06-20 17:58:02,2025-06-20 17:58:03,-1.0,801532.4547335748,1222859.039463299
1374,2025-06-20 18:57:58,2025-06-20 18:55:32,146.0,801532.4547335748,1222859.039463299
1375,2025-06-20 19:01:01,2025-06-20 19:01:01,0.0,801532.4547335748,1222859.039463299
1376,2025-06-20 19:50:30,2025-06-20 19:01:01,2969.0,801532.4547335748,1222859.039463299
1377,2025-06-20 19:50:30,2025-06-20 19:01:01,2969.0,801532.4547335748,1222859.039463299
1378,2025-06-20 19:50:42,2025-06-20 19:50:43,-1.0,801532.4547335748,1222859.039463299
1379,2025-06-20 19:52:57,2025-06-20 19:52:58,-1.0,801532.4547335748,1222859.039463299
1380,2025-06-20 19:53:40,2025-06-20 19:53:39,1.0,801532.4547335748,1222859.039463299
1381,2025-06-20 19:53:48,2025-06-20 19:53:48,0.0,801532.4547335748,1222859.039463299
1385,2025-06-20 19:56:40,2025-06-20 19:56:39,1.0,801532.4547335748,1222859.039463299
1386,2025-06-20 19:57:47,2025-06-20 19:57:47,0.0,801532.4547335748,1222859.039463299
1387,2025-06-20 19:58:55,2025-06-20 19:58:55,0.0,801532.4547335748,1222859.039463299
1388,2025-06-20 19:59:41,2025-06-20 19:59:40,1.0,801532.4547335748,1222859.039463299
1389,2025-06-20 20:00:55,2025-06-20 20:00:55,0.0,801532.4547335748,1222859.039463299
1391,2025-06-20 20:02:42,2025-06-20 20:02:42,0.0,801532.4547335748,1222859.039463299
1392,2025-06-20 20:04:42,2025-06-20 20:04:43,-1.0,801532.4547335748,1222859.039463299
1393,2025-06-20 20:05:00,2025-06-20 20:05:01,-1.0,801532.4547335748,1222859.039463299
1394,2025-06-20 20:05:44,2025-06-20 20:05:43,1.0,801532.4547335748,1222859.039463299
1395,2025-06-20 20:06:15,2025-06-20 20:06:15,0.0,801532.4547335748,1222859.039463299
1396,2025-06-20 20:08:15,2025-06-20 20:08:16,-1.0,801532.4547335748,1222859.039463299
1397,2025-06-20 20:08:15,2025-06-20 20:08:16,-1.0,801532.4547335748,1222859.039463299
1398,2025-06-20 20:08:44,2025-06-20 20:08:43,1.0,801532.4547335748,1222859.039463299
1400,2025-06-20 20:08:44,2025-06-20 20:08:43,1.0,801532.4547335748,1222859.039463299
1401,2025-06-20 20:11:44,2025-06-20 20:11:43,1.0,801532.4547335748,1222859.039463299
1402,2025-06-20 20:13:16,2025-06-20 20:13:17,-1.0,801532.4547335748,1222859.039463299
1403,2025-06-20 21:04:17,2025-06-20 21:04:17,0.0,801532.4547335748,1222859.039463299
1404,2025-06-20 21:13:11,2025-06-20 21:11:08,123.0,801532.4547335748,1222859.039463299
1405,2025-06-20 22:04:32,2025-06-20 22:04:33,-1.0,801532.4547335748,1222859.039463299
1406,2025-06-20 22:13:11,2025-06-20 22:10:52,139.0,801532.4547335748,1222859.039463299
1407,2025-06-20 23:04:22,2025-06-20 22:10:52,3210.0,801532.4547335748,1222859.039463299
1408,2025-06-20 23:13:11,2025-06-20 23:11:17,114.0,801532.4547335748,1222859.039463299
1409,2025-06-21 00:04:29,2025-06-21 00:04:30,-1.0,801532.4547335748,1222859.039463299
1410,2025-06-21 00:13:11,2025-06-21 00:10:50,141.0,801532.4547335748,1222859.039463299
1411,2025-06-21 01:04:26,2025-06-21 01:04:27,-1.0,801532.4547335748,1222859.039463299
1412,2025-06-21 01:13:11,2025-06-21 01:10:58,133.0,801532.4547335748,1222859.039463299
1413,2025-06-21 02:04:29,2025-06-21 02:04:30,-1.0,801532.4547335748,1222859.039463299
1414,2025-06-21 02:13:11,2025-06-21 02:10:49,142.0,801532.4547335748,1222859.039463299
1415,2025-06-21 03:04:45,2025-06-21 03:04:46,-1.0,801532.4547335748,1222859.039463299
1416,2025-06-21 03:13:11,2025-06-21 03:10:49,142.0,801532.4547335748,1222859.039463299
1417,2025-06-21 04:04:30,2025-06-21 04:04:31,-1.0,801532.4547335748,1222859.039463299
1418,2025-06-21 04:13:11,2025-06-21 04:11:06,125.0,801532.4547335748,1222859.039463299
1419,2025-06-21 05:04:48,2025-06-21 05:04:49,-1.0,801532.4547335748,1222859.039463299
1420,2025-06-21 05:13:11,2025-06-21 04:11:06,3725.0,801532.4547335748,1222859.039463299
1421,2025-06-21 06:04:18,2025-06-21 06:04:19,-1.0,801532.4547335748,1222859.039463299
1422,2025-06-21 06:13:11,2025-06-21 04:11:06,7325.0,801532.4547335748,1222859.039463299
1423,2025-06-21 06:50:47,2025-06-21 06:04:19,2788.0,801532.4547335748,1222859.039463299
1424,2025-06-21 06:50:47,2025-06-21 06:04:19,2788.0,801532.4547335748,1222859.039463299
1425,2025-06-21 06:50:58,2025-06-21 06:50:59,-1.0,801532.4547335748,1222859.039463299
1426,2025-06-21 06:53:57,2025-06-21 06:53:56,1.0,801532.4547335748,1222859.039463299
1428,2025-06-21 06:56:39,2025-06-21 06:56:39,0.0,801532.4547335748,1222859.039463299
1429,2025-06-21 06:56:47,2025-06-21 06:56:47,0.0,801532.4547335748,1222859.039463299
1430,2025-06-21 06:56:58,2025-06-21 06:56:57,1.0,801532.4547335748,1222859.039463299
1431,2025-06-21 06:58:32,2025-06-21 06:58:32,0.0,801532.4547335748,1222859.039463299
1432,2025-06-21 06:59:59,2025-06-21 06:59:58,1.0,801532.4547335748,1222859.039463299
1433,2025-06-21 07:00:32,2025-06-21 07:00:32,0.0,801532.4547335748,1222859.039463299
1434,2025-06-21 07:00:32,2025-06-21 07:00:32,0.0,801532.4547335748,1222859.039463299
1438,2025-06-21 07:03:00,2025-06-21 07:02:59,1.0,801532.4547335748,1222859.039463299
1440,2025-06-21 07:05:32,2025-06-21 07:05:33,-1.0,801532.4547335748,1222859.039463299
1443,2025-06-21 07:41:14,2025-06-21 07:05:33,2141.0,801532.4547335748,1222859.039463299
1444,2025-06-21 07:41:14,2025-06-21 07:05:33,2141.0,801532.4547335748,1222859.039463299
1445,2025-06-21 07:41:25,2025-06-21 07:41:26,-1.0,801532.4547335748,1222859.039463299
1446,2025-06-21 07:44:24,2025-06-21 07:44:24,0.0,801532.4547335748,1222859.039463299
1447,2025-06-21 07:46:51,2025-06-21 07:46:52,-1.0,801532.4547335748,1222859.039463299
1448,2025-06-21 07:47:24,2025-06-21 07:47:24,0.0,801532.4547335748,1222859.039463299
1449,2025-06-21 07:48:51,2025-06-21 07:48:52,-1.0,801532.4547335748,1222859.039463299
1450,2025-06-21 07:48:51,2025-06-21 07:48:52,-1.0,801532.4547335748,1222859.039463299
1451,2025-06-21 07:50:24,2025-06-21 07:50:24,0.0,801532.4547335748,1222859.039463299
1452,2025-06-21 07:51:49,2025-06-21 07:51:50,-1.0,801532.4547335748,1222859.039463299
1453,2025-06-21 07:51:49,2025-06-21 07:51:50,-1.0,801532.4547335748,1222859.039463299
1454,2025-06-21 07:52:15,2025-06-21 07:52:15,0.0,801532.4547335748,1222859.039463299
1455,2025-06-21 07:52:45,2025-06-21 07:52:45,0.0,801532.4547335748,1222859.039463299
1456,2025-06-21 07:53:25,2025-06-21 07:53:25,0.0,801532.4547335748,1222859.039463299
1457,2025-06-21 07:53:26,2025-06-21 07:53:27,-1.0,801532.4547335748,1222859.039463299
1458,2025-06-21 07:55:27,2025-06-21 07:55:27,0.0,801532.4547335748,1222859.039463299
1459,2025-06-21 07:55:27,2025-06-21 07:55:27,0.0,801532.4547335748,1222859.039463299
1460,2025-06-21 07:56:27,2025-06-21 07:56:26,1.0,801532.4547335748,1222859.039463299
1461,2025-06-21 07:58:08,2025-06-21 07:58:08,0.0,801532.4547335748,1222859.039463299
1462,2025-06-21 07:58:08,2025-06-21 07:58:08,0.0,801532.4547335748,1222859.039463299
1463,2025-06-21 07:58:19,2025-06-21 07:58:19,0.0,801532.4547335748,1222859.039463299
1464,2025-06-21 07:58:58,2025-06-21 07:58:58,0.0,801532.4547335748,1222859.039463299
1465,2025-06-21 07:59:29,2025-06-21 07:59:28,1.0,801532.4547335748,1222859.039463299
1466,2025-06-21 07:59:32,2025-06-21 07:59:32,0.0,801532.4547335748,1222859.039463299
1467,2025-06-21 08:00:15,2025-06-21 08:00:16,-1.0,801532.4547335748,1222859.039463299
1468,2025-06-21 08:00:35,2025-06-21 08:00:36,-1.0,801532.4547335748,1222859.039463299
1469,2025-06-21 08:02:29,2025-06-21 08:02:28,1.0,801532.4547335748,1222859.039463299
1470,2025-06-21 08:02:36,2025-06-21 08:02:36,0.0,801532.4547335748,1222859.039463299
1471,2025-06-21 08:02:36,2025-06-21 08:02:36,0.0,801532.4547335748,1222859.039463299
1472,2025-06-21 08:05:29,2025-06-21 08:05:28,1.0,801532.4547335748,1222859.039463299
1473,2025-06-21 08:07:36,2025-06-21 08:07:37,-1.0,801532.4547335748,1222859.039463299
1474,2025-06-21 08:20:07,2025-06-21 08:07:37,750.0,801532.4547335748,1222859.039463299
1475,2025-06-21 08:20:07,2025-06-21 08:07:37,750.0,801532.4547335748,1222859.039463299
1476,2025-06-21 08:20:16,2025-06-21 08:20:17,-1.0,801532.4547335748,1222859.039463299
1477,2025-06-21 08:20:26,2025-06-21 08:20:26,0.0,801532.4547335748,1222859.039463299
1478,2025-06-21 08:22:26,2025-06-21 08:22:26,0.0,801532.4547335748,1222859.039463299
1479,2025-06-21 08:22:26,2025-06-21 08:22:26,0.0,801532.4547335748,1222859.039463299
1480,2025-06-21 08:22:26,2025-06-21 08:22:26,0.0,801532.4547335748,1222859.039463299
1481,2025-06-21 08:23:18,2025-06-21 08:23:16,2.0,801532.4547335748,1222859.039463299
1482,2025-06-21 08:26:18,2025-06-21 08:26:18,0.0,801532.4547335748,1222859.039463299
1483,2025-06-21 08:26:19,2025-06-21 08:26:19,0.0,801532.4547335748,1222859.039463299
1484,2025-06-21 08:26:19,2025-06-21 08:26:19,0.0,801532.4547335748,1222859.039463299
1485,2025-06-21 08:26:57,2025-06-21 08:26:57,0.0,801532.4547335748,1222859.039463299
1486,2025-06-21 08:28:57,2025-06-21 08:28:57,0.0,801532.4547335748,1222859.039463299
1487,2025-06-21 08:28:57,2025-06-21 08:28:57,0.0,801532.4547335748,1222859.039463299
1488,2025-06-21 08:29:19,2025-06-21 08:29:18,1.0,801532.4547335748,1222859.039463299
1489,2025-06-21 08:32:20,2025-06-21 08:32:20,0.0,801532.4547335748,1222859.039463299
1490,2025-06-21 08:33:43,2025-06-21 08:33:43,0.0,801532.4547335748,1222859.039463299
1491,2025-06-21 08:33:43,2025-06-21 08:33:43,0.0,801532.4547335748,1222859.039463299
1492,2025-06-21 08:33:43,2025-06-21 08:33:43,0.0,801532.4547335748,1222859.039463299
1493,2025-06-21 08:33:59,2025-06-21 08:33:59,0.0,801532.4547335748,1222859.039463299
1494,2025-06-21 08:35:21,2025-06-21 08:35:20,1.0,801532.4547335748,1222859.039463299
1495,2025-06-21 08:35:59,2025-06-21 08:35:59,0.0,801532.4547335748,1222859.039463299
1496,2025-06-21 08:35:59,2025-06-21 08:35:59,0.0,801532.4547335748,1222859.039463299
1497,2025-06-21 08:36:23,2025-06-21 08:36:23,0.0,801532.4547335748,1222859.039463299
1498,2025-06-21 08:36:23,2025-06-21 08:36:23,0.0,801532.4547335748,1222859.039463299
1499,2025-06-21 08:36:56,2025-06-21 08:36:57,-1.0,801532.4547335748,1222859.039463299
1500,2025-06-21 08:38:22,2025-06-21 08:38:21,1.0,801532.4547335748,1222859.039463299
1501,2025-06-21 08:38:56,2025-06-21 08:38:57,-1.0,801532.4547335748,1222859.039463299
1502,2025-06-21 08:38:56,2025-06-21 08:38:57,-1.0,801532.4547335748,1222859.039463299
1503,2025-06-21 08:39:12,2025-06-21 08:39:13,-1.0,801532.4547335748,1222859.039463299
1504,2025-06-21 08:39:12,2025-06-21 08:39:13,-1.0,801532.4547335748,1222859.039463299
1505,2025-06-21 08:39:50,2025-06-21 08:39:51,-1.0,801532.4547335748,1222859.039463299
1506,2025-06-21 08:41:23,2025-06-21 08:41:22,1.0,801532.4547335748,1222859.039463299
1507,2025-06-21 08:41:51,2025-06-21 08:41:51,0.0,801532.4547335748,1222859.039463299
1508,2025-06-21 08:41:51,2025-06-21 08:41:51,0.0,801532.4547335748,1222859.039463299
1509,2025-06-21 08:42:05,2025-06-21 08:42:06,-1.0,801532.4547335748,1222859.039463299
1510,2025-06-21 08:44:24,2025-06-21 08:44:24,0.0,801532.4547335748,1222859.039463299
1511,2025-06-21 08:46:51,2025-06-21 08:46:52,-1.0,801532.4547335748,1222859.039463299
1512,2025-06-21 08:47:07,2025-06-21 08:46:52,15.0,801532.4547335748,1222859.039463299
1513,2025-06-21 08:47:07,2025-06-21 08:46:52,15.0,801532.4547335748,1222859.039463299
1514,2025-06-21 08:47:15,2025-06-21 08:47:16,-1.0,801532.4547335748,1222859.039463299
1515,2025-06-21 08:47:28,2025-06-21 08:47:28,0.0,801532.4547335748,1222859.039463299
1516,2025-06-21 08:49:28,2025-06-21 08:49:28,0.0,801532.4547335748,1222859.039463299
1517,2025-06-21 08:49:28,2025-06-21 08:49:28,0.0,801532.4547335748,1222859.039463299
1518,2025-06-21 08:50:14,2025-06-21 08:50:13,1.0,801532.4547335748,1222859.039463299
1519,2025-06-21 08:51:44,2025-06-21 08:51:44,0.0,801532.4547335748,1222859.039463299
1520,2025-06-21 08:51:44,2025-06-21 08:51:44,0.0,801532.4547335748,1222859.039463299
1521,2025-06-21 08:51:57,2025-06-21 08:51:57,0.0,801532.4547335748,1222859.039463299
1522,2025-06-21 08:53:16,2025-06-21 08:53:15,1.0,801532.4547335748,1222859.039463299
1523,2025-06-21 08:53:29,2025-06-21 08:53:29,0.0,801532.4547335748,1222859.039463299
1524,2025-06-21 08:54:03,2025-06-21 08:54:03,0.0,801532.4547335748,1222859.039463299
1525,2025-06-21 08:55:25,2025-06-21 08:55:26,-1.0,801532.4547335748,1222859.039463299
1526,2025-06-21 08:55:52,2025-06-21 08:55:52,0.0,801532.4547335748,1222859.039463299
1527,2025-06-21 08:56:17,2025-06-21 08:56:16,1.0,801532.4547335748,1222859.039463299
1528,2025-06-21 08:57:52,2025-06-21 08:57:53,-1.0,801532.4547335748,1222859.039463299
1529,2025-06-21 08:57:52,2025-06-21 08:57:53,-1.0,801532.4547335748,1222859.039463299
1530,2025-06-21 08:58:43,2025-06-21 08:58:43,0.0,801532.4547335748,1222859.039463299
1531,2025-06-21 08:58:43,2025-06-21 08:58:43,0.0,801532.4547335748,1222859.039463299
1532,2025-06-21 08:58:58,2025-06-21 08:58:59,-1.0,801532.4547335748,1222859.039463299
1533,2025-06-21 08:59:18,2025-06-21 08:59:17,1.0,801532.4547335748,1222859.039463299
1534,2025-06-21 09:00:59,2025-06-21 09:00:59,0.0,801532.4547335748,1222859.039463299
1535,2025-06-21 09:00:59,2025-06-21 09:00:59,0.0,801532.4547335748,1222859.039463299
1536,2025-06-21 09:02:09,2025-06-21 09:02:09,0.0,801532.4547335748,1222859.039463299
1537,2025-06-21 09:02:09,2025-06-21 09:02:09,0.0,801532.4547335748,1222859.039463299
1538,2025-06-21 09:02:18,2025-06-21 09:02:17,1.0,801532.4547335748,1222859.039463299
1539,2025-06-21 09:02:22,2025-06-21 09:02:22,0.0,801532.4547335748,1222859.039463299
1540,2025-06-21 09:04:22,2025-06-21 09:04:23,-1.0,801532.4547335748,1222859.039463299
1541,2025-06-21 09:04:22,2025-06-21 09:04:23,-1.0,801532.4547335748,1222859.039463299
1542,2025-06-21 09:05:18,2025-06-21 09:05:17,1.0,801532.4547335748,1222859.039463299
1543,2025-06-21 09:08:18,2025-06-21 09:08:17,1.0,801532.4547335748,1222859.039463299
1544,2025-06-21 09:08:52,2025-06-21 09:08:52,0.0,801532.4547335748,1222859.039463299
1545,2025-06-21 09:08:52,2025-06-21 09:08:52,0.0,801532.4547335748,1222859.039463299
1546,2025-06-21 09:09:06,2025-06-21 09:09:06,0.0,801532.4547335748,1222859.039463299
1547,2025-06-21 09:11:06,2025-06-21 09:11:07,-1.0,801532.4547335748,1222859.039463299
1548,2025-06-21 09:11:06,2025-06-21 09:11:07,-1.0,801532.4547335748,1222859.039463299
1549,2025-06-21 09:11:19,2025-06-21 09:11:18,1.0,801532.4547335748,1222859.039463299
1550,2025-06-21 09:13:30,2025-06-21 09:13:30,0.0,801532.4547335748,1222859.039463299
1551,2025-06-21 09:13:30,2025-06-21 09:13:30,0.0,801532.4547335748,1222859.039463299
1552,2025-06-21 09:13:47,2025-06-21 09:13:47,0.0,801532.4547335748,1222859.039463299
1553,2025-06-21 09:14:20,2025-06-21 09:14:19,1.0,801532.4547335748,1222859.039463299
1554,2025-06-21 09:14:55,2025-06-21 09:14:56,-1.0,801532.4547335748,1222859.039463299
1555,2025-06-21 09:15:16,2025-06-21 09:15:17,-1.0,801532.4547335748,1222859.039463299
1556,2025-06-21 09:17:17,2025-06-21 09:17:17,0.0,801532.4547335748,1222859.039463299
1557,2025-06-21 09:17:17,2025-06-21 09:17:17,0.0,801532.4547335748,1222859.039463299
1560,2025-06-21 09:17:21,2025-06-21 09:17:20,1.0,801532.4547335748,1222859.039463299
1561,2025-06-21 09:20:22,2025-06-21 09:20:21,1.0,801532.4547335748,1222859.039463299
1562,2025-06-21 09:22:17,2025-06-21 09:22:18,-1.0,801532.4547335748,1222859.039463299
1563,2025-06-21 09:58:05,2025-06-21 09:22:18,2147.0,801532.4547335748,1222859.039463299
1564,2025-06-21 09:58:05,2025-06-21 09:22:18,2147.0,801532.4547335748,1222859.039463299
1565,2025-06-21 09:58:16,2025-06-21 09:58:17,-1.0,801532.4547335748,1222859.039463299
1566,2025-06-21 10:01:13,2025-06-21 10:01:12,1.0,801532.4547335748,1222859.039463299
1572,2025-06-21 10:04:14,2025-06-21 10:04:14,0.0,801532.4547335748,1222859.039463299
1574,2025-06-21 10:07:14,2025-06-21 10:07:13,1.0,801532.4547335748,1222859.039463299
1577,2025-06-21 10:10:14,2025-06-21 10:10:14,0.0,801532.4547335748,1222859.039463299
1578,2025-06-21 10:11:11,2025-06-21 10:11:12,-1.0,801532.4547335748,1222859.039463299
1579,2025-06-21 10:11:51,2025-06-21 10:11:52,-1.0,801532.4547335748,1222859.039463299
1581,2025-06-21 10:13:14,2025-06-21 10:13:13,1.0,801532.4547335748,1222859.039463299
1584,2025-06-21 10:16:14,2025-06-21 10:16:13,1.0,801532.4547335748,1222859.039463299
1585,2025-06-21 10:16:51,2025-06-21 10:16:52,-1.0,801532.4547335748,1222859.039463299
1586,2025-06-21 10:17:19,2025-06-21 10:17:19,0.0,801532.4547335748,1222859.039463299
1588,2025-06-21 10:19:14,2025-06-21 10:19:14,0.0,801532.4547335748,1222859.039463299
1590,2025-06-21 10:20:41,2025-06-21 10:20:42,-1.0,801532.4547335748,1222859.039463299
1591,2025-06-21 10:20:44,2025-06-21 10:20:45,-1.0,801532.4547335748,1222859.039463299
1593,2025-06-21 10:22:14,2025-06-21 10:22:13,1.0,801532.4547335748,1222859.039463299
1595,2025-06-21 10:25:14,2025-06-21 10:25:13,1.0,801532.4547335748,1222859.039463299
1597,2025-06-21 10:27:25,2025-06-21 10:27:25,0.0,801532.4547335748,1222859.039463299
1599,2025-06-21 10:28:14,2025-06-21 10:28:14,0.0,801532.4547335748,1222859.039463299
1600,2025-06-21 10:29:25,2025-06-21 10:29:25,0.0,801532.4547335748,1222859.039463299
1601,2025-06-21 10:29:25,2025-06-21 10:29:25,0.0,801532.4547335748,1222859.039463299
1605,2025-06-21 10:31:14,2025-06-21 10:31:13,1.0,801532.4547335748,1222859.039463299
1608,2025-06-21 10:34:14,2025-06-21 10:34:14,0.0,801532.4547335748,1222859.039463299
1609,2025-06-21 10:34:25,2025-06-21 10:34:26,-1.0,801532.4547335748,1222859.039463299
1611,2025-06-21 11:34:20,2025-06-21 10:34:26,3594.0,801532.4547335748,1222859.039463299
1613,2025-06-21 12:34:20,2025-06-21 10:34:26,7194.0,801532.4547335748,1222859.039463299
1615,2025-06-21 13:34:20,2025-06-21 13:32:04,136.0,801532.4547335748,1222859.039463299
1617,2025-06-21 14:34:20,2025-06-21 14:32:23,117.0,801532.4547335748,1222859.039463299
1619,2025-06-21 15:34:20,2025-06-21 15:32:02,138.0,801532.4547335748,1222859.039463299
1621,2025-06-21 16:23:49,2025-06-21 15:32:02,3107.0,801532.4547335748,1222859.039463299
1622,2025-06-21 16:23:49,2025-06-21 15:32:02,3107.0,801532.4547335748,1222859.039463299
1623,2025-06-21 16:24:33,2025-06-21 16:24:34,-1.0,801532.4547335748,1222859.039463299
1624,2025-06-21 16:26:56,2025-06-21 16:26:56,0.0,801532.4547335748,1222859.039463299
1628,2025-06-21 16:29:56,2025-06-21 16:29:56,0.0,801532.4547335748,1222859.039463299
1630,2025-06-21 16:32:56,2025-06-21 16:32:56,0.0,801532.4547335748,1222859.039463299
1632,2025-06-21 16:35:56,2025-06-21 16:35:56,0.0,801532.4547335748,1222859.039463299
1635,2025-06-21 16:38:56,2025-06-21 16:38:56,0.0,801532.4547335748,1222859.039463299
1637,2025-06-21 16:41:56,2025-06-21 16:41:56,0.0,801532.4547335748,1222859.039463299
1640,2025-06-21 16:44:56,2025-06-21 16:44:56,0.0,801532.4547335748,1222859.039463299
1642,2025-06-21 16:47:56,2025-06-21 16:47:56,0.0,801532.4547335748,1222859.039463299
1643,2025-06-21 16:47:56,2025-06-21 16:47:56,0.0,801532.4547335748,1222859.039463299
1644,2025-06-21 16:47:56,2025-06-21 16:47:56,0.0,801532.4547335748,1222859.039463299
1645,2025-06-21 16:47:56,2025-06-21 16:47:56,0.0,801532.4547335748,1222859.039463299
1646,2025-06-21 16:47:56,2025-06-21 16:47:56,0.0,801532.4547335748,1222859.039463299
1648,2025-06-21 16:23:49,2025-06-21 15:32:02,3107.0,801532.4547335748,1222859.039463299
1649,2025-06-21 16:50:56,2025-06-21 16:50:56,0.0,801532.4547335748,1222859.039463299
1651,2025-06-21 16:53:56,2025-06-21 16:53:56,0.0,801532.4547335748,1222859.039463299
1654,2025-06-21 16:56:56,2025-06-21 16:56:56,0.0,801532.4547335748,1222859.039463299
1656,2025-06-21 16:59:56,2025-06-21 16:59:56,0.0,801532.4547335748,1222859.039463299
1659,2025-06-21 17:02:56,2025-06-21 17:02:56,0.0,801532.4547335748,1222859.039463299
1661,2025-06-21 17:05:56,2025-06-21 17:05:56,0.0,801532.4547335748,1222859.039463299
1665,2025-06-21 17:08:56,2025-06-21 17:08:56,0.0,801532.4547335748,1222859.039463299
1667,2025-06-21 17:11:56,2025-06-21 17:11:56,0.0,801532.4547335748,1222859.039463299
1670,2025-06-21 16:47:56,2025-06-21 16:47:56,0.0,801532.4547335748,1222859.039463299
1671,2025-06-21 17:17:57,2025-06-21 17:17:57,0.0,801532.4547335748,1222859.039463299
1674,2025-06-21 17:20:57,2025-06-21 17:20:54,3.0,801532.4547335748,1222859.039463299
1676,2025-06-21 17:23:57,2025-06-21 17:23:57,0.0,801532.4547335748,1222859.039463299
1679,2025-06-21 17:26:57,2025-06-21 17:26:57,0.0,801532.4547335748,1222859.039463299
1681,2025-06-21 17:29:57,2025-06-21 17:29:57,0.0,801532.4547335748,1222859.039463299
1684,2025-06-21 17:32:57,2025-06-21 17:32:57,0.0,801532.4547335748,1222859.039463299
1686,2025-06-21 17:35:57,2025-06-21 17:35:57,0.0,801532.4547335748,1222859.039463299
1689,2025-06-21 17:38:57,2025-06-21 17:38:57,0.0,801532.4547335748,1222859.039463299
1691,2025-06-21 17:41:57,2025-06-21 17:41:57,0.0,801532.4547335748,1222859.039463299
1694,2025-06-21 17:44:57,2025-06-21 17:44:57,0.0,801532.4547335748,1222859.039463299
1696,2025-06-21 17:47:57,2025-06-21 17:47:57,0.0,801532.4547335748,1222859.039463299
1699,2025-06-21 17:50:57,2025-06-21 17:50:57,0.0,801532.4547335748,1222859.039463299
1701,2025-06-21 17:53:57,2025-06-21 17:53:57,0.0,801532.4547335748,1222859.039463299
1704,2025-06-21 17:56:57,2025-06-21 17:56:57,0.0,801532.4547335748,1222859.039463299
1706,2025-06-21 17:59:57,2025-06-21 17:59:57,0.0,801532.4547335748,1222859.039463299
1709,2025-06-21 18:02:57,2025-06-21 18:02:57,0.0,801532.4547335748,1222859.039463299
1711,2025-06-21 18:05:57,2025-06-21 18:05:57,0.0,801532.4547335748,1222859.039463299
1714,2025-06-21 18:08:57,2025-06-21 18:08:56,1.0,801532.4547335748,1222859.039463299
1716,2025-06-21 18:11:57,2025-06-21 18:11:57,0.0,801532.4547335748,1222859.039463299
1719,2025-06-21 18:14:57,2025-06-21 18:14:57,0.0,801532.4547335748,1222859.039463299
1721,2025-06-21 18:17:57,2025-06-21 18:17:57,0.0,801532.4547335748,1222859.039463299
1724,2025-06-21 18:20:57,2025-06-21 18:20:57,0.0,801532.4547335748,1222859.039463299
1726,2025-06-21 18:23:57,2025-06-21 18:23:57,0.0,801532.4547335748,1222859.039463299
1729,2025-06-21 18:26:57,2025-06-21 18:26:57,0.0,801532.4547335748,1222859.039463299
1731,2025-06-21 18:29:57,2025-06-21 18:29:56,1.0,801532.4547335748,1222859.039463299
1734,2025-06-21 18:32:57,2025-06-21 18:32:57,0.0,801532.4547335748,1222859.039463299
1736,2025-06-21 18:35:57,2025-06-21 18:35:57,0.0,801532.4547335748,1222859.039463299
1739,2025-06-21 18:38:57,2025-06-21 18:38:57,0.0,801532.4547335748,1222859.039463299
1741,2025-06-21 18:41:57,2025-06-21 18:41:57,0.0,801532.4547335748,1222859.039463299
1744,2025-06-21 18:44:57,2025-06-21 18:44:57,0.0,801532.4547335748,1222859.039463299
1746,2025-06-21 18:47:57,2025-06-21 18:47:57,0.0,801532.4547335748,1222859.039463299
1749,2025-06-21 18:50:57,2025-06-21 18:50:57,0.0,801532.4547335748,1222859.039463299
1751,2025-06-21 18:53:57,2025-06-21 18:53:57,0.0,801532.4547335748,1222859.039463299
1754,2025-06-21 18:56:57,2025-06-21 18:56:57,0.0,801532.4547335748,1222859.039463299
1756,2025-06-21 18:59:57,2025-06-21 18:59:57,0.0,801532.4547335748,1222859.039463299
1759,2025-06-21 19:02:57,2025-06-21 19:02:57,0.0,801532.4547335748,1222859.039463299
1762,2025-06-21 19:05:57,2025-06-21 19:05:57,0.0,801532.4547335748,1222859.039463299
1764,2025-06-21 17:14:56,2025-06-21 17:14:56,0.0,801532.4547335748,1222859.039463299
1766,2025-06-21 19:08:57,2025-06-21 19:08:57,0.0,801532.4547335748,1222859.039463299
1768,2025-06-21 19:14:57,2025-06-21 19:14:57,0.0,801532.4547335748,1222859.039463299
1769,2025-06-21 19:14:57,2025-06-21 19:14:57,0.0,801532.4547335748,1222859.039463299
1770,2025-06-21 19:11:57,2025-06-21 19:11:57,0.0,801532.4547335748,1222859.039463299
1772,2025-06-21 19:17:57,2025-06-21 19:17:57,0.0,801532.4547335748,1222859.039463299
1775,2025-06-21 19:20:57,2025-06-21 19:20:57,0.0,801532.4547335748,1222859.039463299
1777,2025-06-21 19:23:57,2025-06-21 19:23:57,0.0,801532.4547335748,1222859.039463299
1780,2025-06-21 19:26:57,2025-06-21 19:26:57,0.0,801532.4547335748,1222859.039463299
1781,2025-06-21 19:29:57,2025-06-21 19:29:57,0.0,801532.4547335748,1222859.039463299
1782,2025-06-21 19:32:57,2025-06-21 19:32:57,0.0,801532.4547335748,1222859.039463299
1785,2025-06-21 19:35:57,2025-06-21 19:35:57,0.0,801532.4547335748,1222859.039463299
1787,2025-06-21 19:38:57,2025-06-21 19:38:57,0.0,801532.4547335748,1222859.039463299
1790,2025-06-21 19:41:57,2025-06-21 19:41:57,0.0,801532.4547335748,1222859.039463299
1792,2025-06-21 19:44:57,2025-06-21 19:44:57,0.0,801532.4547335748,1222859.039463299
1795,2025-06-21 19:47:57,2025-06-21 19:47:57,0.0,801532.4547335748,1222859.039463299
1797,2025-06-21 19:49:46,2025-06-21 19:49:47,-1.0,801532.4547335748,1222859.039463299
1798,2025-06-21 19:49:47,2025-06-21 19:49:47,0.0,801532.4547335748,1222859.039463299
1799,2025-06-21 19:50:57,2025-06-21 19:50:57,0.0,801532.4547335748,1222859.039463299
1802,2025-06-21 19:53:57,2025-06-21 19:53:57,0.0,801532.4547335748,1222859.039463299
1804,2025-06-21 19:56:57,2025-06-21 19:56:57,0.0,801532.4547335748,1222859.039463299
1807,2025-06-21 19:59:57,2025-06-21 19:59:57,0.0,801532.4547335748,1222859.039463299
1809,2025-06-21 20:02:57,2025-06-21 20:02:57,0.0,801532.4547335748,1222859.039463299
1812,2025-06-21 20:05:57,2025-06-21 20:05:57,0.0,801532.4547335748,1222859.039463299
1815,2025-06-21 19:14:57,2025-06-21 19:14:57,0.0,801532.4547335748,1222859.039463299
1816,2025-06-21 20:11:58,2025-06-21 20:11:58,0.0,801532.4547335748,1222859.039463299
1818,2025-06-21 20:14:58,2025-06-21 20:14:58,0.0,801532.4547335748,1222859.039463299
1821,2025-06-21 20:17:58,2025-06-21 20:17:58,0.0,801532.4547335748,1222859.039463299
1823,2025-06-21 20:20:58,2025-06-21 20:20:58,0.0,801532.4547335748,1222859.039463299
1826,2025-06-21 20:23:58,2025-06-21 20:23:58,0.0,801532.4547335748,1222859.039463299
1828,2025-06-21 20:26:58,2025-06-21 20:26:58,0.0,801532.4547335748,1222859.039463299
1832,2025-06-21 20:08:57,2025-06-21 20:08:57,0.0,801532.4547335748,1222859.039463299
1834,2025-06-21 20:32:59,2025-06-21 20:32:59,0.0,801532.4547335748,1222859.039463299
1836,2025-06-21 20:35:59,2025-06-21 20:35:59,0.0,801532.4547335748,1222859.039463299
1839,2025-06-21 20:38:59,2025-06-21 20:38:59,0.0,801532.4547335748,1222859.039463299
1841,2025-06-21 20:41:59,2025-06-21 20:41:59,0.0,801532.4547335748,1222859.039463299
1844,2025-06-21 20:44:59,2025-06-21 20:44:59,0.0,801532.4547335748,1222859.039463299
1846,2025-06-21 20:47:36,2025-06-21 20:47:37,-1.0,801532.4547335748,1222859.039463299
1847,2025-06-21 20:47:59,2025-06-21 20:47:59,0.0,801532.4547335748,1222859.039463299
1848,2025-06-21 20:48:06,2025-06-21 20:48:06,0.0,801532.4547335748,1222859.039463299
1850,2025-06-21 20:50:06,2025-06-21 20:50:07,-1.0,801532.4547335748,1222859.039463299
1851,2025-06-21 20:50:10,2025-06-21 20:50:11,-1.0,801532.4547335748,1222859.039463299
1853,2025-06-21 20:50:59,2025-06-21 20:50:59,0.0,801532.4547335748,1222859.039463299
1855,2025-06-21 20:53:59,2025-06-21 20:53:59,0.0,801532.4547335748,1222859.039463299
1857,2025-06-21 20:55:53,2025-06-21 20:55:54,-1.0,801532.4547335748,1222859.039463299
1859,2025-06-21 20:56:59,2025-06-21 20:56:59,0.0,801532.4547335748,1222859.039463299
1860,2025-06-21 20:57:53,2025-06-21 20:57:54,-1.0,801532.4547335748,1222859.039463299
1861,2025-06-21 20:57:53,2025-06-21 20:57:54,-1.0,801532.4547335748,1222859.039463299
1865,2025-06-21 20:59:59,2025-06-21 20:59:59,0.0,801532.4547335748,1222859.039463299
1868,2025-06-21 21:02:54,2025-06-21 21:02:55,-1.0,801532.4547335748,1222859.039463299
1870,2025-06-21 22:02:48,2025-06-21 22:00:37,131.0,801532.4547335748,1222859.039463299
1872,2025-06-21 23:02:48,2025-06-21 23:00:30,138.0,801532.4547335748,1222859.039463299
1874,2025-06-22 00:02:48,2025-06-22 00:00:34,134.0,801532.4547335748,1222859.039463299
1876,2025-06-22 01:02:48,2025-06-22 01:00:41,127.0,801532.4547335748,1222859.039463299
1878,2025-06-22 02:02:48,2025-06-22 02:00:40,128.0,801532.4547335748,1222859.039463299
1880,2025-06-22 03:02:48,2025-06-22 03:01:00,108.0,801532.4547335748,1222859.039463299
1882,2025-06-22 04:02:48,2025-06-22 04:00:27,141.0,801532.4547335748,1222859.039463299
1884,2025-06-22 05:02:48,2025-06-22 05:00:32,136.0,801532.4547335748,1222859.039463299
1886,2025-06-22 06:02:48,2025-06-22 06:00:33,135.0,801532.4547335748,1222859.039463299
1888,2025-06-22 07:02:48,2025-06-22 07:00:32,136.0,801532.4547335748,1222859.039463299
1890,2025-06-22 08:02:48,2025-06-22 08:00:48,120.0,801532.4547335748,1222859.039463299
1892,2025-06-22 09:02:50,2025-06-22 09:00:33,137.0,801532.4547335748,1222859.039463299
1894,2025-06-22 10:02:50,2025-06-22 10:00:43,127.0,801532.4547335748,1222859.039463299
1895,2025-06-22 10:39:29,2025-06-22 10:00:43,2326.0,801532.4547335748,1222859.039463299
1896,2025-06-22 10:39:29,2025-06-22 10:00:43,2326.0,801532.4547335748,1222859.039463299
1898,2025-06-22 10:39:40,2025-06-22 10:39:40,0.0,801532.4547335748,1222859.039463299
1900,2025-06-22 10:42:36,2025-06-22 10:42:34,2.0,801532.4547335748,1222859.039463299
1901,2025-06-22 10:42:45,2025-06-22 10:42:44,1.0,801532.4547335748,1222859.039463299
1902,2025-06-22 10:42:55,2025-06-22 10:42:54,1.0,801532.4547335748,1222859.039463299
1907,2025-06-22 10:45:36,2025-06-22 10:45:34,2.0,801532.4547335748,1222859.039463299
1910,2025-06-22 10:48:36,2025-06-22 10:48:34,2.0,801532.4547335748,1222859.039463299
1912,2025-06-22 10:50:15,2025-06-22 10:50:14,1.0,801532.4547335748,1222859.039463299
1913,2025-06-22 10:51:36,2025-06-22 10:51:33,3.0,801532.4547335748,1222859.039463299
1915,2025-06-22 10:52:15,2025-06-22 10:52:14,1.0,801532.4547335748,1222859.039463299
1916,2025-06-22 10:52:15,2025-06-22 10:52:14,1.0,801532.4547335748,1222859.039463299
1920,2025-06-22 10:54:36,2025-06-22 10:54:34,2.0,801532.4547335748,1222859.039463299
1922,2025-06-22 10:56:04,2025-06-22 10:56:03,1.0,801532.4547335748,1222859.039463299
1923,2025-06-22 10:56:04,2025-06-22 10:56:03,1.0,801532.4547335748,1222859.039463299
1924,2025-06-22 10:57:36,2025-06-22 10:57:34,2.0,801532.4547335748,1222859.039463299
1926,2025-06-22 10:59:15,2025-06-22 10:59:14,1.0,801532.4547335748,1222859.039463299
1927,2025-06-22 10:59:39,2025-06-22 10:59:38,1.0,801532.4547335748,1222859.039463299
1932,2025-06-22 11:00:36,2025-06-22 11:00:34,2.0,801532.4547335748,1222859.039463299
1934,2025-06-22 11:01:59,2025-06-22 11:01:58,1.0,801532.4547335748,1222859.039463299
1935,2025-06-22 11:03:36,2025-06-22 11:03:34,2.0,801532.4547335748,1222859.039463299
1937,2025-06-22 11:04:00,2025-06-22 11:03:59,1.0,801532.4547335748,1222859.039463299
1938,2025-06-22 11:04:00,2025-06-22 11:03:59,1.0,801532.4547335748,1222859.039463299
1942,2025-06-22 11:06:08,2025-06-22 11:06:07,1.0,801532.4547335748,1222859.039463299
1943,2025-06-22 11:06:08,2025-06-22 11:06:07,1.0,801532.4547335748,1222859.039463299
1944,2025-06-22 11:06:36,2025-06-22 11:06:34,2.0,801532.4547335748,1222859.039463299
1946,2025-06-22 11:09:36,2025-06-22 11:09:34,2.0,801532.4547335748,1222859.039463299
1947,2025-06-22 11:09:39,2025-06-22 11:09:38,1.0,801532.4547335748,1222859.039463299
1949,2025-06-22 11:09:49,2025-06-22 11:09:48,1.0,801532.4547335748,1222859.039463299
1953,2025-06-22 11:11:15,2025-06-22 11:11:13,2.0,801532.4547335748,1222859.039463299
1955,2025-06-22 11:12:36,2025-06-22 11:12:34,2.0,801532.4547335748,1222859.039463299
1956,2025-06-22 11:13:15,2025-06-22 11:13:14,1.0,801532.4547335748,1222859.039463299
1957,2025-06-22 11:13:15,2025-06-22 11:13:14,1.0,801532.4547335748,1222859.039463299
1961,2025-06-22 11:15:36,2025-06-22 11:15:34,2.0,801532.4547335748,1222859.039463299
1962,2025-06-22 11:15:37,2025-06-22 11:15:35,2.0,801532.4547335748,1222859.039463299
1963,2025-06-22 11:15:37,2025-06-22 11:15:35,2.0,801532.4547335748,1222859.039463299
1965,2025-06-22 11:17:32,2025-06-22 11:17:31,1.0,801532.4547335748,1222859.039463299
1967,2025-06-22 11:18:36,2025-06-22 11:18:34,2.0,801532.4547335748,1222859.039463299
1968,2025-06-22 11:19:33,2025-06-22 11:19:32,1.0,801532.4547335748,1222859.039463299
1969,2025-06-22 11:19:33,2025-06-22 11:19:32,1.0,801532.4547335748,1222859.039463299
1973,2025-06-22 11:21:36,2025-06-22 11:21:34,2.0,801532.4547335748,1222859.039463299
1976,2025-06-22 11:24:33,2025-06-22 11:24:32,1.0,801532.4547335748,1222859.039463299
1978,2025-06-22 12:24:28,2025-06-22 12:22:03,145.0,801532.4547335748,1222859.039463299
1980,2025-06-22 13:24:28,2025-06-22 13:22:05,143.0,801532.4547335748,1222859.039463299
1982,2025-06-22 14:24:28,2025-06-22 14:22:06,142.0,801532.4547335748,1222859.039463299
1984,2025-06-22 15:24:28,2025-06-22 15:22:15,133.0,801532.4547335748,1222859.039463299
1986,2025-06-22 16:23:13,2025-06-22 16:22:03,70.0,801532.4547335748,1222859.039463299
1987,2025-06-22 16:23:13,2025-06-22 16:22:03,70.0,801532.4547335748,1222859.039463299
1988,2025-06-22 16:23:28,2025-06-22 16:23:28,0.0,801532.4547335748,1222859.039463299
1990,2025-06-22 16:26:19,2025-06-22 16:26:17,2.0,801532.4547335748,1222859.039463299
1996,2025-06-22 16:29:19,2025-06-22 16:29:17,2.0,801532.4547335748,1222859.039463299
1998,2025-06-22 16:32:14,2025-06-22 16:31:14,60.0,801532.4547335748,1222859.039463299
1999,2025-06-22 16:32:19,2025-06-22 16:29:17,182.0,801532.4547335748,1222859.039463299
2001,2025-06-22 16:34:15,2025-06-22 16:31:14,181.0,801532.4547335748,1222859.039463299
2002,2025-06-22 16:34:15,2025-06-22 16:31:14,181.0,801532.4547335748,1222859.039463299
2006,2025-06-22 16:35:19,2025-06-22 16:29:17,362.0,801532.4547335748,1222859.039463299
2008,2025-06-22 16:38:19,2025-06-22 16:29:17,542.0,801532.4547335748,1222859.039463299
2010,2025-06-22 16:39:16,2025-06-22 16:29:17,599.0,801532.4547335748,1222859.039463299
2012,2025-06-22 17:39:10,2025-06-22 17:36:51,139.0,801532.4547335748,1222859.039463299
2014,2025-06-22 18:39:10,2025-06-22 18:36:49,141.0,801532.4547335748,1222859.039463299
2016,2025-06-22 19:39:10,2025-06-22 19:36:50,140.0,801532.4547335748,1222859.039463299
2018,2025-06-22 20:39:10,2025-06-22 20:36:50,140.0,801532.4547335748,1222859.039463299
2020,2025-06-22 21:39:10,2025-06-22 21:36:49,141.0,801532.4547335748,1222859.039463299
2022,2025-06-22 22:39:10,2025-06-22 22:37:24,106.0,801532.4547335748,1222859.039463299
2024,2025-06-22 23:39:10,2025-06-22 23:37:08,122.0,801532.4547335748,1222859.039463299
2026,2025-06-23 00:39:10,2025-06-23 00:36:49,141.0,801532.4547335748,1222859.039463299
2028,2025-06-23 01:39:10,2025-06-23 01:36:47,143.0,801532.4547335748,1222859.039463299
2030,2025-06-23 02:39:10,2025-06-23 02:36:48,142.0,801532.4547335748,1222859.039463299
2032,2025-06-23 03:39:10,2025-06-23 03:36:50,140.0,801532.4547335748,1222859.039463299
2034,2025-06-23 04:39:10,2025-06-23 04:36:52,138.0,801532.4547335748,1222859.039463299
2036,2025-06-23 05:39:10,2025-06-23 05:37:07,123.0,801532.4547335748,1222859.039463299
2038,2025-06-23 06:39:10,2025-06-23 06:36:51,139.0,801532.4547335748,1222859.039463299
2040,2025-06-23 07:37:07,2025-06-23 07:36:44,23.0,801532.4547335748,1222859.039463299
2041,2025-06-23 07:37:07,2025-06-23 07:36:44,23.0,801532.4547335748,1222859.039463299
2042,2025-06-23 07:37:17,2025-06-23 07:37:17,0.0,801532.4547335748,1222859.039463299
2044,2025-06-23 07:40:16,2025-06-23 07:40:14,2.0,801532.4547335748,1222859.039463299
2050,2025-06-23 07:43:16,2025-06-23 07:43:15,1.0,801532.4547335748,1222859.039463299
2052,2025-06-23 07:46:16,2025-06-23 07:46:14,2.0,801532.4547335748,1222859.039463299
2054,2025-06-23 07:48:11,2025-06-23 07:48:11,0.0,801532.4547335748,1222859.039463299
2055,2025-06-23 07:48:45,2025-06-23 07:48:44,1.0,801532.4547335748,1222859.039463299
2057,2025-06-23 07:49:16,2025-06-23 07:49:14,2.0,801532.4547335748,1222859.039463299
2058,2025-06-23 07:50:49,2025-06-23 07:50:49,0.0,801532.4547335748,1222859.039463299
2060,2025-06-23 07:50:58,2025-06-23 07:50:58,0.0,801532.4547335748,1222859.039463299
2061,2025-06-23 07:52:16,2025-06-23 07:52:14,2.0,801532.4547335748,1222859.039463299
2063,2025-06-23 07:54:08,2025-06-23 07:53:33,35.0,801532.4547335748,1222859.039463299
2065,2025-06-23 07:55:16,2025-06-23 07:52:14,182.0,801532.4547335748,1222859.039463299
2066,2025-06-23 07:56:09,2025-06-23 07:53:33,156.0,801532.4547335748,1222859.039463299
2067,2025-06-23 07:56:09,2025-06-23 07:53:33,156.0,801532.4547335748,1222859.039463299
2071,2025-06-23 07:58:16,2025-06-23 07:52:14,362.0,801532.4547335748,1222859.039463299
2074,2025-06-23 08:01:09,2025-06-23 07:52:14,535.0,801532.4547335748,1222859.039463299
2076,2025-06-23 09:01:04,2025-06-23 07:52:14,4130.0,801532.4547335748,1222859.039463299
2078,2025-06-23 10:01:04,2025-06-23 07:52:14,7730.0,801532.4547335748,1222859.039463299
2080,2025-06-23 11:01:04,2025-06-23 07:52:14,11330.0,801532.4547335748,1222859.039463299
2085,2025-06-23 11:12:53,2025-06-23 07:52:14,12039.0,801532.4547335748,1222859.039463299
2087,2025-06-23 12:01:04,2025-06-23 07:52:14,14930.0,801532.4547335748,1222859.039463299
2089,2025-06-23 13:01:04,2025-06-23 07:52:14,18530.0,801532.4547335748,1222859.039463299
2091,2025-06-23 14:01:04,2025-06-23 07:52:14,22130.0,801532.4547335748,1222859.039463299
2093,2025-06-23 15:01:04,2025-06-23 07:52:14,25730.0,801532.4547335748,1222859.039463299
2095,2025-06-23 16:01:04,2025-06-23 07:52:14,29330.0,801532.4547335748,1222859.039463299
2097,2025-06-23 17:01:04,2025-06-23 07:53:33,32851.0,801532.4547335748,1222859.039463299
2098,2025-06-23 17:46:14,2025-06-23 07:53:33,35561.0,801532.4547335748,1222859.039463299
2099,2025-06-23 17:46:14,2025-06-23 07:53:33,35561.0,801532.4547335748,1222859.039463299
2101,2025-06-23 17:46:38,2025-06-23 17:46:38,0.0,801532.4547335748,1222859.039463299
2103,2025-06-23 17:49:20,2025-06-23 17:49:19,1.0,801532.4547335748,1222859.039463299
2108,2025-06-23 17:52:20,2025-06-23 17:52:19,1.0,801532.4547335748,1222859.039463299
2111,2025-06-23 17:55:20,2025-06-23 17:55:19,1.0,801532.4547335748,1222859.039463299
2113,2025-06-23 17:58:20,2025-06-23 17:58:19,1.0,801532.4547335748,1222859.039463299
2116,2025-06-23 18:01:20,2025-06-23 18:01:19,1.0,801532.4547335748,1222859.039463299
2118,2025-06-23 18:04:20,2025-06-23 18:04:19,1.0,801532.4547335748,1222859.039463299
2121,2025-06-23 18:07:20,2025-06-23 18:07:19,1.0,801532.4547335748,1222859.039463299
2123,2025-06-23 18:10:20,2025-06-23 18:10:19,1.0,801532.4547335748,1222859.039463299
2125,2025-06-23 18:10:37,2025-06-23 18:10:36,1.0,801532.4547335748,1222859.039463299
2127,2025-06-23 18:12:37,2025-06-23 18:12:36,1.0,801532.4547335748,1222859.039463299
2128,2025-06-23 18:12:37,2025-06-23 18:12:36,1.0,801532.4547335748,1222859.039463299
2131,2025-06-23 18:13:20,2025-06-23 18:13:19,1.0,801532.4547335748,1222859.039463299
2132,2025-06-23 18:13:39,2025-06-23 18:13:39,0.0,801532.4547335748,1222859.039463299
2133,2025-06-23 18:13:39,2025-06-23 18:13:39,0.0,801532.4547335748,1222859.039463299
2135,2025-06-23 18:16:20,2025-06-23 18:16:18,2.0,801532.4547335748,1222859.039463299
2136,2025-06-23 18:16:26,2025-06-23 18:16:25,1.0,801532.4547335748,1222859.039463299
2141,2025-06-23 18:18:26,2025-06-23 18:18:26,0.0,801532.4547335748,1222859.039463299
2142,2025-06-23 18:18:26,2025-06-23 18:18:26,0.0,801532.4547335748,1222859.039463299
2146,2025-06-23 18:19:20,2025-06-23 18:19:19,1.0,801532.4547335748,1222859.039463299
2148,2025-06-23 18:22:20,2025-06-23 18:22:18,2.0,801532.4547335748,1222859.039463299
2150,2025-06-23 18:23:27,2025-06-23 18:23:27,0.0,801532.4547335748,1222859.039463299
2152,2025-06-23 19:23:21,2025-06-23 19:20:59,142.0,801532.4547335748,1222859.039463299
2154,2025-06-23 20:23:21,2025-06-23 20:21:06,135.0,801532.4547335748,1222859.039463299
2156,2025-06-23 21:23:21,2025-06-23 21:21:02,139.0,801532.4547335748,1222859.039463299
2158,2025-06-23 22:23:21,2025-06-23 22:21:09,132.0,801532.4547335748,1222859.039463299
2160,2025-06-23 23:23:21,2025-06-23 23:21:04,137.0,801532.4547335748,1222859.039463299
2162,2025-06-24 00:23:21,2025-06-24 00:21:19,122.0,801532.4547335748,1222859.039463299
2164,2025-06-24 01:23:21,2025-06-24 01:21:07,134.0,801532.4547335748,1222859.039463299
2166,2025-06-24 02:23:21,2025-06-24 02:21:13,128.0,801532.4547335748,1222859.039463299
2168,2025-06-24 03:23:21,2025-06-24 03:21:05,136.0,801532.4547335748,1222859.039463299
2170,2025-06-24 04:23:21,2025-06-24 04:20:59,142.0,801532.4547335748,1222859.039463299
2172,2025-06-24 05:23:21,2025-06-24 05:21:01,140.0,801532.4547335748,1222859.039463299
2174,2025-06-24 06:23:21,2025-06-24 06:21:05,136.0,801532.4547335748,1222859.039463299
2176,2025-06-24 07:23:21,2025-06-24 07:20:56,145.0,801532.4547335748,1222859.039463299
2178,2025-06-24 08:23:21,2025-06-24 07:20:56,3745.0,801532.4547335748,1222859.039463299
2180,2025-06-24 09:23:21,2025-06-24 07:20:56,7345.0,801532.4547335748,1222859.039463299
2182,2025-06-24 10:23:21,2025-06-24 07:20:56,10945.0,801532.4547335748,1222859.039463299
2184,2025-06-24 11:23:21,2025-06-24 07:20:56,14545.0,801532.4547335748,1222859.039463299
2186,2025-06-24 12:23:21,2025-06-24 07:20:56,18145.0,801532.4547335748,1222859.039463299
2188,2025-06-24 13:23:21,2025-06-24 07:20:56,21745.0,801532.4547335748,1222859.039463299
2190,2025-06-24 14:23:21,2025-06-24 07:20:56,25345.0,801532.4547335748,1222859.039463299
2192,2025-06-24 15:23:21,2025-06-24 07:20:56,28945.0,801532.4547335748,1222859.039463299
2194,2025-06-24 16:23:21,2025-06-24 07:20:56,32545.0,801532.4547335748,1222859.039463299
2196,2025-06-24 17:23:21,2025-06-24 07:20:56,36145.0,801532.4547335748,1222859.039463299
2198,2025-06-24 18:23:21,2025-06-24 18:21:01,140.0,801532.4547335748,1222859.039463299
2200,2025-06-24 19:23:21,2025-06-24 19:20:57,144.0,801532.4547335748,1222859.039463299
2202,2025-06-24 20:23:21,2025-06-24 20:21:02,139.0,801532.4547335748,1222859.039463299
2204,2025-06-24 21:23:21,2025-06-24 21:21:04,137.0,801532.4547335748,1222859.039463299
2206,2025-06-24 22:23:21,2025-06-24 22:21:00,141.0,801532.4547335748,1222859.039463299
2208,2025-06-24 23:23:21,2025-06-24 23:21:08,133.0,801532.4547335748,1222859.039463299
2210,2025-06-25 00:23:21,2025-06-25 00:21:07,134.0,801532.4547335748,1222859.039463299
2212,2025-06-25 01:23:21,2025-06-25 01:21:08,133.0,801532.4547335748,1222859.039463299
2214,2025-06-25 02:23:21,2025-06-25 02:20:57,144.0,801532.4547335748,1222859.039463299
2216,2025-06-25 03:23:21,2025-06-25 03:21:01,140.0,801532.4547335748,1222859.039463299
2218,2025-06-25 04:23:21,2025-06-25 04:21:03,138.0,801532.4547335748,1222859.039463299
2220,2025-06-25 05:23:21,2025-06-25 05:20:57,144.0,801532.4547335748,1222859.039463299
2222,2025-06-25 06:23:21,2025-06-25 06:21:11,130.0,801532.4547335748,1222859.039463299
2223,2025-06-25 07:20:40,2025-06-25 06:21:11,3569.0,801532.4547335748,1222859.039463299
2224,2025-06-25 07:20:40,2025-06-25 06:21:11,3569.0,801532.4547335748,1222859.039463299
2226,2025-06-25 07:20:58,2025-06-25 07:20:58,0.0,801532.4547335748,1222859.039463299
2227,2025-06-25 07:22:52,2025-06-25 07:22:52,0.0,801532.4547335748,1222859.039463299
2229,2025-06-25 07:23:24,2025-06-25 07:23:24,0.0,801532.4547335748,1222859.039463299
2230,2025-06-25 07:23:47,2025-06-25 07:23:46,1.0,801532.4547335748,1222859.039463299
2235,2025-06-25 07:26:47,2025-06-25 07:26:46,1.0,801532.4547335748,1222859.039463299
2238,2025-06-25 07:29:47,2025-06-25 07:29:46,1.0,801532.4547335748,1222859.039463299
2240,2025-06-25 07:32:47,2025-06-25 07:32:46,1.0,801532.4547335748,1222859.039463299
2243,2025-06-25 07:35:47,2025-06-25 07:35:46,1.0,801532.4547335748,1222859.039463299
2245,2025-06-25 07:38:47,2025-06-25 07:38:46,1.0,801532.4547335748,1222859.039463299
2247,2025-06-25 07:40:03,2025-06-25 07:40:02,1.0,801532.4547335748,1222859.039463299
2248,2025-06-25 07:40:35,2025-06-25 07:40:34,1.0,801532.4547335748,1222859.039463299
2250,2025-06-25 07:41:47,2025-06-25 07:41:46,1.0,801532.4547335748,1222859.039463299
2252,2025-06-25 07:44:47,2025-06-25 07:44:46,1.0,801532.4547335748,1222859.039463299
2255,2025-06-25 07:47:47,2025-06-25 07:47:46,1.0,801532.4547335748,1222859.039463299
2257,2025-06-25 07:50:33,2025-06-25 07:49:34,59.0,801532.4547335748,1222859.039463299
2258,2025-06-25 07:50:47,2025-06-25 07:47:46,181.0,801532.4547335748,1222859.039463299
2260,2025-06-25 07:52:34,2025-06-25 07:49:34,180.0,801532.4547335748,1222859.039463299
2261,2025-06-25 07:52:34,2025-06-25 07:49:34,180.0,801532.4547335748,1222859.039463299
2265,2025-06-25 07:53:47,2025-06-25 07:47:46,361.0,801532.4547335748,1222859.039463299
2267,2025-06-25 07:56:47,2025-06-25 07:47:46,541.0,801532.4547335748,1222859.039463299
2269,2025-06-25 07:57:35,2025-06-25 07:47:46,589.0,801532.4547335748,1222859.039463299
2271,2025-06-25 08:57:29,2025-06-25 07:47:46,4183.0,801532.4547335748,1222859.039463299
2273,2025-06-25 09:57:29,2025-06-25 07:47:46,7783.0,801532.4547335748,1222859.039463299
2275,2025-06-25 10:57:29,2025-06-25 07:47:46,11383.0,801532.4547335748,1222859.039463299
2277,2025-06-25 11:57:29,2025-06-25 07:47:46,14983.0,801532.4547335748,1222859.039463299
2279,2025-06-25 12:57:29,2025-06-25 07:47:46,18583.0,801532.4547335748,1222859.039463299
2281,2025-06-25 13:57:29,2025-06-25 07:47:46,22183.0,801532.4547335748,1222859.039463299
2283,2025-06-25 14:57:29,2025-06-25 07:47:46,25783.0,801532.4547335748,1222859.039463299
2285,2025-06-25 15:57:29,2025-06-25 07:47:46,29383.0,801532.4547335748,1222859.039463299
2287,2025-06-25 16:57:29,2025-06-25 07:49:34,32875.0,801532.4547335748,1222859.039463299
2288,2025-06-25 17:48:46,2025-06-25 07:49:34,35952.0,801532.4547335748,1222859.039463299
2289,2025-06-25 17:48:46,2025-06-25 07:49:34,35952.0,801532.4547335748,1222859.039463299
2291,2025-06-25 17:49:50,2025-06-25 17:49:50,0.0,801532.4547335748,1222859.039463299
2293,2025-06-25 17:51:55,2025-06-25 17:51:54,1.0,801532.4547335748,1222859.039463299
2298,2025-06-25 17:54:55,2025-06-25 17:54:54,1.0,801532.4547335748,1222859.039463299
2301,2025-06-25 17:57:55,2025-06-25 17:57:54,1.0,801532.4547335748,1222859.039463299
2303,2025-06-25 18:00:55,2025-06-25 18:00:54,1.0,801532.4547335748,1222859.039463299
2305,2025-06-25 18:01:34,2025-06-25 18:01:34,0.0,801532.4547335748,1222859.039463299
2306,2025-06-25 18:02:08,2025-06-25 18:02:08,0.0,801532.4547335748,1222859.039463299
2308,2025-06-25 18:03:55,2025-06-25 18:03:54,1.0,801532.4547335748,1222859.039463299
2310,2025-06-25 18:06:55,2025-06-25 18:06:54,1.0,801532.4547335748,1222859.039463299
2312,2025-06-25 18:07:58,2025-06-25 18:07:58,0.0,801532.4547335748,1222859.039463299
2314,2025-06-25 18:09:55,2025-06-25 18:09:54,1.0,801532.4547335748,1222859.039463299
2315,2025-06-25 18:09:58,2025-06-25 18:09:58,0.0,801532.4547335748,1222859.039463299
2316,2025-06-25 18:09:58,2025-06-25 18:09:58,0.0,801532.4547335748,1222859.039463299
2320,2025-06-25 18:11:08,2025-06-25 18:11:07,1.0,801532.4547335748,1222859.039463299
2321,2025-06-25 18:11:08,2025-06-25 18:11:07,1.0,801532.4547335748,1222859.039463299
2322,2025-06-25 18:11:08,2025-06-25 18:11:07,1.0,801532.4547335748,1222859.039463299
2323,2025-06-25 18:12:55,2025-06-25 18:12:54,1.0,801532.4547335748,1222859.039463299
2329,2025-06-25 18:15:55,2025-06-25 18:15:54,1.0,801532.4547335748,1222859.039463299
2330,2025-06-25 18:16:17,2025-06-25 18:16:17,0.0,801532.4547335748,1222859.039463299
2332,2025-06-25 18:18:17,2025-06-25 18:18:16,1.0,801532.4547335748,1222859.039463299
2333,2025-06-25 18:18:17,2025-06-25 18:18:16,1.0,801532.4547335748,1222859.039463299
2336,2025-06-25 18:18:55,2025-06-25 18:18:54,1.0,801532.4547335748,1222859.039463299
2339,2025-06-25 18:21:55,2025-06-25 18:21:54,1.0,801532.4547335748,1222859.039463299
2341,2025-06-25 18:23:17,2025-06-25 18:23:17,0.0,801532.4547335748,1222859.039463299
2343,2025-06-25 19:23:12,2025-06-25 19:20:47,145.0,801532.4547335748,1222859.039463299
2345,2025-06-25 20:23:12,2025-06-25 20:20:49,143.0,801532.4547335748,1222859.039463299
2347,2025-06-25 21:23:12,2025-06-25 21:20:49,143.0,801532.4547335748,1222859.039463299
2349,2025-06-25 22:23:12,2025-06-25 22:21:04,128.0,801532.4547335748,1222859.039463299
2351,2025-06-25 23:23:12,2025-06-25 23:21:05,127.0,801532.4547335748,1222859.039463299
2353,2025-06-26 00:23:12,2025-06-26 00:20:56,136.0,801532.4547335748,1222859.039463299
2355,2025-06-26 01:23:12,2025-06-26 01:20:53,139.0,801532.4547335748,1222859.039463299
2357,2025-06-21 20:29:58,2025-06-21 20:29:58,0.0,801532.4547335748,1222859.039463299
2359,2025-06-26 03:23:12,2025-06-26 03:20:52,140.0,801532.4547335748,1222859.039463299
2361,2025-06-26 04:23:12,2025-06-26 04:21:30,102.0,801532.4547335748,1222859.039463299
2363,2025-06-26 05:23:12,2025-06-26 05:20:51,141.0,801532.4547335748,1222859.039463299
2365,2025-06-26 06:23:12,2025-06-26 06:20:49,143.0,801532.4547335748,1222859.039463299
2367,2025-06-26 07:23:12,2025-06-26 07:20:50,142.0,801532.4547335748,1222859.039463299
2369,2025-06-26 08:23:12,2025-06-26 07:20:50,3742.0,801532.4547335748,1222859.039463299
2371,2025-06-26 09:23:12,2025-06-26 07:20:50,7342.0,801532.4547335748,1222859.039463299
2373,2025-06-26 10:23:12,2025-06-26 07:20:50,10942.0,801532.4547335748,1222859.039463299
2375,2025-06-26 11:23:12,2025-06-26 07:20:50,14542.0,801532.4547335748,1222859.039463299
2377,2025-06-26 12:20:50,2025-06-26 07:20:50,18000.0,801532.4547335748,1222859.039463299
2378,2025-06-26 12:20:50,2025-06-26 07:20:50,18000.0,801532.4547335748,1222859.039463299
2379,2025-06-26 12:21:07,2025-06-26 12:21:07,0.0,801532.4547335748,1222859.039463299
2380,2025-06-26 12:22:20,2025-06-26 12:22:20,0.0,801532.4547335748,1222859.039463299
2381,2025-06-26 12:22:50,2025-06-26 12:22:50,0.0,801532.4547335748,1222859.039463299
2383,2025-06-26 12:23:58,2025-06-26 12:23:57,1.0,801532.4547335748,1222859.039463299
2390,2025-06-26 12:26:58,2025-06-26 12:26:57,1.0,801532.4547335748,1222859.039463299
2392,2025-06-26 12:29:58,2025-06-26 12:29:57,1.0,801532.4547335748,1222859.039463299
2394,2025-06-26 12:31:22,2025-06-26 12:31:21,1.0,801532.4547335748,1222859.039463299
2395,2025-06-26 12:32:47,2025-06-26 12:32:47,0.0,801532.4547335748,1222859.039463299
2397,2025-06-26 12:32:58,2025-06-26 12:32:57,1.0,801532.4547335748,1222859.039463299
2399,2025-06-26 12:35:58,2025-06-26 12:35:57,1.0,801532.4547335748,1222859.039463299
2400,2025-06-26 12:36:46,2025-06-26 12:36:46,0.0,801532.4547335748,1222859.039463299
2402,2025-06-26 12:38:46,2025-06-26 12:38:46,0.0,801532.4547335748,1222859.039463299
2403,2025-06-26 12:38:46,2025-06-26 12:38:46,0.0,801532.4547335748,1222859.039463299
2407,2025-06-26 12:38:58,2025-06-26 12:38:57,1.0,801532.4547335748,1222859.039463299
2409,2025-06-26 12:41:58,2025-06-26 12:41:57,1.0,801532.4547335748,1222859.039463299
2410,2025-06-26 12:42:09,2025-06-26 12:42:09,0.0,801532.4547335748,1222859.039463299
2411,2025-06-26 12:42:09,2025-06-26 12:42:09,0.0,801532.4547335748,1222859.039463299
2413,2025-06-26 12:43:29,2025-06-26 12:43:29,0.0,801532.4547335748,1222859.039463299
2415,2025-06-26 12:44:58,2025-06-26 12:44:57,1.0,801532.4547335748,1222859.039463299
2416,2025-06-26 12:45:24,2025-06-26 12:45:24,0.0,801532.4547335748,1222859.039463299
2421,2025-06-26 12:47:58,2025-06-26 12:47:57,1.0,801532.4547335748,1222859.039463299
2422,2025-06-26 12:48:39,2025-06-26 12:48:39,0.0,801532.4547335748,1222859.039463299
2425,2025-06-26 12:49:02,2025-06-26 12:49:02,0.0,801532.4547335748,1222859.039463299
2427,2025-06-26 12:50:58,2025-06-26 12:50:57,1.0,801532.4547335748,1222859.039463299
2429,2025-06-26 12:53:58,2025-06-26 12:50:57,181.0,801532.4547335748,1222859.039463299
2430,2025-06-26 12:54:15,2025-06-26 12:53:20,55.0,801532.4547335748,1222859.039463299
2432,2025-06-26 12:56:16,2025-06-26 12:53:20,176.0,801532.4547335748,1222859.039463299
2433,2025-06-26 12:56:16,2025-06-26 12:53:20,176.0,801532.4547335748,1222859.039463299
2437,2025-06-26 12:56:58,2025-06-26 12:50:57,361.0,801532.4547335748,1222859.039463299
2439,2025-06-26 12:59:58,2025-06-26 12:50:57,541.0,801532.4547335748,1222859.039463299
2441,2025-06-26 13:01:17,2025-06-26 12:50:57,620.0,801532.4547335748,1222859.039463299
2443,2025-06-26 14:01:11,2025-06-26 12:50:57,4214.0,801532.4547335748,1222859.039463299
2445,2025-06-26 15:01:11,2025-06-26 12:50:57,7814.0,801532.4547335748,1222859.039463299
2447,2025-06-26 16:01:11,2025-06-26 12:50:57,11414.0,801532.4547335748,1222859.039463299
2449,2025-06-26 17:01:11,2025-06-26 12:53:20,14871.0,801532.4547335748,1222859.039463299
2451,2025-06-26 18:01:11,2025-06-26 17:59:07,124.0,801532.4547335748,1222859.039463299
2452,2025-06-26 18:01:24,2025-06-26 17:59:07,137.0,801532.4547335748,1222859.039463299
2453,2025-06-26 18:01:24,2025-06-26 17:59:07,137.0,801532.4547335748,1222859.039463299
2455,2025-06-26 18:01:45,2025-06-26 18:01:45,0.0,801532.4547335748,1222859.039463299
2457,2025-06-26 18:04:32,2025-06-26 18:04:31,1.0,801532.4547335748,1222859.039463299
2462,2025-06-26 18:06:42,2025-06-26 18:06:42,0.0,801532.4547335748,1222859.039463299
2463,2025-06-26 18:07:32,2025-06-26 18:07:31,1.0,801532.4547335748,1222859.039463299
2465,2025-06-26 18:08:42,2025-06-26 18:08:42,0.0,801532.4547335748,1222859.039463299
2466,2025-06-26 18:08:42,2025-06-26 18:08:42,0.0,801532.4547335748,1222859.039463299
2470,2025-06-26 18:09:51,2025-06-26 18:09:51,0.0,801532.4547335748,1222859.039463299
2471,2025-06-26 18:09:51,2025-06-26 18:09:51,0.0,801532.4547335748,1222859.039463299
2472,2025-06-26 18:10:32,2025-06-26 18:10:31,1.0,801532.4547335748,1222859.039463299
2474,2025-06-26 18:13:32,2025-06-26 18:13:31,1.0,801532.4547335748,1222859.039463299
2480,2025-06-26 18:16:32,2025-06-26 18:16:31,1.0,801532.4547335748,1222859.039463299
2482,2025-06-26 18:17:51,2025-06-26 18:17:51,0.0,801532.4547335748,1222859.039463299
2483,2025-06-26 18:18:33,2025-06-26 18:18:33,0.0,801532.4547335748,1222859.039463299
2484,2025-06-26 18:19:32,2025-06-26 18:19:31,1.0,801532.4547335748,1222859.039463299
2486,2025-06-26 18:21:20,2025-06-26 18:21:21,-1.0,801532.4547335748,1222859.039463299
2488,2025-06-26 18:22:01,2025-06-26 18:22:01,0.0,801532.4547335748,1222859.039463299
2489,2025-06-26 18:22:32,2025-06-26 18:22:31,1.0,801532.4547335748,1222859.039463299
2491,2025-06-26 18:25:32,2025-06-26 18:25:31,1.0,801532.4547335748,1222859.039463299
2493,2025-06-26 18:26:01,2025-06-26 18:26:01,0.0,801532.4547335748,1222859.039463299
2495,2025-06-26 18:28:01,2025-06-26 18:28:01,0.0,801532.4547335748,1222859.039463299
2496,2025-06-26 18:28:01,2025-06-26 18:28:01,0.0,801532.4547335748,1222859.039463299
2499,2025-06-26 18:28:32,2025-06-26 18:28:31,1.0,801532.4547335748,1222859.039463299
2500,2025-06-26 18:28:38,2025-06-26 18:28:38,0.0,801532.4547335748,1222859.039463299
2501,2025-06-26 18:28:38,2025-06-26 18:28:38,0.0,801532.4547335748,1222859.039463299
2502,2025-06-26 18:29:15,2025-06-26 18:29:15,0.0,801532.4547335748,1222859.039463299
2504,2025-06-26 18:30:23,2025-06-26 18:30:24,-1.0,801532.4547335748,1222859.039463299
2505,2025-06-26 18:31:32,2025-06-26 18:31:31,1.0,801532.4547335748,1222859.039463299
2510,2025-06-26 18:33:02,2025-06-26 18:33:02,0.0,801532.4547335748,1222859.039463299
2512,2025-06-26 18:34:32,2025-06-26 18:34:31,1.0,801532.4547335748,1222859.039463299
2513,2025-06-26 18:35:02,2025-06-26 18:35:02,0.0,801532.4547335748,1222859.039463299
2514,2025-06-26 18:35:02,2025-06-26 18:35:02,0.0,801532.4547335748,1222859.039463299
2518,2025-06-26 18:37:32,2025-06-26 18:37:31,1.0,801532.4547335748,1222859.039463299
2521,2025-06-26 18:40:02,2025-06-26 18:40:03,-1.0,801532.4547335748,1222859.039463299
2523,2025-06-26 19:39:57,2025-06-26 19:37:33,144.0,801532.4547335748,1222859.039463299
2525,2025-06-26 20:39:57,2025-06-26 20:37:34,143.0,801532.4547335748,1222859.039463299
2527,2025-06-26 21:39:57,2025-06-26 20:37:34,3743.0,801532.4547335748,1222859.039463299
2529,2025-06-26 22:39:57,2025-06-26 22:37:55,122.0,801532.4547335748,1222859.039463299
2531,2025-06-26 23:39:57,2025-06-26 23:37:49,128.0,801532.4547335748,1222859.039463299
2533,2025-06-27 00:39:57,2025-06-27 00:37:45,132.0,801532.4547335748,1222859.039463299
2535,2025-06-27 01:39:57,2025-06-27 01:38:22,95.0,801532.4547335748,1222859.039463299
2537,2025-06-27 02:39:57,2025-06-27 02:38:06,111.0,801532.4547335748,1222859.039463299
2539,2025-06-27 03:39:57,2025-06-27 03:37:38,139.0,801532.4547335748,1222859.039463299
2541,2025-06-27 04:39:57,2025-06-27 04:38:36,81.0,801532.4547335748,1222859.039463299
2543,2025-06-27 05:39:57,2025-06-27 05:37:47,130.0,801532.4547335748,1222859.039463299
2545,2025-06-27 06:39:57,2025-06-27 06:38:06,111.0,801532.4547335748,1222859.039463299
2547,2025-06-27 07:39:57,2025-06-27 07:38:01,116.0,801532.4547335748,1222859.039463299
2549,2025-06-27 08:39:57,2025-06-27 08:37:33,144.0,801532.4547335748,1222859.039463299
2551,2025-06-27 09:39:57,2025-06-27 09:37:51,126.0,801532.4547335748,1222859.039463299
2553,2025-06-27 10:39:57,2025-06-27 10:37:31,146.0,801532.4547335748,1222859.039463299
2555,2025-06-27 11:39:57,2025-06-27 11:37:31,146.0,801532.4547335748,1222859.039463299
2557,2025-06-27 12:39:57,2025-06-27 12:37:37,140.0,801532.4547335748,1222859.039463299
2559,2025-06-27 13:39:57,2025-06-27 13:37:31,146.0,801532.4547335748,1222859.039463299
2561,2025-06-27 14:39:57,2025-06-27 14:37:31,146.0,801532.4547335748,1222859.039463299
2563,2025-06-27 15:39:57,2025-06-27 15:38:16,101.0,801532.4547335748,1222859.039463299
2565,2025-06-27 16:39:57,2025-06-27 16:37:36,141.0,801532.4547335748,1222859.039463299
2567,2025-06-27 17:39:57,2025-06-27 17:37:36,141.0,801532.4547335748,1222859.039463299
2568,2025-06-27 17:58:17,2025-06-27 17:37:36,1241.0,801532.4547335748,1222859.039463299
2569,2025-06-27 17:58:17,2025-06-27 17:37:36,1241.0,801532.4547335748,1222859.039463299
2571,2025-06-27 17:58:31,2025-06-27 17:58:32,-1.0,801532.4547335748,1222859.039463299
2573,2025-06-27 18:01:23,2025-06-27 18:01:23,0.0,801532.4547335748,1222859.039463299
2578,2025-06-27 18:03:51,2025-06-27 18:03:52,-1.0,801532.4547335748,1222859.039463299
2579,2025-06-27 18:04:11,2025-06-27 18:04:12,-1.0,801532.4547335748,1222859.039463299
2580,2025-06-27 18:04:23,2025-06-27 18:04:22,1.0,801532.4547335748,1222859.039463299
2583,2025-06-27 18:07:23,2025-06-27 18:07:22,1.0,801532.4547335748,1222859.039463299
2585,2025-06-27 18:10:23,2025-06-27 18:10:23,0.0,801532.4547335748,1222859.039463299
2588,2025-06-27 18:13:23,2025-06-27 18:13:23,0.0,801532.4547335748,1222859.039463299
2590,2025-06-27 18:15:19,2025-06-27 18:15:19,0.0,801532.4547335748,1222859.039463299
2591,2025-06-27 18:16:23,2025-06-27 18:16:23,0.0,801532.4547335748,1222859.039463299
2593,2025-06-27 18:17:19,2025-06-27 18:17:19,0.0,801532.4547335748,1222859.039463299
2594,2025-06-27 18:17:19,2025-06-27 18:17:19,0.0,801532.4547335748,1222859.039463299
2598,2025-06-27 18:19:23,2025-06-27 18:19:23,0.0,801532.4547335748,1222859.039463299
2600,2025-06-27 18:22:19,2025-06-27 18:22:20,-1.0,801532.4547335748,1222859.039463299
2602,2025-06-27 19:22:14,2025-06-27 19:19:49,145.0,801532.4547335748,1222859.039463299
2604,2025-06-27 20:22:14,2025-06-27 20:19:55,139.0,801532.4547335748,1222859.039463299
2606,2025-06-27 21:22:14,2025-06-27 21:20:29,105.0,801532.4547335748,1222859.039463299
2608,2025-06-27 22:22:14,2025-06-27 22:21:04,70.0,801532.4547335748,1222859.039463299
2610,2025-06-27 23:22:14,2025-06-27 23:19:55,139.0,801532.4547335748,1222859.039463299
2612,2025-06-28 00:22:14,2025-06-28 00:19:53,141.0,801532.4547335748,1222859.039463299
2614,2025-06-28 01:22:14,2025-06-28 01:19:58,136.0,801532.4547335748,1222859.039463299
2616,2025-06-26 02:23:12,2025-06-26 02:20:49,143.0,801532.4547335748,1222859.039463299
2618,2025-06-28 03:22:14,2025-06-28 03:19:58,136.0,801532.4547335748,1222859.039463299
2620,2025-06-28 04:22:14,2025-06-28 04:19:56,138.0,801532.4547335748,1222859.039463299
2622,2025-06-28 05:22:14,2025-06-28 05:19:53,141.0,801532.4547335748,1222859.039463299
2624,2025-06-28 06:22:14,2025-06-28 06:19:54,140.0,801532.4547335748,1222859.039463299
2626,2025-06-28 07:22:14,2025-06-28 07:19:57,137.0,801532.4547335748,1222859.039463299
2628,2025-06-28 08:22:14,2025-06-28 08:20:00,134.0,801532.4547335748,1222859.039463299
2630,2025-06-28 09:22:14,2025-06-28 09:20:07,127.0,801532.4547335748,1222859.039463299
2632,2025-06-28 10:22:14,2025-06-28 10:19:56,138.0,801532.4547335748,1222859.039463299
2634,2025-06-28 11:22:14,2025-06-28 11:20:00,134.0,801532.4547335748,1222859.039463299
2636,2025-06-28 12:22:14,2025-06-28 12:19:55,139.0,801532.4547335748,1222859.039463299
2638,2025-06-28 13:22:14,2025-06-28 13:19:55,139.0,801532.4547335748,1222859.039463299
2640,2025-06-28 14:22:14,2025-06-28 14:19:54,140.0,801532.4547335748,1222859.039463299
2642,2025-06-28 15:22:14,2025-06-28 15:19:54,140.0,801532.4547335748,1222859.039463299
2644,2025-06-28 16:22:14,2025-06-28 16:20:06,128.0,801532.4547335748,1222859.039463299
2646,2025-06-28 17:22:14,2025-06-28 17:19:51,143.0,801532.4547335748,1222859.039463299
2648,2025-06-28 18:22:14,2025-06-28 18:19:53,141.0,801532.4547335748,1222859.039463299
2650,2025-06-28 19:22:14,2025-06-28 19:20:06,128.0,801532.4547335748,1222859.039463299
2652,2025-06-28 20:22:14,2025-06-28 20:20:13,121.0,801532.4547335748,1222859.039463299
2654,2025-06-28 21:22:14,2025-06-28 21:19:55,139.0,801532.4547335748,1222859.039463299
2656,2025-06-28 22:22:14,2025-06-28 22:19:54,140.0,801532.4547335748,1222859.039463299
2658,2025-06-28 23:22:14,2025-06-28 23:19:56,138.0,801532.4547335748,1222859.039463299
2660,2025-06-29 00:22:14,2025-06-29 00:19:59,135.0,801532.4547335748,1222859.039463299
2662,2025-06-29 01:22:14,2025-06-29 01:20:02,132.0,801532.4547335748,1222859.039463299
2664,2025-06-29 02:22:14,2025-06-29 02:19:56,138.0,801532.4547335748,1222859.039463299
2666,2025-06-29 03:22:14,2025-06-29 03:19:57,137.0,801532.4547335748,1222859.039463299
2668,2025-06-29 04:22:14,2025-06-29 04:19:52,142.0,801532.4547335748,1222859.039463299
2670,2025-06-29 05:22:14,2025-06-29 05:20:12,122.0,801532.4547335748,1222859.039463299
2672,2025-06-29 06:22:17,2025-06-29 06:20:20,117.0,801532.4547335748,1222859.039463299
2674,2025-06-29 07:22:16,2025-06-29 07:19:55,141.0,801532.4547335748,1222859.039463299
2676,2025-06-29 08:22:16,2025-06-29 08:19:53,143.0,801532.4547335748,1222859.039463299
2678,2025-06-29 09:22:16,2025-06-29 09:20:05,131.0,801532.4547335748,1222859.039463299
2680,2025-06-29 10:22:16,2025-06-29 10:19:50,146.0,801532.4547335748,1222859.039463299
2682,2025-06-29 11:22:16,2025-06-29 11:19:50,146.0,801532.4547335748,1222859.039463299
2684,2025-06-29 12:22:16,2025-06-29 12:19:58,138.0,801532.4547335748,1222859.039463299
2686,2025-06-29 13:22:16,2025-06-29 13:19:52,144.0,801532.4547335748,1222859.039463299
2688,2025-06-29 14:22:16,2025-06-29 14:19:58,138.0,801532.4547335748,1222859.039463299
2690,2025-06-29 15:22:16,2025-06-29 15:19:54,142.0,801532.4547335748,1222859.039463299
2692,2025-06-29 16:22:16,2025-06-29 16:20:01,135.0,801532.4547335748,1222859.039463299
2694,2025-06-29 17:22:16,2025-06-29 17:19:53,143.0,801532.4547335748,1222859.039463299
2696,2025-06-29 18:22:16,2025-06-29 18:20:24,112.0,801532.4547335748,1222859.039463299
2698,2025-06-29 19:22:16,2025-06-29 19:19:52,144.0,801532.4547335748,1222859.039463299
2700,2025-06-29 20:22:16,2025-06-29 20:19:52,144.0,801532.4547335748,1222859.039463299
2702,2025-06-29 21:22:16,2025-06-29 21:19:57,139.0,801532.4547335748,1222859.039463299
2704,2025-06-29 22:22:16,2025-06-29 22:19:56,140.0,801532.4547335748,1222859.039463299
2706,2025-06-29 23:22:16,2025-06-29 23:19:56,140.0,801532.4547335748,1222859.039463299
2708,2025-06-30 00:22:16,2025-06-30 00:19:58,138.0,801532.4547335748,1222859.039463299
2710,2025-06-30 01:22:16,2025-06-30 01:19:54,142.0,801532.4547335748,1222859.039463299
2712,2025-06-28 02:22:14,2025-06-28 02:20:02,132.0,801532.4547335748,1222859.039463299
2714,2025-06-30 03:22:16,2025-06-30 03:19:55,141.0,801532.4547335748,1222859.039463299
2716,2025-06-30 04:22:16,2025-06-30 04:19:54,142.0,801532.4547335748,1222859.039463299
2718,2025-06-30 05:22:16,2025-06-30 05:19:55,141.0,801532.4547335748,1222859.039463299
2720,2025-06-30 06:22:16,2025-06-30 06:20:07,129.0,801532.4547335748,1222859.039463299
2722,2025-06-30 07:22:16,2025-06-30 07:19:53,143.0,801532.4547335748,1222859.039463299
2724,2025-06-30 08:22:16,2025-06-30 08:19:56,140.0,801532.4547335748,1222859.039463299
2726,2025-06-30 09:22:16,2025-06-30 09:19:51,145.0,801532.4547335748,1222859.039463299
2728,2025-06-30 10:22:16,2025-06-30 10:19:49,147.0,801532.4547335748,1222859.039463299
2730,2025-06-30 11:22:16,2025-06-30 11:19:49,147.0,801532.4547335748,1222859.039463299
2732,2025-06-30 12:22:16,2025-06-30 12:19:52,144.0,801532.4547335748,1222859.039463299
2734,2025-06-30 13:22:16,2025-06-30 13:19:51,145.0,801532.4547335748,1222859.039463299
2736,2025-06-30 14:22:16,2025-06-30 14:19:49,147.0,801532.4547335748,1222859.039463299
2738,2025-06-30 15:22:16,2025-06-30 15:19:49,147.0,801532.4547335748,1222859.039463299
2740,2025-06-30 16:22:16,2025-06-30 16:19:50,146.0,801532.4547335748,1222859.039463299
2742,2025-06-30 17:22:16,2025-06-30 17:19:51,145.0,801532.4547335748,1222859.039463299
2744,2025-06-30 18:22:16,2025-06-30 18:20:01,135.0,801532.4547335748,1222859.039463299
2746,2025-06-30 19:22:16,2025-06-30 19:19:58,138.0,801532.4547335748,1222859.039463299
2748,2025-06-30 20:22:16,2025-06-30 20:19:57,139.0,801532.4547335748,1222859.039463299
2750,2025-06-30 21:22:16,2025-06-30 21:19:59,137.0,801532.4547335748,1222859.039463299
2752,2025-06-30 22:22:16,2025-06-30 22:19:58,138.0,801532.4547335748,1222859.039463299
2754,2025-06-30 23:22:16,2025-06-30 23:20:17,119.0,801532.4547335748,1222859.039463299
2756,2025-07-01 00:22:16,2025-07-01 00:19:58,138.0,801532.4547335748,1222859.039463299
2758,2025-07-01 01:22:16,2025-07-01 01:19:54,142.0,801532.4547335748,1222859.039463299
2760,2025-07-01 02:22:16,2025-07-01 02:19:57,139.0,801532.4547335748,1222859.039463299
2762,2025-07-01 03:22:16,2025-07-01 03:19:54,142.0,801532.4547335748,1222859.039463299
2764,2025-07-01 04:22:16,2025-07-01 04:19:51,145.0,801532.4547335748,1222859.039463299
2766,2025-07-01 05:22:16,2025-07-01 05:19:56,140.0,801532.4547335748,1222859.039463299
2768,2025-07-01 06:22:16,2025-07-01 06:19:54,142.0,801532.4547335748,1222859.039463299
2770,2025-07-01 07:22:16,2025-07-01 07:19:55,141.0,801532.4547335748,1222859.039463299
2772,2025-07-01 08:22:16,2025-07-01 08:19:50,146.0,801532.4547335748,1222859.039463299
2774,2025-07-01 09:22:16,2025-07-01 09:19:50,146.0,801532.4547335748,1222859.039463299
2776,2025-07-01 10:22:16,2025-07-01 10:19:49,147.0,801532.4547335748,1222859.039463299
2778,2025-07-01 11:22:16,2025-07-01 11:19:50,146.0,801532.4547335748,1222859.039463299
2780,2025-07-01 12:22:16,2025-07-01 12:19:52,144.0,801532.4547335748,1222859.039463299
2782,2025-07-01 13:22:16,2025-07-01 13:19:51,145.0,801532.4547335748,1222859.039463299
2784,2025-07-01 14:22:16,2025-07-01 14:19:50,146.0,801532.4547335748,1222859.039463299
2786,2025-07-01 15:22:16,2025-07-01 15:19:51,145.0,801532.4547335748,1222859.039463299
2788,2025-07-01 16:22:16,2025-07-01 16:19:51,145.0,801532.4547335748,1222859.039463299
2790,2025-07-01 17:22:16,2025-07-01 17:19:51,145.0,801532.4547335748,1222859.039463299
2792,2025-07-01 18:22:16,2025-07-01 18:19:58,138.0,801532.4547335748,1222859.039463299
2794,2025-07-01 19:22:16,2025-07-01 19:19:54,142.0,801532.4547335748,1222859.039463299
2795,2025-07-01 20:14:51,2025-07-01 19:19:54,3297.0,801532.4547335748,1222859.039463299
2796,2025-07-01 20:14:51,2025-07-01 19:19:54,3297.0,801532.4547335748,1222859.039463299
2798,2025-07-01 20:15:21,2025-07-01 20:15:21,0.0,801532.4547335748,1222859.039463299
2800,2025-07-01 20:17:30,2025-07-01 20:17:30,0.0,801532.4547335748,1222859.039463299
2801,2025-07-01 20:17:57,2025-07-01 20:17:56,1.0,801532.4547335748,1222859.039463299
2806,2025-07-01 20:19:30,2025-07-01 20:19:30,0.0,801532.4547335748,1222859.039463299
2807,2025-07-01 20:19:30,2025-07-01 20:19:30,0.0,801532.4547335748,1222859.039463299
2811,2025-07-01 20:20:57,2025-07-01 20:20:56,1.0,801532.4547335748,1222859.039463299
2812,2025-07-01 20:21:41,2025-07-01 20:21:41,0.0,801532.4547335748,1222859.039463299
2813,2025-07-01 20:21:41,2025-07-01 20:21:41,0.0,801532.4547335748,1222859.039463299
2815,2025-07-01 20:23:57,2025-07-01 20:23:56,1.0,801532.4547335748,1222859.039463299
2816,2025-07-01 20:24:11,2025-07-01 20:24:11,0.0,801532.4547335748,1222859.039463299
2821,2025-07-01 20:26:12,2025-07-01 20:26:11,1.0,801532.4547335748,1222859.039463299
2822,2025-07-01 20:26:12,2025-07-01 20:26:11,1.0,801532.4547335748,1222859.039463299
2826,2025-07-01 20:26:57,2025-07-01 20:26:56,1.0,801532.4547335748,1222859.039463299
2828,2025-07-01 20:29:57,2025-07-01 20:29:56,1.0,801532.4547335748,1222859.039463299
2830,2025-07-01 20:31:12,2025-07-01 20:31:12,0.0,801532.4547335748,1222859.039463299
2832,2025-07-01 21:31:07,2025-07-01 21:28:46,141.0,801532.4547335748,1222859.039463299
2834,2025-07-01 22:31:07,2025-07-01 22:28:50,137.0,801532.4547335748,1222859.039463299
2836,2025-07-01 23:31:07,2025-07-01 23:28:47,140.0,801532.4547335748,1222859.039463299
2838,2025-07-02 00:31:07,2025-07-02 00:28:44,143.0,801532.4547335748,1222859.039463299
2840,2025-07-02 01:31:07,2025-07-02 01:28:44,143.0,801532.4547335748,1222859.039463299
2842,2025-07-02 02:31:07,2025-07-02 02:28:44,143.0,801532.4547335748,1222859.039463299
2844,2025-07-02 03:31:07,2025-07-02 03:28:43,144.0,801532.4547335748,1222859.039463299
2846,2025-07-02 04:31:07,2025-07-02 04:28:43,144.0,801532.4547335748,1222859.039463299
2848,2025-07-02 05:31:07,2025-07-02 05:28:49,138.0,801532.4547335748,1222859.039463299
2850,2025-07-02 06:31:07,2025-07-02 06:28:46,141.0,801532.4547335748,1222859.039463299
2852,2025-07-02 07:28:48,2025-07-02 06:28:46,3602.0,801532.4547335748,1222859.039463299
2853,2025-07-02 07:28:48,2025-07-02 06:28:46,3602.0,801532.4547335748,1222859.039463299
2854,2025-07-02 07:28:52,2025-07-02 07:28:53,-1.0,801532.4547335748,1222859.039463299
2856,2025-07-02 07:31:53,2025-07-02 07:31:52,1.0,801532.4547335748,1222859.039463299
2862,2025-07-02 07:34:53,2025-07-02 07:34:52,1.0,801532.4547335748,1222859.039463299
2864,2025-07-02 07:37:53,2025-07-02 07:37:52,1.0,801532.4547335748,1222859.039463299
2865,2025-07-02 07:38:17,2025-07-02 07:38:16,1.0,801532.4547335748,1222859.039463299
2867,2025-07-02 07:39:17,2025-07-02 07:39:17,0.0,801532.4547335748,1222859.039463299
2869,2025-07-02 07:40:53,2025-07-02 07:40:52,1.0,801532.4547335748,1222859.039463299
2871,2025-07-02 07:43:53,2025-07-02 07:43:52,1.0,801532.4547335748,1222859.039463299
2874,2025-07-02 07:46:53,2025-07-02 07:46:52,1.0,801532.4547335748,1222859.039463299
2875,2025-07-02 07:48:20,2025-07-02 07:47:20,60.0,801532.4547335748,1222859.039463299
2877,2025-07-02 07:49:53,2025-07-02 07:46:52,181.0,801532.4547335748,1222859.039463299
2878,2025-07-02 07:50:20,2025-07-02 07:47:20,180.0,801532.4547335748,1222859.039463299
2879,2025-07-02 07:50:20,2025-07-02 07:47:20,180.0,801532.4547335748,1222859.039463299
2884,2025-07-02 07:52:53,2025-07-02 07:46:52,361.0,801532.4547335748,1222859.039463299
2886,2025-07-02 07:55:21,2025-07-02 07:46:52,509.0,801532.4547335748,1222859.039463299
2888,2025-07-02 08:55:15,2025-07-02 07:46:52,4103.0,801532.4547335748,1222859.039463299
2890,2025-07-02 09:55:15,2025-07-02 07:46:52,7703.0,801532.4547335748,1222859.039463299
2892,2025-07-02 10:55:15,2025-07-02 07:46:52,11303.0,801532.4547335748,1222859.039463299
2893,2025-06-30 02:22:16,2025-06-30 02:20:10,126.0,801532.4547335748,1222859.039463299
2894,2025-07-02 12:55:15,2025-07-02 07:46:52,18503.0,801532.4547335748,1222859.039463299
2896,2025-07-02 13:55:15,2025-07-02 07:46:52,22103.0,801532.4547335748,1222859.039463299
2898,2025-07-02 14:55:15,2025-07-02 07:46:52,25703.0,801532.4547335748,1222859.039463299
2900,2025-07-02 15:55:15,2025-07-02 07:46:52,29303.0,801532.4547335748,1222859.039463299
2902,2025-07-02 16:55:15,2025-07-02 07:47:20,32875.0,801532.4547335748,1222859.039463299
2904,2025-07-02 17:55:15,2025-07-02 17:53:34,101.0,801532.4547335748,1222859.039463299
2905,2025-07-02 17:57:28,2025-07-02 17:53:34,234.0,801532.4547335748,1222859.039463299
2907,2025-07-02 17:57:28,2025-07-02 17:53:34,234.0,801532.4547335748,1222859.039463299
2908,2025-07-02 17:58:17,2025-07-02 17:58:18,-1.0,801532.4547335748,1222859.039463299
2910,2025-07-02 18:00:36,2025-07-02 18:00:35,1.0,801532.4547335748,1222859.039463299
2916,2025-07-02 18:03:36,2025-07-02 18:03:35,1.0,801532.4547335748,1222859.039463299
2918,2025-07-02 18:05:38,2025-07-02 18:05:38,0.0,801532.4547335748,1222859.039463299
2919,2025-07-02 18:06:36,2025-07-02 18:06:35,1.0,801532.4547335748,1222859.039463299
2921,2025-07-02 18:07:38,2025-07-02 18:07:38,0.0,801532.4547335748,1222859.039463299
2922,2025-07-02 18:07:38,2025-07-02 18:07:38,0.0,801532.4547335748,1222859.039463299
2926,2025-07-02 18:09:36,2025-07-02 18:09:35,1.0,801532.4547335748,1222859.039463299
2927,2025-07-02 18:10:09,2025-07-02 18:10:09,0.0,801532.4547335748,1222859.039463299
2928,2025-07-02 18:10:09,2025-07-02 18:10:09,0.0,801532.4547335748,1222859.039463299
2930,2025-07-02 18:12:36,2025-07-02 18:12:35,1.0,801532.4547335748,1222859.039463299
2936,2025-07-02 18:15:36,2025-07-02 18:15:35,1.0,801532.4547335748,1222859.039463299
2938,2025-07-02 18:18:36,2025-07-02 18:18:35,1.0,801532.4547335748,1222859.039463299
2940,2025-07-02 18:20:28,2025-07-02 18:20:29,-1.0,801532.4547335748,1222859.039463299
2942,2025-07-02 18:21:36,2025-07-02 18:21:35,1.0,801532.4547335748,1222859.039463299
2943,2025-07-02 18:22:04,2025-07-02 18:22:04,0.0,801532.4547335748,1222859.039463299
2945,2025-07-02 18:24:19,2025-07-02 18:24:19,0.0,801532.4547335748,1222859.039463299
2946,2025-07-02 18:24:36,2025-07-02 18:24:35,1.0,801532.4547335748,1222859.039463299
2948,2025-07-02 18:26:19,2025-07-02 18:26:19,0.0,801532.4547335748,1222859.039463299
2949,2025-07-02 18:26:19,2025-07-02 18:26:19,0.0,801532.4547335748,1222859.039463299
2953,2025-07-02 18:27:36,2025-07-02 18:27:35,1.0,801532.4547335748,1222859.039463299
2955,2025-07-02 18:30:36,2025-07-02 18:30:35,1.0,801532.4547335748,1222859.039463299
2956,2025-07-02 18:31:20,2025-07-02 18:31:20,0.0,801532.4547335748,1222859.039463299
2958,2025-07-02 19:31:14,2025-07-02 19:28:49,145.0,801532.4547335748,1222859.039463299
2960,2025-07-02 20:31:14,2025-07-02 20:28:51,143.0,801532.4547335748,1222859.039463299
2962,2025-07-02 21:31:14,2025-07-02 21:28:52,142.0,801532.4547335748,1222859.039463299
2964,2025-07-02 22:31:14,2025-07-02 22:28:55,139.0,801532.4547335748,1222859.039463299
2966,2025-07-02 23:31:14,2025-07-02 23:28:51,143.0,801532.4547335748,1222859.039463299
2968,2025-07-03 00:31:14,2025-07-03 00:29:02,132.0,801532.4547335748,1222859.039463299
2970,2025-07-03 01:31:14,2025-07-03 01:28:54,140.0,801532.4547335748,1222859.039463299
2972,2025-07-03 02:31:14,2025-07-03 02:28:51,143.0,801532.4547335748,1222859.039463299
2974,2025-07-03 03:31:14,2025-07-03 03:28:50,144.0,801532.4547335748,1222859.039463299
2976,2025-07-03 04:31:14,2025-07-03 04:28:54,140.0,801532.4547335748,1222859.039463299
2978,2025-07-03 05:31:14,2025-07-03 05:28:58,136.0,801532.4547335748,1222859.039463299
2980,2025-07-03 06:31:14,2025-07-03 06:28:53,141.0,801532.4547335748,1222859.039463299
2981,2025-07-03 07:19:26,2025-07-03 06:28:53,3033.0,801532.4547335748,1222859.039463299
2983,2025-07-03 07:19:26,2025-07-03 06:28:53,3033.0,801532.4547335748,1222859.039463299
2984,2025-07-03 07:19:44,2025-07-03 07:19:45,-1.0,801532.4547335748,1222859.039463299
2986,2025-07-03 07:22:35,2025-07-03 07:22:35,0.0,801532.4547335748,1222859.039463299
2992,2025-07-03 07:25:35,2025-07-03 07:25:34,1.0,801532.4547335748,1222859.039463299
2994,2025-07-03 07:28:35,2025-07-03 07:28:34,1.0,801532.4547335748,1222859.039463299
2997,2025-07-03 07:31:35,2025-07-03 07:31:35,0.0,801532.4547335748,1222859.039463299
2999,2025-07-03 07:34:35,2025-07-03 07:34:34,1.0,801532.4547335748,1222859.039463299
3002,2025-07-03 07:37:35,2025-07-03 07:37:34,1.0,801532.4547335748,1222859.039463299
3004,2025-07-03 07:40:35,2025-07-03 07:40:34,1.0,801532.4547335748,1222859.039463299
3006,2025-07-03 07:42:18,2025-07-03 07:41:41,37.0,801532.4547335748,1222859.039463299
3008,2025-07-03 07:43:35,2025-07-03 07:40:34,181.0,801532.4547335748,1222859.039463299
3009,2025-07-03 07:44:18,2025-07-03 07:41:41,157.0,801532.4547335748,1222859.039463299
3010,2025-07-03 07:44:18,2025-07-03 07:41:41,157.0,801532.4547335748,1222859.039463299
3014,2025-07-03 07:46:35,2025-07-03 07:40:34,361.0,801532.4547335748,1222859.039463299
3016,2025-07-03 07:49:21,2025-07-03 07:40:34,527.0,801532.4547335748,1222859.039463299
3018,2025-07-03 08:49:14,2025-07-03 07:40:34,4120.0,801532.4547335748,1222859.039463299
3020,2025-07-03 09:49:14,2025-07-03 07:40:34,7720.0,801532.4547335748,1222859.039463299
3022,2025-07-03 10:49:14,2025-07-03 07:40:34,11320.0,801532.4547335748,1222859.039463299
3024,2025-07-03 11:49:14,2025-07-03 07:40:34,14920.0,801532.4547335748,1222859.039463299
3026,2025-07-03 12:49:14,2025-07-03 07:40:34,18520.0,801532.4547335748,1222859.039463299
3028,2025-07-03 13:49:14,2025-07-03 07:40:34,22120.0,801532.4547335748,1222859.039463299
3030,2025-07-03 14:49:14,2025-07-03 07:40:34,25720.0,801532.4547335748,1222859.039463299
3032,2025-07-03 15:49:14,2025-07-03 07:40:34,29320.0,801532.4547335748,1222859.039463299
3034,2025-07-03 16:49:14,2025-07-03 07:41:41,32853.0,801532.4547335748,1222859.039463299
3035,2025-07-03 17:34:58,2025-07-03 07:41:41,35597.0,801532.4547335748,1222859.039463299
3036,2025-07-03 17:34:58,2025-07-03 07:41:41,35597.0,801532.4547335748,1222859.039463299
3038,2025-07-03 17:35:28,2025-07-03 17:35:29,-1.0,801532.4547335748,1222859.039463299
3040,2025-07-03 17:38:05,2025-07-03 17:38:04,1.0,801532.4547335748,1222859.039463299
3046,2025-07-03 17:41:05,2025-07-03 17:41:05,0.0,801532.4547335748,1222859.039463299
3048,2025-07-03 17:41:30,2025-07-03 17:41:31,-1.0,801532.4547335748,1222859.039463299
3049,2025-07-03 17:42:10,2025-07-03 17:42:11,-1.0,801532.4547335748,1222859.039463299
3051,2025-07-03 17:44:05,2025-07-03 17:44:04,1.0,801532.4547335748,1222859.039463299
3053,2025-07-03 17:47:05,2025-07-03 17:47:04,1.0,801532.4547335748,1222859.039463299
3056,2025-07-03 17:50:05,2025-07-03 17:50:05,0.0,801532.4547335748,1222859.039463299
3058,2025-07-03 17:53:05,2025-07-03 17:53:05,0.0,801532.4547335748,1222859.039463299
3061,2025-07-03 17:56:05,2025-07-03 17:56:04,1.0,801532.4547335748,1222859.039463299
3063,2025-07-03 17:59:05,2025-07-03 17:59:04,1.0,801532.4547335748,1222859.039463299
3066,2025-07-03 18:02:05,2025-07-03 18:02:04,1.0,801532.4547335748,1222859.039463299
3068,2025-07-03 18:05:05,2025-07-03 18:05:05,0.0,801532.4547335748,1222859.039463299
3070,2025-07-03 18:06:24,2025-07-03 18:06:24,0.0,801532.4547335748,1222859.039463299
3071,2025-07-03 18:06:52,2025-07-03 18:06:52,0.0,801532.4547335748,1222859.039463299
3073,2025-07-03 18:08:05,2025-07-03 18:08:04,1.0,801532.4547335748,1222859.039463299
3075,2025-07-03 18:11:05,2025-07-03 18:11:05,0.0,801532.4547335748,1222859.039463299
3078,2025-07-03 18:13:40,2025-07-03 18:13:41,-1.0,801532.4547335748,1222859.039463299
3079,2025-07-03 18:14:05,2025-07-03 18:14:04,1.0,801532.4547335748,1222859.039463299
3080,2025-07-03 18:15:30,2025-07-03 18:15:31,-1.0,801532.4547335748,1222859.039463299
3082,2025-07-03 18:17:05,2025-07-03 18:17:05,0.0,801532.4547335748,1222859.039463299
3084,2025-07-03 18:17:33,2025-07-03 18:17:34,-1.0,801532.4547335748,1222859.039463299
3086,2025-07-03 18:19:34,2025-07-03 18:19:34,0.0,801532.4547335748,1222859.039463299
3087,2025-07-03 18:19:34,2025-07-03 18:19:34,0.0,801532.4547335748,1222859.039463299
3090,2025-07-03 18:20:00,2025-07-03 18:20:01,-1.0,801532.4547335748,1222859.039463299
3091,2025-07-03 18:20:00,2025-07-03 18:20:01,-1.0,801532.4547335748,1222859.039463299
3092,2025-07-03 18:20:05,2025-07-03 18:20:05,0.0,801532.4547335748,1222859.039463299
3094,2025-07-03 18:22:21,2025-07-03 18:22:22,-1.0,801532.4547335748,1222859.039463299
3095,2025-07-03 18:23:05,2025-07-03 18:23:04,1.0,801532.4547335748,1222859.039463299
3100,2025-07-03 18:24:22,2025-07-03 18:24:22,0.0,801532.4547335748,1222859.039463299
3101,2025-07-03 18:24:22,2025-07-03 18:24:22,0.0,801532.4547335748,1222859.039463299
3105,2025-07-03 18:26:05,2025-07-03 18:26:04,1.0,801532.4547335748,1222859.039463299
3107,2025-07-03 18:29:05,2025-07-03 18:29:05,0.0,801532.4547335748,1222859.039463299
3108,2025-07-03 18:29:22,2025-07-03 18:29:23,-1.0,801532.4547335748,1222859.039463299
3110,2025-07-03 19:29:17,2025-07-03 19:26:53,144.0,801532.4547335748,1222859.039463299
3112,2025-07-03 20:29:17,2025-07-03 20:27:02,135.0,801532.4547335748,1222859.039463299
3114,2025-07-03 21:29:17,2025-07-03 21:27:02,135.0,801532.4547335748,1222859.039463299
3116,2025-07-03 22:29:17,2025-07-03 22:27:01,136.0,801532.4547335748,1222859.039463299
3118,2025-07-03 23:29:17,2025-07-03 23:27:03,134.0,801532.4547335748,1222859.039463299
3120,2025-07-04 00:29:17,2025-07-04 00:26:59,138.0,801532.4547335748,1222859.039463299
3122,2025-07-04 01:29:17,2025-07-04 01:26:59,138.0,801532.4547335748,1222859.039463299
3124,2025-07-04 02:29:17,2025-07-04 02:26:55,142.0,801532.4547335748,1222859.039463299
3126,2025-07-04 03:29:17,2025-07-04 03:26:59,138.0,801532.4547335748,1222859.039463299
3128,2025-07-04 04:29:17,2025-07-04 04:27:15,122.0,801532.4547335748,1222859.039463299
3130,2025-07-04 05:29:17,2025-07-04 05:26:58,139.0,801532.4547335748,1222859.039463299
3132,2025-07-04 06:29:17,2025-07-04 06:27:38,99.0,801532.4547335748,1222859.039463299
3133,2025-07-04 07:12:11,2025-07-04 06:27:38,2673.0,801532.4547335748,1222859.039463299
3134,2025-07-04 07:12:11,2025-07-04 06:27:38,2673.0,801532.4547335748,1222859.039463299
3136,2025-07-04 07:12:22,2025-07-04 07:12:23,-1.0,801532.4547335748,1222859.039463299
3138,2025-07-04 07:15:18,2025-07-04 07:15:18,0.0,801532.4547335748,1222859.039463299
3143,2025-07-04 07:18:18,2025-07-04 07:18:18,0.0,801532.4547335748,1222859.039463299
3146,2025-07-04 07:20:35,2025-07-04 07:20:35,0.0,801532.4547335748,1222859.039463299
3147,2025-07-04 07:21:18,2025-07-04 07:21:18,0.0,801532.4547335748,1222859.039463299
3148,2025-07-04 07:21:46,2025-07-04 07:21:47,-1.0,801532.4547335748,1222859.039463299
3150,2025-07-04 07:24:18,2025-07-04 07:24:17,1.0,801532.4547335748,1222859.039463299
3153,2025-07-04 07:27:18,2025-07-04 07:27:18,0.0,801532.4547335748,1222859.039463299
3155,2025-07-04 07:30:18,2025-07-04 07:30:18,0.0,801532.4547335748,1222859.039463299
3158,2025-07-04 07:33:18,2025-07-04 07:33:18,0.0,801532.4547335748,1222859.039463299
3160,2025-07-04 07:36:18,2025-07-04 07:36:18,0.0,801532.4547335748,1222859.039463299
3163,2025-07-04 07:39:18,2025-07-04 07:39:18,0.0,801532.4547335748,1222859.039463299
3165,2025-07-04 07:42:18,2025-07-04 07:42:17,1.0,801532.4547335748,1222859.039463299
3167,2025-07-04 07:43:33,2025-07-04 07:43:34,-1.0,801532.4547335748,1222859.039463299
3168,2025-07-04 07:43:36,2025-07-04 07:43:37,-1.0,801532.4547335748,1222859.039463299
3170,2025-07-04 07:45:18,2025-07-04 07:45:18,0.0,801532.4547335748,1222859.039463299
3172,2025-07-04 07:48:18,2025-07-04 07:48:18,0.0,801532.4547335748,1222859.039463299
3175,2025-07-04 07:50:47,2025-07-04 07:49:39,68.0,801532.4547335748,1222859.039463299
3176,2025-07-04 07:51:18,2025-07-04 07:48:18,180.0,801532.4547335748,1222859.039463299
3178,2025-07-04 07:52:47,2025-07-04 07:49:39,188.0,801532.4547335748,1222859.039463299
3179,2025-07-04 07:52:47,2025-07-04 07:49:39,188.0,801532.4547335748,1222859.039463299
3182,2025-07-04 07:54:18,2025-07-04 07:48:18,360.0,801532.4547335748,1222859.039463299
3185,2025-07-04 07:57:18,2025-07-04 07:48:18,540.0,801532.4547335748,1222859.039463299
3186,2025-07-04 07:57:50,2025-07-04 07:48:18,572.0,801532.4547335748,1222859.039463299
3188,2025-07-04 08:57:42,2025-07-04 07:48:18,4164.0,801532.4547335748,1222859.039463299
3190,2025-07-04 09:57:42,2025-07-04 07:48:18,7764.0,801532.4547335748,1222859.039463299
3192,2025-07-04 10:57:42,2025-07-04 07:48:18,11364.0,801532.4547335748,1222859.039463299
3194,2025-07-04 11:57:42,2025-07-04 07:48:18,14964.0,801532.4547335748,1222859.039463299
3196,2025-07-04 12:57:42,2025-07-04 07:48:18,18564.0,801532.4547335748,1222859.039463299
3198,2025-07-04 13:57:42,2025-07-04 07:48:18,22164.0,801532.4547335748,1222859.039463299
3200,2025-07-04 14:57:42,2025-07-04 07:48:18,25764.0,801532.4547335748,1222859.039463299
3202,2025-07-04 15:57:42,2025-07-04 07:48:18,29364.0,801532.4547335748,1222859.039463299
3204,2025-07-04 16:57:42,2025-07-04 07:49:39,32883.0,801532.4547335748,1222859.039463299
3205,2025-07-04 17:47:18,2025-07-04 07:49:39,35859.0,801532.4547335748,1222859.039463299
3206,2025-07-04 17:47:18,2025-07-04 07:49:39,35859.0,801532.4547335748,1222859.039463299
3208,2025-07-04 17:47:47,2025-07-04 17:47:48,-1.0,801532.4547335748,1222859.039463299
3210,2025-07-04 17:50:23,2025-07-04 17:50:23,0.0,801532.4547335748,1222859.039463299
3215,2025-07-04 17:53:15,2025-07-04 17:53:16,-1.0,801532.4547335748,1222859.039463299
3216,2025-07-04 17:53:23,2025-07-04 17:53:23,0.0,801532.4547335748,1222859.039463299
3217,2025-07-04 17:53:25,2025-07-04 17:53:26,-1.0,801532.4547335748,1222859.039463299
3220,2025-07-04 17:55:49,2025-07-04 17:55:50,-1.0,801532.4547335748,1222859.039463299
3221,2025-07-04 17:56:23,2025-07-04 17:56:23,0.0,801532.4547335748,1222859.039463299
3223,2025-07-04 17:57:50,2025-07-04 17:57:50,0.0,801532.4547335748,1222859.039463299
3224,2025-07-04 17:57:50,2025-07-04 17:57:50,0.0,801532.4547335748,1222859.039463299
3228,2025-07-04 17:58:35,2025-07-04 17:58:35,0.0,801532.4547335748,1222859.039463299
3229,2025-07-04 17:58:35,2025-07-04 17:58:35,0.0,801532.4547335748,1222859.039463299
3230,2025-07-04 17:59:23,2025-07-04 17:59:23,0.0,801532.4547335748,1222859.039463299
3233,2025-07-04 18:02:23,2025-07-04 18:02:23,0.0,801532.4547335748,1222859.039463299
3238,2025-07-04 18:05:23,2025-07-04 18:05:23,0.0,801532.4547335748,1222859.039463299
3241,2025-07-04 18:07:44,2025-07-04 18:07:45,-1.0,801532.4547335748,1222859.039463299
3242,2025-07-04 18:08:12,2025-07-04 18:08:12,0.0,801532.4547335748,1222859.039463299
3243,2025-07-04 18:08:23,2025-07-04 18:08:23,0.0,801532.4547335748,1222859.039463299
3244,2025-07-04 18:09:13,2025-07-04 18:09:14,-1.0,801532.4547335748,1222859.039463299
3246,2025-07-04 18:11:14,2025-07-04 18:11:14,0.0,801532.4547335748,1222859.039463299
3247,2025-07-04 18:11:14,2025-07-04 18:11:14,0.0,801532.4547335748,1222859.039463299
3250,2025-07-04 18:11:23,2025-07-04 18:11:23,0.0,801532.4547335748,1222859.039463299
3253,2025-07-04 18:14:23,2025-07-04 18:14:23,0.0,801532.4547335748,1222859.039463299
3254,2025-07-04 18:14:50,2025-07-04 18:14:50,0.0,801532.4547335748,1222859.039463299
3255,2025-07-04 18:14:50,2025-07-04 18:14:50,0.0,801532.4547335748,1222859.039463299
3257,2025-07-04 18:17:23,2025-07-04 18:17:23,0.0,801532.4547335748,1222859.039463299
3263,2025-07-04 18:20:23,2025-07-04 18:20:23,0.0,801532.4547335748,1222859.039463299
3265,2025-07-04 18:22:12,2025-07-04 18:22:13,-1.0,801532.4547335748,1222859.039463299
3266,2025-07-04 18:23:23,2025-07-04 18:23:23,0.0,801532.4547335748,1222859.039463299
3268,2025-07-04 18:24:13,2025-07-04 18:24:13,0.0,801532.4547335748,1222859.039463299
3269,2025-07-04 18:24:13,2025-07-04 18:24:13,0.0,801532.4547335748,1222859.039463299
3273,2025-07-04 18:26:23,2025-07-04 18:26:23,0.0,801532.4547335748,1222859.039463299
3275,2025-07-04 18:29:13,2025-07-04 18:29:14,-1.0,801532.4547335748,1222859.039463299
3276,2025-07-04 18:53:23,2025-07-04 18:29:14,1449.0,801532.4547335748,1222859.039463299
3277,2025-07-04 18:53:23,2025-07-04 18:29:14,1449.0,801532.4547335748,1222859.039463299
3279,2025-07-04 18:53:34,2025-07-04 18:53:35,-1.0,801532.4547335748,1222859.039463299
3281,2025-07-04 18:56:29,2025-07-04 18:56:29,0.0,801532.4547335748,1222859.039463299
3286,2025-07-04 18:58:41,2025-07-04 18:58:42,-1.0,801532.4547335748,1222859.039463299
3287,2025-07-04 18:59:29,2025-07-04 18:59:29,0.0,801532.4547335748,1222859.039463299
3289,2025-07-04 19:00:41,2025-07-04 19:00:42,-1.0,801532.4547335748,1222859.039463299
3290,2025-07-04 19:00:41,2025-07-04 19:00:42,-1.0,801532.4547335748,1222859.039463299
3294,2025-07-04 19:02:29,2025-07-04 19:02:29,0.0,801532.4547335748,1222859.039463299
3296,2025-07-04 19:05:29,2025-07-04 19:05:29,0.0,801532.4547335748,1222859.039463299
3298,2025-07-04 19:05:42,2025-07-04 19:05:43,-1.0,801532.4547335748,1222859.039463299
3300,2025-07-04 20:05:37,2025-07-04 20:03:16,141.0,801532.4547335748,1222859.039463299
3302,2025-07-04 21:05:37,2025-07-04 21:03:16,141.0,801532.4547335748,1222859.039463299
3304,2025-07-04 22:05:37,2025-07-04 22:03:20,137.0,801532.4547335748,1222859.039463299
3306,2025-07-04 23:05:37,2025-07-04 23:03:20,137.0,801532.4547335748,1222859.039463299
3308,2025-07-05 00:05:37,2025-07-05 00:03:32,125.0,801532.4547335748,1222859.039463299
3310,2025-07-05 01:05:37,2025-07-05 01:03:14,143.0,801532.4547335748,1222859.039463299
3312,2025-07-05 02:05:37,2025-07-05 02:03:18,139.0,801532.4547335748,1222859.039463299
3314,2025-07-05 03:05:37,2025-07-05 03:03:17,140.0,801532.4547335748,1222859.039463299
3316,2025-07-05 04:05:37,2025-07-05 04:03:12,145.0,801532.4547335748,1222859.039463299
3318,2025-07-05 05:05:37,2025-07-05 05:03:17,140.0,801532.4547335748,1222859.039463299
3320,2025-07-05 06:05:37,2025-07-05 06:03:50,107.0,801532.4547335748,1222859.039463299
3322,2025-07-05 07:05:37,2025-07-05 07:03:17,140.0,801532.4547335748,1222859.039463299
3324,2025-07-05 08:05:37,2025-07-05 08:03:25,132.0,801532.4547335748,1222859.039463299
3326,2025-07-05 09:05:37,2025-07-05 09:03:21,136.0,801532.4547335748,1222859.039463299
3328,2025-07-05 10:05:37,2025-07-05 10:03:17,140.0,801532.4547335748,1222859.039463299
3330,2025-07-05 11:03:19,2025-07-05 10:03:17,3602.0,801532.4547335748,1222859.039463299
3331,2025-07-05 11:03:19,2025-07-05 10:03:17,3602.0,801532.4547335748,1222859.039463299
3332,2025-07-05 11:03:23,2025-07-05 11:03:24,-1.0,801532.4547335748,1222859.039463299
3334,2025-07-05 11:06:01,2025-07-05 11:06:02,-1.0,801532.4547335748,1222859.039463299
3335,2025-07-05 11:06:24,2025-07-05 11:06:25,-1.0,801532.4547335748,1222859.039463299
3336,2025-07-05 11:06:28,2025-07-05 11:06:28,0.0,801532.4547335748,1222859.039463299
3342,2025-07-05 11:09:28,2025-07-05 11:09:28,0.0,801532.4547335748,1222859.039463299
3344,2025-07-05 11:12:16,2025-07-05 11:12:16,0.0,801532.4547335748,1222859.039463299
3345,2025-07-05 11:12:28,2025-07-05 11:12:28,0.0,801532.4547335748,1222859.039463299
3347,2025-07-05 11:14:16,2025-07-05 11:14:17,-1.0,801532.4547335748,1222859.039463299
3348,2025-07-05 11:14:16,2025-07-05 11:14:17,-1.0,801532.4547335748,1222859.039463299
3352,2025-07-05 11:15:28,2025-07-05 11:15:28,0.0,801532.4547335748,1222859.039463299
3354,2025-07-05 11:18:28,2025-07-05 11:18:28,0.0,801532.4547335748,1222859.039463299
3355,2025-07-05 11:19:16,2025-07-05 11:19:17,-1.0,801532.4547335748,1222859.039463299
3358,2025-07-05 12:19:11,2025-07-05 12:16:49,142.0,801532.4547335748,1222859.039463299
3360,2025-07-05 13:19:11,2025-07-05 13:16:48,143.0,801532.4547335748,1222859.039463299
3362,2025-07-05 14:19:11,2025-07-05 14:16:48,143.0,801532.4547335748,1222859.039463299
3364,2025-07-05 15:17:48,2025-07-05 15:16:50,58.0,801532.4547335748,1222859.039463299
3365,2025-07-05 15:17:48,2025-07-05 15:16:50,58.0,801532.4547335748,1222859.039463299
3366,2025-07-05 15:18:08,2025-07-05 15:16:50,78.0,801532.4547335748,1222859.039463299
3367,2025-07-05 15:18:10,2025-07-05 15:18:11,-1.0,801532.4547335748,1222859.039463299
3368,2025-07-05 15:18:29,2025-07-05 15:18:30,-1.0,801532.4547335748,1222859.039463299
3370,2025-07-05 15:20:57,2025-07-05 15:20:57,0.0,801532.4547335748,1222859.039463299
3376,2025-07-05 15:23:57,2025-07-05 15:23:57,0.0,801532.4547335748,1222859.039463299
3378,2025-07-05 15:26:57,2025-07-05 15:26:57,0.0,801532.4547335748,1222859.039463299
3381,2025-07-05 15:29:57,2025-07-05 15:29:57,0.0,801532.4547335748,1222859.039463299
3383,2025-07-05 15:32:44,2025-07-05 15:32:45,-1.0,801532.4547335748,1222859.039463299
3384,2025-07-05 15:32:57,2025-07-05 15:32:57,0.0,801532.4547335748,1222859.039463299
3386,2025-07-05 15:34:45,2025-07-05 15:34:46,-1.0,801532.4547335748,1222859.039463299
3387,2025-07-05 15:34:45,2025-07-05 15:34:46,-1.0,801532.4547335748,1222859.039463299
3391,2025-07-05 15:35:57,2025-07-05 15:35:57,0.0,801532.4547335748,1222859.039463299
3393,2025-07-05 15:38:57,2025-07-05 15:38:57,0.0,801532.4547335748,1222859.039463299
3395,2025-07-05 15:39:45,2025-07-05 15:39:46,-1.0,801532.4547335748,1222859.039463299
3396,2025-07-05 16:30:45,2025-07-05 15:39:46,3059.0,801532.4547335748,1222859.039463299
3397,2025-07-05 16:30:45,2025-07-05 15:39:46,3059.0,801532.4547335748,1222859.039463299
3399,2025-07-05 16:31:03,2025-07-05 16:31:04,-1.0,801532.4547335748,1222859.039463299
3401,2025-07-05 16:33:51,2025-07-05 16:33:51,0.0,801532.4547335748,1222859.039463299
3406,2025-07-05 16:36:03,2025-07-05 16:36:04,-1.0,801532.4547335748,1222859.039463299
3407,2025-07-05 16:36:16,2025-07-05 16:36:17,-1.0,801532.4547335748,1222859.039463299
3408,2025-07-05 16:36:51,2025-07-05 16:36:51,0.0,801532.4547335748,1222859.039463299
3411,2025-07-05 16:39:51,2025-07-05 16:39:51,0.0,801532.4547335748,1222859.039463299
3413,2025-07-05 16:42:51,2025-07-05 16:42:51,0.0,801532.4547335748,1222859.039463299
3416,2025-07-05 16:45:51,2025-07-05 16:45:51,0.0,801532.4547335748,1222859.039463299
3418,2025-07-05 16:47:39,2025-07-05 16:47:40,-1.0,801532.4547335748,1222859.039463299
3419,2025-07-05 16:48:51,2025-07-05 16:48:51,0.0,801532.4547335748,1222859.039463299
3421,2025-07-05 16:49:40,2025-07-05 16:49:40,0.0,801532.4547335748,1222859.039463299
3422,2025-07-05 16:49:40,2025-07-05 16:49:40,0.0,801532.4547335748,1222859.039463299
3426,2025-07-05 16:51:51,2025-07-05 16:51:51,0.0,801532.4547335748,1222859.039463299
3428,2025-07-05 16:54:40,2025-07-05 16:54:41,-1.0,801532.4547335748,1222859.039463299
3430,2025-07-05 17:54:35,2025-07-05 17:52:15,140.0,801532.4547335748,1222859.039463299
3432,2025-07-05 18:54:35,2025-07-05 18:52:13,142.0,801532.4547335748,1222859.039463299
3434,2025-07-05 19:54:35,2025-07-05 19:52:13,142.0,801532.4547335748,1222859.039463299
3436,2025-07-05 20:54:35,2025-07-05 20:52:19,136.0,801532.4547335748,1222859.039463299
3438,2025-07-05 21:54:35,2025-07-05 21:52:21,134.0,801532.4547335748,1222859.039463299
3440,2025-07-05 22:54:35,2025-07-05 22:52:21,134.0,801532.4547335748,1222859.039463299
3442,2025-07-05 23:54:37,2025-07-05 23:52:15,142.0,801532.4547335748,1222859.039463299
3444,2025-07-06 00:54:37,2025-07-06 00:52:17,140.0,801532.4547335748,1222859.039463299
3446,2025-07-06 01:54:37,2025-07-06 01:52:26,131.0,801532.4547335748,1222859.039463299
3448,2025-07-06 02:54:37,2025-07-06 02:52:17,140.0,801532.4547335748,1222859.039463299
3450,2025-07-06 03:54:37,2025-07-06 03:52:17,140.0,801532.4547335748,1222859.039463299
3452,2025-07-06 04:54:37,2025-07-06 04:52:18,139.0,801532.4547335748,1222859.039463299
3454,2025-07-06 05:54:37,2025-07-06 05:53:02,95.0,801532.4547335748,1222859.039463299
3456,2025-07-06 06:54:37,2025-07-06 06:52:16,141.0,801532.4547335748,1222859.039463299
3458,2025-07-06 07:54:37,2025-07-06 07:52:23,134.0,801532.4547335748,1222859.039463299
3460,2025-07-06 08:54:37,2025-07-06 08:52:26,131.0,801532.4547335748,1222859.039463299
3462,2025-07-06 09:54:37,2025-07-06 09:52:16,141.0,801532.4547335748,1222859.039463299
3464,2025-07-06 10:54:37,2025-07-06 10:52:12,145.0,801532.4547335748,1222859.039463299
3466,2025-07-06 11:54:37,2025-07-06 11:52:13,144.0,801532.4547335748,1222859.039463299
3468,2025-07-06 12:54:37,2025-07-06 12:52:24,133.0,801532.4547335748,1222859.039463299
3470,2025-07-06 13:54:37,2025-07-06 13:52:18,139.0,801532.4547335748,1222859.039463299
3472,2025-07-06 14:54:37,2025-07-06 14:52:17,140.0,801532.4547335748,1222859.039463299
3474,2025-07-06 15:54:37,2025-07-06 15:52:13,144.0,801532.4547335748,1222859.039463299
3476,2025-07-06 16:54:37,2025-07-06 16:52:36,121.0,801532.4547335748,1222859.039463299
3478,2025-07-06 17:54:37,2025-07-06 17:52:15,142.0,801532.4547335748,1222859.039463299
3480,2025-07-06 18:54:37,2025-07-06 18:52:20,137.0,801532.4547335748,1222859.039463299
3482,2025-07-06 19:54:37,2025-07-06 19:52:13,144.0,801532.4547335748,1222859.039463299
3484,2025-07-06 20:54:37,2025-07-06 20:52:17,140.0,801532.4547335748,1222859.039463299
3486,2025-07-06 21:54:37,2025-07-06 21:52:16,141.0,801532.4547335748,1222859.039463299
3488,2025-07-06 22:54:37,2025-07-06 22:52:23,134.0,801532.4547335748,1222859.039463299
3490,2025-07-06 23:54:37,2025-07-06 23:52:13,144.0,801532.4547335748,1222859.039463299
3492,2025-07-07 00:54:37,2025-07-07 00:52:17,140.0,801532.4547335748,1222859.039463299
3494,2025-07-07 01:54:37,2025-07-07 01:52:32,125.0,801532.4547335748,1222859.039463299
3496,2025-07-07 02:54:37,2025-07-07 02:52:18,139.0,801532.4547335748,1222859.039463299
3498,2025-07-07 03:54:37,2025-07-07 03:52:13,144.0,801532.4547335748,1222859.039463299
3500,2025-07-07 04:54:37,2025-07-07 04:52:16,141.0,801532.4547335748,1222859.039463299
3502,2025-07-07 05:54:37,2025-07-07 05:52:45,112.0,801532.4547335748,1222859.039463299
3504,2025-07-07 06:54:37,2025-07-07 06:52:15,142.0,801532.4547335748,1222859.039463299
3505,2025-07-07 07:25:19,2025-07-07 06:52:15,1984.0,801532.4547335748,1222859.039463299
3506,2025-07-07 07:25:19,2025-07-07 06:52:15,1984.0,801532.4547335748,1222859.039463299
3508,2025-07-07 07:25:34,2025-07-07 07:25:34,0.0,801532.4547335748,1222859.039463299
3510,2025-07-07 07:28:28,2025-07-07 07:28:27,1.0,801532.4547335748,1222859.039463299
3516,2025-07-07 07:31:28,2025-07-07 07:31:26,2.0,801532.4547335748,1222859.039463299
3518,2025-07-07 07:34:28,2025-07-07 07:34:27,1.0,801532.4547335748,1222859.039463299
3520,2025-07-07 07:35:32,2025-07-07 07:35:32,0.0,801532.4547335748,1222859.039463299
3521,2025-07-07 07:36:00,2025-07-07 07:35:59,1.0,801532.4547335748,1222859.039463299
3523,2025-07-07 07:37:28,2025-07-07 07:37:27,1.0,801532.4547335748,1222859.039463299
3525,2025-07-07 07:40:28,2025-07-07 07:40:27,1.0,801532.4547335748,1222859.039463299
3528,2025-07-07 07:43:28,2025-07-07 07:43:27,1.0,801532.4547335748,1222859.039463299
3530,2025-07-07 07:46:28,2025-07-07 07:46:26,2.0,801532.4547335748,1222859.039463299
3532,2025-07-07 07:48:53,2025-07-07 07:48:43,10.0,801532.4547335748,1222859.039463299
3534,2025-07-07 07:49:28,2025-07-07 07:46:26,182.0,801532.4547335748,1222859.039463299
3535,2025-07-07 07:50:53,2025-07-07 07:48:43,130.0,801532.4547335748,1222859.039463299
3536,2025-07-07 07:50:53,2025-07-07 07:48:43,130.0,801532.4547335748,1222859.039463299
3540,2025-07-07 07:52:28,2025-07-07 07:46:26,362.0,801532.4547335748,1222859.039463299
3543,2025-07-07 07:55:28,2025-07-07 07:46:26,542.0,801532.4547335748,1222859.039463299
3544,2025-07-07 07:55:54,2025-07-07 07:46:26,568.0,801532.4547335748,1222859.039463299
3546,2025-07-07 08:55:48,2025-07-07 07:46:26,4162.0,801532.4547335748,1222859.039463299
3548,2025-07-07 09:55:48,2025-07-07 07:46:26,7762.0,801532.4547335748,1222859.039463299
3550,2025-07-07 10:55:48,2025-07-07 07:46:26,11362.0,801532.4547335748,1222859.039463299
3552,2025-07-07 11:55:48,2025-07-07 07:46:26,14962.0,801532.4547335748,1222859.039463299
3554,2025-07-07 12:55:48,2025-07-07 07:46:26,18562.0,801532.4547335748,1222859.039463299
3556,2025-07-07 13:55:48,2025-07-07 07:46:26,22162.0,801532.4547335748,1222859.039463299
3558,2025-07-07 14:55:48,2025-07-07 07:46:26,25762.0,801532.4547335748,1222859.039463299
3560,2025-07-07 15:55:48,2025-07-07 07:46:26,29362.0,801532.4547335748,1222859.039463299
3562,2025-07-07 16:55:48,2025-07-07 07:48:43,32825.0,801532.4547335748,1222859.039463299
3564,2025-07-07 17:53:25,2025-07-07 07:48:43,36282.0,801532.4547335748,1222859.039463299
3565,2025-07-07 17:53:25,2025-07-07 07:48:43,36282.0,801532.4547335748,1222859.039463299
3566,2025-07-07 17:53:58,2025-07-07 07:48:43,36315.0,801532.4547335748,1222859.039463299
3567,2025-07-07 17:54:20,2025-07-07 17:54:20,0.0,801532.4547335748,1222859.039463299
3569,2025-07-07 17:55:58,2025-07-07 17:55:58,0.0,801532.4547335748,1222859.039463299
3570,2025-07-07 17:55:58,2025-07-07 17:55:58,0.0,801532.4547335748,1222859.039463299
3573,2025-07-07 17:56:21,2025-07-07 17:56:20,1.0,801532.4547335748,1222859.039463299
3574,2025-07-07 17:56:21,2025-07-07 17:56:20,1.0,801532.4547335748,1222859.039463299
3575,2025-07-07 17:56:34,2025-07-07 17:56:33,1.0,801532.4547335748,1222859.039463299
3577,2025-07-07 17:59:08,2025-07-07 17:59:08,0.0,801532.4547335748,1222859.039463299
3579,2025-07-07 17:59:34,2025-07-07 17:59:33,1.0,801532.4547335748,1222859.039463299
3583,2025-07-07 18:01:09,2025-07-07 18:01:08,1.0,801532.4547335748,1222859.039463299
3584,2025-07-07 18:01:09,2025-07-07 18:01:08,1.0,801532.4547335748,1222859.039463299
3589,2025-07-07 18:02:34,2025-07-07 18:02:33,1.0,801532.4547335748,1222859.039463299
3592,2025-07-07 18:05:34,2025-07-07 18:05:33,1.0,801532.4547335748,1222859.039463299
3593,2025-07-07 18:06:09,2025-07-07 18:06:09,0.0,801532.4547335748,1222859.039463299
3595,2025-07-07 19:06:04,2025-07-07 19:03:40,144.0,801532.4547335748,1222859.039463299
3597,2025-07-07 20:06:04,2025-07-07 20:03:45,139.0,801532.4547335748,1222859.039463299
3599,2025-07-07 21:06:04,2025-07-07 21:03:47,137.0,801532.4547335748,1222859.039463299
3601,2025-07-07 22:06:04,2025-07-07 22:03:43,141.0,801532.4547335748,1222859.039463299
3603,2025-07-07 23:06:04,2025-07-07 23:03:51,133.0,801532.4547335748,1222859.039463299
3605,2025-07-08 00:06:04,2025-07-08 00:04:14,110.0,801532.4547335748,1222859.039463299
3607,2025-07-08 01:06:04,2025-07-08 01:03:40,144.0,801532.4547335748,1222859.039463299
3609,2025-07-08 02:06:04,2025-07-08 02:03:40,144.0,801532.4547335748,1222859.039463299
3611,2025-07-08 03:06:04,2025-07-08 03:03:42,142.0,801532.4547335748,1222859.039463299
3613,2025-07-08 04:06:04,2025-07-08 04:03:44,140.0,801532.4547335748,1222859.039463299
3615,2025-07-08 05:06:04,2025-07-08 05:03:45,139.0,801532.4547335748,1222859.039463299
3617,2025-07-08 06:06:04,2025-07-08 06:04:07,117.0,801532.4547335748,1222859.039463299
3619,2025-07-08 07:06:04,2025-07-08 07:03:44,140.0,801532.4547335748,1222859.039463299
3621,2025-07-08 08:06:04,2025-07-08 07:03:44,3740.0,801532.4547335748,1222859.039463299
3623,2025-07-08 09:06:04,2025-07-08 07:03:44,7340.0,801532.4547335748,1222859.039463299
