Data/Hora Inclusão,Data/Hora Evento,GNSS UTC Time,IMEI,Sequência,Tipo Mensagem,Máscara Report,Máscara ERI,Tipo Dispositivo,Versão Protocolo,Versão Firmware,Bateria Interna,Alimentação Externa,Analog Input Mode,Analog Input1 Voltage,Digital Input Status,Digital Output Status,Motion Status,Satélites,Duração da Ignição,Precisão GNSS,Velocidade,Azimuth,Altitude,Latitude,Longitude,MCC,MNC,LAC,Cell ID,Hodômetro Atual,Hodômetro Total,Horímetro Atual,Horímetro Total,Motivo Power Off,Motivo Power On,ID,ID Report Type,Comando Customizado,Battery Status,Backup Battery Voltage,Network Type,RAT,Band,IGN Trigger Data,GNSS Trigger Type,Position Report Type,GNSS Signal Status
2025-06-11 16:25:31,,,867488060285201,12987,HBD
2025-06-11 16:27:31,,,867488060285201,12989,HBD
2025-06-11 16:29:31,,,867488060285201,12991,HBD
2025-06-11 16:31:32,,,867488060285201,12993,HBD
2025-06-11 16:33:32,,,867488060285201,12995,HBD
2025-06-11 16:35:33,,,867488060285201,12997,HBD
2025-06-11 16:37:32,,,867488060285201,12999,HBD
2025-06-11 16:39:30,2025-06-11 16:39:30,2025-06-11 16:37:04,867488060285201,13001,GTERI,0x09fe3fbf,0x00028102,802003,0x0a04,0x0a14,43,0,0000,-,00,00,11,12,-,01,0.0,246,789,-23.647695,-46.634538,0724,0005,aabf,01bf9701,16.1,616.7,0:00:00,0:00:00,-,-,0,-,,,,,04,7,00000000,00,10
2025-06-11 16:39:32,,,867488060285201,13002,HBD
2025-06-11 16:41:32,,,867488060285201,13004,HBD
2025-06-11 16:43:32,,,867488060285201,13006,HBD
2025-06-11 16:45:32,,,867488060285201,13008,HBD
2025-06-11 16:47:32,,,867488060285201,13010,HBD
2025-06-11 16:49:33,,,867488060285201,13012,HBD
2025-06-11 16:51:33,,,867488060285201,13014,HBD
2025-06-11 16:53:33,,,867488060285201,13016,HBD
2025-06-11 16:55:33,,,867488060285201,13018,HBD
2025-06-11 16:57:33,,,867488060285201,13020,HBD
2025-06-11 16:59:33,,,867488060285201,13022,HBD
2025-06-11 17:01:33,,,867488060285201,13024,HBD
2025-06-11 17:03:33,,,867488060285201,13026,HBD
2025-06-11 17:05:34,,,867488060285201,13028,HBD
2025-06-11 17:07:34,,,867488060285201,13030,HBD
2025-06-11 17:09:34,,,867488060285201,13032,HBD
2025-06-11 17:11:34,,,867488060285201,13034,HBD
2025-06-11 17:13:34,,,867488060285201,13036,HBD
2025-06-11 17:15:34,,,867488060285201,13038,HBD
2025-06-11 17:17:34,,,867488060285201,13040,HBD
2025-06-11 17:19:34,,,867488060285201,13042,HBD
2025-06-11 17:21:34,,,867488060285201,13044,HBD
2025-06-11 17:23:34,,,867488060285201,13047,HBD
2025-06-11 17:25:35,,,867488060285201,13049,HBD
2025-06-11 17:27:35,,,867488060285201,13051,HBD
2025-06-11 17:29:35,,,867488060285201,13053,HBD
2025-06-11 17:31:35,,,867488060285201,13055,HBD
2025-06-11 17:33:35,,,867488060285201,13057,HBD
2025-06-11 17:35:35,,,867488060285201,13059,HBD
2025-06-11 17:37:35,,,867488060285201,13061,HBD
2025-06-11 17:39:30,2025-06-11 17:39:30,2025-06-11 17:37:04,867488060285201,13063,GTERI,0x09fe3fbf,0x00028102,802003,0x0a04,0x0a14,33,0,0000,-,00,00,11,12,-,01,0.0,246,789,-23.647695,-46.634538,0724,0005,aabf,01bf9701,16.1,616.7,0:00:00,0:00:00,-,-,0,-,,,,,04,7,00000000,00,10
2025-06-11 17:39:35,,,867488060285201,13064,HBD
2025-06-11 17:41:35,,,867488060285201,13066,HBD
2025-06-11 17:43:36,,,867488060285201,13068,HBD
2025-06-11 17:45:36,,,867488060285201,13070,HBD
2025-06-11 17:47:36,,,867488060285201,13072,HBD
2025-06-11 17:49:36,,,867488060285201,13074,HBD
2025-06-11 17:51:36,,,867488060285201,13076,HBD
2025-06-11 17:53:36,,,867488060285201,13078,HBD
2025-06-11 17:55:36,,,867488060285201,13080,HBD
2025-06-11 17:57:37,,,867488060285201,13082,HBD
2025-06-11 17:59:37,,,867488060285201,13084,HBD
2025-06-11 18:01:37,,,867488060285201,13086,HBD
2025-06-11 18:03:37,,,867488060285201,13088,HBD
2025-06-11 18:05:37,,,867488060285201,13090,HBD
2025-06-11 18:07:37,,,867488060285201,13092,HBD
2025-06-11 18:09:37,,,867488060285201,13094,HBD
2025-06-11 18:11:37,,,867488060285201,13096,HBD
2025-06-11 18:13:37,,,867488060285201,13098,HBD
2025-06-11 18:15:38,,,867488060285201,13100,HBD
2025-06-11 18:17:38,,,867488060285201,13102,HBD
2025-06-11 18:19:38,,,867488060285201,13104,HBD
2025-06-11 18:21:38,,,867488060285201,13106,HBD
2025-06-11 18:23:38,,,867488060285201,13108,HBD
2025-06-11 18:25:39,,,867488060285201,13110,HBD
2025-06-11 18:27:39,,,867488060285201,13112,HBD
2025-06-11 18:29:39,,,867488060285201,13114,HBD
2025-06-11 18:31:39,,,867488060285201,13116,HBD
2025-06-11 18:33:39,,,867488060285201,13118,HBD
2025-06-11 18:35:39,,,867488060285201,13120,HBD
2025-06-11 18:37:39,,,867488060285201,13122,HBD
2025-06-11 18:39:30,2025-06-11 18:39:30,2025-06-11 18:37:04,867488060285201,13124,GTERI,0x09fe3fbf,0x00028102,802003,0x0a04,0x0a14,10,0,0000,-,00,00,11,9,-,01,0.0,246,789,-23.647695,-46.634538,0724,0005,aabf,01bf9701,16.1,616.7,0:00:00,0:00:00,-,-,0,-,,,,,04,7,00000000,00,10
2025-06-11 18:39:39,,,867488060285201,13125,HBD
2025-06-11 18:41:40,,,867488060285201,13127,HBD
2025-06-11 18:43:40,,,867488060285201,13129,HBD
2025-06-11 18:45:40,,,867488060285201,13131,HBD
2025-06-11 18:47:40,,,867488060285201,13133,HBD
2025-06-11 18:49:40,,,867488060285201,13135,HBD
2025-06-11 18:51:40,,,867488060285201,13137,HBD
2025-06-11 18:53:40,,,867488060285201,13139,HBD
2025-06-11 18:55:40,,,867488060285201,13141,HBD
2025-06-11 18:57:40,,,867488060285201,13143,HBD
2025-06-11 18:59:41,,,867488060285201,13145,HBD
2025-06-11 19:01:41,,,867488060285201,13147,HBD
2025-06-11 19:03:41,,,867488060285201,13149,HBD
2025-06-11 19:05:41,,,867488060285201,13151,HBD
2025-06-11 19:07:41,,,867488060285201,13153,HBD
2025-06-11 19:09:41,,,867488060285201,13155,HBD
2025-06-11 19:11:41,,,867488060285201,13157,HBD
2025-06-11 19:13:41,,,867488060285201,13159,HBD
2025-06-11 19:15:42,,,867488060285201,13161,HBD
2025-06-11 19:17:42,,,867488060285201,13163,HBD
2025-06-11 19:19:42,,,867488060285201,13165,HBD
2025-06-11 19:21:42,,,867488060285201,13167,HBD
2025-06-11 19:23:42,,,867488060285201,13169,HBD
2025-06-11 19:25:42,,,867488060285201,13171,HBD
2025-06-11 19:27:42,,,867488060285201,13173,HBD
2025-06-11 19:29:42,,,867488060285201,13175,HBD
2025-06-11 19:31:42,,,867488060285201,13177,HBD
2025-06-11 19:33:42,,,867488060285201,13179,HBD
2025-06-11 19:35:43,,,867488060285201,13181,HBD
2025-06-11 19:37:42,2025-06-11 19:37:42,2025-06-11 19:37:35,867488060285201,13183,GTPFR,0x09fe7fbf,,802003,0x0a04,0x0a14,0,0,0000,0000,00,00,11,9,-,00,0.0,246,789,-23.647695,-46.634538,0724,0005,aabf,01bf9701,16.1,616.7,0:00:00,0:00:00,01,-,0,-
2025-06-11 20:50:27,,,867488060285201,13184,HBD
2025-06-11 20:50:28,2019-12-31 21:00:07,2019-12-31 21:00:00,867488060285201,13186,GTPNR,0x09fe7fbf,,802003,0x0a04,0x0a14,38,0,0000,0000,00,00,41,0,-,00,0.0,0,0,00000000,00000000,0000,0000,0000,00000000,0.0,616.7,0:00:00,0:00:00,-,00,0,-
2025-06-11 20:50:29,2019-12-31 21:00:09,2019-12-31 21:00:00,867488060285201,13187,GTIGN,0x09fe7fbf,,802003,0x0a04,0x0a14,38,0,0000,0000,01,00,21,0,17889,00,0.0,0,0,00000000,00000000,0000,0000,0000,00000000,0.0,616.7,0:00:00,0:00:00,-,-,0,-
2025-06-11 20:50:29,2019-12-31 21:00:09,2019-12-31 21:00:00,867488060285201,13189,GTASC
2025-06-11 20:50:29,2019-12-31 21:00:09,2019-12-31 21:00:00,867488060285201,13188,GTSTT,0x09fe7fbf,,802003,0x0a04,0x0a14,38,0,0000,0000,01,00,21,0,-,00,0.0,0,0,00000000,00000000,0000,0000,0000,00000000,0.0,616.7,0:00:00,0:00:00,-,-,0,-
2025-06-11 20:50:30,2019-12-31 21:00:09,2019-12-31 21:00:00,867488060285201,13190,GTSTT,0x09fe7fbf,,802003,0x0a04,0x0a14,38,11737,0000,0000,01,00,22,0,-,00,0.0,0,0,00000000,00000000,0000,0000,0000,00000000,0.0,616.7,0:00:00,0:00:00,-,-,0,-
2025-06-11 20:50:30,2019-12-31 21:00:09,2019-12-31 21:00:00,867488060285201,13191,GTMPN,0x09fe7fbf,,802003,0x0a04,0x0a14,38,11737,0000,0000,01,00,22,0,-,00,0.0,0,0,00000000,00000000,0000,0000,0000,00000000,0.0,616.7,0:00:00,0:00:00,-,-,0,-
2025-06-11 20:50:37,2025-06-11 20:50:38,2025-06-11 20:50:37,867488060285201,13192,GTRTL,0x09fe7fbf,,802003,0x0a04,0x0a14,34,12371,0000,0000,01,00,22,6,-,02,0.0,0,789,-23.647693,-46.634654,0724,0005,aabf,01bf9701,0.0,616.7,0:00:00,0:00:00,-,-,0,-,,,,,,,,,00
2025-06-11 20:50:38,2025-06-11 20:50:38,2025-06-11 20:50:37,867488060285201,13193,GTIGL,0x09fe7fbf,,802003,0x0a04,0x0a14,34,12371,0000,0000,01,00,22,6,-,02,0.0,0,789,-23.647693,-46.634654,0724,0005,aabf,01bf9701,0.0,616.7,0:00:00,0:00:00,-,-,0,-,,,,,,,,,00
2025-06-11 20:51:19,2025-06-11 20:51:20,2025-06-11 20:51:19,867488060285201,13194,GTHBM,0x09fe7fbf,,802003,0x0a04,0x0a14,34,13081,0000,0000,01,00,22,10,-,01,9.2,200,795,-23.647722,-46.634599,0724,0005,aabf,01bf9701,0.0,616.7,0:00:00,0:00:00,-,-,0,-,,,,,,,,,02
2025-06-11 20:51:31,2025-06-11 20:51:32,2025-06-11 20:51:31,867488060285201,13195,GTHBM,0x09fe7fbf,,802003,0x0a04,0x0a14,34,13085,0000,0000,01,00,22,10,-,01,21.7,88,788,-23.647772,-46.634137,0724,0005,aabf,01bf9701,0.1,616.7,0:00:00,0:00:00,-,-,0,-,,,,,,,,,05
2025-06-11 20:51:36,2025-06-11 20:51:37,2025-06-11 20:51:35,867488060285201,13196,GTERI,0x09fe3fbf,0x00028102,802003,0x0a04,0x0a14,34,12939,0000,-,01,00,22,11,-,01,19.8,84,789,-23.647765,-46.633877,0724,0005,aabf,01bf9701,0.1,616.8,0:00:00,0:00:00,-,-,0,-,,,,,04,7,00000000,00,10
2025-06-11 20:51:47,2025-06-11 20:51:48,2025-06-11 20:51:47,867488060285201,13197,GTERI,0x09fe3fbf,0x00028102,802003,0x0a04,0x0a14,34,12956,0000,-,01,00,22,12,-,01,10.2,26,787,-23.647819,-46.633355,0724,0005,aabf,01bf9701,0.1,616.8,0:00:00,0:00:00,-,-,0,-,,,,,04,7,00000000,00,11
2025-06-11 20:51:47,2025-06-11 20:51:48,2025-06-11 20:51:47,867488060285201,13198,GTHBM,0x09fe7fbf,,802003,0x0a04,0x0a14,34,12956,0000,0000,01,00,22,12,-,01,10.2,26,787,-23.647819,-46.633355,0724,0005,aabf,01bf9701,0.1,616.8,0:00:00,0:00:00,-,-,0,-,,,,,,,,,02
2025-06-11 20:51:51,2025-06-11 20:51:52,2025-06-11 20:51:51,867488060285201,13199,GTHBM,0x09fe7fbf,,802003,0x0a04,0x0a14,34,12955,0000,0000,01,00,22,12,-,01,20.1,14,789,-23.647679,-46.63332,0724,0005,aabf,01bf9701,0.1,616.8,0:00:00,0:00:00,-,-,0,-,,,,,,,,,05
2025-06-11 20:52:23,2025-06-11 20:52:24,2025-06-11 20:52:23,867488060285201,13200,GTHBM,0x09fe7fbf,,802003,0x0a04,0x0a14,34,13039,0000,0000,01,00,22,12,-,01,6.0,28,790,-23.646566,-46.633058,0724,0005,aabf,01bf9701,0.3,617.0,0:00:00,0:00:00,-,-,0,-,,,,,,,,,00
2025-06-11 20:52:27,2025-06-11 20:52:28,2025-06-11 20:52:27,867488060285201,13201,GTHBM,0x09fe7fbf,,802003,0x0a04,0x0a14,34,13002,0000,0000,01,00,22,12,-,01,9.1,52,789,-23.646512,-46.632986,0724,0005,aabf,01bf9701,0.3,617.0,0:00:00,0:00:00,-,-,0,-,,,,,,,,,05
2025-06-11 20:52:28,,,867488060285201,13202,HBD
2025-06-11 20:52:36,2025-06-11 20:52:37,2025-06-11 20:52:35,867488060285201,13204,GTERI,0x09fe3fbf,0x00028102,802003,0x0a04,0x0a14,34,12803,0000,-,01,00,22,12,-,01,0.0,26,791,-23.646445,-46.632893,0724,0005,aabf,01bf9701,0.3,617.0,0:00:00,0:00:00,-,-,0,-,,,,,04,7,00000000,00,10
2025-06-11 20:53:00,2025-06-11 20:53:01,2025-06-11 20:53:00,867488060285201,13205,GTHBM,0x09fe7fbf,,802003,0x0a04,0x0a14,34,12962,0000,0000,01,00,22,12,-,01,6.6,63,792,-23.646428,-46.632866,0724,0005,aabf,01bf9701,0.3,617.0,0:00:00,0:00:00,-,-,0,-,,,,,,,,,05
2025-06-11 20:53:02,2025-06-11 20:53:03,2025-06-11 20:53:02,867488060285201,13206,GTERI,0x09fe3fbf,0x00028102,802003,0x0a04,0x0a14,34,12962,0000,-,01,00,22,12,-,01,5.2,73,792,-23.646408,-46.632815,0724,0005,aabf,01bf9701,0.3,617.0,0:00:00,0:00:00,-,-,0,-,,,,,04,7,00000000,00,11
2025-06-11 20:53:22,2025-06-11 20:53:23,2025-06-11 20:53:22,867488060285201,13207,GTERI,0x09fe3fbf,0x00028102,802003,0x0a04,0x0a14,34,13028,0000,-,01,00,22,12,-,01,3.0,119,791,-23.646413,-46.632662,0724,0005,aabf,01bf9701,0.3,617.0,0:00:00,0:00:00,-,-,0,-,,,,,04,7,00000000,00,11
2025-06-11 20:53:29,2025-06-11 20:53:30,2025-06-11 20:53:28,867488060285201,13208,GTBTC,0x09fe7fbf,,802003,0x0a04,0x0a14,34,12927,0000,0000,01,00,22,12,-,01,0.0,119,791,-23.646413,-46.632662,0724,0005,aabf,01bf9701,0.3,617.0,0:00:00,0:00:00,-,-,0,-
2025-06-11 20:53:32,2025-06-11 20:53:33,2025-06-11 20:53:32,867488060285201,13209,GTHBM,0x09fe7fbf,,802003,0x0a04,0x0a14,34,12927,0000,0000,01,00,22,12,-,01,0.0,119,791,-23.646413,-46.632662,0724,0005,aabf,01bf9701,0.3,617.0,0:00:00,0:00:00,-,-,0,-,,,,,,,,,05
2025-06-11 20:53:36,2025-06-11 20:53:37,2025-06-11 20:53:35,867488060285201,13210,GTERI,0x09fe3fbf,0x00028102,802003,0x0a04,0x0a14,34,12728,0000,-,01,00,22,12,-,01,0.0,119,791,-23.646413,-46.632662,0724,0005,aabf,01bf9701,0.3,617.0,0:00:00,0:00:00,-,-,0,-,,,,,04,7,00000000,00,10
2025-06-11 20:53:52,2025-06-11 20:53:53,2025-06-11 20:53:52,867488060285201,13211,GTSTT,0x09fe7fbf,,802003,0x0a04,0x0a14,58,12869,0000,0000,01,00,21,12,-,01,0.0,119,791,-23.646413,-46.632662,0724,0005,aabf,01bf9701,0.3,617.0,0:00:00,0:00:00,-,-,0,-
2025-06-11 20:53:57,2025-06-11 20:53:59,2025-06-11 20:53:57,867488060285201,13212,GTSTT,0x09fe7fbf,,802003,0x0a04,0x0a14,65,12709,0000,0000,01,00,22,12,-,01,0.0,119,791,-23.646413,-46.632662,0724,0005,aabf,01bf9701,0.3,617.0,0:00:00,0:00:00,-,-,0,-
2025-06-11 20:54:28,,,867488060285201,13213,HBD
2025-06-11 20:54:36,2025-06-11 20:54:37,2025-06-11 20:54:35,867488060285201,13215,GTERI,0x09fe3fbf,0x00028102,802003,0x0a04,0x0a14,93,12849,0000,-,01,00,22,12,-,01,0.0,119,786,-23.64645,-46.632599,0724,0005,aabf,01bf9701,0.3,617.0,0:00:00,0:00:00,-,-,0,-,,,,,04,7,00000000,00,10
2025-06-11 20:55:36,2025-06-11 20:55:37,2025-06-11 20:55:35,867488060285201,13216,GTERI,0x09fe3fbf,0x00028102,802003,0x0a04,0x0a14,95,12942,0000,-,01,00,22,12,-,01,0.0,129,782,-23.646573,-46.632393,0724,0005,aabf,01bf9701,0.3,617.0,0:00:00,0:00:00,-,-,0,-,,,,,04,7,00000000,00,10
2025-06-11 20:56:28,,,867488060285201,13217,HBD
2025-06-11 20:56:36,2025-06-11 20:56:37,2025-06-11 20:56:35,867488060285201,13219,GTERI,0x09fe3fbf,0x00028102,802003,0x0a04,0x0a14,96,12739,0000,-,01,00,22,12,-,01,0.0,129,776,-23.647115,-46.631691,0724,0005,aabf,01bf9701,0.4,617.1,0:00:00,0:00:00,-,-,0,-,,,,,04,7,00000000,00,10
2025-06-11 20:57:16,2025-06-11 20:57:17,2025-06-11 20:57:16,867488060285201,13220,GTERI,0x09fe3fbf,0x00028102,802003,0x0a04,0x0a14,96,13017,0000,-,01,00,22,12,-,01,10.2,203,777,-23.647426,-46.631347,0724,0005,aabf,01bf9701,0.4,617.1,0:00:00,0:00:00,-,-,0,-,,,,,04,7,00000000,00,11
2025-06-11 20:57:19,2025-06-11 20:57:20,2025-06-11 20:57:19,867488060285201,13221,GTHBM,0x09fe7fbf,,802003,0x0a04,0x0a14,96,12956,0000,0000,01,00,22,12,-,01,16.7,216,776,-23.647515,-46.631405,0724,0005,aabf,01bf9701,0.4,617.1,0:00:00,0:00:00,-,-,0,-,,,,,,,,,01
2025-06-11 20:57:23,2025-06-11 20:57:24,2025-06-11 20:57:23,867488060285201,13222,GTHBM,0x09fe7fbf,,802003,0x0a04,0x0a14,96,12834,0000,0000,01,00,22,12,-,01,27.9,212,776,-23.647716,-46.631555,0724,0005,aabf,01bf9701,0.4,617.1,0:00:00,0:00:00,-,-,0,-,,,,,,,,,05
2025-06-11 20:57:36,2025-06-11 20:57:37,2025-06-11 20:57:35,867488060285201,13223,GTERI,0x09fe3fbf,0x00028102,802003,0x0a04,0x0a14,96,12817,0000,-,01,00,22,12,-,01,22.5,207,772,-23.648493,-46.632025,0724,0005,aabf,01bf9701,0.5,617.2,0:00:00,0:00:00,-,-,0,-,,,,,04,7,00000000,00,10
2025-06-11 20:57:46,2025-06-11 20:57:47,2025-06-11 20:57:46,867488060285201,13224,GTERI,0x09fe3fbf,0x00028102,802003,0x0a04,0x0a14,96,12734,0000,-,01,00,22,12,-,01,10.2,264,770,-23.648839,-46.632291,0724,0005,aabf,01bf9701,0.6,617.3,0:00:00,0:00:00,-,-,0,-,,,,,04,7,00000000,00,11
2025-06-11 20:57:48,2025-06-11 20:57:49,2025-06-11 20:57:48,867488060285201,13225,GTERI,0x09fe3fbf,0x00028102,802003,0x0a04,0x0a14,96,12734,0000,-,01,00,22,12,-,01,14.7,309,770,-23.648811,-46.63235,0724,0005,aabf,01bf9701,0.6,617.3,0:00:00,0:00:00,-,-,0,-,,,,,04,7,00000000,00,11
2025-06-11 20:57:50,2025-06-11 20:57:51,2025-06-11 20:57:50,867488060285201,13226,GTERI,0x09fe3fbf,0x00028102,802003,0x0a04,0x0a14,96,12588,0000,-,01,00,22,12,-,01,25.0,9,770,-23.648719,-46.63236,0724,0005,aabf,01bf9701,0.6,617.3,0:00:00,0:00:00,-,-,0,-,,,,,04,7,00000000,00,11
2025-06-11 20:57:51,2025-06-11 20:57:52,2025-06-11 20:57:51,867488060285201,13227,GTHBM,0x09fe7fbf,,802003,0x0a04,0x0a14,96,12588,0000,0000,01,00,22,12,-,01,27.3,18,770,-23.648657,-46.632338,0724,0005,aabf,01bf9701,0.6,617.3,0:00:00,0:00:00,-,-,0,-,,,,,,,,,04
2025-06-11 20:57:55,2025-06-11 20:57:56,2025-06-11 20:57:55,867488060285201,13228,GTHBM,0x09fe7fbf,,802003,0x0a04,0x0a14,96,12745,0000,0000,01,00,22,12,-,01,42.5,17,773,-23.648319,-46.632214,0724,0005,aabf,01bf9701,0.6,617.3,0:00:00,0:00:00,-,-,0,-,,,,,,,,,01
2025-06-11 20:57:59,2025-06-11 20:58:00,2025-06-11 20:57:59,867488060285201,13229,GTHBM,0x09fe7fbf,,802003,0x0a04,0x0a14,96,12817,0000,0000,01,00,22,12,-,01,50.3,19,776,-23.647871,-46.632043,0724,0005,aabf,01bf9701,0.7,617.4,0:00:00,0:00:00,-,-,0,-,,,,,,,,,05
2025-06-11 20:58:28,,,867488060285201,13230,HBD
2025-06-11 20:58:31,2025-06-11 20:58:32,2025-06-11 20:58:31,867488060285201,13232,GTHBM,0x09fe7fbf,,802003,0x0a04,0x0a14,96,12958,0000,0000,01,00,22,12,-,01,67.9,7,773,-23.643046,-46.63064,0724,0005,aabf,01ae0d02,1.2,617.9,0:00:00,0:00:00,-,-,0,-,,,,,,,,,05
2025-06-11 20:58:36,2025-06-11 20:58:37,2025-06-11 20:58:35,867488060285201,13233,GTERI,0x09fe3fbf,0x00028102,802003,0x0a04,0x0a14,96,12863,0000,-,01,00,22,12,-,01,69.4,6,772,-23.642362,-46.630552,0724,0005,aabf,01ae0d02,1.4,618.0,0:00:00,0:00:00,-,-,0,-,,,,,04,7,00000000,00,10
2025-06-11 20:59:03,2025-06-11 20:59:04,2025-06-11 20:59:03,867488060285201,13234,GTHBM,0x09fe7fbf,,802003,0x0a04,0x0a14,96,12936,0000,0000,01,00,22,12,-,01,70.0,3,770,-23.637381,-46.630255,0724,0005,aabf,01ae0d02,1.9,618.6,0:00:00,0:00:00,-,-,0,-,,,,,,,,,05
2025-06-11 20:59:36,2025-06-11 20:59:36,2025-06-11 20:59:35,867488060285201,13235,GTHBM,0x09fe7fbf,,802003,0x0a04,0x0a14,96,12900,0000,0000,01,00,22,12,-,01,65.8,3,764,-23.632555,-46.62998,0724,0005,aabf,01be371f,2.4,619.1,0:00:00,0:00:00,-,-,0,-,,,,,,,,,05
2025-06-11 20:59:38,2025-06-11 20:59:37,2025-06-11 20:59:35,867488060285201,13236,GTERI,0x09fe3fbf,0x00028102,802003,0x0a04,0x0a14,96,12797,0000,-,01,00,22,12,-,01,65.8,3,764,-23.632555,-46.62998,0724,0005,aabf,01ae0d0e,2.5,619.1,0:00:00,0:00:00,-,-,0,-,,,,,04,3,00000000,00,10
2025-06-11 21:00:03,2025-06-11 21:00:04,2025-06-11 21:00:03,867488060285201,13237,GTHBM,0x09fe7fbf,,802003,0x0a04,0x0a14,96,12942,0000,0000,01,00,22,12,-,01,40.0,10,758,-23.62808,-46.629553,0724,0005,aabf,01ae0b02,2.9,619.6,0:00:00,0:00:00,-,-,0,-,,,,,,,,,00
2025-06-11 21:00:12,2025-06-11 21:00:13,2025-06-11 21:00:12,867488060285201,13238,GTHBM,0x09fe7fbf,,802003,0x0a04,0x0a14,96,12873,0000,0000,01,00,22,12,-,01,18.7,11,755,-23.62753,-46.629435,0724,0005,aabf,01ae0b02,3.0,619.7,0:00:00,0:00:00,-,-,0,-,,,,,,,,,05
2025-06-11 21:00:28,,,867488060285201,13239,HBD
2025-06-11 21:00:36,2025-06-11 21:00:37,2025-06-11 21:00:35,867488060285201,13241,GTERI,0x09fe3fbf,0x00028102,802003,0x0a04,0x0a14,96,12698,0000,-,01,00,22,12,-,01,3.6,13,754,-23.627186,-46.629348,0724,0005,aabf,01ae0b02,3.0,619.7,0:00:00,0:00:00,-,-,0,-,,,,,04,7,00000000,00,10
2025-06-11 21:00:43,2025-06-11 21:00:44,2025-06-11 21:00:43,867488060285201,13242,GTHBM,0x09fe7fbf,,802003,0x0a04,0x0a14,96,12856,0000,0000,01,00,22,12,-,01,0.0,13,754,-23.627183,-46.629348,0724,0005,aabf,01ae0b02,3.0,619.7,0:00:00,0:00:00,-,-,0,-,,,,,,,,,05
2025-06-11 21:01:15,2025-06-11 21:01:15,2025-06-11 21:01:15,867488060285201,13243,GTHBM,0x09fe7fbf,,802003,0x0a04,0x0a14,96,12896,0000,0000,01,00,22,12,-,01,17.1,14,755,-23.62679,-46.629238,0724,0005,aabf,01ae0b02,3.1,619.8,0:00:00,0:00:00,-,-,0,-,,,,,,,,,05
2025-06-11 21:01:36,2025-06-11 21:01:36,2025-06-11 21:01:35,867488060285201,13244,GTERI,0x09fe3fbf,0x00028102,802003,0x0a04,0x0a14,96,12960,0000,-,01,00,22,12,-,01,11.5,16,759,-23.626072,-46.62903,0724,0005,aabf,01ae0b02,3.1,619.8,0:00:00,0:00:00,-,-,0,-,,,,,04,7,00000000,00,10
2025-06-11 21:01:48,2025-06-11 21:01:48,2025-06-11 21:01:48,867488060285201,13245,GTHBM,0x09fe7fbf,,802003,0x0a04,0x0a14,96,12926,0000,0000,01,00,22,12,-,01,36.0,15,760,-23.625265,-46.628777,0724,0005,aabf,01ae0b02,3.2,619.9,0:00:00,0:00:00,-,-,0,-,,,,,,,,,05
2025-06-11 21:02:19,2025-06-11 21:02:19,2025-06-11 21:02:19,867488060285201,13246,GTHBM,0x09fe7fbf,,802003,0x0a04,0x0a14,96,12949,0000,0000,01,00,22,12,-,01,6.3,14,759,-23.622926,-46.62806,0724,0005,aabf,01ae0b02,3.5,620.2,0:00:00,0:00:00,-,-,0,-,,,,,,,,,05
2025-06-11 21:02:28,,,867488060285201,13247,HBD
2025-06-11 21:02:36,2025-06-11 21:02:36,2025-06-11 21:02:35,867488060285201,13249,GTERI,0x09fe3fbf,0x00028102,802003,0x0a04,0x0a14,96,12870,0000,-,01,00,22,12,-,01,8.4,13,758,-23.622863,-46.628045,0724,0005,b22b,01ae071e,3.5,620.2,0:00:00,0:00:00,-,-,0,-,,,,,04,1,00000000,00,10
2025-06-11 21:02:51,2025-06-11 21:02:51,2025-06-11 21:02:51,867488060285201,13250,GTHBM,0x09fe7fbf,,802003,0x0a04,0x0a14,96,13079,0000,0000,01,00,22,12,-,01,28.5,5,757,-23.621938,-46.627853,0724,0005,aabf,01ae0b01,3.6,620.3,0:00:00,0:00:00,-,-,0,-,,,,,,,,,05
2025-06-11 21:03:14,2025-06-11 21:03:14,2025-06-11 21:03:14,867488060285201,13251,GTHBM,0x09fe7fbf,,802003,0x0a04,0x0a14,96,12953,0000,0000,01,00,22,12,-,01,19.9,0,755,-23.621287,-46.627818,0724,0005,b22b,01b7541f,3.7,620.4,0:00:00,0:00:00,-,-,0,-,,,,,,,,,01
2025-06-11 21:03:18,2025-06-11 21:03:18,2025-06-11 21:03:18,867488060285201,13252,GTHBM,0x09fe7fbf,,802003,0x0a04,0x0a14,96,12921,0000,0000,01,00,22,12,-,01,24.9,0,756,-23.621059,-46.627821,0724,0005,b22b,01b7541f,3.7,620.4,0:00:00,0:00:00,-,-,0,-,,,,,,,,,05
2025-06-11 21:03:27,2025-06-11 21:03:26,2025-06-11 21:03:26,867488060285201,13253,GTHBM,0x09fe7fbf,,802003,0x0a04,0x0a14,96,12993,0000,0000,01,00,22,12,-,01,4.6,3,755,-23.620683,-46.627801,0724,0005,b22b,01b83103,3.8,620.4,0:00:00,0:00:00,-,-,0,-,,,,,,,,,00
2025-06-11 21:03:30,2025-06-11 21:03:30,2025-06-11 21:03:30,867488060285201,13254,GTHBM,0x09fe7fbf,,802003,0x0a04,0x0a14,96,12934,0000,0000,01,00,22,12,-,01,0.0,13,755,-23.620678,-46.627799,0724,0005,b22b,01b8311e,3.8,620.4,0:00:00,0:00:00,-,-,0,-,,,,,,,,,05
2025-06-11 21:03:34,2025-06-11 21:03:34,2025-06-11 21:03:34,867488060285201,13255,GTHBM,0x09fe7fbf,,802003,0x0a04,0x0a14,96,13037,0000,0000,01,00,22,12,-,01,15.7,1,755,-23.620613,-46.6278,0724,0005,b22b,01b8311e,3.8,620.4,0:00:00,0:00:00,-,-,0,-,,,,,,,,,01
2025-06-11 21:03:36,2025-06-11 21:03:36,2025-06-11 21:03:35,867488060285201,13256,GTERI,0x09fe3fbf,0x00028102,802003,0x0a04,0x0a14,96,12905,0000,-,01,00,22,12,-,01,16.8,2,755,-23.62057,-46.627799,0724,0005,b22b,01b8311e,3.8,620.4,0:00:00,0:00:00,-,-,0,-,,,,,04,1,00000000,00,10
2025-06-11 21:03:38,2025-06-11 21:03:38,2025-06-11 21:03:38,867488060285201,13257,GTHBM,0x09fe7fbf,,802003,0x0a04,0x0a14,96,13031,0000,0000,01,00,22,12,-,01,23.9,2,755,-23.620399,-46.627786,0724,0005,b22b,01b8311e,3.8,620.4,0:00:00,0:00:00,-,-,0,-,,,,,,,,,05
2025-06-11 21:04:10,2025-06-11 21:04:10,2025-06-11 21:04:10,867488060285201,13258,GTHBM,0x09fe7fbf,,802003,0x0a04,0x0a14,96,12970,0000,0000,01,00,22,12,-,01,36.4,13,756,-23.617632,-46.627438,0724,0005,b22b,01b83103,4.1,620.8,0:00:00,0:00:00,-,-,0,-,,,,,,,,,05
2025-06-11 21:04:28,,,867488060285201,13259,HBD
2025-06-11 21:04:36,2025-06-11 21:04:36,2025-06-11 21:04:35,867488060285201,13261,GTERI,0x09fe3fbf,0x00028102,802003,0x0a04,0x0a14,96,12726,0000,-,01,00,22,12,-,01,0.0,2,758,-23.616643,-46.627214,0724,0005,b22b,01b7541e,4.2,620.9,0:00:00,0:00:00,-,-,0,-,,,,,04,1,00000000,00,10
2025-06-11 21:04:43,2025-06-11 21:04:43,2025-06-11 21:04:43,867488060285201,13262,GTHBM,0x09fe7fbf,,802003,0x0a04,0x0a14,96,12882,0000,0000,01,00,22,12,-,01,13.9,13,759,-23.616527,-46.62719,0724,0005,b22b,01b7541e,4.2,620.9,0:00:00,0:00:00,-,-,0,-,,,,,,,,,05
2025-06-11 21:05:14,2025-06-11 21:05:14,2025-06-11 21:05:14,867488060285201,13263,GTHBM,0x09fe7fbf,,802003,0x0a04,0x0a14,96,12981,0000,0000,01,00,22,12,-,01,20.8,348,755,-23.613898,-46.627092,0724,0005,b22b,01b83101,4.5,621.2,0:00:00,0:00:00,-,-,0,-,,,,,,,,,05
2025-06-11 21:05:36,2025-06-11 21:05:36,2025-06-11 21:05:36,867488060285201,13264,GTHBM,0x09fe7fbf,,802003,0x0a04,0x0a14,96,12962,0000,0000,01,00,22,12,-,01,21.2,344,753,-23.613444,-46.627235,0724,0005,b22b,01b83101,4.5,621.2,0:00:00,0:00:00,-,-,0,-,,,,,,,,,01
2025-06-11 21:05:36,2025-06-11 21:05:36,2025-06-11 21:05:35,867488060285201,13265,GTERI,0x09fe3fbf,0x00028102,802003,0x0a04,0x0a14,96,12962,0000,-,01,00,22,12,-,01,17.3,344,753,-23.613494,-46.62722,0724,0005,b22b,01b83101,4.5,621.2,0:00:00,0:00:00,-,-,0,-,,,,,04,7,00000000,00,10
2025-06-11 21:05:44,2025-06-11 21:05:44,2025-06-11 21:05:44,867488060285201,13266,GTHBM,0x09fe7fbf,,802003,0x0a04,0x0a14,96,12857,0000,0000,01,00,22,12,-,01,37.8,343,752,-23.612805,-46.627436,0724,0005,b22b,01b83101,4.6,621.3,0:00:00,0:00:00,-,-,0,-,,,,,,,,,05
2025-06-11 21:06:04,2025-06-11 21:06:04,2025-06-11 21:06:04,867488060285201,13267,GTHBM,0x09fe7fbf,,802003,0x0a04,0x0a14,96,12983,0000,0000,01,00,22,12,-,01,3.3,346,752,-23.611256,-46.627937,0724,0005,b22b,01b83101,4.8,621.5,0:00:00,0:00:00,-,-,0,-,,,,,,,,,00
2025-06-11 21:06:08,2025-06-11 21:06:08,2025-06-11 21:06:08,867488060285201,13268,GTHBM,0x09fe7fbf,,802003,0x0a04,0x0a14,96,12904,0000,0000,01,00,22,12,-,01,0.0,344,752,-23.611246,-46.62794,0724,0005,b22b,01b83101,4.8,621.5,0:00:00,0:00:00,-,-,0,-,,,,,,,,,05
2025-06-11 21:06:24,2025-06-11 21:06:24,2025-06-11 21:06:24,867488060285201,13269,GTHBM,0x09fe7fbf,,802003,0x0a04,0x0a14,96,12861,0000,0000,01,00,22,12,-,01,18.3,347,751,-23.611157,-46.627972,0724,0005,b22b,01b83101,4.8,621.5,0:00:00,0:00:00,-,-,0,-,,,,,,,,,01
2025-06-11 21:06:28,,,867488060285201,13270,HBD
2025-06-11 21:06:32,2025-06-11 21:06:32,2025-06-11 21:06:32,867488060285201,13272,GTHBM,0x09fe7fbf,,802003,0x0a04,0x0a14,96,12761,0000,0000,01,00,22,12,-,01,37.6,356,749,-23.610513,-46.628058,0724,0005,b22b,01b83101,4.9,621.5,0:00:00,0:00:00,-,-,0,-,,,,,,,,,05
2025-06-11 21:06:36,2025-06-11 21:06:36,2025-06-11 21:06:35,867488060285201,13273,GTERI,0x09fe3fbf,0x00028102,802003,0x0a04,0x0a14,96,12756,0000,-,01,00,22,12,-,01,41.3,1,749,-23.610213,-46.628059,0724,0005,b22b,01b83101,4.9,621.6,0:00:00,0:00:00,-,-,0,-,,,,,04,7,00000000,00,10
2025-06-11 21:07:03,2025-06-11 21:07:03,2025-06-11 21:07:03,867488060285201,13274,GTHBM,0x09fe7fbf,,802003,0x0a04,0x0a14,96,12958,0000,0000,01,00,22,12,-,01,41.7,19,752,-23.607277,-46.627084,0724,0005,b22b,01b75401,5.3,621.9,0:00:00,0:00:00,-,-,0,-,,,,,,,,,05
2025-06-11 21:07:35,2025-06-11 21:07:35,2025-06-11 21:07:35,867488060285201,13275,GTHBM,0x09fe7fbf,,802003,0x0a04,0x0a14,96,12609,0000,0000,01,00,22,12,-,01,0.0,1,750,-23.606104,-46.626557,0724,0005,b41f,01ae2302,5.4,622.1,0:00:00,0:00:00,-,-,0,-,,,,,,,,,05
2025-06-11 21:07:36,2025-06-11 21:07:36,2025-06-11 21:07:35,867488060285201,13276,GTERI,0x09fe3fbf,0x00028102,802003,0x0a04,0x0a14,96,12677,0000,-,01,00,22,12,-,01,0.0,1,750,-23.606104,-46.626557,0724,0005,b41f,01ae2302,5.4,622.1,0:00:00,0:00:00,-,-,0,-,,,,,04,7,00000000,00,10
2025-06-11 21:07:47,2025-06-11 21:07:47,2025-06-11 21:07:47,867488060285201,13277,GTHBM,0x09fe7fbf,,802003,0x0a04,0x0a14,96,12994,0000,0000,01,00,22,12,-,01,23.6,22,751,-23.605955,-46.626494,0724,0005,b41f,01ae2302,5.4,622.1,0:00:00,0:00:00,-,-,0,-,,,,,,,,,01
2025-06-11 21:07:51,2025-06-11 21:07:51,2025-06-11 21:07:51,867488060285201,13278,GTHBM,0x09fe7fbf,,802003,0x0a04,0x0a14,96,12929,0000,0000,01,00,22,12,-,01,34.1,21,751,-23.605668,-46.626372,0724,0005,b41f,01b7d40e,5.5,622.1,0:00:00,0:00:00,-,-,0,-,,,,,,,,,05
2025-06-11 21:08:26,2025-06-11 21:08:25,2025-06-11 21:08:25,867488060285201,13279,GTHBM,0x09fe7fbf,,802003,0x0a04,0x0a14,96,12782,0000,0000,01,00,22,12,-,01,12.4,5,752,-23.604551,-46.625941,0724,0005,b22b,01b7541d,5.6,622.2,0:00:00,0:00:00,-,-,0,-,,,,,,,,,05
2025-06-11 21:08:29,,,867488060285201,13280,HBD
2025-06-11 21:08:36,2025-06-11 21:08:36,2025-06-11 21:08:35,867488060285201,13282,GTERI,0x09fe3fbf,0x00028102,802003,0x0a04,0x0a14,96,12717,0000,-,01,00,22,12,-,01,0.0,1,750,-23.604497,-46.625974,0724,0005,b41f,01b64e03,5.6,622.2,0:00:00,0:00:00,-,-,0,-,,,,,04,7,00000000,00,10
2025-06-11 21:08:57,2025-06-11 21:08:57,2025-06-11 21:08:57,867488060285201,13283,GTHBM,0x09fe7fbf,,802003,0x0a04,0x0a14,96,12996,0000,0000,01,00,22,12,-,01,0.0,1,750,-23.604497,-46.625974,0724,0005,b41f,01b64e03,5.6,622.2,0:00:00,0:00:00,-,-,0,-,,,,,,,,,05
2025-06-11 21:09:14,2025-06-11 21:09:14,2025-06-11 21:09:14,867488060285201,13284,GTERI,0x09fe3fbf,0x00028102,802003,0x0a04,0x0a14,96,12619,0000,-,01,00,22,12,-,01,9.9,307,749,-23.604488,-46.625983,0724,0005,b41f,01b64e03,5.6,622.2,0:00:00,0:00:00,-,-,0,-,,,,,04,7,00000000,00,11
2025-06-11 21:09:17,2025-06-11 21:09:17,2025-06-11 21:09:17,867488060285201,13285,GTHBM,0x09fe7fbf,,802003,0x0a04,0x0a14,96,12619,0000,0000,01,00,22,12,-,01,24.7,291,748,-23.604436,-46.626122,0724,0005,b41f,01b64e03,5.6,622.2,0:00:00,0:00:00,-,-,0,-,,,,,,,,,04
2025-06-11 21:09:21,2025-06-11 21:09:21,2025-06-11 21:09:21,867488060285201,13286,GTHBM,0x09fe7fbf,,802003,0x0a04,0x0a14,96,12726,0000,0000,01,00,22,12,-,01,17.3,291,748,-23.604371,-46.626338,0724,0005,b41f,01b64e03,5.6,622.3,0:00:00,0:00:00,-,-,0,-,,,,,,,,,05
2025-06-11 21:09:26,2025-06-11 21:09:26,2025-06-11 21:09:26,867488060285201,13287,GTERI,0x09fe3fbf,0x00028102,802003,0x0a04,0x0a14,96,12863,0000,-,01,00,22,12,-,01,11.9,356,748,-23.604257,-46.626439,0724,0005,b41f,01b64e03,5.6,622.3,0:00:00,0:00:00,-,-,0,-,,,,,04,7,00000000,00,11
2025-06-11 21:09:27,2025-06-11 21:09:26,2025-06-11 21:09:26,867488060285201,13288,GTHBM,0x09fe7fbf,,802003,0x0a04,0x0a14,96,12863,0000,0000,01,00,22,12,-,01,11.9,356,748,-23.604257,-46.626439,0724,0005,b41f,01b64e03,5.6,622.3,0:00:00,0:00:00,-,-,0,-,,,,,,,,,02
2025-06-11 21:09:30,2025-06-11 21:09:30,2025-06-11 21:09:30,867488060285201,13289,GTHBM,0x09fe7fbf,,802003,0x0a04,0x0a14,96,12757,0000,0000,01,00,22,12,-,01,11.3,7,748,-23.604134,-46.626426,0724,0005,b41f,01b64e03,5.6,622.3,0:00:00,0:00:00,-,-,0,-,,,,,,,,,05
2025-06-11 21:09:36,2025-06-11 21:09:36,2025-06-11 21:09:35,867488060285201,13290,GTERI,0x09fe3fbf,0x00028102,802003,0x0a04,0x0a14,96,12859,0000,-,01,00,22,12,-,01,11.7,8,750,-23.603983,-46.626402,0724,0005,b41f,01b64e03,5.7,622.3,0:00:00,0:00:00,-,-,0,-,,,,,04,7,00000000,00,10
2025-06-11 21:10:02,2025-06-11 21:10:02,2025-06-11 21:10:02,867488060285201,13291,GTHBM,0x09fe7fbf,,802003,0x0a04,0x0a14,96,12466,0000,0000,01,00,22,12,-,01,0.0,6,756,-23.603451,-46.626297,0724,0005,b41f,01ae230e,5.7,622.4,0:00:00,0:00:00,-,-,0,-,,,,,,,,,05
2025-06-11 21:10:29,,,867488060285201,13292,HBD
2025-06-11 21:10:34,2025-06-11 21:10:34,2025-06-11 21:10:34,867488060285201,13294,GTHBM,0x09fe7fbf,,802003,0x0a04,0x0a14,96,12745,0000,0000,01,00,22,12,-,01,0.0,8,756,-23.60333,-46.626273,0724,0005,b41f,01ae230e,5.7,622.4,0:00:00,0:00:00,-,-,0,-,,,,,,,,,05
2025-06-11 21:10:36,2025-06-11 21:10:36,2025-06-11 21:10:35,867488060285201,13295,GTERI,0x09fe3fbf,0x00028102,802003,0x0a04,0x0a14,96,12745,0000,-,01,00,22,12,-,01,0.0,8,756,-23.60333,-46.626273,0724,0005,b41f,01ae230e,5.7,622.4,0:00:00,0:00:00,-,-,0,-,,,,,04,3,00000000,00,10
2025-06-11 21:11:06,2025-06-11 21:11:06,2025-06-11 21:11:06,867488060285201,13296,GTHBM,0x09fe7fbf,,802003,0x0a04,0x0a14,96,12156,0000,0000,01,00,22,12,-,01,0.0,8,756,-23.60333,-46.626273,0724,0005,b41f,01ae230e,5.7,622.4,0:00:00,0:00:00,-,-,0,-,,,,,,,,,05
2025-06-11 21:11:14,2025-06-11 21:11:14,2025-06-11 21:11:14,867488060285201,13297,GTHBM,0x09fe7fbf,,802003,0x0a04,0x0a14,96,12014,0000,0000,01,00,22,12,-,01,2.8,309,755,-23.603326,-46.626277,0724,0005,b41f,01ae230e,5.7,622.4,0:00:00,0:00:00,-,-,0,-,,,,,,,,,02
2025-06-11 21:11:17,2025-06-11 21:11:17,2025-06-11 21:11:17,867488060285201,13298,GTERI,0x09fe3fbf,0x00028102,802003,0x0a04,0x0a14,96,11953,0000,-,01,00,22,12,-,01,3.1,251,754,-23.60333,-46.626287,0724,0005,b41f,01ae230e,5.7,622.4,0:00:00,0:00:00,-,-,0,-,,,,,04,3,00000000,00,11
2025-06-11 21:11:19,2025-06-11 21:11:19,2025-06-11 21:11:19,867488060285201,13299,GTERI,0x09fe3fbf,0x00028102,802003,0x0a04,0x0a14,96,12794,0000,-,01,00,22,12,-,01,3.6,178,754,-23.603349,-46.626283,0724,0005,b41f,01ae230e,5.7,622.4,0:00:00,0:00:00,-,-,0,-,,,,,04,3,00000000,00,11
2025-06-11 21:11:26,2025-06-11 21:11:26,2025-06-11 21:11:26,867488060285201,13300,GTHBM,0x09fe7fbf,,802003,0x0a04,0x0a14,96,12227,0000,0000,01,00,22,12,-,01,0.0,178,754,-23.603349,-46.626283,0724,0005,b41f,01ae230e,5.7,622.4,0:00:00,0:00:00,-,-,0,-,,,,,,,,,05
2025-06-11 21:11:36,2025-06-11 21:11:36,2025-06-11 21:11:35,867488060285201,13301,GTERI,0x09fe3fbf,0x00028102,802003,0x0a04,0x0a14,96,12328,0000,-,01,00,22,12,-,01,0.0,178,754,-23.603349,-46.626283,0724,0005,b41f,01ae230e,5.7,622.4,0:00:00,0:00:00,-,-,0,-,,,,,04,3,00000000,00,10
2025-06-11 21:11:46,2025-06-11 21:11:46,2025-06-11 21:11:46,867488060285201,13302,GTIGF,0x09fe7fbf,,802003,0x0a04,0x0a14,96,12287,0000,0000,00,00,12,12,1277,01,0.0,178,754,-23.603349,-46.626283,0724,0005,b41f,01ae230e,5.7,622.4,0:00:00,0:00:00,-,-,0,-
2025-06-11 21:11:46,2025-06-11 21:11:46,2025-06-11 21:11:46,867488060285201,13303,GTSTT,0x09fe7fbf,,802003,0x0a04,0x0a14,96,12287,0000,0000,00,00,12,12,-,01,0.0,178,754,-23.603349,-46.626283,0724,0005,b41f,01ae230e,5.7,622.4,0:00:00,0:00:00,-,-,0,-
2025-06-11 21:11:47,2025-06-11 21:11:47,2025-06-11 21:11:46,867488060285201,13304,GTSTC,0x09fe7fbf,,802003,0x0a04,0x0a14,96,12287,0000,0000,00,00,12,12,-,01,0.0,178,754,-23.603349,-46.626283,0724,0005,b41f,01ae230e,5.7,622.4,0:00:00,0:00:00,-,-,0,-
2025-06-11 21:11:47,2025-06-11 21:11:47,2025-06-11 21:11:47,867488060285201,13305,GTERI,0x09fe3fbf,0x00028102,802003,0x0a04,0x0a14,96,12287,0000,-,00,00,12,12,-,01,0.0,178,754,-23.603349,-46.626283,0724,0005,b41f,01ae230e,5.7,622.4,0:00:00,0:00:00,-,-,0,-,,,,,04,3,00000000,00,10
2025-06-11 21:11:48,2025-06-11 21:11:47,2025-06-11 21:11:47,867488060285201,13306,GTIGL,0x09fe7fbf,,802003,0x0a04,0x0a14,96,12287,0000,0000,00,00,12,12,-,01,0.0,178,754,-23.603349,-46.626283,0724,0005,b41f,01ae230e,5.7,622.4,0:00:00,0:00:00,-,-,0,-,,,,,,,,,01
2025-06-11 21:11:49,2025-06-11 21:11:49,2025-06-11 21:11:48,867488060285201,13307,GTMPF,0x09fe7fbf,,802003,0x0a04,0x0a14,96,0,0000,0000,00,00,12,12,-,01,0.0,178,754,-23.603349,-46.626283,0724,0005,b41f,01ae230e,5.7,622.4,0:00:00,0:00:00,-,-,0,-
2025-06-11 21:12:29,,,867488060285201,13308,HBD
2025-06-11 21:12:51,2025-06-11 21:12:51,2025-06-11 21:12:50,867488060285201,13311,GTSTT,0x09fe7fbf,,802003,0x0a04,0x0a14,4,0,0000,0000,00,00,11,12,-,01,0.0,178,754,-23.603349,-46.626283,0724,0005,b41f,01ae230e,5.7,622.4,0:00:00,0:00:00,-,-,0,-
2025-06-11 21:14:29,,,867488060285201,13312,HBD
2025-06-11 21:16:29,,,867488060285201,13314,HBD
2025-06-11 21:18:29,,,867488060285201,13316,HBD
2025-06-11 21:20:30,,,867488060285201,13318,HBD
2025-06-11 21:22:30,,,867488060285201,13320,HBD
2025-06-11 21:24:30,,,867488060285201,13322,HBD
2025-06-11 21:26:30,,,867488060285201,13324,HBD
2025-06-11 21:28:30,,,867488060285201,13326,HBD
2025-06-11 21:30:30,,,867488060285201,13328,HBD
2025-06-11 21:32:30,,,867488060285201,13330,HBD
2025-06-11 21:34:30,,,867488060285201,13332,HBD
2025-06-11 21:36:30,,,867488060285201,13334,HBD
2025-06-11 21:38:31,,,867488060285201,13336,HBD
2025-06-11 21:40:31,,,867488060285201,13338,HBD
2025-06-11 21:42:31,,,867488060285201,13340,HBD
2025-06-11 21:44:31,,,867488060285201,13342,HBD
2025-06-11 21:46:31,,,867488060285201,13344,HBD
2025-06-11 21:48:31,,,867488060285201,13346,HBD
2025-06-11 21:50:31,,,867488060285201,13348,HBD
2025-06-11 21:52:31,,,867488060285201,13350,HBD
2025-06-11 21:54:31,,,867488060285201,13352,HBD
2025-06-11 21:56:32,,,867488060285201,13354,HBD
2025-06-11 21:58:32,,,867488060285201,13356,HBD
2025-06-11 22:00:32,,,867488060285201,13358,HBD
2025-06-11 22:02:32,,,867488060285201,13360,HBD
2025-06-11 22:03:28,2025-06-11 22:03:28,2025-06-11 22:03:27,867488060285201,13362,GTIGN,0x09fe7fbf,,802003,0x0a04,0x0a14,2,0,0000,0000,01,00,22,12,3102,01,0.0,178,771,-23.603336,-46.62625,0724,0005,b41f,01ae230e,0.0,622.4,0:00:00,0:00:00,-,-,0,-
2025-06-11 22:03:28,2025-06-11 22:03:28,2025-06-11 22:03:27,867488060285201,13363,GTSTT,0x09fe7fbf,,802003,0x0a04,0x0a14,2,0,0000,0000,01,00,22,12,-,01,0.0,178,771,-23.603336,-46.62625,0724,0005,b41f,01ae230e,0.0,622.4,0:00:00,0:00:00,-,-,0,-
2025-06-11 22:03:29,2025-06-11 22:03:28,2025-06-11 22:03:28,867488060285201,13364,GTIGL,0x09fe7fbf,,802003,0x0a04,0x0a14,2,0,0000,0000,01,00,22,12,-,01,0.0,178,771,-23.603336,-46.62625,0724,0005,b41f,01ae230e,0.0,622.4,0:00:00,0:00:00,-,-,0,-,,,,,,,,,00
2025-06-11 22:03:31,2025-06-11 22:03:31,2025-06-11 22:03:31,867488060285201,13365,GTMPN,0x09fe7fbf,,802003,0x0a04,0x0a14,3,10230,0000,0000,01,00,22,12,-,01,0.0,178,771,-23.603336,-46.62625,0724,0005,b41f,01ae230e,0.0,622.4,0:00:00,0:00:00,-,-,0,-
2025-06-11 22:03:32,2025-06-11 22:03:32,2025-06-11 22:03:32,867488060285201,13366,GTERI,0x09fe3fbf,0x00028102,802003,0x0a04,0x0a14,3,10230,0000,-,01,00,22,12,-,01,0.0,178,771,-23.603336,-46.62625,0724,0005,b41f,01ae230e,0.0,622.4,0:00:00,0:00:00,-,-,0,-,,,,,04,3,00000000,00,10
2025-06-11 22:04:06,2025-06-11 22:04:06,2025-06-11 22:04:05,867488060285201,13367,GTSTT,0x09fe7fbf,,802003,0x0a04,0x0a14,22,12633,0000,0000,01,00,21,12,-,01,0.0,178,771,-23.603336,-46.62625,0724,0005,b41f,01ae230e,0.0,622.4,0:00:00,0:00:00,-,-,0,-
2025-06-11 22:04:15,2025-06-11 22:04:15,2025-06-11 22:04:14,867488060285201,13368,GTSTT,0x09fe7fbf,,802003,0x0a04,0x0a14,30,12737,0000,0000,01,00,22,12,-,01,0.0,178,771,-23.603336,-46.62625,0724,0005,b41f,01ae230a,0.0,622.4,0:00:00,0:00:00,-,-,0,-
2025-06-11 22:04:32,,,867488060285201,13369,HBD
2025-06-11 22:04:37,2025-06-11 22:04:37,2025-06-11 22:04:36,867488060285201,13371,GTERI,0x09fe3fbf,0x00028102,802003,0x0a04,0x0a14,32,12857,0000,-,01,00,22,12,-,01,0.0,178,771,-23.603336,-46.62625,0724,0005,b41f,01ae230e,0.0,622.4,0:00:00,0:00:00,-,-,0,-,,,,,04,3,00000000,00,10
2025-06-11 22:04:52,2025-06-11 22:04:52,2025-06-11 22:04:52,867488060285201,13372,GTERI,0x09fe3fbf,0x00028102,802003,0x0a04,0x0a14,32,12952,0000,-,01,00,22,12,-,01,10.7,359,767,-23.603327,-46.626239,0724,0005,b41f,01ae230e,0.0,622.4,0:00:00,0:00:00,-,-,0,-,,,,,04,3,00000000,00,11
2025-06-11 22:04:53,2025-06-11 22:04:53,2025-06-11 22:04:53,867488060285201,13373,GTHBM,0x09fe7fbf,,802003,0x0a04,0x0a14,32,12952,0000,0000,01,00,22,12,-,01,14.3,5,766,-23.603287,-46.626236,0724,0005,b41f,01ae230e,0.0,622.4,0:00:00,0:00:00,-,-,0,-,,,,,,,,,02
2025-06-11 22:04:57,2025-06-11 22:04:57,2025-06-11 22:04:57,867488060285201,13374,GTHBM,0x09fe7fbf,,802003,0x0a04,0x0a14,33,12869,0000,0000,01,00,22,12,-,01,15.3,10,764,-23.603141,-46.626221,0724,0005,b41f,01af980f,0.0,622.4,0:00:00,0:00:00,-,-,0,-,,,,,,,,,05
2025-06-11 22:05:04,2025-06-11 22:05:04,2025-06-11 22:05:04,867488060285201,13375,GTERI,0x09fe3fbf,0x00028102,802003,0x0a04,0x0a14,33,12947,0000,-,01,00,22,12,-,01,12.4,314,762,-23.602984,-46.626247,0724,0005,b41f,01af980f,0.0,622.4,0:00:00,0:00:00,-,-,0,-,,,,,04,3,00000000,00,11
2025-06-11 22:05:05,2025-06-11 22:05:05,2025-06-11 22:05:05,867488060285201,13376,GTHBM,0x09fe7fbf,,802003,0x0a04,0x0a14,33,12947,0000,0000,01,00,22,12,-,01,15.6,299,762,-23.602967,-46.626287,0724,0005,b41f,01af980f,0.0,622.4,0:00:00,0:00:00,-,-,0,-,,,,,,,,,02
2025-06-11 22:05:09,2025-06-11 22:05:09,2025-06-11 22:05:09,867488060285201,13377,GTHBM,0x09fe7fbf,,802003,0x0a04,0x0a14,33,12951,0000,0000,01,00,22,12,-,01,24.1,271,759,-23.602929,-46.626535,0724,0005,b41f,01af980f,0.1,622.4,0:00:00,0:00:00,-,-,0,-,,,,,,,,,05
2025-06-11 22:05:11,2025-06-11 22:05:11,2025-06-11 22:05:11,867488060285201,13378,GTERI,0x09fe3fbf,0x00028102,802003,0x0a04,0x0a14,33,13026,0000,-,01,00,22,12,-,01,24.6,269,758,-23.60293,-46.626668,0724,0005,b41f,01af980f,0.1,622.4,0:00:00,0:00:00,-,-,0,-,,,,,04,3,00000000,00,11
2025-06-11 22:05:21,2025-06-11 22:05:21,2025-06-11 22:05:21,867488060285201,13379,GTHBM,0x09fe7fbf,,802003,0x0a04,0x0a14,34,12791,0000,0000,01,00,22,12,-,01,0.9,269,757,-23.602911,-46.627137,0724,0005,b41f,01af980f,0.1,622.5,0:00:00,0:00:00,-,-,0,-,,,,,,,,,00
2025-06-11 22:05:23,2025-06-11 22:05:23,2025-06-11 22:05:23,867488060285201,13380,GTERI,0x09fe3fbf,0x00028102,802003,0x0a04,0x0a14,34,12791,0000,-,01,00,22,12,-,01,6.6,317,756,-23.602898,-46.627152,0724,0005,b41f,01af980f,0.1,622.5,0:00:00,0:00:00,-,-,0,-,,,,,04,3,00000000,00,11
2025-06-11 22:05:25,2025-06-11 22:05:25,2025-06-11 22:05:25,867488060285201,13381,GTHBM,0x09fe7fbf,,802003,0x0a04,0x0a14,34,12899,0000,0000,01,00,22,12,-,01,11.9,355,756,-23.602849,-46.627158,0724,0005,b41f,01af980f,0.1,622.5,0:00:00,0:00:00,-,-,0,-,,,,,,,,,02
2025-06-11 22:05:26,2025-06-11 22:05:26,2025-06-11 22:05:26,867488060285201,13382,GTERI,0x09fe3fbf,0x00028102,802003,0x0a04,0x0a14,34,12775,0000,-,01,00,22,12,-,01,15.0,3,756,-23.602812,-46.627153,0724,0005,b41f,01af980f,0.1,622.5,0:00:00,0:00:00,-,-,0,-,,,,,04,3,00000000,00,11
2025-06-11 22:05:29,2025-06-11 22:05:29,2025-06-11 22:05:29,867488060285201,13383,GTHBM,0x09fe7fbf,,802003,0x0a04,0x0a14,34,12920,0000,0000,01,00,22,12,-,01,14.6,10,757,-23.602686,-46.627131,0724,0005,b41f,01af980f,0.2,622.5,0:00:00,0:00:00,-,-,0,-,,,,,,,,,05
2025-06-11 22:05:37,2025-06-11 22:05:37,2025-06-11 22:05:36,867488060285201,13384,GTERI,0x09fe3fbf,0x00028102,802003,0x0a04,0x0a14,34,12938,0000,-,01,00,22,12,-,01,14.5,9,761,-23.60246,-46.62709,0724,0005,b41f,01ae2302,0.2,622.5,0:00:00,0:00:00,-,-,0,-,,,,,04,7,00000000,00,10
2025-06-11 22:05:49,2025-06-11 22:05:49,2025-06-11 22:05:49,867488060285201,13385,GTHBM,0x09fe7fbf,,802003,0x0a04,0x0a14,34,12832,0000,0000,01,00,22,12,-,01,6.5,13,767,-23.601786,-46.626958,0724,0005,b22b,01b75401,0.2,622.6,0:00:00,0:00:00,-,-,0,-,,,,,,,,,00
2025-06-11 22:05:53,2025-06-11 22:05:53,2025-06-11 22:05:53,867488060285201,13386,GTHBM,0x09fe7fbf,,802003,0x0a04,0x0a14,34,12761,0000,0000,01,00,22,12,-,01,12.0,0,766,-23.601684,-46.626932,0724,0005,b22b,01b75401,0.3,622.6,0:00:00,0:00:00,-,-,0,-,,,,,,,,,05
2025-06-11 22:05:55,2025-06-11 22:05:55,2025-06-11 22:05:55,867488060285201,13387,GTERI,0x09fe3fbf,0x00028102,802003,0x0a04,0x0a14,34,12931,0000,-,01,00,22,12,-,01,5.8,320,766,-23.601657,-46.62696,0724,0005,b22b,01b75401,0.3,622.6,0:00:00,0:00:00,-,-,0,-,,,,,04,7,00000000,00,11
2025-06-11 22:05:57,2025-06-11 22:05:57,2025-06-11 22:05:57,867488060285201,13388,GTERI,0x09fe3fbf,0x00028102,802003,0x0a04,0x0a14,34,12744,0000,-,01,00,22,12,-,01,17.2,270,766,-23.601656,-46.627028,0724,0005,b22b,01b75401,0.3,622.6,0:00:00,0:00:00,-,-,0,-,,,,,04,7,00000000,00,11
2025-06-11 22:05:57,2025-06-11 22:05:57,2025-06-11 22:05:57,867488060285201,13389,GTHBM,0x09fe7fbf,,802003,0x0a04,0x0a14,34,12744,0000,0000,01,00,22,12,-,01,17.2,270,766,-23.601656,-46.627028,0724,0005,b22b,01b75401,0.3,622.6,0:00:00,0:00:00,-,-,0,-,,,,,,,,,02
2025-06-11 22:06:01,2025-06-11 22:06:01,2025-06-11 22:06:01,867488060285201,13390,GTHBM,0x09fe7fbf,,802003,0x0a04,0x0a14,34,12800,0000,0000,01,00,22,12,-,01,27.5,268,765,-23.601658,-46.627283,0724,0005,b41f,01ae2302,0.3,622.7,0:00:00,0:00:00,-,-,0,-,,,,,,,,,01
2025-06-11 22:06:05,2025-06-11 22:06:05,2025-06-11 22:06:05,867488060285201,13391,GTHBM,0x09fe7fbf,,802003,0x0a04,0x0a14,34,12910,0000,0000,01,00,22,12,-,01,33.3,271,766,-23.601652,-46.627627,0724,0005,b41f,01ae2302,0.3,622.7,0:00:00,0:00:00,-,-,0,-,,,,,,,,,05
2025-06-11 22:06:29,2025-06-11 22:06:29,2025-06-11 22:06:29,867488060285201,13392,GTBTC,0x09fe7fbf,,802003,0x0a04,0x0a14,35,12848,0000,0000,01,00,22,12,-,01,19.8,270,767,-23.601637,-46.629721,0724,0005,b41f,01ae2301,0.5,622.9,0:00:00,0:00:00,-,-,0,-
2025-06-11 22:06:32,,,867488060285201,13393,HBD
2025-06-11 22:06:37,2025-06-11 22:06:37,2025-06-11 22:06:37,867488060285201,13395,GTHBM,0x09fe7fbf,,802003,0x0a04,0x0a14,35,12868,0000,0000,01,00,22,12,-,01,29.8,271,767,-23.601639,-46.630134,0724,0005,b41f,01ae2301,0.6,622.9,0:00:00,0:00:00,-,-,0,-,,,,,,,,,01
2025-06-11 22:06:37,2025-06-11 22:06:37,2025-06-11 22:06:36,867488060285201,13396,GTERI,0x09fe3fbf,0x00028102,802003,0x0a04,0x0a14,35,12797,0000,-,01,00,22,12,-,01,26.0,269,767,-23.601641,-46.630056,0724,0005,b41f,01ae2301,0.6,622.9,0:00:00,0:00:00,-,-,0,-,,,,,04,7,00000000,00,10
2025-06-11 22:06:41,2025-06-11 22:06:41,2025-06-11 22:06:41,867488060285201,13397,GTHBM,0x09fe7fbf,,802003,0x0a04,0x0a14,41,12893,0000,0000,01,00,22,12,-,01,33.7,271,766,-23.601631,-46.630482,0724,0005,b41f,01ae2301,0.6,623.0,0:00:00,0:00:00,-,-,0,-,,,,,,,,,05
2025-06-11 22:07:13,2025-06-11 22:07:13,2025-06-11 22:07:13,867488060285201,13398,GTHBM,0x09fe7fbf,,802003,0x0a04,0x0a14,83,12716,0000,0000,01,00,22,12,-,01,28.6,271,781,-23.601562,-46.633246,0724,0005,b41f,01ae2303,0.9,623.3,0:00:00,0:00:00,-,-,0,-,,,,,,,,,05
2025-06-11 22:07:37,2025-06-11 22:07:37,2025-06-11 22:07:36,867488060285201,13399,GTERI,0x09fe3fbf,0x00028102,802003,0x0a04,0x0a14,86,12858,0000,-,01,00,22,12,-,01,16.3,303,794,-23.601502,-46.634883,0724,0005,b41f,01ae2303,1.1,623.4,0:00:00,0:00:00,-,-,0,-,,,,,04,7,00000000,00,10
2025-06-11 22:07:39,2025-06-11 22:07:39,2025-06-11 22:07:39,867488060285201,13400,GTERI,0x09fe3fbf,0x00028102,802003,0x0a04,0x0a14,86,12858,0000,-,01,00,22,12,-,01,24.4,351,796,-23.601365,-46.634925,0724,0005,b41f,01ae2303,1.1,623.5,0:00:00,0:00:00,-,-,0,-,,,,,04,7,00000000,00,11
2025-06-11 22:07:45,2025-06-11 22:07:45,2025-06-11 22:07:45,867488060285201,13401,GTHBM,0x09fe7fbf,,802003,0x0a04,0x0a14,87,12814,0000,0000,01,00,22,12,-,01,28.6,1,801,-23.600966,-46.634918,0724,0005,b41f,01ae2303,1.1,623.5,0:00:00,0:00:00,-,-,0,-,,,,,,,,,05
2025-06-11 22:08:17,2025-06-11 22:08:17,2025-06-11 22:08:17,867488060285201,13402,GTHBM,0x09fe7fbf,,802003,0x0a04,0x0a14,89,12726,0000,0000,01,00,22,12,-,01,0.0,351,811,-23.599845,-46.634878,0724,0005,b41f,01bc3a0e,1.3,623.6,0:00:00,0:00:00,-,-,0,-,,,,,,,,,05
2025-06-11 22:08:25,2025-06-11 22:08:25,2025-06-11 22:08:25,867488060285201,13403,GTHBM,0x09fe7fbf,,802003,0x0a04,0x0a14,89,12842,0000,0000,01,00,22,12,-,01,21.1,4,812,-23.599652,-46.634859,0724,0005,b41f,01bc3a0e,1.3,623.6,0:00:00,0:00:00,-,-,0,-,,,,,,,,,01
2025-06-11 22:08:29,2025-06-11 22:08:29,2025-06-11 22:08:29,867488060285201,13404,GTHBM,0x09fe7fbf,,802003,0x0a04,0x0a14,89,12801,0000,0000,01,00,22,12,-,01,28.8,359,812,-23.599377,-46.634859,0724,0005,b41f,01bc3a0e,1.3,623.7,0:00:00,0:00:00,-,-,0,-,,,,,,,,,05
2025-06-11 22:08:32,,,867488060285201,13405,HBD
2025-06-11 22:08:37,2025-06-11 22:08:37,2025-06-11 22:08:36,867488060285201,13407,GTERI,0x09fe3fbf,0x00028102,802003,0x0a04,0x0a14,89,12801,0000,-,01,00,22,12,-,01,31.9,0,811,-23.598833,-46.634856,0724,0005,b41f,01bf0209,1.4,623.7,0:00:00,0:00:00,-,-,0,-,,,,,04,28,00000000,00,10
2025-06-11 22:09:01,2025-06-11 22:09:01,2025-06-11 22:09:01,867488060285201,13408,GTHBM,0x09fe7fbf,,802003,0x0a04,0x0a14,90,12928,0000,0000,01,00,22,12,-,01,33.2,358,810,-23.596955,-46.634941,0724,0005,b41f,01bc3a11,1.6,623.9,0:00:00,0:00:00,-,-,0,-,,,,,,,,,05
2025-06-11 22:09:33,2025-06-11 22:09:33,2025-06-11 22:09:33,867488060285201,13409,GTHBM,0x09fe7fbf,,802003,0x0a04,0x0a14,90,12765,0000,0000,01,00,22,12,-,01,38.7,355,805,-23.594099,-46.635135,0724,0005,b41f,01b3cc02,1.9,624.3,0:00:00,0:00:00,-,-,0,-,,,,,,,,,05
2025-06-11 22:09:37,2025-06-11 22:09:37,2025-06-11 22:09:37,867488060285201,13410,GTHBM,0x09fe7fbf,,802003,0x0a04,0x0a14,90,12647,0000,0000,01,00,22,12,-,01,24.4,353,804,-23.593776,-46.635166,0724,0005,b41f,01b3cc02,1.9,624.3,0:00:00,0:00:00,-,-,0,-,,,,,,,,,00
2025-06-11 22:09:37,2025-06-11 22:09:37,2025-06-11 22:09:36,867488060285201,13411,GTERI,0x09fe3fbf,0x00028102,802003,0x0a04,0x0a14,90,12647,0000,-,01,00,22,12,-,01,28.8,353,804,-23.59384,-46.63516,0724,0005,b41f,01b3cc02,1.9,624.3,0:00:00,0:00:00,-,-,0,-,,,,,04,7,00000000,00,10
2025-06-11 22:09:45,2025-06-11 22:09:45,2025-06-11 22:09:45,867488060285201,13412,GTHBM,0x09fe7fbf,,802003,0x0a04,0x0a14,90,12784,0000,0000,01,00,22,12,-,01,0.0,353,803,-23.593602,-46.635184,0724,0005,b41f,01b3cc02,1.9,624.3,0:00:00,0:00:00,-,-,0,-,,,,,,,,,05
2025-06-11 22:09:53,2025-06-11 22:09:53,2025-06-11 22:09:53,867488060285201,13413,GTHBM,0x09fe7fbf,,802003,0x0a04,0x0a14,90,12645,0000,0000,01,00,22,12,-,01,16.0,354,803,-23.593463,-46.635189,0724,0005,b41f,01b3cc02,1.9,624.3,0:00:00,0:00:00,-,-,0,-,,,,,,,,,01
2025-06-11 22:09:57,2025-06-11 22:09:57,2025-06-11 22:09:57,867488060285201,13414,GTHBM,0x09fe7fbf,,802003,0x0a04,0x0a14,90,12964,0000,0000,01,00,22,12,-,01,20.8,355,803,-23.593259,-46.635212,0724,0005,b41f,01b3cc02,2.0,624.3,0:00:00,0:00:00,-,-,0,-,,,,,,,,,05
2025-06-11 22:10:25,2025-06-11 22:10:25,2025-06-11 22:10:25,867488060285201,13415,GTHBM,0x09fe7fbf,,802003,0x0a04,0x0a14,91,12815,0000,0000,01,00,22,12,-,01,5.7,3,809,-23.591312,-46.635324,0724,0005,b41f,01b3cc02,2.2,624.5,0:00:00,0:00:00,-,-,0,-,,,,,,,,,00
2025-06-11 22:10:29,2025-06-11 22:10:29,2025-06-11 22:10:29,867488060285201,13416,GTHBM,0x09fe7fbf,,802003,0x0a04,0x0a14,91,12744,0000,0000,01,00,22,12,-,01,0.0,353,809,-23.591301,-46.635319,0724,0005,b41f,01b3cc02,2.2,624.5,0:00:00,0:00:00,-,-,0,-,,,,,,,,,05
2025-06-11 22:10:32,,,867488060285201,13417,HBD
2025-06-11 22:10:37,2025-06-11 22:10:37,2025-06-11 22:10:36,867488060285201,13419,GTERI,0x09fe3fbf,0x00028102,802003,0x0a04,0x0a14,91,12833,0000,-,01,00,22,12,-,01,0.0,353,809,-23.591301,-46.635319,0724,0005,b41f,01b3cc02,2.2,624.5,0:00:00,0:00:00,-,-,0,-,,,,,04,7,00000000,00,10
2025-06-11 22:11:14,2025-06-11 22:11:14,2025-06-11 22:11:14,867488060285201,13420,GTHBM,0x09fe7fbf,,802003,0x0a04,0x0a14,91,12713,0000,0000,01,00,22,12,-,01,0.0,353,811,-23.590978,-46.635255,0724,0005,b41f,01b3cc01,2.2,624.6,0:00:00,0:00:00,-,-,0,-,,,,,,,,,05
2025-06-11 22:11:37,2025-06-11 22:11:37,2025-06-11 22:11:36,867488060285201,13421,GTERI,0x09fe3fbf,0x00028102,802003,0x0a04,0x0a14,91,12748,0000,-,01,00,22,12,-,01,0.3,353,816,-23.59037,-46.635024,0724,0005,b41f,01b3cc01,2.3,624.6,0:00:00,0:00:00,-,-,0,-,,,,,04,7,00000000,00,10
2025-06-11 22:11:46,2025-06-11 22:11:46,2025-06-11 22:11:46,867488060285201,13422,GTHBM,0x09fe7fbf,,802003,0x0a04,0x0a14,91,12863,0000,0000,01,00,22,12,-,01,16.7,26,816,-23.590202,-46.634943,0724,0005,b41f,01b3cc01,2.3,624.7,0:00:00,0:00:00,-,-,0,-,,,,,,,,,01
2025-06-11 22:11:50,2025-06-11 22:11:50,2025-06-11 22:11:50,867488060285201,13423,GTHBM,0x09fe7fbf,,802003,0x0a04,0x0a14,91,12753,0000,0000,01,00,22,12,-,01,14.3,22,816,-23.590057,-46.634872,0724,0005,b41f,01b3cc01,2.3,624.7,0:00:00,0:00:00,-,-,0,-,,,,,,,,,05
2025-06-11 22:12:15,2025-06-11 22:12:15,2025-06-11 22:12:15,867488060285201,13424,GTERI,0x09fe3fbf,0x00028102,802003,0x0a04,0x0a14,92,12705,0000,-,01,00,22,12,-,01,13.4,45,818,-23.589224,-46.634528,0724,0005,b41f,01b3cc01,2.4,624.8,0:00:00,0:00:00,-,-,0,-,,,,,04,7,00000000,00,11
2025-06-11 22:12:23,2025-06-11 22:12:23,2025-06-11 22:12:23,867488060285201,13425,GTHBM,0x09fe7fbf,,802003,0x0a04,0x0a14,92,12876,0000,0000,01,00,22,12,-,01,23.7,84,819,-23.589149,-46.634169,0724,0005,b41f,01b3cc01,2.4,624.8,0:00:00,0:00:00,-,-,0,-,,,,,,,,,05
2025-06-11 22:12:32,,,867488060285201,13426,HBD
2025-06-11 22:12:37,2025-06-11 22:12:37,2025-06-11 22:12:36,867488060285201,13428,GTERI,0x09fe3fbf,0x00028102,802003,0x0a04,0x0a14,92,12988,0000,-,01,00,22,12,-,01,33.4,62,812,-23.588895,-46.633232,0724,0005,b41f,01b3cc01,2.5,624.9,0:00:00,0:00:00,-,-,0,-,,,,,04,7,00000000,00,10
2025-06-11 22:12:43,2025-06-11 22:12:43,2025-06-11 22:12:43,867488060285201,13429,GTHBM,0x09fe7fbf,,802003,0x0a04,0x0a14,92,12754,0000,0000,01,00,22,12,-,01,1.7,62,812,-23.588789,-46.632884,0724,0005,b41f,01b3cc01,2.6,624.9,0:00:00,0:00:00,-,-,0,-,,,,,,,,,00
2025-06-11 22:12:47,2025-06-11 22:12:47,2025-06-11 22:12:47,867488060285201,13430,GTHBM,0x09fe7fbf,,802003,0x0a04,0x0a14,92,12817,0000,0000,01,00,22,12,-,01,0.0,62,811,-23.588795,-46.632864,0724,0005,b41f,01b3cc01,2.6,624.9,0:00:00,0:00:00,-,-,0,-,,,,,,,,,05
2025-06-11 22:13:11,2025-06-11 22:13:11,2025-06-11 22:13:11,867488060285201,13431,GTHBM,0x09fe7fbf,,802003,0x0a04,0x0a14,92,12955,0000,0000,01,00,22,12,-,01,16.3,63,811,-23.588815,-46.632736,0724,0005,b41f,01b3cc0d,2.6,624.9,0:00:00,0:00:00,-,-,0,-,,,,,,,,,01
2025-06-11 22:13:15,2025-06-11 22:13:15,2025-06-11 22:13:15,867488060285201,13432,GTHBM,0x09fe7fbf,,802003,0x0a04,0x0a14,92,12955,0000,0000,01,00,22,12,-,01,20.6,71,810,-23.588748,-46.632475,0724,0005,b41f,01b3cc0d,2.6,625.0,0:00:00,0:00:00,-,-,0,-,,,,,,,,,05
2025-06-11 22:13:19,2025-06-11 22:13:19,2025-06-11 22:13:19,867488060285201,13433,GTHBM,0x09fe7fbf,,802003,0x0a04,0x0a14,92,12705,0000,0000,01,00,22,12,-,01,3.5,67,819,-23.588729,-46.632355,0724,0005,b41f,01b3cc0d,2.6,625.0,0:00:00,0:00:00,-,-,0,-,,,,,,,,,00
2025-06-11 22:13:21,2025-06-11 22:13:21,2025-06-11 22:13:21,867488060285201,13434,GTERI,0x09fe3fbf,0x00028102,802003,0x0a04,0x0a14,92,12705,0000,-,01,00,22,12,-,01,14.1,311,833,-23.588689,-46.632409,0724,0005,b41f,01b3cc0d,2.6,625.0,0:00:00,0:00:00,-,-,0,-,,,,,04,3,00000000,00,11
2025-06-11 22:13:23,2025-06-11 22:13:23,2025-06-11 22:13:23,867488060285201,13435,GTHBM,0x09fe7fbf,,802003,0x0a04,0x0a14,92,12794,0000,0000,01,00,22,12,-,01,22.7,302,843,-23.58864,-46.632506,0724,0005,b41f,01b3cc0d,2.6,625.0,0:00:00,0:00:00,-,-,0,-,,,,,,,,,04
2025-06-11 22:13:27,2025-06-11 22:13:27,2025-06-11 22:13:27,867488060285201,13436,GTHBM,0x09fe7fbf,,802003,0x0a04,0x0a14,92,12712,0000,0000,01,00,22,12,-,01,29.9,312,851,-23.588436,-46.63274,0724,0005,b41f,01b3cc0d,2.7,625.0,0:00:00,0:00:00,-,-,0,-,,,,,,,,,05
2025-06-11 22:13:37,2025-06-11 22:13:37,2025-06-11 22:13:36,867488060285201,13437,GTERI,0x09fe3fbf,0x00028102,802003,0x0a04,0x0a14,92,12827,0000,-,01,00,22,12,-,01,15.1,310,861,-23.588,-46.633176,0724,0005,b41f,01b3c702,2.7,625.1,0:00:00,0:00:00,-,-,0,-,,,,,04,7,00000000,00,10
2025-06-11 22:13:39,2025-06-11 22:13:39,2025-06-11 22:13:39,867488060285201,13438,GTHBM,0x09fe7fbf,,802003,0x0a04,0x0a14,92,12827,0000,0000,01,00,22,12,-,01,6.1,298,859,-23.587935,-46.63324,0724,0005,b41f,01b3c702,2.7,625.1,0:00:00,0:00:00,-,-,0,-,,,,,,,,,00
2025-06-11 22:13:43,2025-06-11 22:13:43,2025-06-11 22:13:43,867488060285201,13439,GTHBM,0x09fe7fbf,,802003,0x0a04,0x0a14,92,12895,0000,0000,01,00,22,12,-,01,0.7,310,841,-23.587833,-46.633259,0724,0005,b41f,01b3c702,2.7,625.1,0:00:00,0:00:00,-,-,0,-,,,,,,,,,05
2025-06-11 22:13:51,2025-06-11 22:13:51,2025-06-11 22:13:51,867488060285201,13440,GTHBM,0x09fe7fbf,,802003,0x0a04,0x0a14,92,12696,0000,0000,01,00,22,12,-,01,16.8,314,838,-23.58772,-46.633336,0724,0005,b41f,01b3c702,2.7,625.1,0:00:00,0:00:00,-,-,0,-,,,,,,,,,01
2025-06-11 22:13:55,2025-06-11 22:13:55,2025-06-11 22:13:55,867488060285201,13441,GTHBM,0x09fe7fbf,,802003,0x0a04,0x0a14,92,12771,0000,0000,01,00,22,12,-,01,29.1,311,838,-23.587526,-46.633547,0724,0005,b41f,01b3c702,2.8,625.1,0:00:00,0:00:00,-,-,0,-,,,,,,,,,05
2025-06-11 22:14:28,2025-06-11 22:14:28,2025-06-11 22:14:28,867488060285201,13442,GTHBM,0x09fe7fbf,,802003,0x0a04,0x0a14,92,12869,0000,0000,01,00,22,12,-,01,33.7,328,828,-23.585044,-46.635848,0724,0005,b41f,01b3c701,3.1,625.5,0:00:00,0:00:00,-,-,0,-,,,,,,,,,05
2025-06-11 22:14:32,2025-06-11 22:14:32,2025-06-11 22:14:32,867488060285201,13443,GTHBM,0x09fe7fbf,,802003,0x0a04,0x0a14,92,12718,0000,0000,01,00,22,12,-,01,12.7,328,827,-23.584855,-46.63598,0724,0005,b41f,01b3c701,3.2,625.5,0:00:00,0:00:00,-,-,0,-,,,,,,,,,00
2025-06-11 22:14:33,,,867488060285201,13444,HBD
2025-06-11 22:14:37,2025-06-11 22:14:37,2025-06-11 22:14:36,867488060285201,13446,GTERI,0x09fe3fbf,0x00028102,802003,0x0a04,0x0a14,92,12608,0000,-,01,00,22,12,-,01,1.1,310,826,-23.58481,-46.636017,0724,0005,b41f,01b3c701,3.2,625.5,0:00:00,0:00:00,-,-,0,-,,,,,04,7,00000000,00,10
2025-06-11 22:14:39,2025-06-11 22:14:39,2025-06-11 22:14:39,867488060285201,13447,GTHBM,0x09fe7fbf,,802003,0x0a04,0x0a14,92,12608,0000,0000,01,00,22,12,-,01,0.0,310,825,-23.58481,-46.636018,0724,0005,b41f,01b3c701,3.2,625.5,0:00:00,0:00:00,-,-,0,-,,,,,,,,,05
2025-06-11 22:15:11,2025-06-11 22:15:11,2025-06-11 22:15:11,867488060285201,13448,GTHBM,0x09fe7fbf,,802003,0x0a04,0x0a14,92,12864,0000,0000,01,00,22,12,-,01,0.0,310,825,-23.58481,-46.636018,0724,0005,b41f,01b3c701,3.2,625.5,0:00:00,0:00:00,-,-,0,-,,,,,,,,,05
2025-06-11 22:15:29,2025-06-11 22:15:29,2025-06-11 22:15:29,867488060285201,13449,GTERI,0x09fe3fbf,0x00028102,802003,0x0a04,0x0a14,92,12665,0000,-,01,00,22,12,-,01,11.8,13,823,-23.584705,-46.636053,0724,0005,b41f,01b3c701,3.2,625.5,0:00:00,0:00:00,-,-,0,-,,,,,04,7,00000000,00,11
2025-06-11 22:15:31,2025-06-11 22:15:31,2025-06-11 22:15:31,867488060285201,13450,GTHBM,0x09fe7fbf,,802003,0x0a04,0x0a14,92,12556,0000,0000,01,00,22,12,-,01,20.3,47,823,-23.584646,-46.635997,0724,0005,b41f,01b3c701,3.2,625.5,0:00:00,0:00:00,-,-,0,-,,,,,,,,,02
2025-06-11 22:15:35,2025-06-11 22:15:35,2025-06-11 22:15:35,867488060285201,13451,GTHBM,0x09fe7fbf,,802003,0x0a04,0x0a14,92,12681,0000,0000,01,00,22,12,-,01,30.2,57,825,-23.584498,-46.635786,0724,0005,b41f,01b3c701,3.2,625.6,0:00:00,0:00:00,-,-,0,-,,,,,,,,,01
2025-06-11 22:15:37,2025-06-11 22:15:37,2025-06-11 22:15:36,867488060285201,13452,GTERI,0x09fe3fbf,0x00028102,802003,0x0a04,0x0a14,92,12681,0000,-,01,00,22,12,-,01,29.9,56,825,-23.584456,-46.635721,0724,0005,b41f,01b3c701,3.2,625.6,0:00:00,0:00:00,-,-,0,-,,,,,04,7,00000000,00,10
2025-06-11 22:15:39,2025-06-11 22:15:39,2025-06-11 22:15:39,867488060285201,13453,GTHBM,0x09fe7fbf,,802003,0x0a04,0x0a14,92,12681,0000,0000,01,00,22,12,-,01,23.7,57,826,-23.584337,-46.635535,0724,0005,b41f,01b3c701,3.2,625.6,0:00:00,0:00:00,-,-,0,-,,,,,,,,,05
2025-06-11 22:15:43,2025-06-11 22:15:43,2025-06-11 22:15:43,867488060285201,13454,GTERI,0x09fe3fbf,0x00028102,802003,0x0a04,0x0a14,92,12893,0000,-,01,00,22,12,-,01,17.6,2,825,-23.58419,-46.635442,0724,0005,b41f,01b5c10e,3.2,625.6,0:00:00,0:00:00,-,-,0,-,,,,,04,3,00000000,00,11
2025-06-11 22:15:47,2025-06-11 22:15:47,2025-06-11 22:15:47,867488060285201,13455,GTHBM,0x09fe7fbf,,802003,0x0a04,0x0a14,92,12670,0000,0000,01,00,22,12,-,01,34.7,329,820,-23.58393,-46.635577,0724,0005,b41f,01b5c10e,3.3,625.6,0:00:00,0:00:00,-,-,0,-,,,,,,,,,04
2025-06-11 22:15:51,2025-06-11 22:15:51,2025-06-11 22:15:51,867488060285201,13456,GTHBM,0x09fe7fbf,,802003,0x0a04,0x0a14,92,12627,0000,0000,01,00,22,12,-,01,26.4,329,815,-23.583644,-46.635754,0724,0005,b41f,01b5c10e,3.3,625.7,0:00:00,0:00:00,-,-,0,-,,,,,,,,,05
2025-06-11 22:15:55,2025-06-11 22:15:55,2025-06-11 22:15:55,867488060285201,13457,GTERI,0x09fe3fbf,0x00028102,802003,0x0a04,0x0a14,92,12468,0000,-,01,00,22,12,-,01,15.4,301,811,-23.583515,-46.635856,0724,0005,b41f,01b5c10e,3.3,625.7,0:00:00,0:00:00,-,-,0,-,,,,,04,3,00000000,00,11
2025-06-11 22:15:55,2025-06-11 22:15:55,2025-06-11 22:15:55,867488060285201,13458,GTHBM,0x09fe7fbf,,802003,0x0a04,0x0a14,92,12468,0000,0000,01,00,22,12,-,01,15.4,301,811,-23.583515,-46.635856,0724,0005,b41f,01b5c10e,3.3,625.7,0:00:00,0:00:00,-,-,0,-,,,,,,,,,00
2025-06-11 22:15:57,2025-06-11 22:15:57,2025-06-11 22:15:57,867488060285201,13459,GTERI,0x09fe3fbf,0x00028102,802003,0x0a04,0x0a14,92,12847,0000,-,01,00,22,12,-,01,18.4,256,812,-23.583526,-46.63595,0724,0005,b41f,01b5c10e,3.3,625.7,0:00:00,0:00:00,-,-,0,-,,,,,04,3,00000000,00,11
2025-06-11 22:15:59,2025-06-11 22:15:59,2025-06-11 22:15:59,867488060285201,13460,GTHBM,0x09fe7fbf,,802003,0x0a04,0x0a14,92,12847,0000,0000,01,00,22,12,-,01,21.0,248,812,-23.583562,-46.63605,0724,0005,b41f,01b3f20f,3.3,625.7,0:00:00,0:00:00,-,-,0,-,,,,,,,,,02
2025-06-11 22:16:03,2025-06-11 22:16:03,2025-06-11 22:16:03,867488060285201,13461,GTHBM,0x09fe7fbf,,802003,0x0a04,0x0a14,92,12776,0000,0000,01,00,22,12,-,01,20.2,249,814,-23.583642,-46.636268,0724,0005,b41f,01b3f20f,3.4,625.7,0:00:00,0:00:00,-,-,0,-,,,,,,,,,05
2025-06-11 22:16:31,2025-06-11 22:16:31,2025-06-11 22:16:31,867488060285201,13462,GTHBM,0x09fe7fbf,,802003,0x0a04,0x0a14,92,12547,0000,0000,01,00,22,12,-,01,15.6,242,825,-23.583768,-46.636606,0724,0005,b41f,01b3f20f,3.4,625.8,0:00:00,0:00:00,-,-,0,-,,,,,,,,,01
2025-06-11 22:16:33,,,867488060285201,13463,HBD
2025-06-11 22:16:35,2025-06-11 22:16:35,2025-06-11 22:16:35,867488060285201,13465,GTHBM,0x09fe7fbf,,802003,0x0a04,0x0a14,92,12816,0000,0000,01,00,22,12,-,01,20.1,237,825,-23.583859,-46.636775,0724,0005,b41f,01b3f20f,3.4,625.8,0:00:00,0:00:00,-,-,0,-,,,,,,,,,05
2025-06-11 22:16:37,2025-06-11 22:16:37,2025-06-11 22:16:36,867488060285201,13466,GTERI,0x09fe3fbf,0x00028102,802003,0x0a04,0x0a14,92,12736,0000,-,01,00,22,12,-,01,19.7,228,825,-23.583895,-46.636814,0724,0005,b41f,01b3c70d,3.4,625.8,0:00:00,0:00:00,-,-,0,-,,,,,04,3,00000000,00,10
2025-06-11 22:16:38,2025-06-11 22:16:38,2025-06-11 22:16:38,867488060285201,13467,GTERI,0x09fe3fbf,0x00028102,802003,0x0a04,0x0a14,92,12736,0000,-,01,00,22,12,-,01,23.0,169,824,-23.584003,-46.63682,0724,0005,b41f,01b3c70d,3.4,625.8,0:00:00,0:00:00,-,-,0,-,,,,,04,3,00000000,00,11
2025-06-11 22:16:40,2025-06-11 22:16:40,2025-06-11 22:16:40,867488060285201,13468,GTHBM,0x09fe7fbf,,802003,0x0a04,0x0a14,92,12915,0000,0000,01,00,22,12,-,01,26.8,159,825,-23.58412,-46.636776,0724,0005,b41f,01b3c70d,3.5,625.8,0:00:00,0:00:00,-,-,0,-,,,,,,,,,02
2025-06-11 22:16:44,2025-06-11 22:16:44,2025-06-11 22:16:44,867488060285201,13469,GTHBM,0x09fe7fbf,,802003,0x0a04,0x0a14,92,12798,0000,0000,01,00,22,12,-,01,12.9,153,825,-23.58431,-46.636695,0724,0005,b41f,01b3c70d,3.5,625.8,0:00:00,0:00:00,-,-,0,-,,,,,,,,,05
2025-06-11 22:17:16,2025-06-11 22:17:16,2025-06-11 22:17:16,867488060285201,13470,GTHBM,0x09fe7fbf,,802003,0x0a04,0x0a14,92,13055,0000,0000,01,00,22,12,-,01,17.1,150,819,-23.584484,-46.636603,0724,0005,b41f,01b3c701,3.5,625.8,0:00:00,0:00:00,-,-,0,-,,,,,,,,,01
2025-06-11 22:17:20,2025-06-11 22:17:20,2025-06-11 22:17:20,867488060285201,13471,GTHBM,0x09fe7fbf,,802003,0x0a04,0x0a14,92,12959,0000,0000,01,00,22,12,-,01,21.3,158,818,-23.58468,-46.63649,0724,0005,b41f,01b3c701,3.5,625.9,0:00:00,0:00:00,-,-,0,-,,,,,,,,,05
2025-06-11 22:17:37,2025-06-11 22:17:37,2025-06-11 22:17:36,867488060285201,13472,GTERI,0x09fe3fbf,0x00028102,802003,0x0a04,0x0a14,92,12820,0000,-,01,00,22,12,-,01,12.9,146,812,-23.585445,-46.636061,0724,0005,b41f,01b3c701,3.6,626.0,0:00:00,0:00:00,-,-,0,-,,,,,04,7,00000000,00,10
2025-06-11 22:17:40,2025-06-11 22:17:40,2025-06-11 22:17:40,867488060285201,13473,GTERI,0x09fe3fbf,0x00028102,802003,0x0a04,0x0a14,92,12760,0000,-,01,00,22,12,-,01,4.0,192,810,-23.585531,-46.636045,0724,0005,b41f,01b3c701,3.6,626.0,0:00:00,0:00:00,-,-,0,-,,,,,04,7,00000000,00,11
2025-06-11 22:17:49,2025-06-11 22:17:49,2025-06-11 22:17:49,867488060285201,13474,GTIGF,0x09fe7fbf,,802003,0x0a04,0x0a14,92,12662,0000,0000,00,00,12,12,861,01,1.2,192,810,-23.585603,-46.636133,0724,0005,b41f,01b3c701,3.6,626.0,0:00:00,0:00:00,-,-,0,-
2025-06-11 22:17:49,2025-06-11 22:17:49,2025-06-11 22:17:49,867488060285201,13475,GTSTT,0x09fe7fbf,,802003,0x0a04,0x0a14,92,12662,0000,0000,00,00,12,12,-,01,1.2,192,810,-23.585603,-46.636133,0724,0005,b41f,01b3c701,3.6,626.0,0:00:00,0:00:00,-,-,0,-
2025-06-11 22:17:50,2025-06-11 22:17:49,2025-06-11 22:17:49,867488060285201,13476,GTSTC,0x09fe7fbf,,802003,0x0a04,0x0a14,92,12794,0000,0000,00,00,12,12,-,01,1.2,192,810,-23.585603,-46.636133,0724,0005,b41f,01b3c701,3.6,626.0,0:00:00,0:00:00,-,-,0,-
2025-06-11 22:17:50,2025-06-11 22:17:50,2025-06-11 22:17:50,867488060285201,13477,GTERI,0x09fe3fbf,0x00028102,802003,0x0a04,0x0a14,92,12794,0000,-,00,00,12,12,-,01,0.1,192,810,-23.585604,-46.636132,0724,0005,b41f,01b3c701,3.6,626.0,0:00:00,0:00:00,-,-,0,-,,,,,04,7,00000000,00,10
2025-06-11 22:17:51,2025-06-11 22:17:50,2025-06-11 22:17:50,867488060285201,13478,GTIGL,0x09fe7fbf,,802003,0x0a04,0x0a14,92,12794,0000,0000,00,00,12,12,-,01,0.1,192,810,-23.585604,-46.636132,0724,0005,b41f,01b3c701,3.6,626.0,0:00:00,0:00:00,-,-,0,-,,,,,,,,,01
2025-06-11 22:17:53,2025-06-11 22:17:53,2025-06-11 22:17:53,867488060285201,13479,GTMPF,0x09fe7fbf,,802003,0x0a04,0x0a14,92,0,0000,0000,00,00,12,12,-,01,0.0,192,810,-23.585605,-46.636131,0724,0005,b41f,01b3c701,3.6,626.0,0:00:00,0:00:00,-,-,0,-
2025-06-11 22:18:33,,,867488060285201,13480,HBD
2025-06-11 22:18:40,2025-06-11 22:18:40,2025-06-11 22:18:39,867488060285201,13482,GTSTT,0x09fe7fbf,,802003,0x0a04,0x0a14,3,0,0000,0000,00,00,11,12,-,01,0.0,192,810,-23.585605,-46.636131,0724,0005,b41f,01b3c701,3.6,626.0,0:00:00,0:00:00,-,-,0,-
2025-06-11 22:20:00,2025-06-11 22:20:00,2025-06-11 22:19:59,867488060285201,13484,GTIGN,0x09fe7fbf,,802003,0x0a04,0x0a14,1,0,0000,0000,01,00,22,12,131,01,0.0,192,810,-23.585605,-46.636131,0724,0005,b41f,01b3c701,0.0,626.0,0:00:00,0:00:00,-,-,0,-
2025-06-11 22:20:01,2025-06-11 22:20:00,2025-06-11 22:19:59,867488060285201,13485,GTSTT,0x09fe7fbf,,802003,0x0a04,0x0a14,1,0,0000,0000,01,00,22,12,-,01,0.0,192,810,-23.585605,-46.636131,0724,0005,b41f,01b3c701,0.0,626.0,0:00:00,0:00:00,-,-,0,-
2025-06-11 22:20:01,2025-06-11 22:20:01,2025-06-11 22:20:00,867488060285201,13486,GTIGL,0x09fe7fbf,,802003,0x0a04,0x0a14,1,0,0000,0000,00,00,12,12,-,01,0.0,192,810,-23.585605,-46.636131,0724,0005,b41f,01b3c701,0.0,626.0,0:00:00,0:00:00,-,-,0,-,,,,,,,,,00
2025-06-11 22:20:02,2025-06-11 22:20:01,2025-06-11 22:20:00,867488060285201,13487,GTIGF,0x09fe7fbf,,802003,0x0a04,0x0a14,1,0,0000,0000,00,00,12,12,1,00,0.0,192,810,-23.585605,-46.636131,0724,0005,b41f,01b3c701,0.0,626.0,0:00:00,0:00:00,-,-,0,-
2025-06-11 22:20:02,2025-06-11 22:20:01,2025-06-11 22:20:00,867488060285201,13488,GTSTT,0x09fe7fbf,,802003,0x0a04,0x0a14,1,0,0000,0000,00,00,12,12,-,00,0.0,192,810,-23.585605,-46.636131,0724,0005,b41f,01b3c701,0.0,626.0,0:00:00,0:00:00,-,-,0,-
2025-06-11 22:20:03,2025-06-11 22:20:01,2025-06-11 22:20:01,867488060285201,13489,GTIGL,0x09fe7fbf,,802003,0x0a04,0x0a14,1,0,0000,0000,00,00,12,12,-,01,0.0,192,810,-23.585605,-46.636131,0724,0005,b41f,01b3c701,0.0,626.0,0:00:00,0:00:00,-,-,0,-,,,,,,,,,01
2025-06-11 22:20:03,2025-06-11 22:20:02,2025-06-11 22:20:01,867488060285201,13490,GTIGN,0x09fe7fbf,,802003,0x0a04,0x0a14,1,0,0000,0000,01,00,22,12,0,00,0.0,192,810,-23.585605,-46.636131,0724,0005,b41f,01b3c701,0.0,626.0,0:00:00,0:00:00,-,-,0,-
2025-06-11 22:20:04,2025-06-11 22:20:02,2025-06-11 22:20:01,867488060285201,13491,GTSTT,0x09fe7fbf,,802003,0x0a04,0x0a14,1,0,0000,0000,01,00,22,12,-,00,0.0,192,810,-23.585605,-46.636131,0724,0005,b41f,01b3c701,0.0,626.0,0:00:00,0:00:00,-,-,0,-
2025-06-11 22:20:04,2025-06-11 22:20:02,2025-06-11 22:20:02,867488060285201,13492,GTIGL,0x09fe7fbf,,802003,0x0a04,0x0a14,1,0,0000,0000,01,00,22,12,-,01,0.0,192,810,-23.585605,-46.636131,0724,0005,b41f,01b3c701,0.0,626.0,0:00:00,0:00:00,-,-,0,-,,,,,,,,,00
2025-06-11 22:20:05,2025-06-11 22:20:05,2025-06-11 22:20:04,867488060285201,13493,GTMPN,0x09fe7fbf,,802003,0x0a04,0x0a14,1,10662,0000,0000,01,00,22,12,-,01,0.0,192,810,-23.585605,-46.636131,0724,0005,b41f,01b3c701,0.0,626.0,0:00:00,0:00:00,-,-,0,-
2025-06-11 22:20:06,2025-06-11 22:20:06,2025-06-11 22:20:06,867488060285201,13494,GTERI,0x09fe3fbf,0x00028102,802003,0x0a04,0x0a14,1,10662,0000,-,01,00,22,12,-,01,0.0,192,810,-23.585605,-46.636131,0724,0005,b41f,01b3c701,0.0,626.0,0:00:00,0:00:00,-,-,0,-,,,,,04,7,00000000,00,10
2025-06-11 22:20:08,2025-06-11 22:20:08,2025-06-11 22:20:08,867488060285201,13495,GTERI,0x09fe3fbf,0x00028102,802003,0x0a04,0x0a14,1,10812,0000,-,01,00,22,12,-,01,8.8,250,811,-23.585609,-46.636135,0724,0005,b41f,01b3c701,0.0,626.0,0:00:00,0:00:00,-,-,0,-,,,,,04,7,00000000,00,11
2025-06-11 22:20:10,2025-06-11 22:20:10,2025-06-11 22:20:10,867488060285201,13496,GTHBM,0x09fe7fbf,,802003,0x0a04,0x0a14,1,10812,0000,0000,01,00,22,12,-,01,17.1,244,812,-23.585639,-46.636194,0724,0005,b41f,01b3c701,0.0,626.0,0:00:00,0:00:00,-,-,0,-,,,,,,,,,01
2025-06-11 22:20:14,2025-06-11 22:20:14,2025-06-11 22:20:14,867488060285201,13497,GTHBM,0x09fe7fbf,,802003,0x0a04,0x0a14,2,11157,0000,0000,01,00,22,12,-,01,10.2,251,810,-23.585694,-46.636349,0724,0005,b41f,01b3c701,0.0,626.0,0:00:00,0:00:00,-,-,0,-,,,,,,,,,05
2025-06-11 22:20:33,,,867488060285201,13498,HBD
2025-06-11 22:21:00,2025-06-11 22:21:00,2025-06-11 22:20:26,867488060285201,13500,GTSTT,0x09fe7fbf,,802003,0x0a04,0x0a14,41,11953,0000,0000,01,00,21,12,-,00,8.3,250,803,-23.585976,-46.636622,0724,0005,b41f,01b3c701,0.1,626.0,0:00:00,0:00:00,-,-,0,-
2025-06-11 22:21:10,2025-06-11 22:21:10,2025-06-11 22:20:26,867488060285201,13501,GTERI,0x09fe3fbf,0x00028102,802003,0x0a04,0x0a14,42,12285,0000,-,01,00,21,12,-,00,8.3,250,803,-23.585976,-46.636622,0724,0005,b41f,01b3c701,0.1,626.0,0:00:00,0:00:00,-,-,0,-,,,,,04,7,00000000,00,10
2025-06-11 22:22:09,2025-06-11 22:22:09,2025-06-11 22:20:26,867488060285201,13502,GTSTT,0x09fe7fbf,,802003,0x0a04,0x0a14,43,12360,0000,0000,01,00,22,12,-,00,8.3,250,803,-23.585976,-46.636622,0724,0005,b41f,01b3c701,0.1,626.0,0:00:00,0:00:00,-,-,0,-
2025-06-11 22:22:10,2025-06-11 22:22:10,2025-06-11 22:20:26,867488060285201,13503,GTERI,0x09fe3fbf,0x00028102,802003,0x0a04,0x0a14,43,12230,0000,-,01,00,22,12,-,00,8.3,250,803,-23.585976,-46.636622,0724,0005,b41f,01b3c701,0.1,626.0,0:00:00,0:00:00,-,-,0,-,,,,,04,7,00000000,00,10
2025-06-11 22:22:33,2025-06-11 22:22:33,2025-06-11 22:20:26,867488060285201,13504,GTIGF,0x09fe7fbf,,802003,0x0a04,0x0a14,44,12223,0000,0000,00,00,12,12,152,00,8.3,250,803,-23.585976,-46.636622,0724,0005,b41f,01b3c709,0.1,626.0,0:00:00,0:00:00,-,-,0,-
2025-06-11 22:22:33,,,867488060285201,13506,HBD
2025-06-11 22:22:34,2025-06-11 22:22:33,2025-06-11 22:20:26,867488060285201,13505,GTSTT,0x09fe7fbf,,802003,0x0a04,0x0a14,44,12223,0000,0000,00,00,12,12,-,00,8.3,250,803,-23.585976,-46.636622,0724,0005,b41f,01b3c709,0.1,626.0,0:00:00,0:00:00,-,-,0,-
2025-06-11 22:22:36,2025-06-11 22:22:36,2025-06-11 22:20:26,867488060285201,13508,GTERI,0x09fe3fbf,0x00028102,802003,0x0a04,0x0a14,44,12033,0000,-,00,00,12,12,-,00,8.3,250,803,-23.585976,-46.636622,0724,0005,b41f,01b3c709,0.1,626.0,0:00:00,0:00:00,-,-,0,-,,,,,04,28,00000000,00,10
2025-06-11 22:22:36,2025-06-11 22:22:36,2025-06-11 22:20:26,867488060285201,13509,GTIGL,0x09fe7fbf,,802003,0x0a04,0x0a14,44,12033,0000,0000,00,00,12,12,-,00,8.3,250,803,-23.585976,-46.636622,0724,0005,b41f,01b3c709,0.1,626.0,0:00:00,0:00:00,-,-,0,-,,,,,,,,,01
2025-06-11 22:22:37,2025-06-11 22:22:37,2025-06-11 22:20:26,867488060285201,13510,GTMPF,0x09fe7fbf,,802003,0x0a04,0x0a14,44,0,0000,0000,00,00,12,12,-,00,8.3,250,803,-23.585976,-46.636622,0724,0005,b41f,01b3c709,0.1,626.0,0:00:00,0:00:00,-,-,0,-
2025-06-11 22:23:13,2025-06-11 22:23:12,2025-06-11 22:20:26,867488060285201,13511,GTSTT,0x09fe7fbf,,802003,0x0a04,0x0a14,3,0,0000,0000,00,00,11,12,-,00,8.3,250,803,-23.585976,-46.636622,0724,0005,b41f,01b3c709,0.1,626.0,0:00:00,0:00:00,-,-,0,-
2025-06-11 22:24:33,,,867488060285201,13513,HBD
2025-06-11 22:26:34,,,867488060285201,13515,HBD
2025-06-11 22:28:34,,,867488060285201,13517,HBD
2025-06-11 22:30:34,,,867488060285201,13519,HBD
2025-06-11 22:32:34,,,867488060285201,13521,HBD
2025-06-11 22:32:34,2025-06-11 22:32:34,2025-06-11 22:20:26,867488060285201,13522,GTIGN,0x09fe7fbf,,802003,0x0a04,0x0a14,32,0,0000,0000,01,00,22,12,601,00,8.3,250,803,-23.585976,-46.636622,0724,0005,b41f,01b3c709,0.0,626.0,0:00:00,0:00:00,-,-,0,-
2025-06-11 22:32:35,2025-06-11 22:32:34,2025-06-11 22:20:26,867488060285201,13523,GTSTT,0x09fe7fbf,,802003,0x0a04,0x0a14,32,0,0000,0000,01,00,22,12,-,00,8.3,250,803,-23.585976,-46.636622,0724,0005,b41f,01b3c709,0.0,626.0,0:00:00,0:00:00,-,-,0,-
2025-06-11 22:32:37,2025-06-11 22:32:37,2025-06-11 22:20:26,867488060285201,13525,GTMPN,0x09fe7fbf,,802003,0x0a04,0x0a14,32,10380,0000,0000,01,00,22,12,-,00,8.3,250,803,-23.585976,-46.636622,0724,0005,b41f,01b3c709,0.0,626.0,0:00:00,0:00:00,-,-,0,-
2025-06-11 22:33:37,2025-06-11 22:33:37,2025-06-11 22:20:26,867488060285201,13526,GTERI,0x09fe3fbf,0x00028102,802003,0x0a04,0x0a14,36,12164,0000,-,01,00,22,12,-,00,8.3,250,803,-23.585976,-46.636622,0724,0005,b41f,01b3c711,0.0,626.0,0:00:00,0:00:00,-,-,0,-,,,,,04,3,00000000,00,10
2025-06-11 22:33:39,2025-06-11 22:33:39,2025-06-11 22:20:26,867488060285201,13527,GTERI,0x09fe3fbf,0x00028102,802003,0x0a04,0x0a14,36,12077,0000,-,01,00,22,12,-,00,8.3,250,803,-23.585976,-46.636622,0724,0005,b41f,01b3c711,0.0,626.0,0:00:00,0:00:00,-,-,0,-,,,,,04,3,00000000,00,10
2025-06-11 22:33:46,2025-06-11 22:33:46,2025-06-11 22:20:26,867488060285201,13528,GTIGF,0x09fe7fbf,,802003,0x0a04,0x0a14,36,11946,0000,0000,00,00,12,12,71,00,8.3,250,803,-23.585976,-46.636622,0724,0005,b41f,01b3c711,0.0,626.0,0:00:00,0:00:00,-,-,0,-
2025-06-11 22:33:46,2025-06-11 22:33:46,2025-06-11 22:20:26,867488060285201,13529,GTSTT,0x09fe7fbf,,802003,0x0a04,0x0a14,36,11946,0000,0000,00,00,12,12,-,00,8.3,250,803,-23.585976,-46.636622,0724,0005,b41f,01b3c711,0.0,626.0,0:00:00,0:00:00,-,-,0,-
2025-06-11 22:33:49,2025-06-11 22:33:49,2025-06-11 22:20:26,867488060285201,13530,GTMPF,0x09fe7fbf,,802003,0x0a04,0x0a14,36,0,0000,0000,00,00,12,12,-,00,8.3,250,803,-23.585976,-46.636622,0724,0005,b41f,01b3c711,0.0,626.0,0:00:00,0:00:00,-,-,0,-
2025-06-11 22:34:25,2025-06-11 22:34:25,2025-06-11 22:20:26,867488060285201,13531,GTSTT,0x09fe7fbf,,802003,0x0a04,0x0a14,2,0,0000,0000,00,00,11,12,-,00,8.3,250,803,-23.585976,-46.636622,0724,0005,b41f,01b3c70d,0.0,626.0,0:00:00,0:00:00,-,-,0,-
2025-06-11 22:34:34,,,867488060285201,13533,HBD
2025-06-11 22:35:02,2025-06-11 22:35:02,2025-06-11 22:20:26,867488060285201,13535,GTERI,0x09fe3fbf,0x00028102,802003,0x0a04,0x0a14,1,0,0000,-,00,00,11,12,-,00,8.3,250,803,-23.585976,-46.636622,0724,0005,b41f,01b3c70d,0.0,626.0,0:00:00,0:00:00,-,-,0,-,,,,,04,3,00000000,00,10
2025-06-11 22:35:02,2025-06-11 22:35:02,2025-06-11 22:20:26,867488060285201,13536,GTIGL,0x09fe7fbf,,802003,0x0a04,0x0a14,1,0,0000,0000,00,00,11,12,-,00,8.3,250,803,-23.585976,-46.636622,0724,0005,b41f,01b3c70d,0.0,626.0,0:00:00,0:00:00,-,-,0,-,,,,,,,,,00
2025-06-11 22:35:02,2025-06-11 22:35:02,2025-06-11 22:20:26,867488060285201,13537,GTIGL,0x09fe7fbf,,802003,0x0a04,0x0a14,1,0,0000,0000,00,00,11,12,-,00,8.3,250,803,-23.585976,-46.636622,0724,0005,b41f,01b3c70d,0.0,626.0,0:00:00,0:00:00,-,-,0,-,,,,,,,,,01
2025-06-11 22:36:34,,,867488060285201,13538,HBD
2025-06-11 22:38:34,,,867488060285201,13540,HBD
2025-06-11 22:40:35,,,867488060285201,13542,HBD
2025-06-11 22:42:35,,,867488060285201,13544,HBD
2025-06-11 22:44:35,,,867488060285201,13546,HBD
2025-06-11 22:46:35,,,867488060285201,13548,HBD
2025-06-11 22:48:35,,,867488060285201,13550,HBD
2025-06-11 22:50:35,,,867488060285201,13552,HBD
2025-06-11 22:52:35,,,867488060285201,13554,HBD
2025-06-11 22:54:36,,,867488060285201,13556,HBD
2025-06-11 22:56:36,,,867488060285201,13558,HBD
2025-06-11 22:58:36,,,867488060285201,13560,HBD
2025-06-11 23:00:36,,,867488060285201,13562,HBD
2025-06-11 23:02:36,,,867488060285201,13564,HBD
2025-06-11 23:04:36,,,867488060285201,13566,HBD
2025-06-11 23:06:36,,,867488060285201,13568,HBD
2025-06-11 23:08:36,,,867488060285201,13570,HBD
2025-06-11 23:10:37,,,867488060285201,13572,HBD
2025-06-11 23:12:37,,,867488060285201,13574,HBD
2025-06-11 23:14:37,,,867488060285201,13576,HBD
2025-06-11 23:16:37,,,867488060285201,13578,HBD
2025-06-11 23:18:37,,,867488060285201,13580,HBD
2025-06-11 23:20:37,,,867488060285201,13582,HBD
2025-06-11 23:22:37,,,867488060285201,13584,HBD
2025-06-11 23:24:37,,,867488060285201,13586,HBD
2025-06-11 23:26:37,,,867488060285201,13588,HBD
2025-06-11 23:28:38,,,867488060285201,13590,HBD
2025-06-11 23:30:38,,,867488060285201,13592,HBD
2025-06-11 23:31:55,2025-06-11 23:31:55,2025-06-11 22:38:45,867488060285201,13594,GTPFR,0x09fe7fbf,,802003,0x0a04,0x0a14,0,0,0000,0000,00,00,11,6,-,00,0.0,250,803,-23.585976,-46.636622,0724,0005,b41f,01b3c70d,0.0,626.0,0:00:00,0:00:00,01,-,0,-
2025-06-12 09:49:13,,,867488060285201,13596,HBD
2025-06-12 09:49:14,2025-06-12 09:46:34,2019-12-31 21:00:00,867488060285201,13600,GTASC
2025-06-12 09:49:14,2025-06-12 09:47:40,2019-12-31 21:00:00,867488060285201,13607,GTPFR,0x09fe7fbf,,802003,0x0a04,0x0a14,0,0,0000,0000,00,00,12,0,-,00,0.0,0,0,00000000,00000000,0724,0005,b41f,01b3c701,0.0,626.0,0:00:00,0:00:00,01,-,0,-
2025-06-12 09:49:15,2019-12-31 21:00:07,2019-12-31 21:00:00,867488060285201,13595,GTPNR,0x09fe7fbf,,802003,0x0a04,0x0a14,31,0,0000,0000,00,00,41,0,-,00,0.0,0,0,00000000,00000000,0000,0000,0000,00000000,0.0,626.0,0:00:00,0:00:00,-,00,0,-
2025-06-12 09:49:15,2025-06-12 09:46:34,2019-12-31 21:00:00,867488060285201,13598,GTIGN,0x09fe7fbf,,802003,0x0a04,0x0a14,31,0,0000,0000,01,00,21,0,3497,00,0.0,0,0,00000000,00000000,0000,0000,0000,00000000,0.0,626.0,0:00:00,0:00:00,-,-,0,-
2025-06-12 09:49:16,2025-06-12 09:46:34,2019-12-31 21:00:00,867488060285201,13599,GTSTT,0x09fe7fbf,,802003,0x0a04,0x0a14,31,0,0000,0000,01,00,21,0,-,00,0.0,0,0,00000000,00000000,0000,0000,0000,00000000,0.0,626.0,0:00:00,0:00:00,-,-,0,-
2025-06-12 09:49:33,,,867488060285201,13608,HBD
2025-06-12 09:49:33,2025-06-12 09:46:34,2019-12-31 21:00:00,867488060285201,13600,GTASC
2025-06-12 09:49:34,2025-06-12 09:47:40,2019-12-31 21:00:00,867488060285201,13607,GTPFR,0x09fe7fbf,,802003,0x0a04,0x0a14,0,0,0000,0000,00,00,12,0,-,00,0.0,0,0,00000000,00000000,0724,0005,b41f,01b3c701,0.0,626.0,0:00:00,0:00:00,01,-,0,-
2025-06-12 09:49:34,2019-12-31 21:00:07,2019-12-31 21:00:00,867488060285201,13595,GTPNR,0x09fe7fbf,,802003,0x0a04,0x0a14,31,0,0000,0000,00,00,41,0,-,00,0.0,0,0,00000000,00000000,0000,0000,0000,00000000,0.0,626.0,0:00:00,0:00:00,-,00,0,-
2025-06-12 09:49:35,2025-06-12 09:49:35,2019-12-31 21:00:00,867488060285201,13613,GTASC
2025-06-12 09:49:35,2025-06-12 09:46:34,2019-12-31 21:00:00,867488060285201,13598,GTIGN,0x09fe7fbf,,802003,0x0a04,0x0a14,31,0,0000,0000,01,00,21,0,3497,00,0.0,0,0,00000000,00000000,0000,0000,0000,00000000,0.0,626.0,0:00:00,0:00:00,-,-,0,-
2025-06-12 09:49:36,2025-06-12 09:46:34,2019-12-31 21:00:00,867488060285201,13599,GTSTT,0x09fe7fbf,,802003,0x0a04,0x0a14,31,0,0000,0000,01,00,21,0,-,00,0.0,0,0,00000000,00000000,0000,0000,0000,00000000,0.0,626.0,0:00:00,0:00:00,-,-,0,-
2025-06-12 09:49:36,2025-06-12 09:46:34,2019-12-31 21:00:00,867488060285201,13601,GTSTT,0x09fe7fbf,,802003,0x0a04,0x0a14,31,0,0000,0000,01,00,22,0,-,00,0.0,0,0,00000000,00000000,0000,0000,0000,00000000,0.0,626.0,0:00:00,0:00:00,-,-,0,-
2025-06-12 09:49:37,2025-06-12 09:46:35,2019-12-31 21:00:00,867488060285201,13602,GTMPN,0x09fe7fbf,,802003,0x0a04,0x0a14,31,11864,0000,0000,01,00,22,0,-,00,0.0,0,0,00000000,00000000,0724,0005,b41f,01b3c701,0.0,626.0,0:00:00,0:00:00,-,-,0,-
2025-06-12 09:49:37,2025-06-12 09:46:48,2019-12-31 21:00:00,867488060285201,13603,GTIGF,0x09fe7fbf,,802003,0x0a04,0x0a14,27,11558,0000,0000,00,00,12,0,14,00,0.0,0,0,00000000,00000000,0724,0005,b41f,01b3c701,0.0,626.0,0:00:00,0:00:00,-,-,0,-
2025-06-12 09:49:38,2025-06-12 09:46:48,2019-12-31 21:00:00,867488060285201,13604,GTSTT,0x09fe7fbf,,802003,0x0a04,0x0a14,27,11558,0000,0000,00,00,12,0,-,00,0.0,0,0,00000000,00000000,0724,0005,b41f,01b3c701,0.0,626.0,0:00:00,0:00:00,-,-,0,-
2025-06-12 09:49:38,2025-06-12 09:46:52,2019-12-31 21:00:00,867488060285201,13605,GTMPF,0x09fe7fbf,,802003,0x0a04,0x0a14,8,0,0000,0000,00,00,12,0,-,00,0.0,0,0,00000000,00000000,0724,0005,b41f,01b3c701,0.0,626.0,0:00:00,0:00:00,-,-,0,-
2025-06-12 09:49:39,2025-06-12 09:49:33,2019-12-31 21:00:00,867488060285201,13610,GTPNR,0x09fe7fbf,,802003,0x0a04,0x0a14,13,0,0000,0000,00,00,41,0,-,00,0.0,0,0,00000000,00000000,0000,0000,0000,00000000,0.0,626.0,0:00:00,0:00:00,-,00,0,-
2025-06-12 09:49:40,2025-06-12 09:49:35,2019-12-31 21:00:00,867488060285201,13611,GTIGN,0x09fe7fbf,,802003,0x0a04,0x0a14,13,0,0000,0000,01,00,21,0,2,00,0.0,0,0,00000000,00000000,0000,0000,0000,00000000,0.0,626.0,0:00:00,0:00:00,-,-,0,-
2025-06-12 09:49:40,2025-06-12 09:49:35,2019-12-31 21:00:00,867488060285201,13612,GTSTT,0x09fe7fbf,,802003,0x0a04,0x0a14,13,0,0000,0000,01,00,21,0,-,00,0.0,0,0,00000000,00000000,0000,0000,0000,00000000,0.0,626.0,0:00:00,0:00:00,-,-,0,-
2025-06-12 09:49:41,2025-06-12 09:49:35,2019-12-31 21:00:00,867488060285201,13614,GTSTT,0x09fe7fbf,,802003,0x0a04,0x0a14,13,12493,0000,0000,01,00,22,0,-,00,0.0,0,0,00000000,00000000,0000,0000,0000,00000000,0.0,626.0,0:00:00,0:00:00,-,-,0,-
2025-06-12 09:49:41,2025-06-12 09:49:35,2019-12-31 21:00:00,867488060285201,13615,GTMPN,0x09fe7fbf,,802003,0x0a04,0x0a14,13,12493,0000,0000,01,00,22,0,-,00,0.0,0,0,00000000,00000000,0000,0000,0000,00000000,0.0,626.0,0:00:00,0:00:00,-,-,0,-
2025-06-12 09:49:43,2025-06-12 09:49:43,2025-06-12 09:49:42,867488060285201,13616,GTRTL,0x09fe7fbf,,802003,0x0a04,0x0a14,20,12303,0000,0000,01,00,22,9,-,02,1.0,0,829,-23.586188,-46.635628,0724,0005,b41f,01b3c701,0.0,626.0,0:00:00,0:00:00,-,-,0,-,,,,,,,,,00
2025-06-12 09:49:43,2025-06-12 09:49:43,2025-06-12 09:49:42,867488060285201,13617,GTIGL,0x09fe7fbf,,802003,0x0a04,0x0a14,20,12303,0000,0000,01,00,22,9,-,02,1.0,0,829,-23.586188,-46.635628,0724,0005,b41f,01b3c701,0.0,626.0,0:00:00,0:00:00,-,-,0,-,,,,,,,,,00
2025-06-12 09:50:43,2025-06-12 09:50:43,2025-06-12 09:50:41,867488060285201,13618,GTERI,0x09fe3fbf,0x00028102,802003,0x0a04,0x0a14,21,12352,0000,-,01,00,22,11,-,01,34.4,189,825,-23.589055,-46.634754,0724,0005,b41f,01b3cc01,0.3,626.4,0:00:00,0:00:00,-,-,0,-,,,,,04,7,00000000,00,10
2025-06-12 09:51:00,2025-06-12 09:51:00,2025-06-12 09:51:00,867488060285201,13619,GTHBM,0x09fe7fbf,,802003,0x0a04,0x0a14,22,12147,0000,0000,01,00,22,11,-,01,10.6,202,821,-23.590367,-46.635218,0724,0005,b41f,01b3cc01,0.5,626.5,0:00:00,0:00:00,-,-,0,-,,,,,,,,,00
2025-06-12 09:51:04,2025-06-12 09:51:04,2025-06-12 09:51:04,867488060285201,13620,GTHBM,0x09fe7fbf,,802003,0x0a04,0x0a14,22,12226,0000,0000,01,00,22,11,-,01,2.5,209,821,-23.590415,-46.635245,0724,0005,b41f,01b3cc01,0.5,626.5,0:00:00,0:00:00,-,-,0,-,,,,,,,,,05
2025-06-12 09:51:33,,,867488060285201,13621,HBD
2025-06-12 09:51:33,2025-06-12 09:51:34,2025-06-12 09:51:33,867488060285201,13623,GTSTT,0x09fe7fbf,,802003,0x0a04,0x0a14,22,12201,0000,0000,01,00,21,11,-,02,0.0,189,822,-23.590418,-46.635246,0724,0005,b41f,01b3cc01,0.5,626.5,0:00:00,0:00:00,-,-,0,-
2025-06-12 09:51:43,2025-06-12 09:51:43,2025-06-12 09:51:41,867488060285201,13624,GTERI,0x09fe3fbf,0x00028102,802003,0x0a04,0x0a14,22,11950,0000,-,01,00,21,11,-,01,0.0,189,822,-23.590418,-46.635246,0724,0005,b41f,01b3cc01,0.5,626.5,0:00:00,0:00:00,-,-,0,-,,,,,04,7,00000000,00,10
2025-06-12 09:51:53,2025-06-12 09:51:54,2025-06-12 09:51:53,867488060285201,13625,GTSTT,0x09fe7fbf,,802003,0x0a04,0x0a14,22,12128,0000,0000,01,00,22,12,-,01,0.0,189,822,-23.590418,-46.635246,0724,0005,b41f,01b3cc01,0.5,626.5,0:00:00,0:00:00,-,-,0,-
2025-06-12 09:52:21,2025-06-12 09:52:21,2025-06-12 09:52:21,867488060285201,13626,GTHBM,0x09fe7fbf,,802003,0x0a04,0x0a14,23,12026,0000,0000,01,00,22,12,-,01,0.0,270,826,-23.590439,-46.63521,0724,0005,b41f,01b3cc01,0.5,626.5,0:00:00,0:00:00,-,-,0,-,,,,,,,,,02
2025-06-12 09:52:29,2025-06-12 09:52:29,2025-06-12 09:52:29,867488060285201,13627,GTHBM,0x09fe7fbf,,802003,0x0a04,0x0a14,23,12207,0000,0000,01,00,22,12,-,01,25.9,206,823,-23.590725,-46.635367,0724,0005,b41f,01b3cc01,0.5,626.6,0:00:00,0:00:00,-,-,0,-,,,,,,,,,05
2025-06-12 09:52:33,2025-06-12 09:52:33,2025-06-12 09:52:33,867488060285201,13628,GTHBM,0x09fe7fbf,,802003,0x0a04,0x0a14,23,12105,0000,0000,01,00,22,12,-,01,37.9,212,822,-23.591015,-46.63555,0724,0005,b41f,01b3cc01,0.6,626.6,0:00:00,0:00:00,-,-,0,-,,,,,,,,,01
2025-06-12 09:52:34,2025-06-12 09:52:35,2025-06-12 09:52:34,867488060285201,13629,GTBTC,0x09fe7fbf,,802003,0x0a04,0x0a14,23,12229,0000,0000,01,00,22,12,-,01,38.0,213,822,-23.591096,-46.635609,0724,0005,b41f,01b3cc01,0.6,626.6,0:00:00,0:00:00,-,-,0,-
2025-06-12 09:52:57,2025-06-12 09:52:37,2025-06-12 09:52:37,867488060285201,13630,GTHBM,0x09fe7fbf,,802003,0x0a04,0x0a14,23,12035,0000,0000,01,00,22,12,-,01,35.9,218,821,-23.591326,-46.635792,0724,0005,b41f,01b3cc01,0.6,626.7,0:00:00,0:00:00,-,-,0,-,,,,,,,,,05
2025-06-12 09:52:57,2025-06-12 09:52:43,2025-06-12 09:52:41,867488060285201,13631,GTERI,0x09fe3fbf,0x00028102,802003,0x0a04,0x0a14,23,12119,0000,-,01,00,22,12,-,01,38.2,221,819,-23.591612,-46.63607,0724,0005,b41f,01b3cc1e,0.7,626.7,0:00:00,0:00:00,-,-,0,-,,,,,04,1,00000000,00,10
2025-06-12 09:53:01,2025-06-12 09:53:01,2025-06-12 09:53:01,867488060285201,13632,GTHBM,0x09fe7fbf,,802003,0x0a04,0x0a14,62,13357,0000,0000,01,00,22,11,-,01,33.0,237,805,-23.593094,-46.637805,0724,0005,b41f,01b3cc03,0.9,626.9,0:00:00,0:00:00,-,-,0,-,,,,,,,,,00
2025-06-12 09:53:09,2025-06-12 09:53:09,2025-06-12 09:53:09,867488060285201,13633,GTHBM,0x09fe7fbf,,802003,0x0a04,0x0a14,75,12046,0000,0000,01,00,22,12,-,01,0.0,221,803,-23.593166,-46.637923,0724,0005,b41f,01b3cc03,0.9,626.9,0:00:00,0:00:00,-,-,0,-,,,,,,,,,05
2025-06-12 09:53:33,,,867488060285201,13634,HBD
2025-06-12 09:53:41,2025-06-12 09:53:42,2025-06-12 09:53:41,867488060285201,13636,GTHBM,0x09fe7fbf,,802003,0x0a04,0x0a14,84,12028,0000,0000,01,00,22,11,-,01,0.0,221,803,-23.593166,-46.637923,0724,0005,b41f,01b3cc03,0.9,626.9,0:00:00,0:00:00,-,-,0,-,,,,,,,,,05
2025-06-12 09:53:43,2025-06-12 09:53:43,2025-06-12 09:53:41,867488060285201,13637,GTERI,0x09fe3fbf,0x00028102,802003,0x0a04,0x0a14,84,12028,0000,-,01,00,22,11,-,01,0.0,221,803,-23.593166,-46.637923,0724,0005,b41f,01b3cc03,0.9,626.9,0:00:00,0:00:00,-,-,0,-,,,,,04,7,00000000,00,10
2025-06-12 09:53:49,2025-06-12 09:53:50,2025-06-12 09:53:49,867488060285201,13638,GTHBM,0x09fe7fbf,,802003,0x0a04,0x0a14,85,11950,0000,0000,01,00,22,12,-,01,26.1,235,802,-23.593252,-46.63808,0724,0005,b41f,01b3cc03,0.9,626.9,0:00:00,0:00:00,-,-,0,-,,,,,,,,,01
2025-06-12 09:53:57,2025-06-12 09:53:58,2025-06-12 09:53:57,867488060285201,13639,GTHBM,0x09fe7fbf,,802003,0x0a04,0x0a14,85,12196,0000,0000,01,00,22,11,-,01,40.0,265,799,-23.593463,-46.638847,0724,0005,b41f,01b3cc03,1.0,627.0,0:00:00,0:00:00,-,-,0,-,,,,,,,,,05
2025-06-12 09:54:03,2025-06-12 09:54:03,2025-06-12 09:54:03,867488060285201,13640,GTERI,0x09fe3fbf,0x00028102,802003,0x0a04,0x0a14,86,13101,0000,-,01,00,22,11,-,01,37.7,266,795,-23.593511,-46.639499,0724,0005,b28f,01b3cd02,1.1,627.1,0:00:00,0:00:00,-,-,0,-,,,,,04,7,00000000,00,11
2025-06-12 09:54:29,2025-06-12 09:54:29,2025-06-12 09:54:29,867488060285201,13641,GTHBM,0x09fe7fbf,,802003,0x0a04,0x0a14,87,12806,0000,0000,01,00,22,12,-,01,31.8,251,797,-23.593958,-46.642061,0724,0005,b28f,01b3cd02,1.3,627.4,0:00:00,0:00:00,-,-,0,-,,,,,,,,,05
2025-06-12 09:54:43,2025-06-12 09:54:43,2025-06-12 09:54:41,867488060285201,13642,GTERI,0x09fe3fbf,0x00028102,802003,0x0a04,0x0a14,87,12494,0000,-,01,00,22,12,-,01,30.9,265,789,-23.594036,-46.643198,0724,0005,b28f,01b3cd03,1.5,627.5,0:00:00,0:00:00,-,-,0,-,,,,,04,7,00000000,00,10
2025-06-12 09:55:03,2025-06-12 09:55:03,2025-06-12 09:55:03,867488060285201,13643,GTHBM,0x09fe7fbf,,802003,0x0a04,0x0a14,88,11963,0000,0000,01,00,22,12,-,01,40.8,291,774,-23.59366,-46.645275,0724,0005,b28f,01b3cd03,1.7,627.7,0:00:00,0:00:00,-,-,0,-,,,,,,,,,05
2025-06-12 09:55:33,,,867488060285201,13644,HBD
2025-06-12 09:55:35,2025-06-12 09:55:35,2025-06-12 09:55:35,867488060285201,13646,GTHBM,0x09fe7fbf,,802003,0x0a04,0x0a14,89,12171,0000,0000,01,00,22,12,-,01,28.4,295,751,-23.592363,-46.648404,0724,0005,b28f,01b3cf1e,2.0,628.1,0:00:00,0:00:00,-,-,0,-,,,,,,,,,05
2025-06-12 09:55:43,2025-06-12 09:55:43,2025-06-12 09:55:41,867488060285201,13647,GTERI,0x09fe3fbf,0x00028102,802003,0x0a04,0x0a14,89,11904,0000,-,01,00,22,12,-,01,29.6,291,752,-23.592206,-46.648801,0724,0005,b28f,01b3cf1e,2.1,628.1,0:00:00,0:00:00,-,-,0,-,,,,,04,1,00000000,00,10
2025-06-12 09:55:59,2025-06-12 09:55:59,2025-06-12 09:55:59,867488060285201,13648,GTHBM,0x09fe7fbf,,802003,0x0a04,0x0a14,89,11980,0000,0000,01,00,22,12,-,01,18.0,316,754,-23.591526,-46.65029,0724,0005,b28f,01b3cf1e,2.2,628.3,0:00:00,0:00:00,-,-,0,-,,,,,,,,,00
2025-06-12 09:56:03,2025-06-12 09:56:04,2025-06-12 09:56:03,867488060285201,13649,GTHBM,0x09fe7fbf,,802003,0x0a04,0x0a14,89,11651,0000,0000,01,00,22,12,-,01,8.6,322,755,-23.591441,-46.650372,0724,0005,b28f,01b3cf1e,2.2,628.3,0:00:00,0:00:00,-,-,0,-,,,,,,,,,05
2025-06-12 09:56:09,2025-06-12 09:56:10,2025-06-12 09:56:09,867488060285201,13650,GTERI,0x09fe3fbf,0x00028102,802003,0x0a04,0x0a14,89,11410,0000,-,01,00,22,12,-,01,6.7,339,759,-23.591298,-46.650465,0724,0005,b28f,01b3cf1e,2.3,628.3,0:00:00,0:00:00,-,-,0,-,,,,,04,1,00000000,00,11
2025-06-12 09:56:43,2025-06-12 09:56:43,2025-06-12 09:56:41,867488060285201,13651,GTERI,0x09fe3fbf,0x00028102,802003,0x0a04,0x0a14,89,11880,0000,-,01,00,22,12,-,01,0.0,339,761,-23.591298,-46.650476,0724,0005,b28f,01b3cf1e,2.3,628.3,0:00:00,0:00:00,-,-,0,-,,,,,04,1,00000000,00,10
2025-06-12 09:56:50,2025-06-12 09:56:51,2025-06-12 09:56:50,867488060285201,13652,GTHBM,0x09fe7fbf,,802003,0x0a04,0x0a14,89,12019,0000,0000,01,00,22,12,-,01,0.0,339,761,-23.591298,-46.650476,0724,0005,b28f,01b3cf1e,2.3,628.3,0:00:00,0:00:00,-,-,0,-,,,,,,,,,05
2025-06-12 09:57:23,2025-06-12 09:57:23,2025-06-12 09:57:23,867488060285201,13653,GTHBM,0x09fe7fbf,,802003,0x0a04,0x0a14,89,12050,0000,0000,01,00,22,12,-,01,14.8,334,769,-23.590465,-46.650918,0724,0005,b28f,01b3cf0d,2.4,628.4,0:00:00,0:00:00,-,-,0,-,,,,,,,,,05
2025-06-12 09:57:34,,,867488060285201,13654,HBD
2025-06-12 09:57:43,2025-06-12 09:57:43,2025-06-12 09:57:41,867488060285201,13656,GTERI,0x09fe3fbf,0x00028102,802003,0x0a04,0x0a14,90,11987,0000,-,01,00,22,12,-,01,15.1,330,772,-23.589371,-46.651553,0724,0005,b28f,01b3cf0d,2.5,628.5,0:00:00,0:00:00,-,-,0,-,,,,,04,3,00000000,00,10
2025-06-12 09:57:56,2025-06-12 09:57:56,2025-06-12 09:57:56,867488060285201,13657,GTHBM,0x09fe7fbf,,802003,0x0a04,0x0a14,90,11791,0000,0000,01,00,22,12,-,01,31.2,336,775,-23.588798,-46.65184,0724,0005,b28f,01b3cf1d,2.6,628.6,0:00:00,0:00:00,-,-,0,-,,,,,,,,,01
2025-06-12 09:58:00,2025-06-12 09:58:00,2025-06-12 09:58:00,867488060285201,13658,GTHBM,0x09fe7fbf,,802003,0x0a04,0x0a14,90,11789,0000,0000,01,00,22,12,-,01,39.7,336,776,-23.588465,-46.652001,0724,0005,b28f,01b3cf1d,2.6,628.7,0:00:00,0:00:00,-,-,0,-,,,,,,,,,05
2025-06-12 09:58:12,2025-06-12 09:58:12,2025-06-12 09:58:12,867488060285201,13659,GTHBM,0x09fe7fbf,,802003,0x0a04,0x0a14,90,13437,0000,0000,01,00,22,12,-,01,24.2,337,780,-23.587419,-46.652485,0724,0005,b28f,01b45f03,2.7,628.8,0:00:00,0:00:00,-,-,0,-,,,,,,,,,00
2025-06-12 09:58:16,2025-06-12 09:58:16,2025-06-12 09:58:16,867488060285201,13660,GTHBM,0x09fe7fbf,,802003,0x0a04,0x0a14,90,11898,0000,0000,01,00,22,12,-,01,16.2,343,780,-23.587214,-46.652553,0724,0005,b28f,01b45f03,2.8,628.8,0:00:00,0:00:00,-,-,0,-,,,,,,,,,05
2025-06-12 09:58:20,2025-06-12 09:58:20,2025-06-12 09:58:20,867488060285201,13661,GTHBM,0x09fe7fbf,,802003,0x0a04,0x0a14,90,11950,0000,0000,01,00,22,12,-,01,0.9,330,781,-23.58714,-46.652574,0724,0005,b28f,01b45f03,2.8,628.8,0:00:00,0:00:00,-,-,0,-,,,,,,,,,00
2025-06-12 09:58:24,2025-06-12 09:58:24,2025-06-12 09:58:24,867488060285201,13662,GTHBM,0x09fe7fbf,,802003,0x0a04,0x0a14,90,11756,0000,0000,01,00,22,12,-,01,0.0,330,781,-23.587134,-46.652578,0724,0005,b28f,01b45f03,2.8,628.8,0:00:00,0:00:00,-,-,0,-,,,,,,,,,05
2025-06-12 09:58:47,2025-06-12 09:58:43,2025-06-12 09:58:41,867488060285201,13663,GTERI,0x09fe3fbf,0x00028102,802003,0x0a04,0x0a14,90,11965,0000,-,01,00,22,12,-,01,0.0,330,781,-23.587134,-46.652578,0724,0005,b28f,01b45f03,2.8,628.8,0:00:00,0:00:00,-,-,0,-,,,,,04,7,00000000,00,10
2025-06-12 09:58:56,2025-06-12 09:58:56,2025-06-12 09:58:56,867488060285201,13664,GTHBM,0x09fe7fbf,,802003,0x0a04,0x0a14,90,11742,0000,0000,01,00,22,12,-,01,0.0,330,781,-23.587134,-46.652578,0724,0005,b28f,01b45f1f,2.8,628.8,0:00:00,0:00:00,-,-,0,-,,,,,,,,,05
2025-06-12 09:59:04,2025-06-12 09:59:04,2025-06-12 09:59:04,867488060285201,13665,GTHBM,0x09fe7fbf,,802003,0x0a04,0x0a14,90,12030,0000,0000,01,00,22,12,-,01,16.9,342,781,-23.586984,-46.652632,0724,0005,b28f,01b45f03,2.8,628.8,0:00:00,0:00:00,-,-,0,-,,,,,,,,,01
2025-06-12 09:59:08,2025-06-12 09:59:08,2025-06-12 09:59:08,867488060285201,13666,GTHBM,0x09fe7fbf,,802003,0x0a04,0x0a14,90,11907,0000,0000,01,00,22,12,-,01,25.2,342,783,-23.586771,-46.652715,0724,0005,b28f,01b45f03,2.8,628.8,0:00:00,0:00:00,-,-,0,-,,,,,,,,,05
2025-06-12 09:59:34,,,867488060285201,13667,HBD
2025-06-12 09:59:41,2025-06-12 09:59:41,2025-06-12 09:59:41,867488060285201,13669,GTHBM,0x09fe7fbf,,802003,0x0a04,0x0a14,90,12831,0000,0000,01,00,22,12,-,01,34.5,306,773,-23.583563,-46.654558,0724,0005,b28f,01b4a273,3.2,629.2,0:00:00,0:00:00,-,-,0,-,,,,,,,,,05
2025-06-12 09:59:43,2025-06-12 09:59:43,2025-06-12 09:59:41,867488060285201,13670,GTERI,0x09fe3fbf,0x00028102,802003,0x0a04,0x0a14,90,12831,0000,-,01,00,22,12,-,01,34.5,306,773,-23.583563,-46.654558,0724,0005,b28f,01b4a273,3.2,629.2,0:00:00,0:00:00,-,-,0,-,,,,,04,3,00000000,00,10
2025-06-12 10:00:13,2025-06-12 10:00:14,2025-06-12 10:00:13,867488060285201,13671,GTHBM,0x09fe7fbf,,802003,0x0a04,0x0a14,90,11899,0000,0000,01,00,22,12,-,01,0.2,305,761,-23.582439,-46.656413,0724,0005,b28f,01b4a2e4,3.4,629.5,0:00:00,0:00:00,-,-,0,-,,,,,,,,,05
2025-06-12 10:00:43,2025-06-12 10:00:43,2025-06-12 10:00:41,867488060285201,13672,GTERI,0x09fe3fbf,0x00028102,802003,0x0a04,0x0a14,90,11886,0000,-,01,00,22,12,-,01,22.2,298,760,-23.58196,-46.657326,0724,0005,b28f,01b4a2e4,3.5,629.6,0:00:00,0:00:00,-,-,0,-,,,,,04,1,00000000,00,10
2025-06-12 10:00:45,2025-06-12 10:00:46,2025-06-12 10:00:45,867488060285201,13673,GTHBM,0x09fe7fbf,,802003,0x0a04,0x0a14,90,12084,0000,0000,01,00,22,12,-,01,24.5,298,759,-23.581837,-46.657551,0724,0005,b28f,01b4a2e4,3.6,629.6,0:00:00,0:00:00,-,-,0,-,,,,,,,,,05
2025-06-12 10:01:18,2025-06-12 10:01:18,2025-06-12 10:01:18,867488060285201,13674,GTHBM,0x09fe7fbf,,802003,0x0a04,0x0a14,90,13331,0000,0000,01,00,22,12,-,01,22.4,307,756,-23.580754,-46.659581,0724,0005,b28f,01b4a2de,3.8,629.8,0:00:00,0:00:00,-,-,0,-,,,,,,,,,05
2025-06-12 10:01:34,,,867488060285201,13675,HBD
2025-06-12 10:01:43,2025-06-12 10:01:43,2025-06-12 10:01:41,867488060285201,13677,GTERI,0x09fe3fbf,0x00028102,802003,0x0a04,0x0a14,90,11977,0000,-,01,00,22,12,-,01,0.0,298,757,-23.580562,-46.659834,0724,0005,b28f,01b4a2de,3.8,629.9,0:00:00,0:00:00,-,-,0,-,,,,,04,1,00000000,00,10
2025-06-12 10:02:04,2025-06-12 10:02:04,2025-06-12 10:02:03,867488060285201,13678,GTSTT,0x09fe7fbf,,802003,0x0a04,0x0a14,90,11901,0000,0000,01,00,21,12,-,01,0.0,298,757,-23.580562,-46.659834,0724,0005,b28f,01b4a2de,3.8,629.9,0:00:00,0:00:00,-,-,0,-
2025-06-12 10:02:08,2025-06-12 10:02:08,2025-06-12 10:02:07,867488060285201,13679,GTSTT,0x09fe7fbf,,802003,0x0a04,0x0a14,90,11750,0000,0000,01,00,22,12,-,01,0.0,298,757,-23.580562,-46.659834,0724,0005,b28f,01b4a2de,3.8,629.9,0:00:00,0:00:00,-,-,0,-
2025-06-12 10:02:13,2025-06-12 10:02:14,2025-06-12 10:02:13,867488060285201,13680,GTHBM,0x09fe7fbf,,802003,0x0a04,0x0a14,90,11878,0000,0000,01,00,22,12,-,01,17.1,327,756,-23.580423,-46.659944,0724,0005,b28f,01b4a2df,3.8,629.9,0:00:00,0:00:00,-,-,0,-,,,,,,,,,01
2025-06-12 10:02:18,2025-06-12 10:02:19,2025-06-12 10:02:18,867488060285201,13681,GTHBM,0x09fe7fbf,,802003,0x0a04,0x0a14,90,11878,0000,0000,01,00,22,12,-,01,22.1,331,756,-23.580204,-46.660082,0724,0005,b28f,01b4a2df,3.9,629.9,0:00:00,0:00:00,-,-,0,-,,,,,,,,,05
2025-06-12 10:02:43,2025-06-12 10:02:43,2025-06-12 10:02:41,867488060285201,13682,GTERI,0x09fe3fbf,0x00028102,802003,0x0a04,0x0a14,90,11959,0000,-,01,00,22,12,-,01,8.9,312,756,-23.57914,-46.661071,0724,0005,b28f,01b4a2df,4.0,630.1,0:00:00,0:00:00,-,-,0,-,,,,,04,1,00000000,00,10
2025-06-12 10:02:51,2025-06-12 10:02:52,2025-06-12 10:02:51,867488060285201,13683,GTHBM,0x09fe7fbf,,802003,0x0a04,0x0a14,90,11867,0000,0000,01,00,22,12,-,01,6.5,334,756,-23.57902,-46.66114,0724,0005,b28f,01b4a2df,4.0,630.1,0:00:00,0:00:00,-,-,0,-,,,,,,,,,05
2025-06-12 10:03:00,2025-06-12 10:03:01,2025-06-12 10:03:00,867488060285201,13684,GTERI,0x09fe3fbf,0x00028102,802003,0x0a04,0x0a14,90,11877,0000,-,01,00,22,12,-,01,6.1,41,757,-23.578947,-46.661148,0724,0005,b28f,01b4a2df,4.0,630.1,0:00:00,0:00:00,-,-,0,-,,,,,04,1,00000000,00,11
2025-06-12 10:03:24,2025-06-12 10:03:25,2025-06-12 10:03:24,867488060285201,13685,GTHBM,0x09fe7fbf,,802003,0x0a04,0x0a14,90,11957,0000,0000,01,00,22,12,-,01,11.3,46,765,-23.578498,-46.660603,0724,0005,b28f,01b4a26c,4.1,630.1,0:00:00,0:00:00,-,-,0,-,,,,,,,,,05
2025-06-12 10:03:34,,,867488060285201,13686,HBD
2025-06-12 10:03:43,2025-06-12 10:03:43,2025-06-12 10:03:41,867488060285201,13688,GTERI,0x09fe3fbf,0x00028102,802003,0x0a04,0x0a14,90,11947,0000,-,01,00,22,12,-,01,11.9,45,766,-23.578177,-46.660235,0724,0005,b28f,01ae7b1d,4.1,630.2,0:00:00,0:00:00,-,-,0,-,,,,,04,1,00000000,00,10
2025-06-12 10:03:48,2025-06-12 10:03:49,2025-06-12 10:03:48,867488060285201,13689,GTERI,0x09fe3fbf,0x00028102,802003,0x0a04,0x0a14,90,11779,0000,-,01,00,22,12,-,01,9.7,355,765,-23.578029,-46.660149,0724,0005,b28f,01ae7b0d,4.2,630.2,0:00:00,0:00:00,-,-,0,-,,,,,04,3,00000000,00,11
2025-06-12 10:03:49,2025-06-12 10:03:50,2025-06-12 10:03:49,867488060285201,13690,GTHBM,0x09fe7fbf,,802003,0x0a04,0x0a14,90,11929,0000,0000,01,00,22,12,-,01,10.2,345,764,-23.578003,-46.660159,0724,0005,b28f,01ae7b0d,4.2,630.2,0:00:00,0:00:00,-,-,0,-,,,,,,,,,02
2025-06-12 10:03:53,2025-06-12 10:03:54,2025-06-12 10:03:53,867488060285201,13691,GTHBM,0x09fe7fbf,,802003,0x0a04,0x0a14,90,11864,0000,0000,01,00,22,12,-,01,9.1,312,763,-23.577937,-46.660227,0724,0005,b28f,01ae7b0d,4.2,630.2,0:00:00,0:00:00,-,-,0,-,,,,,,,,,05
2025-06-12 10:04:24,2025-06-12 10:04:24,2025-06-12 10:04:24,867488060285201,13692,GTERI,0x09fe3fbf,0x00028102,802003,0x0a04,0x0a14,90,11964,0000,-,01,00,22,12,-,01,24.5,309,759,-23.576872,-46.661337,0724,0005,b28f,01baa30f,4.4,630.4,0:00:00,0:00:00,-,-,0,-,,,,,04,3,00000000,00,11
2025-06-12 10:04:25,2025-06-12 10:04:25,2025-06-12 10:04:25,867488060285201,13693,GTHBM,0x09fe7fbf,,802003,0x0a04,0x0a14,90,11964,0000,0000,01,00,22,12,-,01,27.1,311,758,-23.576826,-46.661389,0724,0005,b28f,01baa30f,4.4,630.4,0:00:00,0:00:00,-,-,0,-,,,,,,,,,05
2025-06-12 10:04:41,2025-06-12 10:04:41,2025-06-12 10:04:41,867488060285201,13694,GTHBM,0x09fe7fbf,,802003,0x0a04,0x0a14,90,11834,0000,0000,01,00,22,12,-,01,16.4,319,755,-23.575949,-46.662325,0724,0005,b28f,01ae7b0d,4.5,630.5,0:00:00,0:00:00,-,-,0,-,,,,,,,,,00
2025-06-12 10:04:43,2025-06-12 10:04:43,2025-06-12 10:04:41,867488060285201,13695,GTERI,0x09fe3fbf,0x00028102,802003,0x0a04,0x0a14,90,11634,0000,-,01,00,22,12,-,01,16.4,319,755,-23.575949,-46.662325,0724,0005,b28f,01ae7b0d,4.5,630.5,0:00:00,0:00:00,-,-,0,-,,,,,04,3,00000000,00,10
2025-06-12 10:05:23,2025-06-12 10:05:23,2025-06-12 10:05:23,867488060285201,13696,GTHBM,0x09fe7fbf,,802003,0x0a04,0x0a14,90,12038,0000,0000,01,00,22,12,-,01,17.5,313,754,-23.575839,-46.662442,0724,0005,b28f,01c00c03,4.5,630.5,0:00:00,0:00:00,-,-,0,-,,,,,,,,,01
2025-06-12 10:05:31,2025-06-12 10:05:31,2025-06-12 10:05:31,867488060285201,13697,GTHBM,0x09fe7fbf,,802003,0x0a04,0x0a14,90,11919,0000,0000,01,00,22,12,-,01,40.0,315,753,-23.575383,-46.662955,0724,0005,b28f,01c00c03,4.6,630.6,0:00:00,0:00:00,-,-,0,-,,,,,,,,,05
2025-06-12 10:05:34,,,867488060285201,13698,HBD
2025-06-12 10:05:43,2025-06-12 10:05:43,2025-06-12 10:05:41,867488060285201,13700,GTERI,0x09fe3fbf,0x00028102,802003,0x0a04,0x0a14,90,12004,0000,-,01,00,22,12,-,01,36.8,314,753,-23.574651,-46.663739,0724,0005,b28f,01c00c03,4.7,630.7,0:00:00,0:00:00,-,-,0,-,,,,,04,7,00000000,00,10
2025-06-12 10:05:43,2025-06-12 10:05:44,2025-06-12 10:05:43,867488060285201,13701,GTHBM,0x09fe7fbf,,802003,0x0a04,0x0a14,90,12047,0000,0000,01,00,22,12,-,01,27.0,315,753,-23.574544,-46.663857,0724,0005,b28f,01c00c03,4.7,630.7,0:00:00,0:00:00,-,-,0,-,,,,,,,,,00
2025-06-12 10:05:50,2025-06-12 10:05:51,2025-06-12 10:05:50,867488060285201,13702,GTERI,0x09fe3fbf,0x00028102,802003,0x0a04,0x0a14,90,12078,0000,-,01,00,22,12,-,01,17.3,264,756,-23.574401,-46.664094,0724,0005,b28f,01ae7b0e,4.7,630.8,0:00:00,0:00:00,-,-,0,-,,,,,04,3,00000000,00,11
2025-06-12 10:05:51,2025-06-12 10:05:52,2025-06-12 10:05:51,867488060285201,13703,GTHBM,0x09fe7fbf,,802003,0x0a04,0x0a14,90,11944,0000,0000,01,00,22,12,-,01,22.7,237,756,-23.574433,-46.664142,0724,0005,b28f,01ae7b0e,4.7,630.8,0:00:00,0:00:00,-,-,0,-,,,,,,,,,02
2025-06-12 10:05:56,2025-06-12 10:05:56,2025-06-12 10:05:55,867488060285201,13704,GTHBM,0x09fe7fbf,,802003,0x0a04,0x0a14,90,11944,0000,0000,01,00,22,12,-,01,21.1,224,758,-23.574604,-46.664321,0724,0005,b28f,01c00c03,4.7,630.8,0:00:00,0:00:00,-,-,0,-,,,,,,,,,05
2025-06-12 10:06:09,2025-06-12 10:06:09,2025-06-12 10:06:09,867488060285201,13705,GTHBM,0x09fe7fbf,,802003,0x0a04,0x0a14,90,11890,0000,0000,01,00,22,12,-,01,15.1,224,758,-23.574753,-46.664546,0724,0005,b28f,01ae7b1e,4.8,630.8,0:00:00,0:00:00,-,-,0,-,,,,,,,,,01
2025-06-12 10:06:17,2025-06-12 10:06:17,2025-06-12 10:06:17,867488060285201,13706,GTHBM,0x09fe7fbf,,802003,0x0a04,0x0a14,90,11970,0000,0000,01,00,22,12,-,01,7.5,227,756,-23.574969,-46.664772,0724,0005,b28f,01c00c03,4.8,630.9,0:00:00,0:00:00,-,-,0,-,,,,,,,,,05
2025-06-12 10:06:38,2025-06-12 10:06:38,2025-06-12 10:06:38,867488060285201,13707,GTERI,0x09fe3fbf,0x00028102,802003,0x0a04,0x0a14,90,11838,0000,-,01,00,22,12,-,01,10.1,218,757,-23.575009,-46.664797,0724,0005,a547,01ae791e,4.8,630.9,0:00:00,0:00:00,-,-,0,-,,,,,04,1,00000000,00,11
2025-06-12 10:06:43,2025-06-12 10:06:43,2025-06-12 10:06:42,867488060285201,13708,GTERI,0x09fe3fbf,0x00028102,802003,0x0a04,0x0a14,90,12182,0000,-,01,00,22,12,-,01,14.0,224,757,-23.5751,-46.664893,0724,0005,a547,01b8f60e,4.8,630.9,0:00:00,0:00:00,-,-,0,-,,,,,04,3,00000000,00,10
2025-06-12 10:06:52,2025-06-12 10:06:52,2025-06-12 10:06:52,867488060285201,13709,GTHBM,0x09fe7fbf,,802003,0x0a04,0x0a14,90,11815,0000,0000,01,00,22,12,-,01,4.5,235,758,-23.575332,-46.665155,0724,0005,a547,01b8f61f,4.9,630.9,0:00:00,0:00:00,-,-,0,-,,,,,,,,,05
2025-06-12 10:07:25,2025-06-12 10:07:25,2025-06-12 10:07:25,867488060285201,13710,GTHBM,0x09fe7fbf,,802003,0x0a04,0x0a14,91,12078,0000,0000,01,00,22,12,-,01,13.1,224,758,-23.575403,-46.665221,0724,0005,a547,01b8f612,4.9,630.9,0:00:00,0:00:00,-,-,0,-,,,,,,,,,05
2025-06-12 10:07:46,,,867488060285201,13711,HBD
2025-06-12 10:07:46,2025-06-12 10:07:43,2025-06-12 10:07:41,867488060285201,13713,GTERI,0x09fe3fbf,0x00028102,802003,0x0a04,0x0a14,91,11869,0000,-,01,00,22,12,-,01,21.2,227,761,-23.575975,-46.665857,0724,0005,b28f,01b4a214,4.9,631.0,0:00:00,0:00:00,-,-,0,-,,,,,04,1,00000000,00,10
2025-06-12 10:07:53,2025-06-12 10:07:53,2025-06-12 10:07:53,867488060285201,13714,GTERI,0x09fe3fbf,0x00028102,802003,0x0a04,0x0a14,91,11731,0000,-,01,00,22,12,-,01,10.7,288,766,-23.576154,-46.666163,0724,0005,b28f,01ae7c03,5.0,631.0,0:00:00,0:00:00,-,-,0,-,,,,,04,7,00000000,00,11
2025-06-12 10:07:53,2025-06-12 10:07:53,2025-06-12 10:07:53,867488060285201,13715,GTHBM,0x09fe7fbf,,802003,0x0a04,0x0a14,91,11731,0000,0000,01,00,22,12,-,01,10.7,288,766,-23.576154,-46.666163,0724,0005,b28f,01ae7c03,5.0,631.0,0:00:00,0:00:00,-,-,0,-,,,,,,,,,02
2025-06-12 10:07:57,2025-06-12 10:07:57,2025-06-12 10:07:57,867488060285201,13716,GTHBM,0x09fe7fbf,,802003,0x0a04,0x0a14,91,11705,0000,0000,01,00,22,12,-,01,2.2,288,768,-23.57611,-46.666234,0724,0005,b28f,01ae7c1f,5.0,631.0,0:00:00,0:00:00,-,-,0,-,,,,,,,,,05
2025-06-12 10:08:43,2025-06-12 10:08:43,2025-06-12 10:08:41,867488060285201,13717,GTERI,0x09fe3fbf,0x00028102,802003,0x0a04,0x0a14,91,12057,0000,-,01,00,22,12,-,01,0.0,288,765,-23.575702,-46.666758,0724,0005,b28f,01ae7c1f,5.1,631.1,0:00:00,0:00:00,-,-,0,-,,,,,04,1,00000000,00,10
2025-06-12 10:08:44,2025-06-12 10:08:44,2025-06-12 10:08:44,867488060285201,13718,GTHBM,0x09fe7fbf,,802003,0x0a04,0x0a14,91,12057,0000,0000,01,00,22,12,-,01,11.1,314,765,-23.575667,-46.666796,0724,0005,b28f,01ae7c1f,5.1,631.1,0:00:00,0:00:00,-,-,0,-,,,,,,,,,05
2025-06-12 10:09:20,2025-06-12 10:09:20,2025-06-12 10:09:19,867488060285201,13719,GTSTT,0x09fe7fbf,,802003,0x0a04,0x0a14,91,12031,0000,0000,01,00,21,12,-,01,0.0,315,762,-23.575478,-46.666976,0724,0005,b28f,01ae7c0f,5.1,631.1,0:00:00,0:00:00,-,-,0,-
2025-06-12 10:09:28,2025-06-12 10:09:28,2025-06-12 10:09:27,867488060285201,13720,GTSTT,0x09fe7fbf,,802003,0x0a04,0x0a14,91,11874,0000,0000,01,00,22,12,-,01,0.0,315,762,-23.575478,-46.666976,0724,0005,b28f,01ae7c0f,5.1,631.1,0:00:00,0:00:00,-,-,0,-
2025-06-12 10:09:34,,,867488060285201,13721,HBD
2025-06-12 10:09:43,2025-06-12 10:09:43,2025-06-12 10:09:41,867488060285201,13723,GTERI,0x09fe3fbf,0x00028102,802003,0x0a04,0x0a14,91,12082,0000,-,01,00,22,12,-,01,0.0,288,762,-23.575478,-46.666976,0724,0005,a547,01bece02,5.1,631.1,0:00:00,0:00:00,-,-,0,-,,,,,04,7,00000000,00,10
2025-06-12 10:10:25,2025-06-12 10:10:26,2025-06-12 10:10:25,867488060285201,13724,GTSTT,0x09fe7fbf,,802003,0x0a04,0x0a14,91,12014,0000,0000,01,00,21,12,-,01,0.0,288,762,-23.575478,-46.666976,0724,0005,a547,01ae8a03,5.1,631.1,0:00:00,0:00:00,-,-,0,-
2025-06-12 10:10:28,2025-06-12 10:10:29,2025-06-12 10:10:28,867488060285201,13725,GTSTT,0x09fe7fbf,,802003,0x0a04,0x0a14,91,12014,0000,0000,01,00,22,12,-,01,0.0,288,762,-23.575478,-46.666976,0724,0005,a547,01ae8a03,5.1,631.1,0:00:00,0:00:00,-,-,0,-
2025-06-12 10:10:43,2025-06-12 10:10:43,2025-06-12 10:10:41,867488060285201,13726,GTERI,0x09fe3fbf,0x00028102,802003,0x0a04,0x0a14,91,12019,0000,-,01,00,22,12,-,01,0.0,288,762,-23.575478,-46.666976,0724,0005,a547,01ae8a03,5.1,631.1,0:00:00,0:00:00,-,-,0,-,,,,,04,7,00000000,00,10
2025-06-12 10:11:34,,,867488060285201,13727,HBD
2025-06-12 10:11:43,2025-06-12 10:11:43,2025-06-12 10:11:41,867488060285201,13729,GTERI,0x09fe3fbf,0x00028102,802003,0x0a04,0x0a14,91,12032,0000,-,01,00,22,12,-,01,0.0,247,757,-23.575417,-46.667066,0724,0005,a547,01bece1e,5.1,631.1,0:00:00,0:00:00,-,-,0,-,,,,,04,1,00000000,00,10
2025-06-12 10:12:43,2025-06-12 10:12:43,2025-06-12 10:12:41,867488060285201,13730,GTERI,0x09fe3fbf,0x00028102,802003,0x0a04,0x0a14,91,12166,0000,-,01,00,22,12,-,01,0.0,247,756,-23.57564,-46.667857,0724,0005,b28f,01ae7c03,5.1,631.2,0:00:00,0:00:00,-,-,0,-,,,,,04,7,00000000,00,10
2025-06-12 10:13:34,,,867488060285201,13731,HBD
2025-06-12 10:13:38,2025-06-12 10:13:39,2025-06-12 10:13:38,867488060285201,13733,GTSTT,0x09fe7fbf,,802003,0x0a04,0x0a14,91,11945,0000,0000,01,00,21,12,-,01,0.0,247,756,-23.57564,-46.667857,0724,0005,b28f,01ae7c1f,5.1,631.2,0:00:00,0:00:00,-,-,0,-
2025-06-12 10:13:41,2025-06-12 10:13:41,2025-06-12 10:13:40,867488060285201,13734,GTSTT,0x09fe7fbf,,802003,0x0a04,0x0a14,91,11945,0000,0000,01,00,22,12,-,01,0.0,247,756,-23.57564,-46.667857,0724,0005,b28f,01ae7c1f,5.1,631.2,0:00:00,0:00:00,-,-,0,-
2025-06-12 10:13:43,2025-06-12 10:13:43,2025-06-12 10:13:41,867488060285201,13735,GTERI,0x09fe3fbf,0x00028102,802003,0x0a04,0x0a14,91,11960,0000,-,01,00,22,12,-,01,0.0,247,756,-23.57564,-46.667857,0724,0005,b28f,01ae7c1f,5.1,631.2,0:00:00,0:00:00,-,-,0,-,,,,,04,1,00000000,00,10
2025-06-12 10:13:48,2025-06-12 10:13:48,2025-06-12 10:13:48,867488060285201,13736,GTERI,0x09fe3fbf,0x00028102,802003,0x0a04,0x0a14,91,11960,0000,-,01,00,22,12,-,01,6.7,294,755,-23.575632,-46.667902,0724,0005,b28f,01ae7c1f,5.1,631.2,0:00:00,0:00:00,-,-,0,-,,,,,04,1,00000000,00,11
2025-06-12 10:13:50,2025-06-12 10:13:50,2025-06-12 10:13:50,867488060285201,13737,GTHBM,0x09fe7fbf,,802003,0x0a04,0x0a14,91,11802,0000,0000,01,00,22,12,-,01,9.0,317,756,-23.575604,-46.667948,0724,0005,b28f,01ae7c1f,5.1,631.2,0:00:00,0:00:00,-,-,0,-,,,,,,,,,02
2025-06-12 10:13:54,2025-06-12 10:13:54,2025-06-12 10:13:54,867488060285201,13738,GTHBM,0x09fe7fbf,,802003,0x0a04,0x0a14,91,11802,0000,0000,01,00,22,12,-,01,10.4,319,755,-23.575535,-46.66803,0724,0005,b28f,01ae7c1f,5.2,631.2,0:00:00,0:00:00,-,-,0,-,,,,,,,,,05
2025-06-12 10:14:26,2025-06-12 10:14:26,2025-06-12 10:14:26,867488060285201,13739,GTHBM,0x09fe7fbf,,802003,0x0a04,0x0a14,91,11959,0000,0000,01,00,22,12,-,01,0.0,294,753,-23.575386,-46.668233,0724,0005,b28f,01ae7c1f,5.2,631.2,0:00:00,0:00:00,-,-,0,-,,,,,,,,,05
2025-06-12 10:14:40,2025-06-12 10:14:40,2025-06-12 10:14:39,867488060285201,13740,GTSTT,0x09fe7fbf,,802003,0x0a04,0x0a14,91,11750,0000,0000,01,00,21,12,-,01,0.0,294,753,-23.575386,-46.668233,0724,0005,b28f,01ae7c1f,5.2,631.2,0:00:00,0:00:00,-,-,0,-
2025-06-12 10:14:43,2025-06-12 10:14:43,2025-06-12 10:14:41,867488060285201,13741,GTERI,0x09fe3fbf,0x00028102,802003,0x0a04,0x0a14,91,12037,0000,-,01,00,21,12,-,01,0.0,294,753,-23.575386,-46.668233,0724,0005,b28f,01ae7c1f,5.2,631.2,0:00:00,0:00:00,-,-,0,-,,,,,04,1,00000000,00,10
2025-06-12 10:15:34,,,867488060285201,13742,HBD
2025-06-12 10:15:43,2025-06-12 10:15:43,2025-06-12 10:15:41,867488060285201,13744,GTERI,0x09fe3fbf,0x00028102,802003,0x0a04,0x0a14,91,11894,0000,-,01,00,21,12,-,01,0.0,294,753,-23.575386,-46.668233,0724,0005,b28f,01ae7c1f,5.2,631.2,0:00:00,0:00:00,-,-,0,-,,,,,04,1,00000000,00,10
2025-06-12 10:16:01,2025-06-12 10:16:01,2025-06-12 10:16:00,867488060285201,13745,GTSTT,0x09fe7fbf,,802003,0x0a04,0x0a14,92,12059,0000,0000,01,00,22,12,-,01,0.0,294,753,-23.575386,-46.668233,0724,0005,b28f,01ae7c0f,5.2,631.2,0:00:00,0:00:00,-,-,0,-
2025-06-12 10:16:06,2025-06-12 10:16:06,2025-06-12 10:16:06,867488060285201,13746,GTHBM,0x09fe7fbf,,802003,0x0a04,0x0a14,92,11999,0000,0000,01,00,22,12,-,01,15.4,321,752,-23.5753,-46.668326,0724,0005,b28f,01ae7d1d,5.2,631.2,0:00:00,0:00:00,-,-,0,-,,,,,,,,,01
2025-06-12 10:16:10,2025-06-12 10:16:10,2025-06-12 10:16:10,867488060285201,13747,GTHBM,0x09fe7fbf,,802003,0x0a04,0x0a14,92,11832,0000,0000,01,00,22,12,-,01,14.9,322,752,-23.575183,-46.668445,0724,0005,b28f,01ae7d1d,5.2,631.3,0:00:00,0:00:00,-,-,0,-,,,,,,,,,05
2025-06-12 10:16:17,2025-06-12 10:16:17,2025-06-12 10:16:17,867488060285201,13748,GTERI,0x09fe3fbf,0x00028102,802003,0x0a04,0x0a14,92,11832,0000,-,01,00,22,12,-,01,20.5,242,750,-23.575094,-46.668702,0724,0005,b28f,01ae7d1d,5.2,631.3,0:00:00,0:00:00,-,-,0,-,,,,,04,1,00000000,00,11
2025-06-12 10:16:18,2025-06-12 10:16:18,2025-06-12 10:16:18,867488060285201,13749,GTHBM,0x09fe7fbf,,802003,0x0a04,0x0a14,92,11832,0000,0000,01,00,22,12,-,01,23.6,236,750,-23.575125,-46.668755,0724,0005,b28f,01ae7d1d,5.3,631.3,0:00:00,0:00:00,-,-,0,-,,,,,,,,,02
2025-06-12 10:16:22,2025-06-12 10:16:22,2025-06-12 10:16:22,867488060285201,13750,GTHBM,0x09fe7fbf,,802003,0x0a04,0x0a14,92,11780,0000,0000,01,00,22,12,-,01,35.9,231,750,-23.575306,-46.66903,0724,0005,b28f,01ae7d1d,5.3,631.3,0:00:00,0:00:00,-,-,0,-,,,,,,,,,01
2025-06-12 10:16:26,2025-06-12 10:16:26,2025-06-12 10:16:26,867488060285201,13751,GTHBM,0x09fe7fbf,,802003,0x0a04,0x0a14,92,11907,0000,0000,01,00,22,12,-,01,40.2,229,749,-23.575562,-46.669361,0724,0005,b28f,01ae7d1d,5.3,631.4,0:00:00,0:00:00,-,-,0,-,,,,,,,,,05
2025-06-12 10:16:34,2025-06-12 10:16:34,2025-06-12 10:16:34,867488060285201,13752,GTHBM,0x09fe7fbf,,802003,0x0a04,0x0a14,92,11883,0000,0000,01,00,22,12,-,01,13.1,232,748,-23.575929,-46.669887,0724,0005,b28f,01ae7d0d,5.4,631.4,0:00:00,0:00:00,-,-,0,-,,,,,,,,,00
2025-06-12 10:16:42,2025-06-12 10:16:42,2025-06-12 10:16:42,867488060285201,13753,GTHBM,0x09fe7fbf,,802003,0x0a04,0x0a14,92,11868,0000,0000,01,00,22,12,-,01,0.0,242,748,-23.575958,-46.669936,0724,0005,b28f,01ae7d0d,5.4,631.4,0:00:00,0:00:00,-,-,0,-,,,,,,,,,05
2025-06-12 10:16:43,2025-06-12 10:16:43,2025-06-12 10:16:41,867488060285201,13754,GTERI,0x09fe3fbf,0x00028102,802003,0x0a04,0x0a14,92,11868,0000,-,01,00,22,12,-,01,0.0,242,748,-23.575958,-46.669936,0724,0005,b28f,01ae7d0d,5.4,631.4,0:00:00,0:00:00,-,-,0,-,,,,,04,3,00000000,00,10
2025-06-12 10:17:16,2025-06-12 10:17:16,2025-06-12 10:17:16,867488060285201,13755,GTHBM,0x09fe7fbf,,802003,0x0a04,0x0a14,92,11910,0000,0000,01,00,22,12,-,01,32.1,244,746,-23.576808,-46.671266,0724,0005,b28f,01ae7d01,5.6,631.6,0:00:00,0:00:00,-,-,0,-,,,,,,,,,05
2025-06-12 10:17:28,2025-06-12 10:17:28,2025-06-12 10:17:28,867488060285201,13756,GTHBM,0x09fe7fbf,,802003,0x0a04,0x0a14,92,12540,0000,0000,01,00,22,12,-,01,16.6,270,745,-23.577031,-46.672268,0724,0005,b28f,01ae7d1f,5.7,631.7,0:00:00,0:00:00,-,-,0,-,,,,,,,,,00
2025-06-12 10:17:32,2025-06-12 10:17:32,2025-06-12 10:17:32,867488060285201,13757,GTHBM,0x09fe7fbf,,802003,0x0a04,0x0a14,92,12003,0000,0000,01,00,22,12,-,01,12.6,276,746,-23.577023,-46.672414,0724,0005,b28f,01ae7d1f,5.7,631.7,0:00:00,0:00:00,-,-,0,-,,,,,,,,,05
2025-06-12 10:17:35,,,867488060285201,13758,HBD
2025-06-12 10:17:43,2025-06-12 10:17:43,2025-06-12 10:17:41,867488060285201,13760,GTERI,0x09fe3fbf,0x00028102,802003,0x0a04,0x0a14,92,11750,0000,-,01,00,22,12,-,01,27.1,272,749,-23.576978,-46.672988,0724,0005,b28f,01ae7d1f,5.7,631.8,0:00:00,0:00:00,-,-,0,-,,,,,04,1,00000000,00,10
2025-06-12 10:18:04,2025-06-12 10:18:04,2025-06-12 10:18:04,867488060285201,13761,GTHBM,0x09fe7fbf,,802003,0x0a04,0x0a14,92,11962,0000,0000,01,00,22,12,-,01,49.4,236,748,-23.578291,-46.675354,0724,0005,b28f,01bb3e12,6.0,632.1,0:00:00,0:00:00,-,-,0,-,,,,,,,,,05
2025-06-12 10:18:36,2025-06-12 10:18:36,2025-06-12 10:18:36,867488060285201,13762,GTHBM,0x09fe7fbf,,802003,0x0a04,0x0a14,92,12118,0000,0000,01,00,22,12,-,01,31.5,240,749,-23.580187,-46.678481,0724,0005,b28f,01bb3e02,6.4,632.4,0:00:00,0:00:00,-,-,0,-,,,,,,,,,05
2025-06-12 10:18:40,2025-06-12 10:18:40,2025-06-12 10:18:40,867488060285201,13763,GTHBM,0x09fe7fbf,,802003,0x0a04,0x0a14,92,11993,0000,0000,01,00,22,12,-,01,13.0,246,751,-23.580278,-46.678657,0724,0005,b28f,01bb3e13,6.4,632.5,0:00:00,0:00:00,-,-,0,-,,,,,,,,,00
2025-06-12 10:18:43,2025-06-12 10:18:43,2025-06-12 10:18:41,867488060285201,13764,GTERI,0x09fe3fbf,0x00028102,802003,0x0a04,0x0a14,92,12199,0000,-,01,00,22,12,-,01,7.8,245,750,-23.580287,-46.67868,0724,0005,b28f,01bb3e13,6.4,632.5,0:00:00,0:00:00,-,-,0,-,,,,,04,3,00000000,00,10
2025-06-12 10:18:44,2025-06-12 10:18:44,2025-06-12 10:18:44,867488060285201,13765,GTHBM,0x09fe7fbf,,802003,0x0a04,0x0a14,92,12199,0000,0000,01,00,22,12,-,01,3.6,246,749,-23.580305,-46.678714,0724,0005,b28f,01bb3e13,6.4,632.5,0:00:00,0:00:00,-,-,0,-,,,,,,,,,05
2025-06-12 10:19:16,2025-06-12 10:19:16,2025-06-12 10:19:16,867488060285201,13766,GTHBM,0x09fe7fbf,,802003,0x0a04,0x0a14,92,11726,0000,0000,01,00,22,12,-,01,0.0,245,749,-23.580341,-46.678796,0724,0005,b28f,01bb3e1f,6.4,632.5,0:00:00,0:00:00,-,-,0,-,,,,,,,,,05
2025-06-12 10:19:35,,,867488060285201,13767,HBD
2025-06-12 10:19:43,2025-06-12 10:19:43,2025-06-12 10:19:41,867488060285201,13769,GTERI,0x09fe3fbf,0x00028102,802003,0x0a04,0x0a14,92,11813,0000,-,01,00,22,12,-,01,25.8,267,745,-23.580498,-46.680026,0724,0005,b28f,01bb3e01,6.6,632.6,0:00:00,0:00:00,-,-,0,-,,,,,04,7,00000000,00,10
2025-06-12 10:19:49,2025-06-12 10:19:49,2025-06-12 10:19:49,867488060285201,13770,GTHBM,0x09fe7fbf,,802003,0x0a04,0x0a14,92,11803,0000,0000,01,00,22,12,-,01,18.5,272,743,-23.58046,-46.680604,0724,0005,b28f,01bb3e01,6.6,632.7,0:00:00,0:00:00,-,-,0,-,,,,,,,,,05
2025-06-12 10:20:10,2025-06-12 10:20:10,2025-06-12 10:20:10,867488060285201,13771,GTHBM,0x09fe7fbf,,802003,0x0a04,0x0a14,92,11798,0000,0000,01,00,22,12,-,01,2.3,272,742,-23.580414,-46.681601,0724,0005,b28f,01bb3e0d,6.7,632.8,0:00:00,0:00:00,-,-,0,-,,,,,,,,,00
2025-06-12 10:20:14,2025-06-12 10:20:14,2025-06-12 10:20:14,867488060285201,13772,GTHBM,0x09fe7fbf,,802003,0x0a04,0x0a14,92,12006,0000,0000,01,00,22,12,-,01,0.0,272,741,-23.580413,-46.681611,0724,0005,b28f,01b1871d,6.7,632.8,0:00:00,0:00:00,-,-,0,-,,,,,,,,,05
2025-06-12 10:20:37,2025-06-12 10:20:37,2025-06-12 10:20:37,867488060285201,13773,GTSTT,0x09fe7fbf,,802003,0x0a04,0x0a14,92,11616,0000,0000,01,00,21,12,-,01,0.0,272,741,-23.580413,-46.681611,0724,0005,b28f,01b18701,6.7,632.8,0:00:00,0:00:00,-,-,0,-
2025-06-12 10:20:43,2025-06-12 10:20:43,2025-06-12 10:20:41,867488060285201,13774,GTERI,0x09fe3fbf,0x00028102,802003,0x0a04,0x0a14,92,11885,0000,-,01,00,21,12,-,01,0.0,272,741,-23.580413,-46.681611,0724,0005,b28f,01bb3e09,6.7,632.8,0:00:00,0:00:00,-,-,0,-,,,,,04,3,00000000,00,10
2025-06-12 10:21:13,2025-06-12 10:21:13,2025-06-12 10:21:12,867488060285201,13775,GTSTT,0x09fe7fbf,,802003,0x0a04,0x0a14,92,11893,0000,0000,01,00,22,12,-,01,0.0,272,741,-23.580413,-46.681611,0724,0005,b28f,01b18701,6.7,632.8,0:00:00,0:00:00,-,-,0,-
2025-06-12 10:21:35,,,867488060285201,13776,HBD
2025-06-12 10:21:43,2025-06-12 10:21:43,2025-06-12 10:21:41,867488060285201,13778,GTERI,0x09fe3fbf,0x00028102,802003,0x0a04,0x0a14,92,11822,0000,-,01,00,22,12,-,01,0.3,272,738,-23.580396,-46.682334,0724,0005,b28f,01b18701,6.8,632.8,0:00:00,0:00:00,-,-,0,-,,,,,04,7,00000000,00,10
2025-06-12 10:22:13,2025-06-12 10:22:13,2025-06-12 10:22:12,867488060285201,13779,GTSTT,0x09fe7fbf,,802003,0x0a04,0x0a14,92,11883,0000,0000,01,00,21,12,-,01,0.0,272,739,-23.580399,-46.682333,0724,0005,b28f,01b1870d,6.8,632.8,0:00:00,0:00:00,-,-,0,-
2025-06-12 10:22:31,2025-06-12 10:22:31,2025-06-12 10:22:30,867488060285201,13780,GTSTT,0x09fe7fbf,,802003,0x0a04,0x0a14,92,11919,0000,0000,01,00,22,12,-,01,0.0,272,739,-23.580399,-46.682333,0724,0005,b28f,01b18701,6.8,632.8,0:00:00,0:00:00,-,-,0,-
2025-06-12 10:22:43,2025-06-12 10:22:43,2025-06-12 10:22:41,867488060285201,13781,GTERI,0x09fe3fbf,0x00028102,802003,0x0a04,0x0a14,92,11830,0000,-,01,00,22,12,-,01,0.0,272,739,-23.580399,-46.682333,0724,0005,b28f,01b18701,6.8,632.8,0:00:00,0:00:00,-,-,0,-,,,,,04,7,00000000,00,10
2025-06-12 10:23:30,2025-06-12 10:23:31,2025-06-12 10:23:30,867488060285201,13782,GTERI,0x09fe3fbf,0x00028102,802003,0x0a04,0x0a14,92,11722,0000,-,01,00,22,12,-,01,13.4,225,737,-23.580361,-46.683589,0724,0005,b28f,01b18701,6.9,633.0,0:00:00,0:00:00,-,-,0,-,,,,,04,7,00000000,00,11
2025-06-12 10:23:35,,,867488060285201,13783,HBD
2025-06-12 10:23:43,2025-06-12 10:23:43,2025-06-12 10:23:41,867488060285201,13785,GTERI,0x09fe3fbf,0x00028102,802003,0x0a04,0x0a14,92,11891,0000,-,01,00,22,12,-,01,0.0,225,748,-23.580454,-46.683684,0724,0005,b28f,01b18701,6.9,633.0,0:00:00,0:00:00,-,-,0,-,,,,,04,7,00000000,00,10
2025-06-12 10:24:07,2025-06-12 10:24:08,2025-06-12 10:24:07,867488060285201,13786,GTSTT,0x09fe7fbf,,802003,0x0a04,0x0a14,92,11772,0000,0000,01,00,21,12,-,01,0.0,225,748,-23.580454,-46.683684,0724,0005,b28f,01b18701,6.9,633.0,0:00:00,0:00:00,-,-,0,-
2025-06-12 10:24:43,2025-06-12 10:24:43,2025-06-12 10:24:41,867488060285201,13787,GTERI,0x09fe3fbf,0x00028102,802003,0x0a04,0x0a14,92,11954,0000,-,01,00,21,12,-,01,0.0,225,748,-23.580454,-46.683684,0724,0005,b28f,01b18701,6.9,633.0,0:00:00,0:00:00,-,-,0,-,,,,,04,7,00000000,00,10
2025-06-12 10:24:57,2025-06-12 10:24:58,2025-06-12 10:24:57,867488060285201,13788,GTSTT,0x09fe7fbf,,802003,0x0a04,0x0a14,92,11950,0000,0000,01,00,22,12,-,01,0.0,225,748,-23.580454,-46.683684,0724,0005,b28f,01b18701,6.9,633.0,0:00:00,0:00:00,-,-,0,-
2025-06-12 10:25:03,2025-06-12 10:25:03,2025-06-12 10:25:03,867488060285201,13789,GTHBM,0x09fe7fbf,,802003,0x0a04,0x0a14,92,11842,0000,0000,01,00,22,12,-,01,26.3,224,749,-23.580649,-46.683866,0724,0005,b28f,01b18701,6.9,633.0,0:00:00,0:00:00,-,-,0,-,,,,,,,,,01
2025-06-12 10:25:07,2025-06-12 10:25:07,2025-06-12 10:25:07,867488060285201,13790,GTHBM,0x09fe7fbf,,802003,0x0a04,0x0a14,92,12009,0000,0000,01,00,22,12,-,01,21.8,224,748,-23.580836,-46.684058,0724,0005,b28f,01b18701,7.0,633.0,0:00:00,0:00:00,-,-,0,-,,,,,,,,,05
2025-06-12 10:25:35,,,867488060285201,13791,HBD
2025-06-12 10:25:43,2025-06-12 10:25:43,2025-06-12 10:25:41,867488060285201,13793,GTERI,0x09fe3fbf,0x00028102,802003,0x0a04,0x0a14,92,11963,0000,-,01,00,22,12,-,01,0.0,225,746,-23.580989,-46.684225,0724,0005,b28f,01b1870d,7.0,633.0,0:00:00,0:00:00,-,-,0,-,,,,,04,7,00000000,00,10
2025-06-12 10:25:45,2025-06-12 10:25:45,2025-06-12 10:25:44,867488060285201,13794,GTSTT,0x09fe7fbf,,802003,0x0a04,0x0a14,92,11963,0000,0000,01,00,21,12,-,01,0.0,225,746,-23.580989,-46.684225,0724,0005,b28f,01b18711,7.0,633.0,0:00:00,0:00:00,-,-,0,-
2025-06-12 10:26:29,2025-06-12 10:26:30,2025-06-12 10:26:29,867488060285201,13795,GTSTT,0x09fe7fbf,,802003,0x0a04,0x0a14,92,12041,0000,0000,01,00,22,12,-,01,0.0,225,746,-23.580989,-46.684225,0724,0005,b28f,01b18703,7.0,633.0,0:00:00,0:00:00,-,-,0,-
2025-06-12 10:26:38,2025-06-12 10:26:35,2025-06-12 10:26:35,867488060285201,13796,GTHBM,0x09fe7fbf,,802003,0x0a04,0x0a14,92,11917,0000,0000,01,00,22,12,-,01,19.7,218,741,-23.581113,-46.684323,0724,0005,b28f,01b1ab1d,7.0,633.0,0:00:00,0:00:00,-,-,0,-,,,,,,,,,01
2025-06-12 10:26:39,2025-06-12 10:26:39,2025-06-12 10:26:39,867488060285201,13797,GTHBM,0x09fe7fbf,,802003,0x0a04,0x0a14,92,11854,0000,0000,01,00,22,12,-,01,28.1,221,739,-23.581298,-46.684503,0724,0005,b28f,01b18701,7.0,633.1,0:00:00,0:00:00,-,-,0,-,,,,,,,,,05
2025-06-12 10:26:43,2025-06-12 10:26:43,2025-06-12 10:26:42,867488060285201,13798,GTERI,0x09fe3fbf,0x00028102,802003,0x0a04,0x0a14,92,12013,0000,-,01,00,22,12,-,01,31.6,224,739,-23.581461,-46.684679,0724,0005,b28f,01b18703,7.1,633.1,0:00:00,0:00:00,-,-,0,-,,,,,04,7,00000000,00,10
2025-06-12 10:27:11,2025-06-12 10:27:11,2025-06-12 10:27:11,867488060285201,13799,GTHBM,0x09fe7fbf,,802003,0x0a04,0x0a14,92,11910,0000,0000,01,00,22,12,-,01,41.9,224,732,-23.583479,-46.686803,0724,0005,b28f,01b58601,7.4,633.4,0:00:00,0:00:00,-,-,0,-,,,,,,,,,05
2025-06-12 10:27:21,2025-06-12 10:27:21,2025-06-12 10:27:20,867488060285201,13800,GTASC
2025-06-12 10:27:23,2025-06-12 10:27:23,2025-06-12 10:27:23,867488060285201,13801,GTHBM,0x09fe7fbf,,802003,0x0a04,0x0a14,92,11827,0000,0000,01,00,22,12,-,01,13.9,224,734,-23.584153,-46.687514,0724,0005,b28f,01b58601,7.5,633.5,0:00:00,0:00:00,-,-,0,-,,,,,,,,,00
2025-06-12 10:27:27,2025-06-12 10:27:27,2025-06-12 10:27:27,867488060285201,13802,GTHBM,0x09fe7fbf,,802003,0x0a04,0x0a14,92,11827,0000,0000,01,00,22,12,-,01,18.4,223,734,-23.584266,-46.687632,0724,0005,b28f,01b58601,7.5,633.5,0:00:00,0:00:00,-,-,0,-,,,,,,,,,05
2025-06-12 10:27:35,,,867488060285201,13803,HBD
2025-06-12 10:27:43,2025-06-12 10:27:43,2025-06-12 10:27:41,867488060285201,13805,GTERI,0x09fe3fbf,0x00028102,802003,0x0a04,0x0a14,93,11556,0000,-,01,00,22,12,-,01,34.5,222,731,-23.58492,-46.688326,0724,0005,b28f,01b5861d,7.6,633.6,0:00:00,0:00:00,-,-,0,-,,,,,04,1,00000000,00,10
2025-06-12 10:27:59,2025-06-12 10:27:59,2025-06-12 10:27:59,867488060285201,13806,GTHBM,0x09fe7fbf,,802003,0x0a04,0x0a14,93,11873,0000,0000,01,00,22,12,-,01,39.7,223,727,-23.586183,-46.689679,0724,0005,b28f,01b58603,7.8,633.8,0:00:00,0:00:00,-,-,0,-,,,,,,,,,05
2025-06-12 10:28:11,2025-06-12 10:28:11,2025-06-12 10:28:11,867488060285201,13807,GTERI,0x09fe3fbf,0x00028102,802003,0x0a04,0x0a14,93,11947,0000,-,01,00,22,12,-,01,34.0,267,732,-23.586639,-46.690686,0724,0005,b28f,01ba761e,7.9,634.0,0:00:00,0:00:00,-,-,0,-,,,,,04,1,00000000,00,11
2025-06-12 10:28:28,2025-06-12 10:28:28,2025-06-12 10:28:28,867488060285201,13808,GTHBM,0x09fe7fbf,,802003,0x0a04,0x0a14,93,11931,0000,0000,01,00,22,12,-,01,3.2,268,733,-23.586657,-46.691782,0724,0005,b28f,01ba761e,8.0,634.1,0:00:00,0:00:00,-,-,0,-,,,,,,,,,00
2025-06-12 10:28:32,2025-06-12 10:28:32,2025-06-12 10:28:32,867488060285201,13809,GTHBM,0x09fe7fbf,,802003,0x0a04,0x0a14,93,11762,0000,0000,01,00,22,12,-,01,0.0,267,733,-23.586658,-46.691793,0724,0005,b28f,01ba761e,8.0,634.1,0:00:00,0:00:00,-,-,0,-,,,,,,,,,05
2025-06-12 10:28:43,2025-06-12 10:28:43,2025-06-12 10:28:41,867488060285201,13810,GTERI,0x09fe3fbf,0x00028102,802003,0x0a04,0x0a14,93,11778,0000,-,01,00,22,12,-,01,0.0,266,733,-23.586658,-46.691793,0724,0005,b28f,01ba6d03,8.0,634.1,0:00:00,0:00:00,-,-,0,-,,,,,04,7,00000000,00,10
2025-06-12 10:29:04,2025-06-12 10:29:05,2025-06-12 10:29:04,867488060285201,13811,GTHBM,0x09fe7fbf,,802003,0x0a04,0x0a14,93,11801,0000,0000,01,00,22,12,-,01,13.9,266,732,-23.586701,-46.69226,0724,0005,b28f,01b58603,8.0,634.1,0:00:00,0:00:00,-,-,0,-,,,,,,,,,05
2025-06-12 10:29:23,2025-06-12 10:29:23,2025-06-12 10:29:23,867488060285201,13812,GTHBM,0x09fe7fbf,,802003,0x0a04,0x0a14,93,11814,0000,0000,01,00,22,12,-,01,25.5,293,731,-23.586674,-46.692794,0724,0005,b28f,01b58603,8.1,634.1,0:00:00,0:00:00,-,-,0,-,,,,,,,,,01
2025-06-12 10:29:25,2025-06-12 10:29:25,2025-06-12 10:29:25,867488060285201,13813,GTERI,0x09fe3fbf,0x00028102,802003,0x0a04,0x0a14,93,11715,0000,-,01,00,22,12,-,01,29.2,311,730,-23.586594,-46.692918,0724,0005,b28f,01b58603,8.1,634.1,0:00:00,0:00:00,-,-,0,-,,,,,04,7,00000000,00,11
2025-06-12 10:29:27,2025-06-12 10:29:27,2025-06-12 10:29:27,867488060285201,13814,GTHBM,0x09fe7fbf,,802003,0x0a04,0x0a14,93,11777,0000,0000,01,00,22,12,-,01,33.4,325,730,-23.586473,-46.693026,0724,0005,b28f,01b5861f,8.1,634.2,0:00:00,0:00:00,-,-,0,-,,,,,,,,,05
2025-06-12 10:29:36,,,867488060285201,13815,HBD
2025-06-12 10:29:39,2025-06-12 10:29:39,2025-06-12 10:29:39,867488060285201,13817,GTHBM,0x09fe7fbf,,802003,0x0a04,0x0a14,93,11711,0000,0000,01,00,22,12,-,01,12.2,345,729,-23.585624,-46.693321,0724,0005,b28f,01baf61f,8.2,634.3,0:00:00,0:00:00,-,-,0,-,,,,,,,,,00
2025-06-12 10:29:43,2025-06-12 10:29:43,2025-06-12 10:29:41,867488060285201,13818,GTERI,0x09fe3fbf,0x00028102,802003,0x0a04,0x0a14,93,11772,0000,-,01,00,22,12,-,01,3.4,345,729,-23.585591,-46.69333,0724,0005,b28f,01baf61f,8.2,634.3,0:00:00,0:00:00,-,-,0,-,,,,,04,1,00000000,00,10
2025-06-12 10:29:47,2025-06-12 10:29:47,2025-06-12 10:29:47,867488060285201,13819,GTHBM,0x09fe7fbf,,802003,0x0a04,0x0a14,93,11967,0000,0000,01,00,22,12,-,01,0.0,345,730,-23.585584,-46.693332,0724,0005,b28f,01ba6d03,8.2,634.3,0:00:00,0:00:00,-,-,0,-,,,,,,,,,05
2025-06-12 10:29:59,2025-06-12 10:29:59,2025-06-12 10:29:59,867488060285201,13820,GTERI,0x09fe3fbf,0x00028102,802003,0x0a04,0x0a14,93,12030,0000,-,01,00,22,12,-,01,29.9,299,729,-23.585222,-46.693664,0724,0005,b28f,01ba6d03,8.3,634.3,0:00:00,0:00:00,-,-,0,-,,,,,04,7,00000000,00,11
2025-06-12 10:29:59,2025-06-12 10:29:59,2025-06-12 10:29:59,867488060285201,13821,GTHBM,0x09fe7fbf,,802003,0x0a04,0x0a14,93,12030,0000,0000,01,00,22,12,-,01,29.9,299,729,-23.585222,-46.693664,0724,0005,b28f,01ba6d03,8.3,634.3,0:00:00,0:00:00,-,-,0,-,,,,,,,,,01
2025-06-12 10:30:03,2025-06-12 10:30:03,2025-06-12 10:30:03,867488060285201,13822,GTHBM,0x09fe7fbf,,802003,0x0a04,0x0a14,93,11769,0000,0000,01,00,22,12,-,01,36.7,278,727,-23.585149,-46.694015,0724,0005,b28f,01bac103,8.3,634.3,0:00:00,0:00:00,-,-,0,-,,,,,,,,,05
2025-06-12 10:30:28,2025-06-12 10:30:28,2025-06-12 10:30:28,867488060285201,13823,GTHBM,0x09fe7fbf,,802003,0x0a04,0x0a14,93,11326,0000,0000,01,00,22,12,-,01,10.6,282,731,-23.584937,-46.695972,0724,0005,b28f,01b0e902,8.5,634.6,0:00:00,0:00:00,-,-,0,-,,,,,,,,,00
2025-06-12 10:30:32,2025-06-12 10:30:32,2025-06-12 10:30:32,867488060285201,13824,GTHBM,0x09fe7fbf,,802003,0x0a04,0x0a14,93,11326,0000,0000,01,00,22,12,-,01,18.3,279,729,-23.584907,-46.696137,0724,0005,b28f,01b0e902,8.5,634.6,0:00:00,0:00:00,-,-,0,-,,,,,,,,,05
2025-06-12 10:30:43,2025-06-12 10:30:43,2025-06-12 10:30:41,867488060285201,13825,GTERI,0x09fe3fbf,0x00028102,802003,0x0a04,0x0a14,93,11307,0000,-,01,00,22,12,-,01,10.3,276,730,-23.584854,-46.696614,0724,0005,b28f,01b0e902,8.6,634.6,0:00:00,0:00:00,-,-,0,-,,,,,04,7,00000000,00,10
2025-06-12 10:31:00,2025-06-12 10:31:00,2025-06-12 10:31:00,867488060285201,13826,GTHBM,0x09fe7fbf,,802003,0x0a04,0x0a14,93,11498,0000,0000,01,00,22,12,-,01,31.0,276,730,-23.584781,-46.697449,0724,0005,b28f,01b0e902,8.7,634.7,0:00:00,0:00:00,-,-,0,-,,,,,,,,,01
2025-06-12 10:31:04,2025-06-12 10:31:04,2025-06-12 10:31:04,867488060285201,13827,GTHBM,0x09fe7fbf,,802003,0x0a04,0x0a14,93,11498,0000,0000,01,00,22,12,-,01,41.4,277,729,-23.584727,-46.697851,0724,0005,b28f,01b0e902,8.7,634.7,0:00:00,0:00:00,-,-,0,-,,,,,,,,,05
2025-06-12 10:31:14,2025-06-12 10:31:14,2025-06-12 10:31:14,867488060285201,13828,GTERI,0x09fe3fbf,0x00028102,802003,0x0a04,0x0a14,93,11158,0000,-,01,00,22,12,-,01,44.6,327,735,-23.584357,-46.698724,0724,0005,b28f,01b0e902,8.8,634.9,0:00:00,0:00:00,-,-,0,-,,,,,04,7,00000000,00,11
2025-06-12 10:31:35,,,867488060285201,13829,HBD
2025-06-12 10:31:36,2025-06-12 10:31:36,2025-06-12 10:31:36,867488060285201,13831,GTHBM,0x09fe7fbf,,802003,0x0a04,0x0a14,93,11674,0000,0000,01,00,22,12,-,01,46.5,331,736,-23.58189,-46.700175,0724,0005,b28f,01b0e901,9.1,635.2,0:00:00,0:00:00,-,-,0,-,,,,,,,,,05
2025-06-12 10:31:43,2025-06-12 10:31:43,2025-06-12 10:31:41,867488060285201,13832,GTERI,0x09fe3fbf,0x00028102,802003,0x0a04,0x0a14,93,12361,0000,-,01,00,22,12,-,01,37.7,331,735,-23.58138,-46.700482,0724,0005,b28f,01b0e901,9.2,635.2,0:00:00,0:00:00,-,-,0,-,,,,,04,7,00000000,00,10
2025-06-12 10:31:44,2025-06-12 10:31:44,2025-06-12 10:31:44,867488060285201,13833,GTHBM,0x09fe7fbf,,802003,0x0a04,0x0a14,93,12361,0000,0000,01,00,22,12,-,01,26.8,331,735,-23.581173,-46.700607,0724,0005,b28f,01b0e901,9.2,635.2,0:00:00,0:00:00,-,-,0,-,,,,,,,,,00
2025-06-12 10:31:56,2025-06-12 10:31:56,2025-06-12 10:31:56,867488060285201,13834,GTHBM,0x09fe7fbf,,802003,0x0a04,0x0a14,93,11758,0000,0000,01,00,22,12,-,01,0.0,331,736,-23.580944,-46.700743,0724,0005,b28f,01b0e901,9.2,635.3,0:00:00,0:00:00,-,-,0,-,,,,,,,,,05
2025-06-12 10:32:16,2025-06-12 10:32:16,2025-06-12 10:32:16,867488060285201,13835,GTHBM,0x09fe7fbf,,802003,0x0a04,0x0a14,93,11784,0000,0000,01,00,22,12,-,01,27.0,332,735,-23.580569,-46.700954,0724,0005,b28f,01b0e901,9.3,635.3,0:00:00,0:00:00,-,-,0,-,,,,,,,,,01
2025-06-12 10:32:20,2025-06-12 10:32:20,2025-06-12 10:32:20,867488060285201,13836,GTHBM,0x09fe7fbf,,802003,0x0a04,0x0a14,93,11679,0000,0000,01,00,22,12,-,01,32.8,333,733,-23.580307,-46.701103,0724,0005,b28f,01b0e901,9.3,635.4,0:00:00,0:00:00,-,-,0,-,,,,,,,,,05
2025-06-12 10:32:43,2025-06-12 10:32:43,2025-06-12 10:32:41,867488060285201,13837,GTERI,0x09fe3fbf,0x00028102,802003,0x0a04,0x0a14,93,11496,0000,-,01,00,22,12,-,01,40.1,346,731,-23.578265,-46.701702,0724,0005,b28f,01b54c0f,9.6,635.6,0:00:00,0:00:00,-,-,0,-,,,,,04,3,00000000,00,10
2025-06-12 10:32:54,2025-06-12 10:32:54,2025-06-12 10:32:54,867488060285201,13838,GTHBM,0x09fe7fbf,,802003,0x0a04,0x0a14,93,11692,0000,0000,01,00,22,12,-,01,46.7,346,732,-23.57684,-46.702064,0724,0005,b28f,01b54c13,9.7,635.8,0:00:00,0:00:00,-,-,0,-,,,,,,,,,05
2025-06-12 10:33:26,2025-06-12 10:33:27,2025-06-12 10:33:26,867488060285201,13839,GTHBM,0x09fe7fbf,,802003,0x0a04,0x0a14,93,11657,0000,0000,01,00,22,12,-,01,29.2,328,734,-23.57455,-46.703311,0724,0005,b28f,01b0e702,10.0,636.0,0:00:00,0:00:00,-,-,0,-,,,,,,,,,05
2025-06-12 10:33:36,,,867488060285201,13840,HBD
2025-06-12 10:33:43,2025-06-12 10:33:43,2025-06-12 10:33:41,867488060285201,13842,GTERI,0x09fe3fbf,0x00028102,802003,0x0a04,0x0a14,93,12868,0000,-,01,00,22,12,-,01,43.3,332,726,-23.573124,-46.704128,0724,0005,b28f,01b0e70d,10.2,636.2,0:00:00,0:00:00,-,-,0,-,,,,,04,3,00000000,00,10
2025-06-12 10:33:59,2025-06-12 10:33:59,2025-06-12 10:33:58,867488060285201,13843,GTHBM,0x09fe7fbf,,802003,0x0a04,0x0a14,93,11630,0000,0000,01,00,22,12,-,01,36.9,329,729,-23.571557,-46.705039,0724,0005,b28f,01b0e702,10.4,636.4,0:00:00,0:00:00,-,-,0,-,,,,,,,,,05
2025-06-12 10:34:30,2025-06-12 10:34:30,2025-06-12 10:34:30,867488060285201,13844,GTHBM,0x09fe7fbf,,802003,0x0a04,0x0a14,93,11632,0000,0000,01,00,22,12,-,01,16.4,328,730,-23.56977,-46.706224,0724,0005,b28f,01b0e70f,10.6,636.7,0:00:00,0:00:00,-,-,0,-,,,,,,,,,05
2025-06-12 10:34:43,2025-06-12 10:34:43,2025-06-12 10:34:42,867488060285201,13845,GTERI,0x09fe3fbf,0x00028102,802003,0x0a04,0x0a14,93,11374,0000,-,01,00,22,12,-,01,15.5,326,731,-23.569255,-46.706587,0724,0005,b28f,01b0e70f,10.7,636.7,0:00:00,0:00:00,-,-,0,-,,,,,04,3,00000000,00,10
2025-06-12 10:34:46,2025-06-12 10:34:46,2025-06-12 10:34:46,867488060285201,13846,GTHBM,0x09fe7fbf,,802003,0x0a04,0x0a14,93,11554,0000,0000,01,00,22,12,-,01,1.8,326,732,-23.569207,-46.706623,0724,0005,b28f,01b0e70f,10.7,636.7,0:00:00,0:00:00,-,-,0,-,,,,,,,,,00
2025-06-12 10:34:50,2025-06-12 10:34:50,2025-06-12 10:34:50,867488060285201,13847,GTHBM,0x09fe7fbf,,802003,0x0a04,0x0a14,93,11386,0000,0000,01,00,22,12,-,01,0.0,326,732,-23.569205,-46.706625,0724,0005,b28f,01b0e70f,10.7,636.7,0:00:00,0:00:00,-,-,0,-,,,,,,,,,05
2025-06-12 10:34:54,2025-06-12 10:34:54,2025-06-12 10:34:54,867488060285201,13848,GTHBM,0x09fe7fbf,,802003,0x0a04,0x0a14,93,11610,0000,0000,01,00,22,12,-,01,15.3,329,731,-23.569111,-46.706684,0724,0005,b28f,01b0e70f,10.7,636.7,0:00:00,0:00:00,-,-,0,-,,,,,,,,,01
2025-06-12 10:35:01,2025-06-12 10:34:58,2025-06-12 10:34:58,867488060285201,13849,GTHBM,0x09fe7fbf,,802003,0x0a04,0x0a14,93,11588,0000,0000,01,00,22,12,-,01,25.8,327,730,-23.568924,-46.706812,0724,0005,b28f,01b0e703,10.7,636.8,0:00:00,0:00:00,-,-,0,-,,,,,,,,,05
2025-06-12 10:35:30,2025-06-12 10:35:30,2025-06-12 10:35:30,867488060285201,13850,GTHBM,0x09fe7fbf,,802003,0x0a04,0x0a14,93,11499,0000,0000,01,00,22,12,-,01,0.0,326,731,-23.568305,-46.707237,0724,0005,b28f,01bb1c0d,10.8,636.8,0:00:00,0:00:00,-,-,0,-,,,,,,,,,05
2025-06-12 10:35:36,,,867488060285201,13851,HBD
2025-06-12 10:35:43,2025-06-12 10:35:43,2025-06-12 10:35:41,867488060285201,13853,GTERI,0x09fe3fbf,0x00028102,802003,0x0a04,0x0a14,93,11327,0000,-,01,00,22,12,-,01,0.0,326,731,-23.568305,-46.707237,0724,0005,b28f,01bb1c0d,10.8,636.8,0:00:00,0:00:00,-,-,0,-,,,,,04,3,00000000,00,10
2025-06-12 10:36:03,2025-06-12 10:36:03,2025-06-12 10:36:03,867488060285201,13854,GTHBM,0x09fe7fbf,,802003,0x0a04,0x0a14,94,11558,0000,0000,01,00,22,12,-,01,18.8,326,732,-23.568108,-46.707364,0724,0005,b28f,01bb1c0d,10.8,636.9,0:00:00,0:00:00,-,-,0,-,,,,,,,,,05
2025-06-12 10:36:27,2025-06-12 10:36:22,2025-06-12 10:36:22,867488060285201,13855,GTERI,0x09fe3fbf,0x00028102,802003,0x0a04,0x0a14,94,11556,0000,-,01,00,22,12,-,01,29.5,11,734,-23.567127,-46.707579,0724,0005,b28f,01bb1c0d,10.9,637.0,0:00:00,0:00:00,-,-,0,-,,,,,04,3,00000000,00,11
2025-06-12 10:36:36,2025-06-12 10:36:37,2025-06-12 10:36:36,867488060285201,13856,GTHBM,0x09fe7fbf,,802003,0x0a04,0x0a14,94,11342,0000,0000,01,00,22,12,-,01,44.5,20,736,-23.565778,-46.707093,0724,0005,b28f,01b9e813,11.1,637.1,0:00:00,0:00:00,-,-,0,-,,,,,,,,,05
2025-06-12 10:36:43,2025-06-12 10:36:43,2025-06-12 10:36:41,867488060285201,13857,GTERI,0x09fe3fbf,0x00028102,802003,0x0a04,0x0a14,94,11430,0000,-,01,00,22,12,-,01,46.2,19,735,-23.565238,-46.706901,0724,0005,b28f,01b17e1d,11.2,637.2,0:00:00,0:00:00,-,-,0,-,,,,,04,1,00000000,00,10
2025-06-12 10:36:59,2025-06-12 10:36:59,2025-06-12 10:36:59,867488060285201,13858,GTHBM,0x09fe7fbf,,802003,0x0a04,0x0a14,94,11560,0000,0000,01,00,22,12,-,01,18.1,358,737,-23.56342,-46.706644,0724,0005,b28f,01b9e803,11.4,637.4,0:00:00,0:00:00,-,-,0,-,,,,,,,,,00
2025-06-12 10:37:03,2025-06-12 10:37:03,2025-06-12 10:37:03,867488060285201,13859,GTHBM,0x09fe7fbf,,802003,0x0a04,0x0a14,94,11618,0000,0000,01,00,22,12,-,01,28.9,342,738,-23.563201,-46.706679,0724,0005,b28f,01b9e803,11.4,637.4,0:00:00,0:00:00,-,-,0,-,,,,,,,,,05
2025-06-12 10:37:09,2025-06-12 10:37:09,2025-06-12 10:37:09,867488060285201,13860,GTERI,0x09fe3fbf,0x00028102,802003,0x0a04,0x0a14,94,11597,0000,-,01,00,22,12,-,01,38.8,331,740,-23.562708,-46.706857,0724,0005,b28f,01b19c1f,11.4,637.5,0:00:00,0:00:00,-,-,0,-,,,,,04,1,00000000,00,11
2025-06-12 10:37:36,,,867488060285201,13861,HBD
2025-06-12 10:37:37,2025-06-12 10:37:37,2025-06-12 10:37:37,867488060285201,13863,GTHBM,0x09fe7fbf,,802003,0x0a04,0x0a14,94,11514,0000,0000,01,00,22,12,-,01,53.1,298,733,-23.560307,-46.709932,0724,0005,b28f,01b0e002,11.9,637.9,0:00:00,0:00:00,-,-,0,-,,,,,,,,,05
2025-06-12 10:37:43,2025-06-12 10:37:43,2025-06-12 10:37:42,867488060285201,13864,GTERI,0x09fe3fbf,0x00028102,802003,0x0a04,0x0a14,94,13178,0000,-,01,00,22,12,-,01,46.4,298,731,-23.560005,-46.710531,0724,0005,b28f,01b0e002,11.9,638.0,0:00:00,0:00:00,-,-,0,-,,,,,04,7,00000000,00,10
2025-06-12 10:37:45,2025-06-12 10:37:45,2025-06-12 10:37:45,867488060285201,13865,GTHBM,0x09fe7fbf,,802003,0x0a04,0x0a14,94,13249,0000,0000,01,00,22,12,-,01,33.5,294,731,-23.55987,-46.71083,0724,0005,b28f,01b0e002,12.0,638.0,0:00:00,0:00:00,-,-,0,-,,,,,,,,,00
2025-06-12 10:37:49,2025-06-12 10:37:49,2025-06-12 10:37:49,867488060285201,13866,GTERI,0x09fe3fbf,0x00028102,802003,0x0a04,0x0a14,94,13249,0000,-,01,00,22,12,-,01,29.7,242,730,-23.55988,-46.711153,0724,0005,b28f,01b0e002,12.0,638.0,0:00:00,0:00:00,-,-,0,-,,,,,04,7,00000000,00,11
2025-06-12 10:37:49,2025-06-12 10:37:49,2025-06-12 10:37:49,867488060285201,13867,GTHBM,0x09fe7fbf,,802003,0x0a04,0x0a14,94,13249,0000,0000,01,00,22,12,-,01,29.7,242,730,-23.55988,-46.711153,0724,0005,b28f,01b0e002,12.0,638.0,0:00:00,0:00:00,-,-,0,-,,,,,,,,,05
2025-06-12 10:37:57,2025-06-12 10:37:57,2025-06-12 10:37:57,867488060285201,13868,GTERI,0x09fe3fbf,0x00028102,802003,0x0a04,0x0a14,94,11545,0000,-,01,00,22,12,-,01,34.3,291,729,-23.560089,-46.711763,0724,0005,b28f,01b0e009,12.1,638.1,0:00:00,0:00:00,-,-,0,-,,,,,04,28,00000000,00,11
2025-06-12 10:37:57,2025-06-12 10:37:57,2025-06-12 10:37:57,867488060285201,13869,GTHBM,0x09fe7fbf,,802003,0x0a04,0x0a14,94,11545,0000,0000,01,00,22,12,-,01,34.3,291,729,-23.560089,-46.711763,0724,0005,b28f,01b0e009,12.1,638.1,0:00:00,0:00:00,-,-,0,-,,,,,,,,,02
2025-06-12 10:38:01,2025-06-12 10:38:01,2025-06-12 10:38:01,867488060285201,13870,GTERI,0x09fe3fbf,0x00028102,802003,0x0a04,0x0a14,94,11436,0000,-,01,00,22,12,-,01,32.3,349,733,-23.559831,-46.711975,0724,0005,b28f,01b0e009,12.1,638.1,0:00:00,0:00:00,-,-,0,-,,,,,04,28,00000000,00,11
2025-06-12 10:38:05,2025-06-12 10:38:05,2025-06-12 10:38:05,867488060285201,13871,GTHBM,0x09fe7fbf,,802003,0x0a04,0x0a14,94,11436,0000,0000,01,00,22,12,-,01,27.5,4,735,-23.55954,-46.711977,0724,0005,b28f,01b0e009,12.1,638.2,0:00:00,0:00:00,-,-,0,-,,,,,,,,,05
2025-06-12 10:38:38,2025-06-12 10:38:38,2025-06-12 10:38:38,867488060285201,13872,GTHBM,0x09fe7fbf,,802003,0x0a04,0x0a14,94,11706,0000,0000,01,00,22,12,-,01,40.1,28,739,-23.557007,-46.710667,0724,0005,b483,01b63302,12.5,638.5,0:00:00,0:00:00,-,-,0,-,,,,,,,,,05
2025-06-12 10:38:43,2025-06-12 10:38:43,2025-06-12 10:38:41,867488060285201,13873,GTERI,0x09fe3fbf,0x00028102,802003,0x0a04,0x0a14,94,11466,0000,-,01,00,22,12,-,01,35.6,30,738,-23.556745,-46.710507,0724,0005,b483,01b63302,12.5,638.5,0:00:00,0:00:00,-,-,0,-,,,,,04,7,00000000,00,10
2025-06-12 10:38:46,2025-06-12 10:38:46,2025-06-12 10:38:46,867488060285201,13874,GTHBM,0x09fe7fbf,,802003,0x0a04,0x0a14,94,11605,0000,0000,01,00,22,12,-,01,18.7,30,736,-23.556466,-46.710338,0724,0005,b483,01b63302,12.5,638.6,0:00:00,0:00:00,-,-,0,-,,,,,,,,,00
2025-06-12 10:38:50,2025-06-12 10:38:50,2025-06-12 10:38:50,867488060285201,13875,GTERI,0x09fe3fbf,0x00028102,802003,0x0a04,0x0a14,94,11703,0000,-,01,00,22,12,-,01,13.7,82,737,-23.55637,-46.710212,0724,0005,b483,01b63302,12.5,638.6,0:00:00,0:00:00,-,-,0,-,,,,,04,7,00000000,00,11
2025-06-12 10:38:51,2025-06-12 10:38:50,2025-06-12 10:38:50,867488060285201,13876,GTHBM,0x09fe7fbf,,802003,0x0a04,0x0a14,94,11703,0000,0000,01,00,22,12,-,01,13.7,82,737,-23.55637,-46.710212,0724,0005,b483,01b63302,12.5,638.6,0:00:00,0:00:00,-,-,0,-,,,,,,,,,05
2025-06-12 10:38:53,2025-06-12 10:38:53,2025-06-12 10:38:53,867488060285201,13877,GTERI,0x09fe3fbf,0x00028102,802003,0x0a04,0x0a14,94,11593,0000,-,01,00,22,12,-,01,13.4,143,737,-23.55643,-46.710133,0724,0005,b483,01b02a1f,12.5,638.6,0:00:00,0:00:00,-,-,0,-,,,,,04,1,00000000,00,11
2025-06-12 10:38:54,2025-06-12 10:38:54,2025-06-12 10:38:54,867488060285201,13878,GTHBM,0x09fe7fbf,,802003,0x0a04,0x0a14,94,11593,0000,0000,01,00,22,12,-,01,13.6,158,736,-23.556461,-46.710119,0724,0005,b483,01b02a1f,12.6,638.6,0:00:00,0:00:00,-,-,0,-,,,,,,,,,02
2025-06-12 10:38:57,2025-06-12 10:38:57,2025-06-12 10:38:57,867488060285201,13879,GTERI,0x09fe3fbf,0x00028102,802003,0x0a04,0x0a14,94,11762,0000,-,01,00,22,12,-,01,17.6,190,734,-23.556578,-46.710113,0724,0005,b483,01befc0a,12.6,638.6,0:00:00,0:00:00,-,-,0,-,,,,,04,28,00000000,00,11
2025-06-12 10:38:58,2025-06-12 10:38:58,2025-06-12 10:38:58,867488060285201,13880,GTHBM,0x09fe7fbf,,802003,0x0a04,0x0a14,94,11762,0000,0000,01,00,22,12,-,01,18.8,199,734,-23.556623,-46.710125,0724,0005,b483,01befc0a,12.6,638.6,0:00:00,0:00:00,-,-,0,-,,,,,,,,,05
2025-06-12 10:39:19,2025-06-12 10:39:19,2025-06-12 10:39:19,867488060285201,13881,GTERI,0x09fe3fbf,0x00028102,802003,0x0a04,0x0a14,94,11585,0000,-,01,00,22,12,-,01,10.6,238,731,-23.557471,-46.71073,0724,0005,b483,01b6330e,12.7,638.7,0:00:00,0:00:00,-,-,0,-,,,,,04,3,00000000,00,11
2025-06-12 10:39:27,2025-06-12 10:39:27,2025-06-12 10:39:27,867488060285201,13882,GTERI,0x09fe3fbf,0x00028102,802003,0x0a04,0x0a14,94,11493,0000,-,01,00,22,12,-,01,19.9,285,730,-23.557452,-46.710997,0724,0005,b28f,01b0e00d,12.7,638.8,0:00:00,0:00:00,-,-,0,-,,,,,04,3,00000000,00,11
2025-06-12 10:39:29,2025-06-12 10:39:29,2025-06-12 10:39:29,867488060285201,13883,GTHBM,0x09fe7fbf,,802003,0x0a04,0x0a14,94,11585,0000,0000,01,00,22,12,-,01,23.4,291,729,-23.557417,-46.71112,0724,0005,b483,01b6330e,12.7,638.8,0:00:00,0:00:00,-,-,0,-,,,,,,,,,05
2025-06-12 10:39:36,,,867488060285201,13884,HBD
2025-06-12 10:39:43,2025-06-12 10:39:43,2025-06-12 10:39:41,867488060285201,13886,GTERI,0x09fe3fbf,0x00028102,802003,0x0a04,0x0a14,94,11560,0000,-,01,00,22,12,-,01,41.7,299,727,-23.55697,-46.712107,0724,0005,b483,01b6330f,12.8,638.9,0:00:00,0:00:00,-,-,0,-,,,,,04,3,00000000,00,10
2025-06-12 10:40:02,2025-06-12 10:40:02,2025-06-12 10:40:02,867488060285201,13887,GTHBM,0x09fe7fbf,,802003,0x0a04,0x0a14,94,11753,0000,0000,01,00,22,12,-,01,55.7,297,723,-23.555726,-46.714826,0724,0005,b483,01b63303,13.1,639.2,0:00:00,0:00:00,-,-,0,-,,,,,,,,,05
2025-06-12 10:40:34,2025-06-12 10:40:34,2025-06-12 10:40:34,867488060285201,13888,GTHBM,0x09fe7fbf,,802003,0x0a04,0x0a14,94,11609,0000,0000,01,00,22,12,-,01,51.7,297,729,-23.553885,-46.718906,0724,0005,b28f,01b0e001,13.6,639.6,0:00:00,0:00:00,-,-,0,-,,,,,,,,,05
2025-06-12 10:40:46,2025-06-12 10:40:43,2025-06-12 10:40:42,867488060285201,13889,GTERI,0x09fe3fbf,0x00028102,802003,0x0a04,0x0a14,94,11362,0000,-,01,00,22,12,-,01,56.4,297,729,-23.553381,-46.719946,0724,0005,b483,01b03703,13.7,639.8,0:00:00,0:00:00,-,-,0,-,,,,,04,7,00000000,00,10
2025-06-12 10:41:06,2025-06-12 10:41:06,2025-06-12 10:41:06,867488060285201,13890,GTHBM,0x09fe7fbf,,802003,0x0a04,0x0a14,94,11799,0000,0000,01,00,22,12,-,01,64.6,298,729,-23.551734,-46.723377,0724,0005,b483,01c0180e,14.1,640.2,0:00:00,0:00:00,-,-,0,-,,,,,,,,,05
2025-06-12 10:41:36,,,867488060285201,13891,HBD
2025-06-12 10:41:38,2025-06-12 10:41:38,2025-06-12 10:41:38,867488060285201,13893,GTHBM,0x09fe7fbf,,802003,0x0a04,0x0a14,94,11488,0000,0000,01,00,22,12,-,01,63.3,303,735,-23.549167,-46.728215,0724,0005,b483,01c0180d,14.7,640.7,0:00:00,0:00:00,-,-,0,-,,,,,,,,,05
2025-06-12 10:41:43,2025-06-12 10:41:43,2025-06-12 10:41:41,867488060285201,13894,GTERI,0x09fe3fbf,0x00028102,802003,0x0a04,0x0a14,94,11496,0000,-,01,00,22,12,-,01,63.6,302,736,-23.548908,-46.72865,0724,0005,b483,01ba641d,14.8,640.8,0:00:00,0:00:00,-,-,0,-,,,,,04,1,00000000,00,10
2025-06-12 10:42:10,2025-06-12 10:42:10,2025-06-12 10:42:10,867488060285201,13895,GTHBM,0x09fe7fbf,,802003,0x0a04,0x0a14,94,12331,0000,0000,01,00,22,12,-,01,57.9,313,734,-23.546488,-46.732725,0724,0005,b483,01ba2c02,15.2,641.3,0:00:00,0:00:00,-,-,0,-,,,,,,,,,05
2025-06-12 10:42:42,2025-06-12 10:42:42,2025-06-12 10:42:42,867488060285201,13896,GTHBM,0x09fe7fbf,,802003,0x0a04,0x0a14,95,11662,0000,0000,01,00,22,12,-,01,66.8,314,727,-23.543011,-46.736652,0724,0005,b483,01ba2c01,15.8,641.8,0:00:00,0:00:00,-,-,0,-,,,,,,,,,05
2025-06-12 10:42:43,2025-06-12 10:42:43,2025-06-12 10:42:41,867488060285201,13897,GTERI,0x09fe3fbf,0x00028102,802003,0x0a04,0x0a14,95,11662,0000,-,01,00,22,12,-,01,66.4,313,727,-23.543127,-46.736521,0724,0005,b483,01ba2c01,15.8,641.8,0:00:00,0:00:00,-,-,0,-,,,,,04,7,00000000,00,10
2025-06-12 10:43:14,2025-06-12 10:43:14,2025-06-12 10:43:14,867488060285201,13898,GTHBM,0x09fe7fbf,,802003,0x0a04,0x0a14,95,11564,0000,0000,01,00,22,12,-,01,64.5,313,725,-23.539359,-46.740767,0724,0005,b483,01b0251e,16.4,642.4,0:00:00,0:00:00,-,-,0,-,,,,,,,,,05
2025-06-12 10:43:36,,,867488060285201,13899,HBD
2025-06-12 10:43:43,2025-06-12 10:43:43,2025-06-12 10:43:41,867488060285201,13901,GTERI,0x09fe3fbf,0x00028102,802003,0x0a04,0x0a14,95,11524,0000,-,01,00,22,12,-,01,55.9,314,725,-23.53654,-46.74394,0724,0005,b483,01b0511f,16.8,642.9,0:00:00,0:00:00,-,-,0,-,,,,,04,1,00000000,00,10
2025-06-12 10:43:46,2025-06-12 10:43:46,2025-06-12 10:43:46,867488060285201,13902,GTHBM,0x09fe7fbf,,802003,0x0a04,0x0a14,95,11665,0000,0000,01,00,22,12,-,01,58.5,314,725,-23.536034,-46.744507,0724,0005,b483,01b0511f,16.9,643.0,0:00:00,0:00:00,-,-,0,-,,,,,,,,,05
2025-06-12 10:44:18,2025-06-12 10:44:18,2025-06-12 10:44:18,867488060285201,13903,GTHBM,0x09fe7fbf,,802003,0x0a04,0x0a14,95,11679,0000,0000,01,00,22,12,-,01,69.8,345,727,-23.532074,-46.747889,0724,0005,b483,01b0511f,17.5,643.5,0:00:00,0:00:00,-,-,0,-,,,,,,,,,05
2025-06-12 10:44:43,2025-06-12 10:44:43,2025-06-12 10:44:41,867488060285201,13904,GTERI,0x09fe3fbf,0x00028102,802003,0x0a04,0x0a14,95,11216,0000,-,01,00,22,12,-,01,74.6,356,726,-23.527859,-46.748318,0724,0005,b483,01b02202,18.0,644.0,0:00:00,0:00:00,-,-,0,-,,,,,04,7,00000000,00,10
2025-06-12 10:44:56,2025-06-12 10:44:50,2025-06-12 10:44:50,867488060285201,13905,GTHBM,0x09fe7fbf,,802003,0x0a04,0x0a14,95,11713,0000,0000,01,00,22,12,-,01,68.6,342,730,-23.526218,-46.748533,0724,0005,b483,01b64b0a,18.2,644.2,0:00:00,0:00:00,-,-,0,-,,,,,,,,,05
2025-06-12 10:44:57,2025-06-12 10:44:57,2025-06-12 10:44:57,867488060285201,13906,GTERI,0x09fe3fbf,0x00028102,802003,0x0a04,0x0a14,95,11646,0000,-,01,00,22,12,-,01,73.3,308,735,-23.525249,-46.749308,0724,0005,b483,01b1d00a,18.3,644.3,0:00:00,0:00:00,-,-,0,-,,,,,04,28,00000000,00,11
2025-06-12 10:45:25,2025-06-12 10:45:22,2025-06-12 10:45:22,867488060285201,13907,GTHBM,0x09fe7fbf,,802003,0x0a04,0x0a14,95,11644,0000,0000,01,00,22,12,-,01,82.3,285,727,-23.524659,-46.754625,0724,0005,b483,01b64b0a,18.8,644.9,0:00:00,0:00:00,-,-,0,-,,,,,,,,,05
2025-06-12 10:45:36,,,867488060285201,13908,HBD
2025-06-12 10:45:43,2025-06-12 10:45:43,2025-06-12 10:45:41,867488060285201,13910,GTERI,0x09fe3fbf,0x00028102,802003,0x0a04,0x0a14,95,11651,0000,-,01,00,22,12,-,01,78.2,289,731,-23.523415,-46.758413,0724,0005,b483,01b13e0a,19.3,645.3,0:00:00,0:00:00,-,-,0,-,,,,,04,28,00000000,00,10
2025-06-12 10:45:54,2025-06-12 10:45:54,2025-06-12 10:45:54,867488060285201,13911,GTHBM,0x09fe7fbf,,802003,0x0a04,0x0a14,95,11639,0000,0000,01,00,22,12,-,01,76.9,288,732,-23.52258,-46.76105,0724,0005,b483,01b1d01f,19.5,645.6,0:00:00,0:00:00,-,-,0,-,,,,,,,,,05
2025-06-12 10:46:26,2025-06-12 10:46:26,2025-06-12 10:46:26,867488060285201,13912,GTHBM,0x09fe7fbf,,802003,0x0a04,0x0a14,95,11796,0000,0000,01,00,22,12,-,01,73.4,284,737,-23.520681,-46.767048,0724,0005,b483,01b89802,20.2,646.2,0:00:00,0:00:00,-,-,0,-,,,,,,,,,05
2025-06-12 10:46:43,2025-06-12 10:46:43,2025-06-12 10:46:41,867488060285201,13913,GTERI,0x09fe3fbf,0x00028102,802003,0x0a04,0x0a14,96,11694,0000,-,01,00,22,12,-,01,76.2,269,741,-23.52041,-46.770053,0724,0005,b483,01b89802,20.5,646.6,0:00:00,0:00:00,-,-,0,-,,,,,04,7,00000000,00,10
2025-06-12 10:46:58,2025-06-12 10:46:58,2025-06-12 10:46:58,867488060285201,13914,GTHBM,0x09fe7fbf,,802003,0x0a04,0x0a14,96,11643,0000,0000,01,00,22,12,-,01,78.4,270,739,-23.520482,-46.773701,0724,0005,b2f3,01bfba0a,20.9,646.9,0:00:00,0:00:00,-,-,0,-,,,,,,,,,05
2025-06-12 10:47:50,2025-06-12 10:47:30,2025-06-12 10:47:30,867488060285201,13915,GTHBM,0x09fe7fbf,,802003,0x0a04,0x0a14,96,11733,0000,0000,01,00,22,12,-,01,77.4,280,736,-23.519793,-46.78032,0724,0005,b483,01b8980b,21.5,647.6,0:00:00,0:00:00,-,-,0,-,,,,,,,,,05
2025-06-12 10:47:50,,,867488060285201,13916,HBD
2025-06-12 10:47:51,2025-06-12 10:47:43,2025-06-12 10:47:41,867488060285201,13918,GTERI,0x09fe3fbf,0x00028102,802003,0x0a04,0x0a14,96,11637,0000,-,01,00,22,12,-,01,81.9,281,737,-23.519368,-46.782671,0724,0005,b2f3,01b12601,21.8,647.9,0:00:00,0:00:00,-,-,0,-,,,,,04,7,00000000,00,10
2025-06-12 10:48:02,2025-06-12 10:48:02,2025-06-12 10:48:02,867488060285201,13919,GTHBM,0x09fe7fbf,,802003,0x0a04,0x0a14,96,11631,0000,0000,01,00,22,12,-,01,82.7,293,739,-23.517915,-46.787123,0724,0005,b2f3,01b1400e,22.3,648.3,0:00:00,0:00:00,-,-,0,-,,,,,,,,,05
2025-06-12 10:48:33,2025-06-12 10:48:34,2025-06-12 10:48:33,867488060285201,13920,GTHBM,0x09fe7fbf,,802003,0x0a04,0x0a14,96,11556,0000,0000,01,00,22,12,-,01,84.6,293,742,-23.515313,-46.793586,0724,0005,b2f3,01b60f03,23.0,649.0,0:00:00,0:00:00,-,-,0,-,,,,,,,,,05
2025-06-12 10:48:43,2025-06-12 10:48:43,2025-06-12 10:48:41,867488060285201,13921,GTERI,0x09fe3fbf,0x00028102,802003,0x0a04,0x0a14,96,11572,0000,-,01,00,22,12,-,01,81.2,293,742,-23.51464,-46.795259,0724,0005,b2f3,01bfe201,23.2,649.2,0:00:00,0:00:00,-,-,0,-,,,,,04,7,00000000,00,10
2025-06-12 10:49:05,2025-06-12 10:49:05,2025-06-12 10:49:05,867488060285201,13922,GTHBM,0x09fe7fbf,,802003,0x0a04,0x0a14,96,11552,0000,0000,01,00,22,12,-,01,64.9,289,740,-23.512884,-46.799742,0724,0005,b2f3,01bfe203,23.7,649.7,0:00:00,0:00:00,-,-,0,-,,,,,,,,,05
2025-06-12 10:49:13,2025-06-12 10:49:13,2025-06-12 10:49:13,867488060285201,13923,GTHBM,0x09fe7fbf,,802003,0x0a04,0x0a14,96,11365,0000,0000,01,00,22,12,-,01,44.7,289,741,-23.512517,-46.800902,0724,0005,b2f3,01bfe203,23.8,649.8,0:00:00,0:00:00,-,-,0,-,,,,,,,,,00
2025-06-12 10:49:25,2025-06-12 10:49:25,2025-06-12 10:49:25,867488060285201,13924,GTHBM,0x09fe7fbf,,802003,0x0a04,0x0a14,96,11779,0000,0000,01,00,22,12,-,01,4.7,286,741,-23.512338,-46.801443,0724,0005,b2f3,01bfe203,23.8,649.9,0:00:00,0:00:00,-,-,0,-,,,,,,,,,05
2025-06-12 10:49:43,2025-06-12 10:49:43,2025-06-12 10:49:41,867488060285201,13925,GTERI,0x09fe3fbf,0x00028102,802003,0x0a04,0x0a14,96,11480,0000,-,01,00,22,12,-,01,0.0,293,739,-23.512326,-46.801492,0724,0005,b2f3,01bfe203,23.9,649.9,0:00:00,0:00:00,-,-,0,-,,,,,04,7,00000000,00,10
2025-06-12 10:49:50,,,867488060285201,13927,HBD
2025-06-12 10:50:12,2025-06-12 10:50:12,2025-06-12 10:50:12,867488060285201,13928,GTHBM,0x09fe7fbf,,802003,0x0a04,0x0a14,96,11667,0000,0000,01,00,22,12,-,01,11.6,292,738,-23.512303,-46.801573,0724,0005,b2f3,01b60f03,23.9,649.9,0:00:00,0:00:00,-,-,0,-,,,,,,,,,05
2025-06-12 10:50:16,2025-06-12 10:50:16,2025-06-12 10:50:16,867488060285201,13929,GTHBM,0x09fe7fbf,,802003,0x0a04,0x0a14,96,11714,0000,0000,01,00,22,12,-,01,29.5,288,739,-23.512236,-46.801853,0724,0005,b2f3,01ade01e,23.9,649.9,0:00:00,0:00:00,-,-,0,-,,,,,,,,,01
2025-06-12 10:50:28,2025-06-12 10:50:28,2025-06-12 10:50:28,867488060285201,13930,GTHBM,0x09fe7fbf,,802003,0x0a04,0x0a14,96,11454,0000,0000,01,00,22,12,-,01,67.1,287,737,-23.511715,-46.803497,0724,0005,b2f3,01bfe203,24.1,650.1,0:00:00,0:00:00,-,-,0,-,,,,,,,,,05
2025-06-12 10:50:43,2025-06-12 10:50:43,2025-06-12 10:50:41,867488060285201,13931,GTERI,0x09fe3fbf,0x00028102,802003,0x0a04,0x0a14,96,11548,0000,-,01,00,22,12,-,01,80.5,283,740,-23.511101,-46.806071,0724,0005,b2f3,01ade01e,24.4,650.4,0:00:00,0:00:00,-,-,0,-,,,,,04,1,00000000,00,10
2025-06-12 10:51:01,2025-06-12 10:51:01,2025-06-12 10:51:01,867488060285201,13932,GTHBM,0x09fe7fbf,,802003,0x0a04,0x0a14,97,11720,0000,0000,01,00,22,12,-,01,87.5,278,742,-23.510318,-46.81066,0724,0005,b2f3,01ade01e,24.8,650.9,0:00:00,0:00:00,-,-,0,-,,,,,,,,,05
2025-06-12 10:51:33,2025-06-12 10:51:33,2025-06-12 10:51:33,867488060285201,13933,GTHBM,0x09fe7fbf,,802003,0x0a04,0x0a14,97,11461,0000,0000,01,00,22,12,-,01,89.3,278,744,-23.509287,-46.818213,0724,0005,b2f3,01b61603,25.6,651.7,0:00:00,0:00:00,-,-,0,-,,,,,,,,,05
2025-06-12 10:51:43,2025-06-12 10:51:43,2025-06-12 10:51:41,867488060285201,13934,GTERI,0x09fe3fbf,0x00028102,802003,0x0a04,0x0a14,97,11382,0000,-,01,00,22,12,-,01,93.2,278,745,-23.509013,-46.820196,0724,0005,b2f3,01b61603,25.8,651.9,0:00:00,0:00:00,-,-,0,-,,,,,04,7,00000000,00,10
2025-06-12 10:51:54,,,867488060285201,13936,HBD
2025-06-12 10:52:05,2025-06-12 10:52:05,2025-06-12 10:52:05,867488060285201,13937,GTHBM,0x09fe7fbf,,802003,0x0a04,0x0a14,97,11274,0000,0000,01,00,22,12,-,01,87.1,278,746,-23.508211,-46.826123,0724,0005,b2f3,01b89402,26.4,652.5,0:00:00,0:00:00,-,-,0,-,,,,,,,,,05
2025-06-12 10:52:29,2025-06-12 10:52:29,2025-06-12 10:52:29,867488060285201,13938,GTHBM,0x09fe7fbf,,802003,0x0a04,0x0a14,97,13199,0000,0000,01,00,22,12,-,01,64.2,278,748,-23.507496,-46.831371,0724,0005,b2f3,01addf01,26.9,653.0,0:00:00,0:00:00,-,-,0,-,,,,,,,,,00
2025-06-12 10:52:33,2025-06-12 10:52:33,2025-06-12 10:52:33,867488060285201,13939,GTHBM,0x09fe7fbf,,802003,0x0a04,0x0a14,97,11582,0000,0000,01,00,22,12,-,01,56.4,278,748,-23.50741,-46.831998,0724,0005,b2f3,01addf01,27.0,653.1,0:00:00,0:00:00,-,-,0,-,,,,,,,,,05
2025-06-12 10:52:43,2025-06-12 10:52:43,2025-06-12 10:52:41,867488060285201,13940,GTERI,0x09fe3fbf,0x00028102,802003,0x0a04,0x0a14,97,11456,0000,-,01,00,22,12,-,01,40.5,277,749,-23.507267,-46.833052,0724,0005,b2f3,01addf01,27.2,653.2,0:00:00,0:00:00,-,-,0,-,,,,,04,7,00000000,00,10
2025-06-12 10:53:05,2025-06-12 10:53:05,2025-06-12 10:53:05,867488060285201,13941,GTHBM,0x09fe7fbf,,802003,0x0a04,0x0a14,97,11833,0000,0000,01,00,22,12,-,01,31.5,276,749,-23.507036,-46.834969,0724,0005,b2f3,01addf0d,27.3,653.4,0:00:00,0:00:00,-,-,0,-,,,,,,,,,05
2025-06-12 10:53:37,2025-06-12 10:53:37,2025-06-12 10:53:37,867488060285201,13942,GTHBM,0x09fe7fbf,,802003,0x0a04,0x0a14,97,11501,0000,0000,01,00,22,12,-,01,30.7,275,749,-23.506765,-46.837902,0724,0005,b2f3,01adf70e,27.6,653.7,0:00:00,0:00:00,-,-,0,-,,,,,,,,,05
2025-06-12 10:53:43,2025-06-12 10:53:43,2025-06-12 10:53:41,867488060285201,13943,GTERI,0x09fe3fbf,0x00028102,802003,0x0a04,0x0a14,97,11525,0000,-,01,00,22,12,-,01,34.3,275,749,-23.50673,-46.838251,0724,0005,b2f3,01adf70e,27.7,653.7,0:00:00,0:00:00,-,-,0,-,,,,,04,3,00000000,00,10
2025-06-12 10:53:51,,,867488060285201,13945,HBD
2025-06-12 10:54:10,2025-06-12 10:54:11,2025-06-12 10:54:10,867488060285201,13946,GTHBM,0x09fe7fbf,,802003,0x0a04,0x0a14,97,11780,0000,0000,01,00,22,12,-,01,47.0,275,751,-23.506433,-46.841568,0724,0005,b2f3,01b4541e,28.0,654.0,0:00:00,0:00:00,-,-,0,-,,,,,,,,,05
2025-06-12 10:54:43,2025-06-12 10:54:43,2025-06-12 10:54:41,867488060285201,13947,GTERI,0x09fe3fbf,0x00028102,802003,0x0a04,0x0a14,98,11665,0000,-,01,00,22,12,-,01,56.1,275,752,-23.506085,-46.845513,0724,0005,b2f3,01b45412,28.4,654.5,0:00:00,0:00:00,-,-,0,-,,,,,04,3,00000000,00,10
2025-06-12 10:54:43,2025-06-12 10:54:44,2025-06-12 10:54:43,867488060285201,13948,GTHBM,0x09fe7fbf,,802003,0x0a04,0x0a14,98,11502,0000,0000,01,00,22,12,-,01,57.2,275,752,-23.506058,-46.845819,0724,0005,b2f3,01b45412,28.5,654.5,0:00:00,0:00:00,-,-,0,-,,,,,,,,,05
2025-06-12 10:55:22,2025-06-12 10:55:22,2025-06-12 10:55:22,867488060285201,13949,GTHBM,0x09fe7fbf,,802003,0x0a04,0x0a14,98,11571,0000,0000,01,00,22,12,-,01,64.2,275,756,-23.5055,-46.852532,0724,0005,b2f3,01b4540f,29.1,655.2,0:00:00,0:00:00,-,-,0,-,,,,,,,,,05
2025-06-12 10:55:43,2025-06-12 10:55:43,2025-06-12 10:55:41,867488060285201,13950,GTERI,0x09fe3fbf,0x00028102,802003,0x0a04,0x0a14,98,11644,0000,-,01,00,22,12,-,01,67.5,275,756,-23.505194,-46.855806,0724,0005,b2f3,01b4540f,29.5,655.5,0:00:00,0:00:00,-,-,0,-,,,,,04,3,00000000,00,10
2025-06-12 10:55:51,,,867488060285201,13952,HBD
2025-06-12 10:55:54,2025-06-12 10:55:54,2025-06-12 10:55:54,867488060285201,13953,GTHBM,0x09fe7fbf,,802003,0x0a04,0x0a14,98,11309,0000,0000,01,00,22,12,-,01,67.1,275,756,-23.504974,-46.858194,0724,0005,b2f3,01aded03,29.7,655.7,0:00:00,0:00:00,-,-,0,-,,,,,,,,,05
2025-06-12 10:56:34,2025-06-12 10:56:34,2025-06-12 10:56:34,867488060285201,13954,GTHBM,0x09fe7fbf,,802003,0x0a04,0x0a14,99,11394,0000,0000,01,00,22,12,-,01,76.6,268,760,-23.504722,-46.866067,0724,0005,b2f3,01bc5a02,30.5,656.6,0:00:00,0:00:00,-,-,0,-,,,,,,,,,05
2025-06-12 10:56:43,2025-06-12 10:56:43,2025-06-12 10:56:41,867488060285201,13955,GTERI,0x09fe3fbf,0x00028102,802003,0x0a04,0x0a14,99,11513,0000,-,01,00,22,12,-,01,78.8,268,760,-23.504752,-46.867536,0724,0005,b2f3,01bc5a02,30.7,656.7,0:00:00,0:00:00,-,-,0,-,,,,,04,7,00000000,00,10
2025-06-12 10:57:05,2025-06-12 10:57:05,2025-06-12 10:57:05,867488060285201,13956,GTHBM,0x09fe7fbf,,802003,0x0a04,0x0a14,99,11435,0000,0000,01,00,22,12,-,01,83.3,268,763,-23.504859,-46.87286,0724,0005,b2f3,01bc5a0e,31.2,657.3,0:00:00,0:00:00,-,-,0,-,,,,,,,,,05
2025-06-12 10:57:38,2025-06-12 10:57:38,2025-06-12 10:57:38,867488060285201,13957,GTHBM,0x09fe7fbf,,802003,0x0a04,0x0a14,99,11451,0000,0000,01,00,22,12,-,01,92.7,268,765,-23.504989,-46.880589,0724,0005,b2f3,01ade90d,32.0,658.1,0:00:00,0:00:00,-,-,0,-,,,,,,,,,05
2025-06-12 10:57:47,2025-06-12 10:57:43,2025-06-12 10:57:41,867488060285201,13958,GTERI,0x09fe3fbf,0x00028102,802003,0x0a04,0x0a14,99,11695,0000,-,01,00,22,12,-,01,93.6,268,766,-23.505004,-46.881352,0724,0005,b2f3,01bc5a1f,32.1,658.2,0:00:00,0:00:00,-,-,0,-,,,,,04,1,00000000,00,10
2025-06-12 10:57:52,,,867488060285201,13960,HBD
2025-06-12 10:58:15,2025-06-12 10:58:15,2025-06-12 10:58:15,867488060285201,13961,GTHBM,0x09fe7fbf,,802003,0x0a04,0x0a14,99,11494,0000,0000,01,00,22,12,-,01,100.0,263,759,-23.505668,-46.889987,0724,0005,b2f3,01be4102,33.0,659.0,0:00:00,0:00:00,-,-,0,-,,,,,,,,,05
2025-06-12 10:58:43,2025-06-12 10:58:43,2025-06-12 10:58:41,867488060285201,13962,GTERI,0x09fe3fbf,0x00028102,802003,0x0a04,0x0a14,99,11550,0000,-,01,00,22,12,-,01,92.9,262,747,-23.506405,-46.896978,0724,0005,b2f3,01ade20d,33.7,659.8,0:00:00,0:00:00,-,-,0,-,,,,,04,3,00000000,00,10
2025-06-12 10:58:49,2025-06-12 10:58:49,2025-06-12 10:58:49,867488060285201,13963,GTHBM,0x09fe7fbf,,802003,0x0a04,0x0a14,99,11604,0000,0000,01,00,22,12,-,01,91.6,258,752,-23.506692,-46.898975,0724,0005,b2f3,01ade20f,33.9,659.9,0:00:00,0:00:00,-,-,0,-,,,,,,,,,05
2025-06-12 10:59:23,2025-06-12 10:59:23,2025-06-12 10:59:23,867488060285201,13964,GTHBM,0x09fe7fbf,,802003,0x0a04,0x0a14,99,11710,0000,0000,01,00,22,12,-,01,88.8,252,758,-23.508839,-46.906711,0724,0005,b2f3,01ade203,34.7,660.8,0:00:00,0:00:00,-,-,0,-,,,,,,,,,05
2025-06-12 10:59:43,2025-06-12 10:59:43,2025-06-12 10:59:41,867488060285201,13965,GTERI,0x09fe3fbf,0x00028102,802003,0x0a04,0x0a14,100,11602,0000,-,01,00,22,12,-,01,89.5,252,751,-23.510039,-46.910869,0724,0005,b2f3,01adf802,35.2,661.2,0:00:00,0:00:00,-,-,0,-,,,,,04,7,00000000,00,10
2025-06-12 10:59:51,,,867488060285201,13967,HBD
2025-06-12 10:59:58,2025-06-12 10:59:59,2025-06-12 10:59:58,867488060285201,13968,GTHBM,0x09fe7fbf,,802003,0x0a04,0x0a14,100,11767,0000,0000,01,00,22,12,-,01,76.2,251,747,-23.511078,-46.914395,0724,0005,b2f3,01adf80b,35.5,661.6,0:00:00,0:00:00,-,-,0,-,,,,,,,,,05
2025-06-12 11:00:30,2025-06-12 11:00:30,2025-06-12 11:00:30,867488060285201,13969,GTHBM,0x09fe7fbf,,802003,0x0a04,0x0a14,100,11756,0000,0000,01,00,22,12,-,01,86.9,244,757,-23.513712,-46.920636,0724,0005,b2f3,01adf801,36.2,662.3,0:00:00,0:00:00,-,-,0,-,,,,,,,,,05
2025-06-12 11:00:43,2025-06-12 11:00:43,2025-06-12 11:00:41,867488060285201,13970,GTERI,0x09fe3fbf,0x00028102,802003,0x0a04,0x0a14,100,11703,0000,-,01,00,22,12,-,01,92.3,244,767,-23.514769,-46.923054,0724,0005,b2f3,01adf801,36.5,662.6,0:00:00,0:00:00,-,-,0,-,,,,,04,7,00000000,00,10
2025-06-12 11:01:03,2025-06-12 11:01:03,2025-06-12 11:01:03,867488060285201,13971,GTHBM,0x09fe7fbf,,802003,0x0a04,0x0a14,100,13279,0000,0000,01,00,22,12,-,01,82.1,254,762,-23.516411,-46.928013,0724,0005,b2f3,01ae0003,37.1,663.1,0:00:00,0:00:00,-,-,0,-,,,,,,,,,05
2025-06-12 11:01:34,2025-06-12 11:01:34,2025-06-12 11:01:34,867488060285201,13972,GTHBM,0x09fe7fbf,,802003,0x0a04,0x0a14,100,11597,0000,0000,01,00,22,12,-,01,77.5,263,759,-23.517392,-46.934462,0724,0005,a79f,01b89c03,37.7,663.8,0:00:00,0:00:00,-,-,0,-,,,,,,,,,05
2025-06-12 11:01:43,2025-06-12 11:01:43,2025-06-12 11:01:41,867488060285201,13973,GTERI,0x09fe3fbf,0x00028102,802003,0x0a04,0x0a14,100,11571,0000,-,01,00,22,12,-,01,73.9,263,763,-23.517536,-46.935892,0724,0005,b2f3,01ae0013,37.9,663.9,0:00:00,0:00:00,-,-,0,-,,,,,04,3,00000000,00,10
2025-06-12 11:01:51,,,867488060285201,13975,HBD
2025-06-12 11:02:07,2025-06-12 11:02:07,2025-06-12 11:02:07,867488060285201,13976,GTHBM,0x09fe7fbf,,802003,0x0a04,0x0a14,100,11559,0000,0000,01,00,22,12,-,01,42.1,264,774,-23.517907,-46.940032,0724,0005,b2f3,01afd71d,38.3,664.3,0:00:00,0:00:00,-,-,0,-,,,,,,,,,05
2025-06-12 11:02:11,2025-06-12 11:02:11,2025-06-12 11:02:11,867488060285201,13977,GTHBM,0x09fe7fbf,,802003,0x0a04,0x0a14,100,11410,0000,0000,01,00,22,12,-,01,25.7,264,774,-23.517935,-46.940399,0724,0005,b2f3,01afd71d,38.3,664.4,0:00:00,0:00:00,-,-,0,-,,,,,,,,,00
2025-06-12 11:02:19,2025-06-12 11:02:19,2025-06-12 11:02:19,867488060285201,13978,GTHBM,0x09fe7fbf,,802003,0x0a04,0x0a14,100,11576,0000,0000,01,00,22,12,-,01,0.9,267,774,-23.51795,-46.940619,0724,0005,b2f3,01afd71d,38.3,664.4,0:00:00,0:00:00,-,-,0,-,,,,,,,,,05
2025-06-12 11:02:43,2025-06-12 11:02:43,2025-06-12 11:02:41,867488060285201,13979,GTERI,0x09fe3fbf,0x00028102,802003,0x0a04,0x0a14,100,11613,0000,-,01,00,22,12,-,01,4.2,264,773,-23.517973,-46.940811,0724,0005,b2f3,01ae000f,38.4,664.4,0:00:00,0:00:00,-,-,0,-,,,,,04,3,00000000,00,10
2025-06-12 11:03:03,2025-06-12 11:03:03,2025-06-12 11:03:03,867488060285201,13980,GTHBM,0x09fe7fbf,,802003,0x0a04,0x0a14,100,11744,0000,0000,01,00,22,12,-,01,16.6,263,774,-23.517983,-46.940881,0724,0005,b2f3,01afd701,38.4,664.4,0:00:00,0:00:00,-,-,0,-,,,,,,,,,01
2025-06-12 11:03:15,2025-06-12 11:03:15,2025-06-12 11:03:15,867488060285201,13981,GTHBM,0x09fe7fbf,,802003,0x0a04,0x0a14,100,11761,0000,0000,01,00,22,12,-,01,54.6,259,772,-23.518162,-46.942137,0724,0005,b2f3,01afd701,38.5,664.5,0:00:00,0:00:00,-,-,0,-,,,,,,,,,05
2025-06-12 11:03:43,2025-06-12 11:03:43,2025-06-12 11:03:41,867488060285201,13982,GTERI,0x09fe3fbf,0x00028102,802003,0x0a04,0x0a14,100,11934,0000,-,01,00,22,12,-,01,93.5,262,759,-23.518897,-46.947372,0724,0005,b2f3,01afd701,39.1,665.1,0:00:00,0:00:00,-,-,0,-,,,,,04,7,00000000,00,10
2025-06-12 11:03:47,2025-06-12 11:03:47,2025-06-12 11:03:47,867488060285201,13983,GTHBM,0x09fe7fbf,,802003,0x0a04,0x0a14,100,11779,0000,0000,01,00,22,12,-,01,98.4,262,759,-23.519102,-46.948931,0724,0005,b2f3,01afd701,39.2,665.2,0:00:00,0:00:00,-,-,0,-,,,,,,,,,05
2025-06-12 11:03:51,,,867488060285201,13985,HBD
2025-06-12 11:04:19,2025-06-12 11:04:19,2025-06-12 11:04:19,867488060285201,13986,GTHBM,0x09fe7fbf,,802003,0x0a04,0x0a14,100,11834,0000,0000,01,00,22,12,-,01,101.5,293,789,-23.517891,-46.957566,0724,0005,b2f3,01afd71e,40.1,666.1,0:00:00,0:00:00,-,-,0,-,,,,,,,,,05
2025-06-12 11:04:43,2025-06-12 11:04:43,2025-06-12 11:04:41,867488060285201,13987,GTERI,0x09fe3fbf,0x00028102,802003,0x0a04,0x0a14,100,11819,0000,-,01,00,22,12,-,01,94.7,298,814,-23.515738,-46.962709,0724,0005,b2f3,01afd71e,40.7,666.8,0:00:00,0:00:00,-,-,0,-,,,,,04,1,00000000,00,10
2025-06-12 11:04:51,2025-06-12 11:04:51,2025-06-12 11:04:51,867488060285201,13988,GTHBM,0x09fe7fbf,,802003,0x0a04,0x0a14,100,12047,0000,0000,01,00,22,12,-,01,91.1,302,824,-23.514588,-46.964881,0724,0005,b2f3,01afd71e,40.9,667.0,0:00:00,0:00:00,-,-,0,-,,,,,,,,,05
2025-06-12 11:05:23,2025-06-12 11:05:23,2025-06-12 11:05:23,867488060285201,13989,GTHBM,0x09fe7fbf,,802003,0x0a04,0x0a14,100,12091,0000,0000,01,00,22,12,-,01,99.3,304,855,-23.510349,-46.971771,0724,0005,b2f3,01afd71e,41.8,667.8,0:00:00,0:00:00,-,-,0,-,,,,,,,,,05
2025-06-12 11:05:38,2025-06-12 11:05:38,2025-06-12 11:05:38,867488060285201,13990,GTSPD,0x09fe7fbf,,802003,0x0a04,0x0a14,100,11953,0000,0000,01,00,22,12,-,01,113.8,304,857,-23.508124,-46.975354,0724,0005,b2f3,01afd71e,42.2,668.3,0:00:00,0:00:00,-,-,0,-,,,,,,,,,00
2025-06-12 11:05:47,2025-06-12 11:05:43,2025-06-12 11:05:41,867488060285201,13991,GTERI,0x09fe3fbf,0x00028102,802003,0x0a04,0x0a14,100,11654,0000,-,01,00,22,12,-,01,117.8,306,855,-23.50761,-46.97612,0724,0005,b2f3,01afd71e,42.4,668.4,0:00:00,0:00:00,-,-,0,-,,,,,04,1,00000000,00,10
2025-06-12 11:06:05,2025-06-12 11:05:43,2025-06-12 11:05:41,867488060285201,13991,GTERI,0x09fe3fbf,0x00028102,802003,0x0a04,0x0a14,100,11654,0000,-,01,00,22,12,-,01,117.8,306,855,-23.50761,-46.97612,0724,0005,b2f3,01afd71e,42.4,668.4,0:00:00,0:00:00,-,-,0,-,,,,,04,1,00000000,00,10
2025-06-12 11:06:05,,,867488060285201,13993,HBD
2025-06-12 11:06:06,2025-06-12 11:05:56,2025-06-12 11:05:55,867488060285201,13994,GTHBM,0x09fe7fbf,,802003,0x0a04,0x0a14,100,11843,0000,0000,01,00,22,12,-,01,121.5,319,854,-23.50467,-46.979494,0724,0005,a79f,01afd10d,42.8,668.8,0:00:00,0:00:00,-,-,0,-,,,,,,,,,05
2025-06-12 11:06:27,2025-06-12 11:06:28,2025-06-12 11:06:27,867488060285201,13995,GTHBM,0x09fe7fbf,,802003,0x0a04,0x0a14,100,13667,0000,0000,01,00,22,12,-,01,110.9,336,837,-23.496721,-46.984366,0724,0005,b2f3,01b37301,43.8,669.9,0:00:00,0:00:00,-,-,0,-,,,,,,,,,05
2025-06-12 11:06:43,2025-06-12 11:06:43,2025-06-12 11:06:42,867488060285201,13996,GTERI,0x09fe3fbf,0x00028102,802003,0x0a04,0x0a14,100,13554,0000,-,01,00,22,12,-,01,107.9,327,815,-23.493051,-46.986429,0724,0005,b2f3,01b37301,44.3,670.4,0:00:00,0:00:00,-,-,0,-,,,,,04,7,00000000,00,10
2025-06-12 11:06:54,2025-06-12 11:06:54,2025-06-12 11:06:54,867488060285201,13997,GTSPD,0x09fe7fbf,,802003,0x0a04,0x0a14,100,11522,0000,0000,01,00,22,12,-,01,111.0,324,810,-23.490372,-46.988479,0724,0005,b2f3,01b37301,44.6,670.7,0:00:00,0:00:00,-,-,0,-,,,,,,,,,00
2025-06-12 11:06:59,2025-06-12 11:06:59,2025-06-12 11:06:59,867488060285201,13998,GTHBM,0x09fe7fbf,,802003,0x0a04,0x0a14,100,11634,0000,0000,01,00,22,12,-,01,109.9,323,813,-23.48925,-46.98936,0724,0005,b2f3,01b37301,44.8,670.8,0:00:00,0:00:00,-,-,0,-,,,,,,,,,05
2025-06-12 11:07:02,2025-06-12 11:07:02,2025-06-12 11:07:02,867488060285201,13999,GTSPD,0x09fe7fbf,,802003,0x0a04,0x0a14,100,11634,0000,0000,01,00,22,12,-,01,111.0,324,814,-23.488577,-46.989889,0724,0005,b2f3,01b37301,44.9,670.9,0:00:00,0:00:00,-,-,0,-,,,,,,,,,00
2025-06-12 11:07:15,2025-06-12 11:07:15,2025-06-12 11:07:15,867488060285201,14000,GTSPD,0x09fe7fbf,,802003,0x0a04,0x0a14,100,11910,0000,0000,01,00,22,12,-,01,110.3,324,814,-23.485659,-46.992173,0724,0005,b2f3,01b37301,45.3,671.3,0:00:00,0:00:00,-,-,0,-,,,,,,,,,00
2025-06-12 11:07:31,2025-06-12 11:07:31,2025-06-12 11:07:31,867488060285201,14001,GTHBM,0x09fe7fbf,,802003,0x0a04,0x0a14,100,11876,0000,0000,01,00,22,12,-,01,111.4,323,797,-23.482127,-46.994923,0724,0005,b2f3,01b37301,45.8,671.8,0:00:00,0:00:00,-,-,0,-,,,,,,,,,05
2025-06-12 11:07:32,2025-06-12 11:07:32,2025-06-12 11:07:32,867488060285201,14002,GTSPD,0x09fe7fbf,,802003,0x0a04,0x0a14,100,11876,0000,0000,01,00,22,12,-,01,111.6,324,796,-23.481901,-46.995101,0724,0005,b2f3,01b37301,45.8,671.8,0:00:00,0:00:00,-,-,0,-,,,,,,,,,00
2025-06-12 11:07:43,2025-06-12 11:07:43,2025-06-12 11:07:41,867488060285201,14003,GTERI,0x09fe3fbf,0x00028102,802003,0x0a04,0x0a14,100,12525,0000,-,01,00,22,12,-,01,104.6,323,794,-23.479901,-46.996669,0724,0005,b2f3,01b3730e,46.1,672.1,0:00:00,0:00:00,-,-,0,-,,,,,04,3,00000000,00,10
2025-06-12 11:08:03,2025-06-12 11:08:03,2025-06-12 11:08:03,867488060285201,14004,GTHBM,0x09fe7fbf,,802003,0x0a04,0x0a14,100,13524,0000,0000,01,00,22,12,-,01,84.6,306,791,-23.476493,-47.000794,0724,0005,b2f3,01b37303,46.6,672.7,0:00:00,0:00:00,-,-,0,-,,,,,,,,,05
2025-06-12 11:08:05,,,867488060285201,14005,HBD
2025-06-12 11:08:35,2025-06-12 11:08:35,2025-06-12 11:08:35,867488060285201,14007,GTHBM,0x09fe7fbf,,802003,0x0a04,0x0a14,100,11844,0000,0000,01,00,22,12,-,01,89.9,296,794,-23.472378,-47.007324,0724,0005,b2f3,01b37303,47.5,673.5,0:00:00,0:00:00,-,-,0,-,,,,,,,,,05
2025-06-12 11:08:43,2025-06-12 11:08:43,2025-06-12 11:08:41,867488060285201,14008,GTERI,0x09fe3fbf,0x00028102,802003,0x0a04,0x0a14,100,11737,0000,-,01,00,22,12,-,01,90.5,292,798,-23.471832,-47.008654,0724,0005,b2f3,01b37303,47.6,673.7,0:00:00,0:00:00,-,-,0,-,,,,,04,7,00000000,00,10
2025-06-12 11:09:07,2025-06-12 11:09:08,2025-06-12 11:09:07,867488060285201,14009,GTHBM,0x09fe7fbf,,802003,0x0a04,0x0a14,100,11942,0000,0000,01,00,22,12,-,01,100.2,286,814,-23.470069,-47.014768,0724,0005,b2f3,01b3730f,48.3,674.3,0:00:00,0:00:00,-,-,0,-,,,,,,,,,05
2025-06-12 11:09:22,2025-06-12 11:09:23,2025-06-12 11:09:22,867488060285201,14010,GTSPD,0x09fe7fbf,,802003,0x0a04,0x0a14,100,11960,0000,0000,01,00,22,12,-,01,112.0,286,804,-23.468934,-47.018967,0724,0005,b8cf,01baa81e,48.7,674.8,0:00:00,0:00:00,-,-,0,-,,,,,,,,,00
2025-06-12 11:09:40,2025-06-12 11:09:40,2025-06-12 11:09:39,867488060285201,14011,GTHBM,0x09fe7fbf,,802003,0x0a04,0x0a14,100,11771,0000,0000,01,00,22,12,-,01,99.1,297,798,-23.46731,-47.023574,0724,0005,b8cf,01baa81f,49.2,675.3,0:00:00,0:00:00,-,-,0,-,,,,,,,,,05
2025-06-12 11:09:43,2025-06-12 11:09:43,2025-06-12 11:09:41,867488060285201,14012,GTERI,0x09fe3fbf,0x00028102,802003,0x0a04,0x0a14,100,11840,0000,-,01,00,22,12,-,01,95.2,299,799,-23.467079,-47.024033,0724,0005,b8cf,01baa81f,49.3,675.3,0:00:00,0:00:00,-,-,0,-,,,,,04,1,00000000,00,10
2025-06-12 11:10:05,,,867488060285201,14013,HBD
2025-06-12 11:10:11,2025-06-12 11:10:11,2025-06-12 11:10:11,867488060285201,14015,GTHBM,0x09fe7fbf,,802003,0x0a04,0x0a14,100,11636,0000,0000,01,00,22,12,-,01,105.7,291,812,-23.463646,-47.030764,0724,0005,b8cf,01baa81f,50.1,676.1,0:00:00,0:00:00,-,-,0,-,,,,,,,,,05
2025-06-12 11:10:38,2025-06-12 11:10:38,2025-06-12 11:10:38,867488060285201,14016,GTSPD,0x09fe7fbf,,802003,0x0a04,0x0a14,100,11920,0000,0000,01,00,22,12,-,01,110.2,288,776,-23.462199,-47.038423,0724,0005,b8cf,01baa81f,50.9,676.9,0:00:00,0:00:00,-,-,0,-,,,,,,,,,00
2025-06-12 11:10:43,2025-06-12 11:10:43,2025-06-12 11:10:43,867488060285201,14017,GTHBM,0x09fe7fbf,,802003,0x0a04,0x0a14,100,11664,0000,0000,01,00,22,12,-,01,110.9,295,772,-23.46168,-47.039817,0724,0005,b8cf,01baa81f,51.0,677.1,0:00:00,0:00:00,-,-,0,-,,,,,,,,,05
2025-06-12 11:10:43,2025-06-12 11:10:43,2025-06-12 11:10:42,867488060285201,14018,GTERI,0x09fe3fbf,0x00028102,802003,0x0a04,0x0a14,100,11664,0000,-,01,00,22,12,-,01,111.1,293,773,-23.461796,-47.039543,0724,0005,b8cf,01baa81f,51.0,677.1,0:00:00,0:00:00,-,-,0,-,,,,,04,1,00000000,00,10
2025-06-12 11:11:03,2025-06-12 11:11:03,2025-06-12 11:11:03,867488060285201,14019,GTSPD,0x09fe7fbf,,802003,0x0a04,0x0a14,100,11853,0000,0000,01,00,22,12,-,01,110.7,295,765,-23.459313,-47.045115,0724,0005,b8cf,01baa81f,51.6,677.7,0:00:00,0:00:00,-,-,0,-,,,,,,,,,00
2025-06-12 11:11:15,2025-06-12 11:11:15,2025-06-12 11:11:15,867488060285201,14020,GTHBM,0x09fe7fbf,,802003,0x0a04,0x0a14,100,11618,0000,0000,01,00,22,12,-,01,120.8,296,758,-23.457803,-47.04846,0724,0005,b8cf,01adc60e,52.0,678.0,0:00:00,0:00:00,-,-,0,-,,,,,,,,,05
2025-06-12 11:11:43,2025-06-12 11:11:43,2025-06-12 11:11:41,867488060285201,14021,GTERI,0x09fe3fbf,0x00028102,802003,0x0a04,0x0a14,100,12034,0000,-,01,00,22,12,-,01,131.1,325,748,-23.452564,-47.055182,0724,0005,b8cf,01adc60f,52.9,679.0,0:00:00,0:00:00,-,-,0,-,,,,,04,3,00000000,00,10
2025-06-12 11:11:47,2025-06-12 11:11:47,2025-06-12 11:11:47,867488060285201,14022,GTHBM,0x09fe7fbf,,802003,0x0a04,0x0a14,100,11871,0000,0000,01,00,22,12,-,01,130.0,325,745,-23.450938,-47.056403,0724,0005,b8cf,01adc502,53.1,679.2,0:00:00,0:00:00,-,-,0,-,,,,,,,,,05
2025-06-12 11:12:05,,,867488060285201,14023,HBD
2025-06-12 11:12:09,2025-06-12 11:12:09,2025-06-12 11:12:09,867488060285201,14025,GTSPD,0x09fe7fbf,,802003,0x0a04,0x0a14,100,11744,0000,0000,01,00,22,12,-,01,112.0,325,733,-23.445687,-47.060367,0724,0005,b8cf,01adc60d,53.8,679.9,0:00:00,0:00:00,-,-,0,-,,,,,,,,,00
2025-06-12 11:12:19,2025-06-12 11:12:19,2025-06-12 11:12:19,867488060285201,14026,GTHBM,0x09fe7fbf,,802003,0x0a04,0x0a14,100,11750,0000,0000,01,00,22,12,-,01,100.1,325,734,-23.44354,-47.061985,0724,0005,b8cf,01adc60d,54.1,680.2,0:00:00,0:00:00,-,-,0,-,,,,,,,,,05
2025-06-12 11:12:43,2025-06-12 11:12:43,2025-06-12 11:12:41,867488060285201,14027,GTERI,0x09fe3fbf,0x00028102,802003,0x0a04,0x0a14,100,13564,0000,-,01,00,22,12,-,01,96.2,308,724,-23.439162,-47.065749,0724,0005,b8cf,01adc70a,54.8,680.8,0:00:00,0:00:00,-,-,0,-,,,,,04,28,00000000,00,10
2025-06-12 11:12:54,2025-06-12 11:12:55,2025-06-12 11:12:54,867488060285201,14028,GTHBM,0x09fe7fbf,,802003,0x0a04,0x0a14,100,11871,0000,0000,01,00,22,12,-,01,100.0,284,714,-23.437806,-47.068865,0724,0005,b8cf,01adc512,55.1,681.2,0:00:00,0:00:00,-,-,0,-,,,,,,,,,05
2025-06-12 11:13:26,2025-06-12 11:13:26,2025-06-12 11:13:26,867488060285201,14029,GTHBM,0x09fe7fbf,,802003,0x0a04,0x0a14,100,11791,0000,0000,01,00,22,12,-,01,104.9,272,711,-23.436234,-47.077777,0724,0005,b8cf,01adc70d,56.0,682.1,0:00:00,0:00:00,-,-,0,-,,,,,,,,,05
2025-06-12 11:13:43,2025-06-12 11:13:43,2025-06-12 11:13:42,867488060285201,14030,GTERI,0x09fe3fbf,0x00028102,802003,0x0a04,0x0a14,100,12047,0000,-,01,00,22,12,-,01,104.7,270,699,-23.436224,-47.082259,0724,0005,b8cf,01adc713,56.5,682.6,0:00:00,0:00:00,-,-,0,-,,,,,04,3,00000000,00,10
2025-06-12 11:13:58,2025-06-12 11:13:58,2025-06-12 11:13:58,867488060285201,14031,GTHBM,0x09fe7fbf,,802003,0x0a04,0x0a14,100,11955,0000,0000,01,00,22,12,-,01,110.2,270,683,-23.436217,-47.086908,0724,0005,b8cf,01adc713,57.0,683.0,0:00:00,0:00:00,-,-,0,-,,,,,,,,,05
2025-06-12 11:14:05,,,867488060285201,14032,HBD
2025-06-12 11:14:16,2025-06-12 11:14:16,2025-06-12 11:14:16,867488060285201,14034,GTSPD,0x09fe7fbf,,802003,0x0a04,0x0a14,100,11946,0000,0000,01,00,22,12,-,01,110.6,270,666,-23.436212,-47.0922,0724,0005,b8cf,01adc713,57.5,683.6,0:00:00,0:00:00,-,-,0,-,,,,,,,,,00
2025-06-12 11:14:30,2025-06-12 11:14:30,2025-06-12 11:14:30,867488060285201,14035,GTHBM,0x09fe7fbf,,802003,0x0a04,0x0a14,100,13625,0000,0000,01,00,22,12,-,01,94.3,258,666,-23.436507,-47.096108,0724,0005,b8cf,01adc70f,57.9,684.0,0:00:00,0:00:00,-,-,0,-,,,,,,,,,05
2025-06-12 11:14:43,2025-06-12 11:14:43,2025-06-12 11:14:41,867488060285201,14036,GTERI,0x09fe3fbf,0x00028102,802003,0x0a04,0x0a14,100,11304,0000,-,01,00,22,12,-,01,92.4,253,673,-23.437185,-47.098762,0724,0005,b8cf,01adc503,58.2,684.3,0:00:00,0:00:00,-,-,0,-,,,,,04,7,00000000,00,10
2025-06-12 11:15:02,2025-06-12 11:15:02,2025-06-12 11:15:02,867488060285201,14037,GTHBM,0x09fe7fbf,,802003,0x0a04,0x0a14,100,11934,0000,0000,01,00,22,12,-,01,99.4,253,685,-23.438639,-47.104049,0724,0005,b8cf,01adc80d,58.8,684.8,0:00:00,0:00:00,-,-,0,-,,,,,,,,,05
2025-06-12 11:15:35,2025-06-12 11:15:35,2025-06-12 11:15:35,867488060285201,14038,GTHBM,0x09fe7fbf,,802003,0x0a04,0x0a14,100,11999,0000,0000,01,00,22,12,-,01,107.7,285,706,-23.438819,-47.113258,0724,0005,b8cf,01adc80d,59.7,685.8,0:00:00,0:00:00,-,-,0,-,,,,,,,,,05
2025-06-12 11:15:43,2025-06-12 11:15:43,2025-06-12 11:15:41,867488060285201,14039,GTERI,0x09fe3fbf,0x00028102,802003,0x0a04,0x0a14,100,11876,0000,-,01,00,22,12,-,01,106.1,291,711,-23.438302,-47.114903,0724,0005,b8cf,01adc811,59.9,686.0,0:00:00,0:00:00,-,-,0,-,,,,,04,3,00000000,00,10
2025-06-12 11:16:05,,,867488060285201,14040,HBD
2025-06-12 11:16:08,2025-06-12 11:16:08,2025-06-12 11:16:08,867488060285201,14042,GTHBM,0x09fe7fbf,,802003,0x0a04,0x0a14,100,11950,0000,0000,01,00,22,12,-,01,108.8,305,701,-23.434743,-47.121685,0724,0005,b8cf,01adc80e,60.7,686.7,0:00:00,0:00:00,-,-,0,-,,,,,,,,,05
2025-06-12 11:16:27,2025-06-12 11:16:27,2025-06-12 11:16:27,867488060285201,14043,GTSPD,0x09fe7fbf,,802003,0x0a04,0x0a14,100,12037,0000,0000,01,00,22,12,-,01,111.2,305,678,-23.431715,-47.126269,0724,0005,b8cf,01adc80e,61.3,687.3,0:00:00,0:00:00,-,-,0,-,,,,,,,,,00
2025-06-12 11:16:40,2025-06-12 11:16:40,2025-06-12 11:16:40,867488060285201,14044,GTHBM,0x09fe7fbf,,802003,0x0a04,0x0a14,100,11839,0000,0000,01,00,22,12,-,01,106.5,297,675,-23.429746,-47.12949,0724,0005,b8cf,01adc80e,61.7,687.7,0:00:00,0:00:00,-,-,0,-,,,,,,,,,05
2025-06-12 11:16:43,2025-06-12 11:16:43,2025-06-12 11:16:42,867488060285201,14045,GTERI,0x09fe3fbf,0x00028102,802003,0x0a04,0x0a14,100,11478,0000,-,01,00,22,12,-,01,105.6,294,676,-23.429517,-47.130009,0724,0005,b8cf,01adc80f,61.8,687.8,0:00:00,0:00:00,-,-,0,-,,,,,04,3,00000000,00,10
2025-06-12 11:16:56,2025-06-12 11:16:56,2025-06-12 11:16:56,867488060285201,14046,GTHBM,0x09fe7fbf,,802003,0x0a04,0x0a14,100,12933,0000,0000,01,00,22,12,-,01,79.8,271,689,-23.428714,-47.133682,0724,0005,b8cf,01adc80e,62.1,688.2,0:00:00,0:00:00,-,-,0,-,,,,,,,,,00
2025-06-12 11:17:02,2025-06-12 11:17:02,2025-06-12 11:17:02,867488060285201,14047,GTHBM,0x09fe7fbf,,802003,0x0a04,0x0a14,100,12001,0000,0000,01,00,22,12,-,01,75.7,267,694,-23.428738,-47.134924,0724,0005,b8cf,01adc812,62.2,688.3,0:00:00,0:00:00,-,-,0,-,,,,,,,,,05
2025-06-12 11:17:36,2025-06-12 11:17:36,2025-06-12 11:17:36,867488060285201,14048,GTHBM,0x09fe7fbf,,802003,0x0a04,0x0a14,100,11953,0000,0000,01,00,22,12,-,01,104.9,301,714,-23.426999,-47.14307,0724,0005,b8cf,01bb1009,63.1,689.2,0:00:00,0:00:00,-,-,0,-,,,,,,,,,05
2025-06-12 11:17:43,2025-06-12 11:17:43,2025-06-12 11:17:41,867488060285201,14049,GTERI,0x09fe3fbf,0x00028102,802003,0x0a04,0x0a14,100,11907,0000,-,01,00,22,12,-,01,103.9,301,710,-23.426317,-47.144282,0724,0005,b8cf,01b2cd0b,63.3,689.3,0:00:00,0:00:00,-,-,0,-,,,,,04,28,00000000,00,10
2025-06-12 11:18:00,2025-06-12 11:18:00,2025-06-12 11:18:00,867488060285201,14050,GTSPD,0x09fe7fbf,,802003,0x0a04,0x0a14,100,11856,0000,0000,01,00,22,12,-,01,112.2,294,700,-23.423743,-47.149057,0724,0005,b8cf,01b2cd0b,63.8,689.9,0:00:00,0:00:00,-,-,0,-,,,,,,,,,00
2025-06-12 11:18:05,,,867488060285201,14051,HBD
2025-06-12 11:18:08,2025-06-12 11:18:08,2025-06-12 11:18:08,867488060285201,14053,GTHBM,0x09fe7fbf,,802003,0x0a04,0x0a14,100,13371,0000,0000,01,00,22,12,-,01,102.0,280,701,-23.423115,-47.151304,0724,0005,b8cf,01b2cd0b,64.1,690.1,0:00:00,0:00:00,-,-,0,-,,,,,,,,,05
2025-06-12 11:18:41,2025-06-12 11:18:41,2025-06-12 11:18:41,867488060285201,14054,GTHBM,0x09fe7fbf,,802003,0x0a04,0x0a14,100,11834,0000,0000,01,00,22,12,-,01,95.8,276,706,-23.422432,-47.159614,0724,0005,b8cf,01b4741d,64.9,691.0,0:00:00,0:00:00,-,-,0,-,,,,,,,,,05
2025-06-12 11:18:43,2025-06-12 11:18:43,2025-06-12 11:18:41,867488060285201,14055,GTERI,0x09fe3fbf,0x00028102,802003,0x0a04,0x0a14,100,11834,0000,-,01,00,22,12,-,01,95.8,276,706,-23.422432,-47.159614,0724,0005,b8cf,01b4741d,64.9,691.0,0:00:00,0:00:00,-,-,0,-,,,,,04,1,00000000,00,10
2025-06-12 11:19:15,2025-06-12 11:19:15,2025-06-12 11:19:15,867488060285201,14056,GTHBM,0x09fe7fbf,,802003,0x0a04,0x0a14,100,12049,0000,0000,01,00,22,12,-,01,103.1,274,712,-23.421645,-47.168771,0724,0005,b8cf,01b0a31d,65.9,691.9,0:00:00,0:00:00,-,-,0,-,,,,,,,,,05
2025-06-12 11:19:38,2025-06-12 11:19:38,2025-06-12 11:19:38,867488060285201,14057,GTSPD,0x09fe7fbf,,802003,0x0a04,0x0a14,100,12090,0000,0000,01,00,22,12,-,01,110.6,274,714,-23.421163,-47.175459,0724,0005,b8cf,01b0a31d,66.5,692.6,0:00:00,0:00:00,-,-,0,-,,,,,,,,,00
2025-06-12 11:19:43,2025-06-12 11:19:43,2025-06-12 11:19:42,867488060285201,14058,GTERI,0x09fe3fbf,0x00028102,802003,0x0a04,0x0a14,100,11794,0000,-,01,00,22,12,-,01,110.4,274,715,-23.421081,-47.176659,0724,0005,b8cf,01b0a31d,66.7,692.7,0:00:00,0:00:00,-,-,0,-,,,,,04,3,00000000,00,10
2025-06-12 11:19:49,2025-06-12 11:19:49,2025-06-12 11:19:49,867488060285201,14059,GTHBM,0x09fe7fbf,,802003,0x0a04,0x0a14,100,11820,0000,0000,01,00,22,12,-,01,111.6,274,716,-23.420937,-47.178764,0724,0005,b8cf,01b0a31d,66.9,692.9,0:00:00,0:00:00,-,-,0,-,,,,,,,,,05
2025-06-12 11:20:05,,,867488060285201,14060,HBD
2025-06-12 11:20:21,2025-06-12 11:20:21,2025-06-12 11:20:21,867488060285201,14062,GTHBM,0x09fe7fbf,,802003,0x0a04,0x0a14,100,12027,0000,0000,01,00,22,12,-,01,120.2,274,720,-23.420221,-47.188856,0724,0005,b8cf,01b0a31d,67.9,694.0,0:00:00,0:00:00,-,-,0,-,,,,,,,,,05
2025-06-12 11:20:43,2025-06-12 11:20:43,2025-06-12 11:20:41,867488060285201,14063,GTERI,0x09fe3fbf,0x00028102,802003,0x0a04,0x0a14,100,11984,0000,-,01,00,22,12,-,01,107.9,274,723,-23.419771,-47.195193,0724,0005,b8cf,01b0a31d,68.6,694.6,0:00:00,0:00:00,-,-,0,-,,,,,04,3,00000000,00,10
2025-06-12 11:20:54,2025-06-12 11:20:54,2025-06-12 11:20:54,867488060285201,14064,GTHBM,0x09fe7fbf,,802003,0x0a04,0x0a14,100,11814,0000,0000,01,00,22,12,-,01,105.4,274,724,-23.419497,-47.198961,0724,0005,b8cf,01b0a31d,69.0,695.0,0:00:00,0:00:00,-,-,0,-,,,,,,,,,05
2025-06-12 11:21:26,2025-06-12 11:21:26,2025-06-12 11:21:26,867488060285201,14065,GTHBM,0x09fe7fbf,,802003,0x0a04,0x0a14,100,12063,0000,0000,01,00,22,12,-,01,109.4,274,733,-23.418834,-47.208256,0724,0005,b8cf,01b0a31d,69.9,695.9,0:00:00,0:00:00,-,-,0,-,,,,,,,,,05
2025-06-12 11:21:53,2025-06-12 11:21:33,2025-06-12 11:21:33,867488060285201,14066,GTSPD,0x09fe7fbf,,802003,0x0a04,0x0a14,100,11945,0000,0000,01,00,22,12,-,01,110.1,274,737,-23.418688,-47.210341,0724,0005,b8cf,01b0a31d,70.1,696.2,0:00:00,0:00:00,-,-,0,-,,,,,,,,,00
2025-06-12 11:21:53,2025-06-12 11:21:51,2025-06-12 11:21:51,867488060285201,14068,GTSPD,0x09fe7fbf,,802003,0x0a04,0x0a14,100,11750,0000,0000,01,00,22,12,-,01,110.4,273,747,-23.418323,-47.215655,0724,0005,b8cf,01b0a31d,70.7,696.7,0:00:00,0:00:00,-,-,0,-,,,,,,,,,00
2025-06-12 11:21:54,2025-06-12 11:21:43,2025-06-12 11:21:41,867488060285201,14067,GTERI,0x09fe3fbf,0x00028102,802003,0x0a04,0x0a14,100,11827,0000,-,01,00,22,12,-,01,108.1,274,741,-23.418524,-47.212689,0724,0005,b8cf,01b0a31d,70.4,696.4,0:00:00,0:00:00,-,-,0,-,,,,,04,3,00000000,00,10
2025-06-12 11:22:01,2025-06-12 11:22:00,2025-06-12 11:22:00,867488060285201,14069,GTHBM,0x09fe7fbf,,802003,0x0a04,0x0a14,100,11691,0000,0000,01,00,22,12,-,01,110.2,263,751,-23.418384,-47.218342,0724,0005,b8cf,01b0a31d,70.9,697.0,0:00:00,0:00:00,-,-,0,-,,,,,,,,,05
2025-06-12 11:22:02,2025-06-12 11:22:02,2025-06-12 11:22:02,867488060285201,14070,GTSPD,0x09fe7fbf,,802003,0x0a04,0x0a14,100,11831,0000,0000,01,00,22,12,-,01,110.5,261,752,-23.418456,-47.218935,0724,0005,b8cf,01b0a31d,71.0,697.0,0:00:00,0:00:00,-,-,0,-,,,,,,,,,00
2025-06-12 11:22:05,,,867488060285201,14071,HBD
2025-06-12 11:22:33,2025-06-12 11:22:33,2025-06-12 11:22:33,867488060285201,14073,GTHBM,0x09fe7fbf,,802003,0x0a04,0x0a14,100,11747,0000,0000,01,00,22,12,-,01,118.3,254,768,-23.420695,-47.228177,0724,0005,b8cf,01b0a31e,72.0,698.0,0:00:00,0:00:00,-,-,0,-,,,,,,,,,05
2025-06-12 11:22:43,2025-06-12 11:22:43,2025-06-12 11:22:41,867488060285201,14074,GTERI,0x09fe3fbf,0x00028102,802003,0x0a04,0x0a14,100,11744,0000,-,01,00,22,12,-,01,112.6,255,774,-23.421323,-47.230644,0724,0005,b8cf,01b0a302,72.3,698.3,0:00:00,0:00:00,-,-,0,-,,,,,04,7,00000000,00,10
2025-06-12 11:23:07,2025-06-12 11:23:07,2025-06-12 11:23:06,867488060285201,14075,GTHBM,0x09fe7fbf,,802003,0x0a04,0x0a14,100,11945,0000,0000,01,00,22,12,-,01,90.6,258,794,-23.422923,-47.237037,0724,0005,b8cf,01b0a302,72.9,699.0,0:00:00,0:00:00,-,-,0,-,,,,,,,,,05
2025-06-12 11:23:37,2025-06-12 11:23:37,2025-06-12 11:23:37,867488060285201,14076,GTHBM,0x09fe7fbf,,802003,0x0a04,0x0a14,100,12113,0000,0000,01,00,22,12,-,01,102.0,288,820,-23.422493,-47.245134,0724,0005,ea6b,01bb9f0a,73.8,699.8,0:00:00,0:00:00,-,-,0,-,,,,,,,,,05
2025-06-12 11:23:43,2025-06-12 11:23:43,2025-06-12 11:23:42,867488060285201,14077,GTERI,0x09fe3fbf,0x00028102,802003,0x0a04,0x0a14,100,11979,0000,-,01,00,22,12,-,01,101.3,293,822,-23.422026,-47.24642,0724,0005,ea6b,01bb9f0a,73.9,700.0,0:00:00,0:00:00,-,-,0,-,,,,,04,28,00000000,00,10
2025-06-12 11:25:43,,,867488060285201,14078,HBD
2025-06-12 11:25:43,2025-06-12 11:24:13,2025-06-12 11:24:13,867488060285201,14080,GTSPD,0x09fe7fbf,,802003,0x0a04,0x0a14,100,12107,0000,0000,01,00,22,12,-,01,112.4,304,809,-23.417692,-47.253876,0724,0005,b8cf,01b0a003,74.8,700.8,0:00:00,0:00:00,-,-,0,-,,,,,,,,,00
2025-06-12 11:25:44,2025-06-12 11:24:09,2025-06-12 11:24:09,867488060285201,14079,GTHBM,0x09fe7fbf,,802003,0x0a04,0x0a14,100,12174,0000,0000,01,00,22,12,-,01,109.0,303,813,-23.41831,-47.252875,0724,0005,b8cf,01b0a003,74.7,700.7,0:00:00,0:00:00,-,-,0,-,,,,,,,,,05
2025-06-12 11:25:44,2025-06-12 11:24:41,2025-06-12 11:24:41,867488060285201,14082,GTHBM,0x09fe7fbf,,802003,0x0a04,0x0a14,100,13704,0000,0000,01,00,22,12,-,01,116.5,273,771,-23.414342,-47.261745,0724,0005,b8cf,01b0a003,75.7,701.7,0:00:00,0:00:00,-,-,0,-,,,,,,,,,05
2025-06-12 11:25:45,2025-06-12 11:24:43,2025-06-12 11:24:41,867488060285201,14083,GTERI,0x09fe3fbf,0x00028102,802003,0x0a04,0x0a14,100,13704,0000,-,01,00,22,12,-,01,116.5,273,771,-23.414342,-47.261745,0724,0005,b8cf,01b0a003,75.7,701.8,0:00:00,0:00:00,-,-,0,-,,,,,04,7,00000000,00,10
2025-06-12 11:25:45,2025-06-12 11:25:13,2025-06-12 11:25:13,867488060285201,14084,GTHBM,0x09fe7fbf,,802003,0x0a04,0x0a14,100,12025,0000,0000,01,00,22,12,-,01,112.1,297,724,-23.413511,-47.271625,0724,0005,b8cf,01b0a003,76.7,702.8,0:00:00,0:00:00,-,-,0,-,,,,,,,,,05
2025-06-12 11:25:46,2025-06-12 11:25:43,2025-06-12 11:25:41,867488060285201,14085,GTERI,0x09fe3fbf,0x00028102,802003,0x0a04,0x0a14,100,12199,0000,-,01,00,22,12,-,01,120.2,288,690,-23.409534,-47.279397,0724,0005,b8cf,01afe203,77.7,703.7,0:00:00,0:00:00,-,-,0,-,,,,,04,7,00000000,00,10
2025-06-12 11:25:46,2025-06-12 11:25:45,2025-06-12 11:25:45,867488060285201,14086,GTHBM,0x09fe7fbf,,802003,0x0a04,0x0a14,100,12614,0000,0000,01,00,22,12,-,01,118.3,283,686,-23.409217,-47.280646,0724,0005,b8cf,01afe203,77.8,703.8,0:00:00,0:00:00,-,-,0,-,,,,,,,,,05
2025-06-12 11:26:18,2025-06-12 11:26:19,2025-06-12 11:26:18,867488060285201,14087,GTHBM,0x09fe7fbf,,802003,0x0a04,0x0a14,100,12047,0000,0000,01,00,22,12,-,01,116.8,280,651,-23.407432,-47.291115,0724,0005,b8cf,01afe203,78.9,704.9,0:00:00,0:00:00,-,-,0,-,,,,,,,,,05
2025-06-12 11:26:43,2025-06-12 11:26:43,2025-06-12 11:26:41,867488060285201,14088,GTERI,0x09fe3fbf,0x00028102,802003,0x0a04,0x0a14,100,12116,0000,-,01,00,22,12,-,01,107.6,280,652,-23.406405,-47.297864,0724,0005,b8cf,01afe20f,79.6,705.6,0:00:00,0:00:00,-,-,0,-,,,,,04,3,00000000,00,10
2025-06-12 11:26:50,2025-06-12 11:26:51,2025-06-12 11:26:50,867488060285201,14089,GTHBM,0x09fe7fbf,,802003,0x0a04,0x0a14,100,12158,0000,0000,01,00,22,12,-,01,106.2,279,653,-23.40602,-47.30044,0724,0005,b8cf,01afe20f,79.8,705.9,0:00:00,0:00:00,-,-,0,-,,,,,,,,,05
2025-06-12 11:27:10,2025-06-12 11:27:10,2025-06-12 11:27:10,867488060285201,14090,GTSPD,0x09fe7fbf,,802003,0x0a04,0x0a14,100,11994,0000,0000,01,00,22,12,-,01,110.8,278,654,-23.40519,-47.30627,0724,0005,b8cf,01afe20f,80.4,706.5,0:00:00,0:00:00,-,-,0,-,,,,,,,,,00
2025-06-12 11:27:22,2025-06-12 11:27:22,2025-06-12 11:27:22,867488060285201,14091,GTHBM,0x09fe7fbf,,802003,0x0a04,0x0a14,100,12220,0000,0000,01,00,22,12,-,01,99.5,278,654,-23.404701,-47.309671,0724,0005,b8cf,01afe20f,80.8,706.8,0:00:00,0:00:00,-,-,0,-,,,,,,,,,05
2025-06-12 11:27:43,2025-06-12 11:27:43,2025-06-12 11:27:41,867488060285201,14092,GTERI,0x09fe3fbf,0x00028102,802003,0x0a04,0x0a14,100,12817,0000,-,01,00,22,12,-,01,106.0,278,639,-23.40399,-47.314867,0724,0005,ea6b,01afe90a,81.3,707.4,0:00:00,0:00:00,-,-,0,-,,,,,04,28,00000000,00,10
2025-06-12 11:27:43,,,867488060285201,14094,HBD
2025-06-12 11:27:49,2025-06-12 11:27:49,2025-06-12 11:27:49,867488060285201,14095,GTSPD,0x09fe7fbf,,802003,0x0a04,0x0a14,100,12042,0000,0000,01,00,22,12,-,01,111.8,278,628,-23.403654,-47.317203,0724,0005,ea6b,01afe90a,81.6,707.6,0:00:00,0:00:00,-,-,0,-,,,,,,,,,00
2025-06-12 11:27:54,2025-06-12 11:27:54,2025-06-12 11:27:54,867488060285201,14096,GTHBM,0x09fe7fbf,,802003,0x0a04,0x0a14,100,12145,0000,0000,01,00,22,12,-,01,114.7,278,621,-23.403439,-47.318726,0724,0005,ea6b,01afe90a,81.7,707.8,0:00:00,0:00:00,-,-,0,-,,,,,,,,,05
2025-06-12 11:28:26,2025-06-12 11:28:26,2025-06-12 11:28:26,867488060285201,14097,GTHBM,0x09fe7fbf,,802003,0x0a04,0x0a14,100,11991,0000,0000,01,00,22,12,-,01,113.4,280,614,-23.40197,-47.328925,0724,0005,ea6b,01afe902,82.8,708.8,0:00:00,0:00:00,-,-,0,-,,,,,,,,,05
2025-06-12 11:28:43,2025-06-12 11:28:43,2025-06-12 11:28:41,867488060285201,14098,GTERI,0x09fe3fbf,0x00028102,802003,0x0a04,0x0a14,100,12050,0000,-,01,00,22,12,-,01,106.0,284,625,-23.401109,-47.33323,0724,0005,ea6b,01afe902,83.2,709.3,0:00:00,0:00:00,-,-,0,-,,,,,04,7,00000000,00,10
2025-06-12 11:28:53,2025-06-12 11:28:53,2025-06-12 11:28:53,867488060285201,14099,GTSPD,0x09fe7fbf,,802003,0x0a04,0x0a14,100,12115,0000,0000,01,00,22,12,-,01,111.0,286,620,-23.400237,-47.336626,0724,0005,ea6b,01afe911,83.6,709.6,0:00:00,0:00:00,-,-,0,-,,,,,,,,,00
2025-06-12 11:28:58,2025-06-12 11:28:58,2025-06-12 11:28:58,867488060285201,14100,GTHBM,0x09fe7fbf,,802003,0x0a04,0x0a14,100,11893,0000,0000,01,00,22,12,-,01,110.6,287,617,-23.399818,-47.338063,0724,0005,ea6b,01afe911,83.7,709.8,0:00:00,0:00:00,-,-,0,-,,,,,,,,,05
2025-06-12 11:29:30,2025-06-12 11:29:31,2025-06-12 11:29:30,867488060285201,14101,GTHBM,0x09fe7fbf,,802003,0x0a04,0x0a14,100,12088,0000,0000,01,00,22,12,-,01,106.8,293,632,-23.396866,-47.347163,0724,0005,ea6b,01afe901,84.7,710.8,0:00:00,0:00:00,-,-,0,-,,,,,,,,,05
2025-06-12 11:29:43,2025-06-12 11:29:43,2025-06-12 11:29:41,867488060285201,14102,GTERI,0x09fe3fbf,0x00028102,802003,0x0a04,0x0a14,100,12175,0000,-,01,00,22,12,-,01,104.9,292,637,-23.395733,-47.350084,0724,0005,ea6b,01afe901,85.1,711.1,0:00:00,0:00:00,-,-,0,-,,,,,04,7,00000000,00,10
2025-06-12 11:29:44,,,867488060285201,14104,HBD
2025-06-12 11:29:56,2025-06-12 11:29:57,2025-06-12 11:29:56,867488060285201,14105,GTSPD,0x09fe7fbf,,802003,0x0a04,0x0a14,100,11924,0000,0000,01,00,22,12,-,01,112.0,292,628,-23.394185,-47.354138,0724,0005,ea6b,01afe901,85.5,711.5,0:00:00,0:00:00,-,-,0,-,,,,,,,,,00
2025-06-12 11:30:05,2025-06-12 11:30:02,2025-06-12 11:30:02,867488060285201,14106,GTHBM,0x09fe7fbf,,802003,0x0a04,0x0a14,100,11865,0000,0000,01,00,22,12,-,01,113.0,291,621,-23.393561,-47.35585,0724,0005,ea6b,01afe901,85.7,711.7,0:00:00,0:00:00,-,-,0,-,,,,,,,,,05
2025-06-12 11:30:34,2025-06-12 11:30:34,2025-06-12 11:30:34,867488060285201,14107,GTHBM,0x09fe7fbf,,802003,0x0a04,0x0a14,100,11928,0000,0000,01,00,22,12,-,01,110.9,293,587,-23.390106,-47.364837,0724,0005,9fd3,024a540e,86.7,712.7,0:00:00,0:00:00,-,-,0,-,,,,,,,,,05
2025-06-12 11:30:43,2025-06-12 11:30:43,2025-06-12 11:30:41,867488060285201,14108,GTERI,0x09fe3fbf,0x00028102,802003,0x0a04,0x0a14,100,11948,0000,-,01,00,22,12,-,01,110.1,290,583,-23.389389,-47.366788,0724,0005,9fd3,024a540e,86.9,713.0,0:00:00,0:00:00,-,-,0,-,,,,,04,3,00000000,00,10
2025-06-12 11:30:50,2025-06-12 11:30:50,2025-06-12 11:30:50,867488060285201,14109,GTSPD,0x09fe7fbf,,802003,0x0a04,0x0a14,100,11815,0000,0000,01,00,22,12,-,01,112.5,285,580,-23.3886,-47.369337,0724,0005,9fd3,024a540e,87.2,713.2,0:00:00,0:00:00,-,-,0,-,,,,,,,,,00
2025-06-12 11:31:06,2025-06-12 11:31:06,2025-06-12 11:31:06,867488060285201,14110,GTHBM,0x09fe7fbf,,802003,0x0a04,0x0a14,100,12062,0000,0000,01,00,22,12,-,01,107.6,287,586,-23.387281,-47.374027,0724,0005,9fd3,024a540e,87.7,713.7,0:00:00,0:00:00,-,-,0,-,,,,,,,,,05
2025-06-12 11:31:23,2025-06-12 11:31:23,2025-06-12 11:31:23,867488060285201,14111,GTSPD,0x09fe7fbf,,802003,0x0a04,0x0a14,100,11924,0000,0000,01,00,22,12,-,01,111.4,287,593,-23.385933,-47.378752,0724,0005,9fd3,024a5405,88.2,714.2,0:00:00,0:00:00,-,-,0,-,,,,,,,,,00
2025-06-12 11:31:40,2025-06-12 11:31:40,2025-06-12 11:31:40,867488060285201,14112,GTHBM,0x09fe7fbf,,802003,0x0a04,0x0a14,100,12081,0000,0000,01,00,22,12,-,01,113.4,287,598,-23.384534,-47.383674,0724,0005,9fd3,024a5409,88.7,714.7,0:00:00,0:00:00,-,-,0,-,,,,,,,,,05
2025-06-12 11:31:43,2025-06-12 11:31:43,2025-06-12 11:31:41,867488060285201,14113,GTERI,0x09fe3fbf,0x00028102,802003,0x0a04,0x0a14,100,12081,0000,-,01,00,22,12,-,01,113.7,287,598,-23.38445,-47.383969,0724,0005,9fd3,024a5409,88.8,714.8,0:00:00,0:00:00,-,-,0,-,,,,,04,28,00000000,00,10
2025-06-12 11:31:44,,,867488060285201,14115,HBD
2025-06-12 11:32:12,2025-06-12 11:32:12,2025-06-12 11:32:12,867488060285201,14116,GTHBM,0x09fe7fbf,,802003,0x0a04,0x0a14,100,11907,0000,0000,01,00,22,12,-,01,99.6,287,586,-23.382056,-47.392367,0724,0005,9fd3,024a540d,89.6,715.7,0:00:00,0:00:00,-,-,0,-,,,,,,,,,05
2025-06-12 11:32:43,2025-06-12 11:32:43,2025-06-12 11:32:41,867488060285201,14117,GTERI,0x09fe3fbf,0x00028102,802003,0x0a04,0x0a14,100,12180,0000,-,01,00,22,12,-,01,100.6,285,611,-23.380041,-47.399598,0724,0005,9fd3,024b0701,90.4,716.5,0:00:00,0:00:00,-,-,0,-,,,,,04,7,00000000,00,10
2025-06-12 11:32:43,2025-06-12 11:32:44,2025-06-12 11:32:43,867488060285201,14118,GTHBM,0x09fe7fbf,,802003,0x0a04,0x0a14,100,12180,0000,0000,01,00,22,12,-,01,100.0,284,612,-23.379915,-47.400126,0724,0005,9fd3,024b0701,90.5,716.5,0:00:00,0:00:00,-,-,0,-,,,,,,,,,05
2025-06-12 11:33:02,2025-06-12 11:33:02,2025-06-12 11:33:02,867488060285201,14119,GTSPD,0x09fe7fbf,,802003,0x0a04,0x0a14,100,12073,0000,0000,01,00,22,12,-,01,111.4,281,617,-23.378897,-47.405479,0724,0005,9fd3,024b0701,91.0,717.1,0:00:00,0:00:00,-,-,0,-,,,,,,,,,00
2025-06-12 11:33:16,2025-06-12 11:33:16,2025-06-12 11:33:16,867488060285201,14120,GTHBM,0x09fe7fbf,,802003,0x0a04,0x0a14,100,13096,0000,0000,01,00,22,12,-,01,104.1,280,604,-23.378161,-47.409517,0724,0005,9fd3,024b0701,91.4,717.5,0:00:00,0:00:00,-,-,0,-,,,,,,,,,05
2025-06-12 11:33:43,2025-06-12 11:33:43,2025-06-12 11:33:41,867488060285201,14121,GTERI,0x09fe3fbf,0x00028102,802003,0x0a04,0x0a14,100,11806,0000,-,01,00,22,12,-,01,102.1,280,613,-23.377032,-47.416227,0724,0005,9fd3,024b0701,92.2,718.2,0:00:00,0:00:00,-,-,0,-,,,,,04,7,00000000,00,10
2025-06-12 11:33:44,,,867488060285201,14123,HBD
2025-06-12 11:33:48,2025-06-12 11:33:48,2025-06-12 11:33:48,867488060285201,14124,GTHBM,0x09fe7fbf,,802003,0x0a04,0x0a14,100,11794,0000,0000,01,00,22,12,-,01,105.2,280,619,-23.376696,-47.418172,0724,0005,9fd3,024b0701,92.3,718.4,0:00:00,0:00:00,-,-,0,-,,,,,,,,,05
2025-06-12 11:34:20,2025-06-12 11:34:20,2025-06-12 11:34:20,867488060285201,14125,GTHBM,0x09fe7fbf,,802003,0x0a04,0x0a14,100,12541,0000,0000,01,00,22,12,-,01,96.3,280,631,-23.37513,-47.427219,0724,0005,9fd3,024b0701,93.3,719.3,0:00:00,0:00:00,-,-,0,-,,,,,,,,,05
2025-06-12 11:34:43,2025-06-12 11:34:43,2025-06-12 11:34:41,867488060285201,14126,GTERI,0x09fe3fbf,0x00028102,802003,0x0a04,0x0a14,100,12076,0000,-,01,00,22,12,-,01,101.6,280,605,-23.374178,-47.432751,0724,0005,9fd3,024b0702,93.9,719.9,0:00:00,0:00:00,-,-,0,-,,,,,04,7,00000000,00,10
2025-06-12 11:34:52,2025-06-12 11:34:52,2025-06-12 11:34:52,867488060285201,14127,GTHBM,0x09fe7fbf,,802003,0x0a04,0x0a14,100,12173,0000,0000,01,00,22,12,-,01,108.0,280,592,-23.373645,-47.435821,0724,0005,9fd3,024b0702,94.2,720.2,0:00:00,0:00:00,-,-,0,-,,,,,,,,,05
2025-06-12 11:35:01,2025-06-12 11:35:01,2025-06-12 11:35:00,867488060285201,14128,GTSPD,0x09fe7fbf,,802003,0x0a04,0x0a14,100,12012,0000,0000,01,00,22,12,-,01,110.4,280,585,-23.373238,-47.438164,0724,0005,9fd3,024b0702,94.4,720.5,0:00:00,0:00:00,-,-,0,-,,,,,,,,,00
2025-06-12 11:35:10,2025-06-12 11:35:10,2025-06-12 11:35:10,867488060285201,14129,GTSPD,0x09fe7fbf,,802003,0x0a04,0x0a14,100,11917,0000,0000,01,00,22,12,-,01,110.2,280,590,-23.372728,-47.44111,0724,0005,9fd3,024b0702,94.7,720.8,0:00:00,0:00:00,-,-,0,-,,,,,,,,,00
2025-06-12 11:35:24,2025-06-12 11:35:24,2025-06-12 11:35:24,867488060285201,14130,GTHBM,0x09fe7fbf,,802003,0x0a04,0x0a14,100,12130,0000,0000,01,00,22,12,-,01,104.8,281,607,-23.372026,-47.445135,0724,0005,9fd3,024b0702,95.1,721.2,0:00:00,0:00:00,-,-,0,-,,,,,,,,,05
2025-06-12 11:35:43,2025-06-12 11:35:43,2025-06-12 11:35:41,867488060285201,14131,GTERI,0x09fe3fbf,0x00028102,802003,0x0a04,0x0a14,100,12055,0000,-,01,00,22,12,-,01,99.1,279,622,-23.371213,-47.449662,0724,0005,9fd3,024b0702,95.6,721.7,0:00:00,0:00:00,-,-,0,-,,,,,04,7,00000000,00,10
2025-06-12 11:35:44,,,867488060285201,14133,HBD
2025-06-12 11:35:56,2025-06-12 11:35:56,2025-06-12 11:35:56,867488060285201,14134,GTHBM,0x09fe7fbf,,802003,0x0a04,0x0a14,100,11945,0000,0000,01,00,22,12,-,01,107.7,282,628,-23.370482,-47.453872,0724,0005,9fd3,024b0702,96.0,722.1,0:00:00,0:00:00,-,-,0,-,,,,,,,,,05
2025-06-12 11:36:17,2025-06-12 11:36:17,2025-06-12 11:36:17,867488060285201,14135,GTSPD,0x09fe7fbf,,802003,0x0a04,0x0a14,100,12079,0000,0000,01,00,22,12,-,01,111.0,287,626,-23.368933,-47.459766,0724,0005,9fd3,024b0702,96.7,722.7,0:00:00,0:00:00,-,-,0,-,,,,,,,,,00
2025-06-12 11:36:28,2025-06-12 11:36:28,2025-06-12 11:36:28,867488060285201,14136,GTHBM,0x09fe7fbf,,802003,0x0a04,0x0a14,100,12170,0000,0000,01,00,22,12,-,01,116.9,286,624,-23.367985,-47.463016,0724,0005,a037,024a2d02,97.0,723.1,0:00:00,0:00:00,-,-,0,-,,,,,,,,,05
2025-06-12 11:36:43,2025-06-12 11:36:43,2025-06-12 11:36:41,867488060285201,14137,GTERI,0x09fe3fbf,0x00028102,802003,0x0a04,0x0a14,100,12108,0000,-,01,00,22,12,-,01,116.8,287,622,-23.366833,-47.466989,0724,0005,a037,024a2d02,97.5,723.5,0:00:00,0:00:00,-,-,0,-,,,,,04,7,00000000,00,10
2025-06-12 11:37:00,2025-06-12 11:37:00,2025-06-12 11:37:00,867488060285201,14138,GTHBM,0x09fe7fbf,,802003,0x0a04,0x0a14,100,11945,0000,0000,01,00,22,12,-,01,107.1,287,619,-23.36529,-47.472269,0724,0005,a037,024a2d02,98.0,724.1,0:00:00,0:00:00,-,-,0,-,,,,,,,,,05
2025-06-12 11:37:32,2025-06-12 11:37:32,2025-06-12 11:37:32,867488060285201,14139,GTHBM,0x09fe7fbf,,802003,0x0a04,0x0a14,100,12172,0000,0000,01,00,22,12,-,01,110.3,287,625,-23.362749,-47.481,0724,0005,a037,024aab0e,99.0,725.0,0:00:00,0:00:00,-,-,0,-,,,,,,,,,05
2025-06-12 11:37:33,2025-06-12 11:37:33,2025-06-12 11:37:33,867488060285201,14140,GTSPD,0x09fe7fbf,,802003,0x0a04,0x0a14,100,12172,0000,0000,01,00,22,12,-,01,110.6,287,626,-23.362666,-47.481286,0724,0005,a037,024aab09,99.0,725.0,0:00:00,0:00:00,-,-,0,-,,,,,,,,,00
2025-06-12 11:37:43,2025-06-12 11:37:43,2025-06-12 11:37:41,867488060285201,14141,GTERI,0x09fe3fbf,0x00028102,802003,0x0a04,0x0a14,100,11985,0000,-,01,00,22,12,-,01,112.4,287,632,-23.361998,-47.483598,0724,0005,a037,024aab22,99.3,725.3,0:00:00,0:00:00,-,-,0,-,,,,,04,1,00000000,00,10
2025-06-12 11:37:44,,,867488060285201,14143,HBD
2025-06-12 11:38:04,2025-06-12 11:38:04,2025-06-12 11:38:04,867488060285201,14144,GTHBM,0x09fe7fbf,,802003,0x0a04,0x0a14,100,12263,0000,0000,01,00,22,12,-,01,106.1,286,645,-23.360062,-47.49023,0724,0005,a037,024a2d02,99.9,726.0,0:00:00,0:00:00,-,-,0,-,,,,,,,,,05
2025-06-12 11:38:36,2025-06-12 11:38:36,2025-06-12 11:38:36,867488060285201,14145,GTHBM,0x09fe7fbf,,802003,0x0a04,0x0a14,100,12161,0000,0000,01,00,22,12,-,01,88.7,287,639,-23.357826,-47.497924,0724,0005,a037,024aab1f,100.8,726.8,0:00:00,0:00:00,-,-,0,-,,,,,,,,,05
2025-06-12 11:38:43,2025-06-12 11:38:43,2025-06-12 11:38:41,867488060285201,14146,GTERI,0x09fe3fbf,0x00028102,802003,0x0a04,0x0a14,100,12367,0000,-,01,00,22,12,-,01,86.3,287,637,-23.357501,-47.499047,0724,0005,a037,024aab1f,100.9,727.0,0:00:00,0:00:00,-,-,0,-,,,,,04,1,00000000,00,10
2025-06-12 11:39:08,2025-06-12 11:39:08,2025-06-12 11:39:08,867488060285201,14147,GTHBM,0x09fe7fbf,,802003,0x0a04,0x0a14,100,12335,0000,0000,01,00,22,12,-,01,109.7,294,630,-23.3551,-47.505893,0724,0005,a037,024a2d02,101.6,727.7,0:00:00,0:00:00,-,-,0,-,,,,,,,,,05
2025-06-12 11:39:14,2025-06-12 11:39:14,2025-06-12 11:39:14,867488060285201,14148,GTSPD,0x09fe7fbf,,802003,0x0a04,0x0a14,100,11968,0000,0000,01,00,22,12,-,01,111.2,297,628,-23.354365,-47.507497,0724,0005,a037,024a2d02,101.8,727.9,0:00:00,0:00:00,-,-,0,-,,,,,,,,,00
2025-06-12 11:39:40,2025-06-12 11:39:40,2025-06-12 11:39:40,867488060285201,14149,GTHBM,0x09fe7fbf,,802003,0x0a04,0x0a14,100,13300,0000,0000,01,00,22,12,-,01,113.1,297,621,-23.350941,-47.514774,0724,0005,a037,024a2d0f,102.7,728.7,0:00:00,0:00:00,-,-,0,-,,,,,,,,,05
2025-06-12 11:39:43,2025-06-12 11:39:43,2025-06-12 11:39:41,867488060285201,14150,GTERI,0x09fe3fbf,0x00028102,802003,0x0a04,0x0a14,100,13300,0000,-,01,00,22,12,-,01,113.0,297,620,-23.350811,-47.515046,0724,0005,a037,024a2d0f,102.7,728.8,0:00:00,0:00:00,-,-,0,-,,,,,04,3,00000000,00,10
2025-06-12 11:39:44,,,867488060285201,14152,HBD
2025-06-12 11:40:01,2025-06-12 11:40:01,2025-06-12 11:40:01,867488060285201,14153,GTSPD,0x09fe7fbf,,802003,0x0a04,0x0a14,100,11974,0000,0000,01,00,22,12,-,01,111.1,297,614,-23.348359,-47.520243,0724,0005,a037,024a2d07,103.3,729.3,0:00:00,0:00:00,-,-,0,-,,,,,,,,,00
2025-06-12 11:40:12,2025-06-12 11:40:12,2025-06-12 11:40:12,867488060285201,14154,GTHBM,0x09fe7fbf,,802003,0x0a04,0x0a14,100,11688,0000,0000,01,00,22,12,-,01,113.8,297,610,-23.346942,-47.523233,0724,0005,a037,024a2d07,103.6,729.7,0:00:00,0:00:00,-,-,0,-,,,,,,,,,05
2025-06-12 11:40:43,2025-06-12 11:40:43,2025-06-12 11:40:42,867488060285201,14155,GTERI,0x09fe3fbf,0x00028102,802003,0x0a04,0x0a14,100,12043,0000,-,01,00,22,12,-,01,114.3,297,598,-23.343001,-47.531496,0724,0005,a037,024a2d07,104.6,730.7,0:00:00,0:00:00,-,-,0,-,,,,,04,7,00000000,00,10
2025-06-12 11:40:44,2025-06-12 11:40:44,2025-06-12 11:40:44,867488060285201,14156,GTHBM,0x09fe7fbf,,802003,0x0a04,0x0a14,100,12043,0000,0000,01,00,22,12,-,01,113.0,297,598,-23.34274,-47.532044,0724,0005,a037,024a2d07,104.6,730.7,0:00:00,0:00:00,-,-,0,-,,,,,,,,,05
2025-06-12 11:40:54,2025-06-12 11:40:54,2025-06-12 11:40:54,867488060285201,14157,GTSPD,0x09fe7fbf,,802003,0x0a04,0x0a14,100,12078,0000,0000,01,00,22,12,-,01,110.7,295,603,-23.341497,-47.534709,0724,0005,a037,024a2d07,104.9,731.0,0:00:00,0:00:00,-,-,0,-,,,,,,,,,00
2025-06-12 11:41:16,2025-06-12 11:41:16,2025-06-12 11:41:16,867488060285201,14158,GTHBM,0x09fe7fbf,,802003,0x0a04,0x0a14,100,12276,0000,0000,01,00,22,12,-,01,116.0,296,613,-23.338643,-47.540793,0724,0005,a037,024a2d07,105.6,731.7,0:00:00,0:00:00,-,-,0,-,,,,,,,,,05
2025-06-12 11:41:43,2025-06-12 11:41:43,2025-06-12 11:41:41,867488060285201,14159,GTERI,0x09fe3fbf,0x00028102,802003,0x0a04,0x0a14,100,12251,0000,-,01,00,22,12,-,01,110.2,296,603,-23.335391,-47.547739,0724,0005,a037,024f6d02,106.5,732.5,0:00:00,0:00:00,-,-,0,-,,,,,04,7,00000000,00,10
2025-06-12 11:41:44,,,867488060285201,14161,HBD
2025-06-12 11:41:46,2025-06-12 11:41:46,2025-06-12 11:41:46,867488060285201,14162,GTSPD,0x09fe7fbf,,802003,0x0a04,0x0a14,100,12251,0000,0000,01,00,22,12,-,01,111.6,296,600,-23.334763,-47.549082,0724,0005,a037,024f6d02,106.6,732.6,0:00:00,0:00:00,-,-,0,-,,,,,,,,,00
2025-06-12 11:41:48,2025-06-12 11:41:48,2025-06-12 11:41:48,867488060285201,14163,GTHBM,0x09fe7fbf,,802003,0x0a04,0x0a14,100,11951,0000,0000,01,00,22,12,-,01,113.4,296,599,-23.334504,-47.549631,0724,0005,a037,024f6d02,106.7,732.7,0:00:00,0:00:00,-,-,0,-,,,,,,,,,05
2025-06-12 11:42:19,2025-06-12 11:42:19,2025-06-12 11:42:19,867488060285201,14164,GTHBM,0x09fe7fbf,,802003,0x0a04,0x0a14,100,11901,0000,0000,01,00,22,12,-,01,112.9,297,584,-23.330432,-47.558186,0724,0005,a037,024a0009,107.6,733.7,0:00:00,0:00:00,-,-,0,-,,,,,,,,,05
2025-06-12 11:42:43,2025-06-12 11:42:43,2025-06-12 11:42:42,867488060285201,14165,GTERI,0x09fe3fbf,0x00028102,802003,0x0a04,0x0a14,100,12287,0000,-,01,00,22,12,-,01,114.9,297,579,-23.327427,-47.564561,0724,0005,a037,024a0001,108.4,734.5,0:00:00,0:00:00,-,-,0,-,,,,,04,7,00000000,00,10
2025-06-12 11:42:52,2025-06-12 11:42:52,2025-06-12 11:42:52,867488060285201,14166,GTHBM,0x09fe7fbf,,802003,0x0a04,0x0a14,100,12181,0000,0000,01,00,22,12,-,01,115.3,296,581,-23.326121,-47.567329,0724,0005,a037,024a2d07,108.7,734.7,0:00:00,0:00:00,-,-,0,-,,,,,,,,,05
2025-06-12 11:43:24,2025-06-12 11:43:24,2025-06-12 11:43:24,867488060285201,14167,GTHBM,0x09fe7fbf,,802003,0x0a04,0x0a14,100,11922,0000,0000,01,00,22,12,-,01,117.3,296,593,-23.32186,-47.57636,0724,0005,a037,024a2d03,109.7,735.8,0:00:00,0:00:00,-,-,0,-,,,,,,,,,05
2025-06-12 11:43:43,2025-06-12 11:43:43,2025-06-12 11:43:41,867488060285201,14168,GTERI,0x09fe3fbf,0x00028102,802003,0x0a04,0x0a14,100,12113,0000,-,01,00,22,12,-,01,117.9,282,598,-23.320206,-47.581433,0724,0005,a037,024a0009,110.3,736.4,0:00:00,0:00:00,-,-,0,-,,,,,04,28,00000000,00,10
2025-06-12 11:43:44,,,867488060285201,14170,HBD
2025-06-12 11:43:56,2025-06-12 11:43:56,2025-06-12 11:43:56,867488060285201,14171,GTHBM,0x09fe7fbf,,802003,0x0a04,0x0a14,100,11739,0000,0000,01,00,22,12,-,01,119.6,273,604,-23.319766,-47.586251,0724,0005,a037,024a0009,110.8,736.8,0:00:00,0:00:00,-,-,0,-,,,,,,,,,05
2025-06-12 11:44:31,2025-06-12 11:44:28,2025-06-12 11:44:28,867488060285201,14172,GTHBM,0x09fe7fbf,,802003,0x0a04,0x0a14,100,12168,0000,0000,01,00,22,12,-,01,119.6,273,618,-23.319278,-47.596666,0724,0005,a037,024a000d,111.8,737.9,0:00:00,0:00:00,-,-,0,-,,,,,,,,,05
2025-06-12 11:44:40,2025-06-12 11:44:40,2025-06-12 11:44:40,867488060285201,14173,GTSPD,0x09fe7fbf,,802003,0x0a04,0x0a14,100,12059,0000,0000,01,00,22,12,-,01,111.6,272,619,-23.319111,-47.600312,0724,0005,a037,024a000e,112.2,738.3,0:00:00,0:00:00,-,-,0,-,,,,,,,,,00
2025-06-12 11:44:43,2025-06-12 11:44:43,2025-06-12 11:44:41,867488060285201,14174,GTERI,0x09fe3fbf,0x00028102,802003,0x0a04,0x0a14,100,12117,0000,-,01,00,22,12,-,01,112.0,272,619,-23.319098,-47.600616,0724,0005,a037,024a000e,112.3,738.3,0:00:00,0:00:00,-,-,0,-,,,,,04,3,00000000,00,10
2025-06-12 11:45:00,2025-06-12 11:45:01,2025-06-12 11:45:00,867488060285201,14175,GTHBM,0x09fe7fbf,,802003,0x0a04,0x0a14,100,12481,0000,0000,01,00,22,12,-,01,106.4,272,614,-23.318823,-47.606491,0724,0005,a037,024a0006,112.9,738.9,0:00:00,0:00:00,-,-,0,-,,,,,,,,,05
2025-06-12 11:45:32,2025-06-12 11:45:32,2025-06-12 11:45:32,867488060285201,14176,GTHBM,0x09fe7fbf,,802003,0x0a04,0x0a14,100,12202,0000,0000,01,00,22,12,-,01,93.0,272,629,-23.318446,-47.614788,0724,0005,a037,024a0006,113.7,739.7,0:00:00,0:00:00,-,-,0,-,,,,,,,,,05
2025-06-12 11:45:43,2025-06-12 11:45:43,2025-06-12 11:45:42,867488060285201,14177,GTERI,0x09fe3fbf,0x00028102,802003,0x0a04,0x0a14,100,12149,0000,-,01,00,22,12,-,01,91.8,272,631,-23.318324,-47.617306,0724,0005,a037,024a0006,114.0,740.0,0:00:00,0:00:00,-,-,0,-,,,,,04,7,00000000,00,10
2025-06-12 11:45:44,,,867488060285201,14179,HBD
2025-06-12 11:46:04,2025-06-12 11:46:04,2025-06-12 11:46:04,867488060285201,14180,GTHBM,0x09fe7fbf,,802003,0x0a04,0x0a14,100,11371,0000,0000,01,00,22,12,-,01,95.1,272,628,-23.318062,-47.622817,0724,0005,a037,024a0006,114.5,740.6,0:00:00,0:00:00,-,-,0,-,,,,,,,,,05
2025-06-12 11:46:36,2025-06-12 11:46:36,2025-06-12 11:46:36,867488060285201,14181,GTHBM,0x09fe7fbf,,802003,0x0a04,0x0a14,100,12257,0000,0000,01,00,22,12,-,01,105.3,272,625,-23.317661,-47.631481,0724,0005,a037,024ac21e,115.4,741.5,0:00:00,0:00:00,-,-,0,-,,,,,,,,,05
2025-06-12 11:46:43,2025-06-12 11:46:43,2025-06-12 11:46:41,867488060285201,14182,GTERI,0x09fe3fbf,0x00028102,802003,0x0a04,0x0a14,100,12128,0000,-,01,00,22,12,-,01,102.7,272,625,-23.317597,-47.632885,0724,0005,a037,024ac21e,115.6,741.6,0:00:00,0:00:00,-,-,0,-,,,,,04,1,00000000,00,10
2025-06-12 11:47:08,2025-06-12 11:47:08,2025-06-12 11:47:08,867488060285201,14183,GTHBM,0x09fe7fbf,,802003,0x0a04,0x0a14,100,12014,0000,0000,01,00,22,12,-,01,98.4,302,637,-23.315854,-47.640031,0724,0005,a037,024ac21e,116.3,742.4,0:00:00,0:00:00,-,-,0,-,,,,,,,,,05
2025-06-12 11:47:20,2025-06-12 11:47:20,2025-06-12 11:47:20,867488060285201,14184,GTHBM,0x09fe7fbf,,802003,0x0a04,0x0a14,100,13115,0000,0000,01,00,22,12,-,01,72.4,303,641,-23.314348,-47.64244,0724,0005,a037,024ac21f,116.6,742.7,0:00:00,0:00:00,-,-,0,-,,,,,,,,,00
2025-06-12 11:47:36,2025-06-12 11:47:36,2025-06-12 11:47:36,867488060285201,14185,GTHBM,0x09fe7fbf,,802003,0x0a04,0x0a14,100,12292,0000,0000,01,00,22,12,-,01,0.0,272,643,-23.313627,-47.643641,0724,0005,a037,024ac21f,116.8,742.8,0:00:00,0:00:00,-,-,0,-,,,,,,,,,05
2025-06-12 11:47:43,2025-06-12 11:47:43,2025-06-12 11:47:41,867488060285201,14186,GTERI,0x09fe3fbf,0x00028102,802003,0x0a04,0x0a14,100,12227,0000,-,01,00,22,12,-,01,0.0,272,643,-23.313627,-47.643641,0724,0005,a037,024ac21f,116.8,742.8,0:00:00,0:00:00,-,-,0,-,,,,,04,1,00000000,00,10
2025-06-12 11:47:45,,,867488060285201,14188,HBD
2025-06-12 11:48:10,2025-06-12 11:48:11,2025-06-12 11:48:10,867488060285201,14189,GTHBM,0x09fe7fbf,,802003,0x0a04,0x0a14,100,12017,0000,0000,01,00,22,12,-,01,0.0,272,643,-23.313627,-47.643641,0724,0005,a037,024ac21f,116.8,742.8,0:00:00,0:00:00,-,-,0,-,,,,,,,,,05
2025-06-12 11:48:22,2025-06-12 11:48:23,2025-06-12 11:48:22,867488060285201,14190,GTHBM,0x09fe7fbf,,802003,0x0a04,0x0a14,100,12291,0000,0000,01,00,22,12,-,01,25.0,306,644,-23.313515,-47.643816,0724,0005,a037,024ac21f,116.8,742.8,0:00:00,0:00:00,-,-,0,-,,,,,,,,,01
2025-06-12 11:48:35,2025-06-12 11:48:36,2025-06-12 11:48:35,867488060285201,14191,GTHBM,0x09fe7fbf,,802003,0x0a04,0x0a14,100,12185,0000,0000,01,00,22,12,-,01,64.4,309,644,-23.312527,-47.645239,0724,0005,a037,024ac21f,117.0,743.0,0:00:00,0:00:00,-,-,0,-,,,,,,,,,05
2025-06-12 11:48:43,2025-06-12 11:48:43,2025-06-12 11:48:41,867488060285201,14192,GTERI,0x09fe3fbf,0x00028102,802003,0x0a04,0x0a14,100,12199,0000,-,01,00,22,12,-,01,73.9,306,642,-23.311874,-47.64613,0724,0005,a037,024ac21f,117.1,743.1,0:00:00,0:00:00,-,-,0,-,,,,,04,1,00000000,00,10
2025-06-12 11:49:07,2025-06-12 11:49:07,2025-06-12 11:49:07,867488060285201,14193,GTHBM,0x09fe7fbf,,802003,0x0a04,0x0a14,100,12009,0000,0000,01,00,22,12,-,01,99.5,305,634,-23.308567,-47.65116,0724,0005,a037,024ac21f,117.7,743.8,0:00:00,0:00:00,-,-,0,-,,,,,,,,,05
2025-06-12 11:49:34,2025-06-12 11:49:34,2025-06-12 11:49:34,867488060285201,14194,GTSPD,0x09fe7fbf,,802003,0x0a04,0x0a14,100,12145,0000,0000,01,00,22,12,-,01,110.6,303,624,-23.304389,-47.657572,0724,0005,a037,024ad903,118.5,744.6,0:00:00,0:00:00,-,-,0,-,,,,,,,,,00
2025-06-12 11:49:39,2025-06-12 11:49:39,2025-06-12 11:49:39,867488060285201,14195,GTHBM,0x09fe7fbf,,802003,0x0a04,0x0a14,100,12183,0000,0000,01,00,22,12,-,01,104.8,300,623,-23.303683,-47.658818,0724,0005,a037,024ad903,118.7,744.7,0:00:00,0:00:00,-,-,0,-,,,,,,,,,05
2025-06-12 11:49:43,2025-06-12 11:49:43,2025-06-12 11:49:41,867488060285201,14196,GTERI,0x09fe3fbf,0x00028102,802003,0x0a04,0x0a14,100,13866,0000,-,01,00,22,12,-,01,101.5,299,623,-23.30343,-47.659304,0724,0005,a037,024ad903,118.8,744.8,0:00:00,0:00:00,-,-,0,-,,,,,04,7,00000000,00,10
2025-06-12 11:49:45,,,867488060285201,14198,HBD
2025-06-12 11:50:03,2025-06-12 11:50:03,2025-06-12 11:50:03,867488060285201,14199,GTHBM,0x09fe7fbf,,802003,0x0a04,0x0a14,100,11970,0000,0000,01,00,22,12,-,01,68.4,289,621,-23.301375,-47.664267,0724,0005,a037,024ac21f,119.3,745.3,0:00:00,0:00:00,-,-,0,-,,,,,,,,,00
2025-06-12 11:50:14,2025-06-12 11:50:14,2025-06-12 11:50:14,867488060285201,14200,GTERI,0x09fe3fbf,0x00028102,802003,0x0a04,0x0a14,100,12159,0000,-,01,00,22,12,-,01,26.1,345,620,-23.30072,-47.665315,0724,0005,a037,024ac21f,119.4,745.5,0:00:00,0:00:00,-,-,0,-,,,,,04,1,00000000,00,11
2025-06-12 11:50:19,2025-06-12 11:50:19,2025-06-12 11:50:19,867488060285201,14201,GTHBM,0x09fe7fbf,,802003,0x0a04,0x0a14,100,12154,0000,0000,01,00,22,12,-,01,20.3,357,619,-23.300447,-47.665312,0724,0005,a037,024ac21f,119.4,745.5,0:00:00,0:00:00,-,-,0,-,,,,,,,,,05
2025-06-12 11:50:24,2025-06-12 11:50:24,2025-06-12 11:50:24,867488060285201,14202,GTERI,0x09fe3fbf,0x00028102,802003,0x0a04,0x0a14,100,12070,0000,-,01,00,22,12,-,01,12.0,299,619,-23.300298,-47.665426,0724,0005,a037,0249fe06,119.5,745.5,0:00:00,0:00:00,-,-,0,-,,,,,04,7,00000000,00,11
2025-06-12 11:50:27,2025-06-12 11:50:27,2025-06-12 11:50:27,867488060285201,14203,GTERI,0x09fe3fbf,0x00028102,802003,0x0a04,0x0a14,100,11993,0000,-,01,00,22,12,-,01,17.0,248,619,-23.300295,-47.66553,0724,0005,a037,024ac21f,119.5,745.5,0:00:00,0:00:00,-,-,0,-,,,,,04,1,00000000,00,11
2025-06-12 11:50:27,2025-06-12 11:50:27,2025-06-12 11:50:27,867488060285201,14204,GTHBM,0x09fe7fbf,,802003,0x0a04,0x0a14,100,11993,0000,0000,01,00,22,12,-,01,17.0,248,619,-23.300295,-47.66553,0724,0005,a037,024ac21f,119.5,745.5,0:00:00,0:00:00,-,-,0,-,,,,,,,,,02
2025-06-12 11:50:31,2025-06-12 11:50:31,2025-06-12 11:50:31,867488060285201,14205,GTERI,0x09fe3fbf,0x00028102,802003,0x0a04,0x0a14,100,12117,0000,-,01,00,22,12,-,01,21.9,191,619,-23.300461,-47.665653,0724,0005,a037,0249fe0e,119.5,745.5,0:00:00,0:00:00,-,-,0,-,,,,,04,3,00000000,00,11
2025-06-12 11:50:34,2025-06-12 11:50:34,2025-06-12 11:50:34,867488060285201,14206,GTERI,0x09fe3fbf,0x00028102,802003,0x0a04,0x0a14,100,12171,0000,-,01,00,22,12,-,01,25.2,124,619,-23.300605,-47.665565,0724,0005,a037,0249fe0e,119.5,745.5,0:00:00,0:00:00,-,-,0,-,,,,,04,3,00000000,00,11
2025-06-12 11:50:37,2025-06-12 11:50:37,2025-06-12 11:50:37,867488060285201,14207,GTERI,0x09fe3fbf,0x00028102,802003,0x0a04,0x0a14,100,12171,0000,-,01,00,22,12,-,01,25.7,57,619,-23.300589,-47.665367,0724,0005,a037,024ac905,119.5,745.6,0:00:00,0:00:00,-,-,0,-,,,,,04,7,00000000,00,11
2025-06-12 11:50:41,2025-06-12 11:50:39,2025-06-12 11:50:39,867488060285201,14208,GTERI,0x09fe3fbf,0x00028102,802003,0x0a04,0x0a14,100,12171,0000,-,01,00,22,12,-,01,23.7,11,619,-23.300485,-47.665306,0724,0005,a037,024ac905,119.5,745.6,0:00:00,0:00:00,-,-,0,-,,,,,04,7,00000000,00,11
2025-06-12 11:50:43,2025-06-12 11:50:43,2025-06-12 11:50:41,867488060285201,14209,GTERI,0x09fe3fbf,0x00028102,802003,0x0a04,0x0a14,100,12140,0000,-,01,00,22,12,-,01,25.4,351,618,-23.300365,-47.665314,0724,0005,a037,0249fe02,119.6,745.6,0:00:00,0:00:00,-,-,0,-,,,,,04,7,00000000,00,10
2025-06-12 11:50:43,2025-06-12 11:50:43,2025-06-12 11:50:43,867488060285201,14210,GTHBM,0x09fe7fbf,,802003,0x0a04,0x0a14,100,12140,0000,0000,01,00,22,12,-,01,26.2,359,618,-23.300235,-47.665323,0724,0005,a037,0249fe02,119.6,745.6,0:00:00,0:00:00,-,-,0,-,,,,,,,,,05
2025-06-12 11:50:52,2025-06-12 11:50:52,2025-06-12 11:50:52,867488060285201,14211,GTERI,0x09fe3fbf,0x00028102,802003,0x0a04,0x0a14,100,11970,0000,-,01,00,22,12,-,01,15.9,40,617,-23.299824,-47.665195,0724,0005,a037,0249fe02,119.6,745.7,0:00:00,0:00:00,-,-,0,-,,,,,04,7,00000000,00,11
2025-06-12 11:51:01,2025-06-12 11:51:01,2025-06-12 11:51:01,867488060285201,14212,GTERI,0x09fe3fbf,0x00028102,802003,0x0a04,0x0a14,100,11878,0000,-,01,00,22,12,-,01,16.4,350,617,-23.29956,-47.664979,0724,0005,a037,0249fe02,119.7,745.7,0:00:00,0:00:00,-,-,0,-,,,,,04,7,00000000,00,11
2025-06-12 11:51:15,2025-06-12 11:51:15,2025-06-12 11:51:15,867488060285201,14213,GTHBM,0x09fe7fbf,,802003,0x0a04,0x0a14,100,11756,0000,0000,01,00,22,12,-,01,7.0,23,615,-23.299228,-47.665017,0724,0005,a037,0249fe02,119.7,745.7,0:00:00,0:00:00,-,-,0,-,,,,,,,,,05
2025-06-12 11:51:43,2025-06-12 11:51:43,2025-06-12 11:51:41,867488060285201,14214,GTERI,0x09fe3fbf,0x00028102,802003,0x0a04,0x0a14,100,11987,0000,-,01,00,22,12,-,01,0.0,350,615,-23.299183,-47.665001,0724,0005,a037,0249fe06,119.7,745.7,0:00:00,0:00:00,-,-,0,-,,,,,04,7,00000000,00,10
2025-06-12 11:51:45,,,867488060285201,14216,HBD
2025-06-12 11:51:47,2025-06-12 11:51:47,2025-06-12 11:51:47,867488060285201,14217,GTHBM,0x09fe7fbf,,802003,0x0a04,0x0a14,100,11989,0000,0000,01,00,22,12,-,01,0.0,350,615,-23.299183,-47.665001,0724,0005,a037,0249fe06,119.7,745.7,0:00:00,0:00:00,-,-,0,-,,,,,,,,,05
2025-06-12 11:52:01,2025-06-12 11:52:01,2025-06-12 11:52:01,867488060285201,14218,GTSTT,0x09fe7fbf,,802003,0x0a04,0x0a14,100,12208,0000,0000,01,00,21,12,-,01,0.0,350,615,-23.299183,-47.665001,0724,0005,a037,0249fe0e,119.7,745.7,0:00:00,0:00:00,-,-,0,-
2025-06-12 11:52:08,2025-06-12 11:52:08,2025-06-12 11:52:07,867488060285201,14219,GTSTT,0x09fe7fbf,,802003,0x0a04,0x0a14,100,12294,0000,0000,01,00,22,12,-,01,0.0,350,615,-23.299183,-47.665001,0724,0005,a037,0249fe02,119.7,745.7,0:00:00,0:00:00,-,-,0,-
2025-06-12 11:52:43,2025-06-12 11:52:43,2025-06-12 11:52:41,867488060285201,14220,GTERI,0x09fe3fbf,0x00028102,802003,0x0a04,0x0a14,100,12102,0000,-,01,00,22,12,-,01,0.0,350,615,-23.299183,-47.665001,0724,0005,a037,0249fe06,119.7,745.7,0:00:00,0:00:00,-,-,0,-,,,,,04,7,00000000,00,10
2025-06-12 11:53:43,2025-06-12 11:53:43,2025-06-12 11:53:41,867488060285201,14221,GTERI,0x09fe3fbf,0x00028102,802003,0x0a04,0x0a14,100,12268,0000,-,01,00,22,12,-,01,0.0,350,615,-23.299183,-47.665001,0724,0005,a037,0249fe02,119.7,745.7,0:00:00,0:00:00,-,-,0,-,,,,,04,7,00000000,00,10
2025-06-12 11:53:45,,,867488060285201,14223,HBD
2025-06-12 11:54:09,2025-06-12 11:54:10,2025-06-12 11:54:09,867488060285201,14224,GTERI,0x09fe3fbf,0x00028102,802003,0x0a04,0x0a14,100,11974,0000,-,01,00,22,12,-,01,5.5,186,616,-23.29919,-47.665005,0724,0005,a037,0249fe02,119.7,745.7,0:00:00,0:00:00,-,-,0,-,,,,,04,7,00000000,00,11
2025-06-12 11:54:12,2025-06-12 11:54:13,2025-06-12 11:54:12,867488060285201,14225,GTERI,0x09fe3fbf,0x00028102,802003,0x0a04,0x0a14,100,11915,0000,-,01,00,22,12,-,01,4.3,242,616,-23.299199,-47.665012,0724,0005,a037,0249fe02,119.7,745.7,0:00:00,0:00:00,-,-,0,-,,,,,04,7,00000000,00,11
2025-06-12 11:54:12,2025-06-12 11:54:13,2025-06-12 11:54:12,867488060285201,14226,GTHBM,0x09fe7fbf,,802003,0x0a04,0x0a14,100,11915,0000,0000,01,00,22,12,-,01,4.3,242,616,-23.299199,-47.665012,0724,0005,a037,0249fe02,119.7,745.7,0:00:00,0:00:00,-,-,0,-,,,,,,,,,02
2025-06-12 11:54:13,2025-06-12 11:54:14,2025-06-12 11:54:13,867488060285201,14227,GTERI,0x09fe3fbf,0x00028102,802003,0x0a04,0x0a14,100,12035,0000,-,01,00,22,12,-,01,11.0,336,616,-23.299177,-47.665018,0724,0005,a037,0249fe02,119.7,745.7,0:00:00,0:00:00,-,-,0,-,,,,,04,7,00000000,00,11
2025-06-12 11:54:16,2025-06-12 11:54:17,2025-06-12 11:54:16,867488060285201,14228,GTHBM,0x09fe7fbf,,802003,0x0a04,0x0a14,100,11904,0000,0000,01,00,22,12,-,01,22.5,12,616,-23.299046,-47.665,0724,0005,a037,0249fe02,119.7,745.7,0:00:00,0:00:00,-,-,0,-,,,,,,,,,04
2025-06-12 11:54:20,2025-06-12 11:54:21,2025-06-12 11:54:20,867488060285201,14229,GTHBM,0x09fe7fbf,,802003,0x0a04,0x0a14,100,11933,0000,0000,01,00,22,12,-,01,16.8,7,615,-23.298835,-47.664945,0724,0005,a037,0249fe02,119.7,745.8,0:00:00,0:00:00,-,-,0,-,,,,,,,,,05
2025-06-12 11:54:23,2025-06-12 11:54:24,2025-06-12 11:54:23,867488060285201,14230,GTERI,0x09fe3fbf,0x00028102,802003,0x0a04,0x0a14,100,12193,0000,-,01,00,22,12,-,01,15.7,254,615,-23.298811,-47.665022,0724,0005,a037,0249fe02,119.7,745.8,0:00:00,0:00:00,-,-,0,-,,,,,04,7,00000000,00,11
2025-06-12 11:54:24,2025-06-12 11:54:25,2025-06-12 11:54:24,867488060285201,14231,GTHBM,0x09fe7fbf,,802003,0x0a04,0x0a14,100,12193,0000,0000,01,00,22,12,-,01,18.5,214,616,-23.298848,-47.665047,0724,0005,a037,0249fe02,119.7,745.8,0:00:00,0:00:00,-,-,0,-,,,,,,,,,02
2025-06-12 11:54:25,2025-06-12 11:54:26,2025-06-12 11:54:25,867488060285201,14232,GTERI,0x09fe3fbf,0x00028102,802003,0x0a04,0x0a14,100,12193,0000,-,01,00,22,12,-,01,22.2,194,616,-23.298899,-47.665061,0724,0005,a037,0249fe02,119.7,745.8,0:00:00,0:00:00,-,-,0,-,,,,,04,7,00000000,00,11
2025-06-12 11:54:28,2025-06-12 11:54:29,2025-06-12 11:54:28,867488060285201,14233,GTHBM,0x09fe7fbf,,802003,0x0a04,0x0a14,100,12193,0000,0000,01,00,22,12,-,01,30.9,196,617,-23.299103,-47.665115,0724,0005,a037,0249fe02,119.8,745.8,0:00:00,0:00:00,-,-,0,-,,,,,,,,,04
2025-06-12 11:54:32,2025-06-12 11:54:33,2025-06-12 11:54:32,867488060285201,14234,GTHBM,0x09fe7fbf,,802003,0x0a04,0x0a14,100,11877,0000,0000,01,00,22,12,-,01,30.0,217,618,-23.29937,-47.665246,0724,0005,a037,0249fe02,119.8,745.9,0:00:00,0:00:00,-,-,0,-,,,,,,,,,05
2025-06-12 11:54:43,2025-06-12 11:54:43,2025-06-12 11:54:41,867488060285201,14235,GTERI,0x09fe3fbf,0x00028102,802003,0x0a04,0x0a14,100,11877,0000,-,01,00,22,12,-,01,30.3,195,619,-23.300001,-47.66541,0724,0005,a037,0249fe02,119.9,745.9,0:00:00,0:00:00,-,-,0,-,,,,,04,7,00000000,00,10
2025-06-12 11:54:47,2025-06-12 11:54:48,2025-06-12 11:54:47,867488060285201,14236,GTERI,0x09fe3fbf,0x00028102,802003,0x0a04,0x0a14,100,11791,0000,-,01,00,22,12,-,01,23.0,259,620,-23.300294,-47.665637,0724,0005,a037,024ac901,119.9,746.0,0:00:00,0:00:00,-,-,0,-,,,,,04,7,00000000,00,11
2025-06-12 11:54:48,2025-06-12 11:54:49,2025-06-12 11:54:48,867488060285201,14237,GTHBM,0x09fe7fbf,,802003,0x0a04,0x0a14,100,11791,0000,0000,01,00,22,12,-,01,23.3,275,619,-23.300291,-47.665699,0724,0005,a037,024ad903,119.9,746.0,0:00:00,0:00:00,-,-,0,-,,,,,,,,,02
2025-06-12 11:54:52,2025-06-12 11:54:53,2025-06-12 11:54:52,867488060285201,14238,GTHBM,0x09fe7fbf,,802003,0x0a04,0x0a14,100,11705,0000,0000,01,00,22,12,-,01,26.6,245,619,-23.30031,-47.665979,0724,0005,a037,024ac901,120.0,746.0,0:00:00,0:00:00,-,-,0,-,,,,,,,,,05
2025-06-12 11:54:56,2025-06-12 11:54:57,2025-06-12 11:54:56,867488060285201,14239,GTHBM,0x09fe7fbf,,802003,0x0a04,0x0a14,100,11880,0000,0000,01,00,22,12,-,01,9.0,269,619,-23.300358,-47.666139,0724,0005,a037,024ac901,120.0,746.0,0:00:00,0:00:00,-,-,0,-,,,,,,,,,00
2025-06-12 11:55:00,2025-06-12 11:55:01,2025-06-12 11:55:00,867488060285201,14240,GTHBM,0x09fe7fbf,,802003,0x0a04,0x0a14,100,11891,0000,0000,01,00,22,12,-,01,9.8,294,619,-23.300312,-47.666226,0724,0005,a037,024ac21f,120.0,746.0,0:00:00,0:00:00,-,-,0,-,,,,,,,,,05
2025-06-12 11:55:05,2025-06-12 11:55:05,2025-06-12 11:55:05,867488060285201,14241,GTIGF,0x09fe7fbf,,802003,0x0a04,0x0a14,100,12275,0000,0000,00,00,12,12,7572,01,0.3,259,619,-23.300296,-47.666282,0724,0005,a037,024ac21f,120.0,746.0,0:00:00,0:00:00,-,-,0,-
2025-06-12 11:55:06,2025-06-12 11:55:05,2025-06-12 11:55:05,867488060285201,14242,GTSTT,0x09fe7fbf,,802003,0x0a04,0x0a14,100,12275,0000,0000,00,00,12,12,-,01,0.3,259,619,-23.300296,-47.666282,0724,0005,a037,024ac21f,120.0,746.0,0:00:00,0:00:00,-,-,0,-
2025-06-12 11:55:06,2025-06-12 11:55:06,2025-06-12 11:55:05,867488060285201,14243,GTSTC,0x09fe7fbf,,802003,0x0a04,0x0a14,100,12275,0000,0000,00,00,12,12,-,01,0.3,259,619,-23.300296,-47.666282,0724,0005,a037,024ac21f,120.0,746.0,0:00:00,0:00:00,-,-,0,-
2025-06-12 11:55:07,2025-06-12 11:55:06,2025-06-12 11:55:06,867488060285201,14244,GTERI,0x09fe3fbf,0x00028102,802003,0x0a04,0x0a14,100,12275,0000,-,00,00,12,12,-,01,0.0,259,619,-23.300297,-47.666282,0724,0005,a037,024ac21f,120.0,746.0,0:00:00,0:00:00,-,-,0,-,,,,,04,1,00000000,00,10
2025-06-12 11:55:07,2025-06-12 11:55:06,2025-06-12 11:55:06,867488060285201,14245,GTIGL,0x09fe7fbf,,802003,0x0a04,0x0a14,100,12275,0000,0000,00,00,12,12,-,01,0.0,259,619,-23.300297,-47.666282,0724,0005,a037,024ac21f,120.0,746.0,0:00:00,0:00:00,-,-,0,-,,,,,,,,,01
2025-06-12 11:55:08,2025-06-12 11:55:09,2025-06-12 11:55:08,867488060285201,14246,GTMPF,0x09fe7fbf,,802003,0x0a04,0x0a14,100,0,0000,0000,00,00,12,12,-,01,0.0,259,619,-23.300297,-47.666282,0724,0005,a037,024ac21f,120.0,746.0,0:00:00,0:00:00,-,-,0,-
2025-06-12 11:55:45,,,867488060285201,14248,HBD
2025-06-12 11:56:01,2025-06-12 11:56:01,2025-06-12 11:56:00,867488060285201,14249,GTSTT,0x09fe7fbf,,802003,0x0a04,0x0a14,96,0,0000,0000,00,00,11,12,-,01,0.0,259,618,-23.300299,-47.666282,0724,0005,a037,024ac21f,120.0,746.0,0:00:00,0:00:00,-,-,0,-
2025-06-12 11:57:45,,,867488060285201,14251,HBD
2025-06-12 11:59:45,,,867488060285201,14253,HBD
2025-06-12 12:01:45,,,867488060285201,14255,HBD
2025-06-12 12:03:45,,,867488060285201,14257,HBD
2025-06-12 12:05:46,,,867488060285201,14259,HBD
2025-06-12 12:07:46,,,867488060285201,14261,HBD
2025-06-12 12:09:46,,,867488060285201,14263,HBD
2025-06-12 12:11:46,,,867488060285201,14265,HBD
2025-06-12 12:13:46,,,867488060285201,14267,HBD
2025-06-12 12:15:46,,,867488060285201,14269,HBD
2025-06-12 12:17:46,,,867488060285201,14271,HBD
2025-06-12 12:19:46,,,867488060285201,14273,HBD
2025-06-12 12:21:46,,,867488060285201,14275,HBD
2025-06-12 12:23:46,,,867488060285201,14277,HBD
2025-06-12 12:25:47,,,867488060285201,14279,HBD
2025-06-12 12:27:47,,,867488060285201,14281,HBD
2025-06-12 12:29:47,,,867488060285201,14283,HBD
2025-06-12 12:31:47,,,867488060285201,14285,HBD
2025-06-12 12:33:47,,,867488060285201,14287,HBD
2025-06-12 12:35:47,,,867488060285201,14289,HBD
2025-06-12 12:37:47,,,867488060285201,14291,HBD
2025-06-12 12:39:47,,,867488060285201,14293,HBD
2025-06-12 12:41:47,,,867488060285201,14295,HBD
2025-06-12 12:43:48,,,867488060285201,14297,HBD
2025-06-12 12:44:31,2025-06-12 12:44:31,2025-06-12 12:44:31,867488060285201,14298,GTIGN,0x09fe7fbf,,802003,0x0a04,0x0a14,88,0,0000,0000,01,00,22,12,2966,01,0.0,259,622,-23.300295,-47.666251,0724,0005,a037,024ac21f,0.0,746.0,0:00:00,0:00:00,-,-,0,-
2025-06-12 12:44:31,2025-06-12 12:44:31,2025-06-12 12:44:31,867488060285201,14299,GTSTT,0x09fe7fbf,,802003,0x0a04,0x0a14,88,0,0000,0000,01,00,22,12,-,01,0.0,259,622,-23.300295,-47.666251,0724,0005,a037,024ac21f,0.0,746.0,0:00:00,0:00:00,-,-,0,-
2025-06-12 12:44:32,2025-06-12 12:44:32,2025-06-12 12:44:32,867488060285201,14300,GTIGL,0x09fe7fbf,,802003,0x0a04,0x0a14,88,0,0000,0000,01,00,22,12,-,01,0.0,259,622,-23.300295,-47.666251,0724,0005,a037,024ac21f,0.0,746.0,0:00:00,0:00:00,-,-,0,-,,,,,,,,,00
2025-06-12 12:44:35,2025-06-12 12:44:35,2025-06-12 12:44:34,867488060285201,14301,GTMPN,0x09fe7fbf,,802003,0x0a04,0x0a14,88,10772,0000,0000,01,00,22,12,-,01,0.0,259,622,-23.300295,-47.666251,0724,0005,a037,024ac21f,0.0,746.0,0:00:00,0:00:00,-,-,0,-
2025-06-12 12:44:36,2025-06-12 12:44:36,2025-06-12 12:44:36,867488060285201,14302,GTERI,0x09fe3fbf,0x00028102,802003,0x0a04,0x0a14,88,10772,0000,-,01,00,22,12,-,01,0.0,259,622,-23.300295,-47.666251,0724,0005,a037,024ac21f,0.0,746.0,0:00:00,0:00:00,-,-,0,-,,,,,04,1,00000000,00,10
2025-06-12 12:44:52,2025-06-12 12:44:52,2025-06-12 12:44:52,867488060285201,14303,GTERI,0x09fe3fbf,0x00028102,802003,0x0a04,0x0a14,90,11865,0000,-,01,00,22,12,-,01,4.0,171,621,-23.300308,-47.666236,0724,0005,a037,024ac21f,0.0,746.0,0:00:00,0:00:00,-,-,0,-,,,,,04,1,00000000,00,11
2025-06-12 12:44:58,2025-06-12 12:44:58,2025-06-12 12:44:58,867488060285201,14304,GTERI,0x09fe3fbf,0x00028102,802003,0x0a04,0x0a14,90,12017,0000,-,01,00,22,12,-,01,10.9,107,621,-23.300314,-47.666206,0724,0005,a037,024ac21f,0.0,746.0,0:00:00,0:00:00,-,-,0,-,,,,,04,1,00000000,00,11
2025-06-12 12:44:59,2025-06-12 12:44:59,2025-06-12 12:44:59,867488060285201,14305,GTHBM,0x09fe7fbf,,802003,0x0a04,0x0a14,90,12017,0000,0000,01,00,22,12,-,01,14.4,84,620,-23.300317,-47.666165,0724,0005,a037,024ac21f,0.0,746.0,0:00:00,0:00:00,-,-,0,-,,,,,,,,,02
2025-06-12 12:45:03,2025-06-12 12:45:03,2025-06-12 12:45:03,867488060285201,14306,GTHBM,0x09fe7fbf,,802003,0x0a04,0x0a14,91,11895,0000,0000,01,00,22,12,-,01,21.9,78,620,-23.300275,-47.665949,0724,0005,a037,024ac21f,0.0,746.0,0:00:00,0:00:00,-,-,0,-,,,,,,,,,05
2025-06-12 12:45:11,2025-06-12 12:45:11,2025-06-12 12:45:11,867488060285201,14307,GTERI,0x09fe3fbf,0x00028102,802003,0x0a04,0x0a14,94,12015,0000,-,01,00,22,12,-,01,16.9,152,620,-23.300388,-47.66569,0724,0005,a037,024ac21f,0.0,746.1,0:00:00,0:00:00,-,-,0,-,,,,,04,1,00000000,00,11
2025-06-12 12:45:16,2025-06-12 12:45:16,2025-06-12 12:45:16,867488060285201,14308,GTERI,0x09fe3fbf,0x00028102,802003,0x0a04,0x0a14,94,12025,0000,-,01,00,22,12,-,01,26.5,103,620,-23.300594,-47.665498,0724,0005,a037,024ac21f,0.1,746.1,0:00:00,0:00:00,-,-,0,-,,,,,04,1,00000000,00,11
2025-06-12 12:45:19,2025-06-12 12:45:19,2025-06-12 12:45:19,867488060285201,14309,GTERI,0x09fe3fbf,0x00028102,802003,0x0a04,0x0a14,94,12025,0000,-,01,00,22,12,-,01,24.3,55,620,-23.300526,-47.665309,0724,0005,a037,024ac21f,0.1,746.1,0:00:00,0:00:00,-,-,0,-,,,,,04,1,00000000,00,11
2025-06-12 12:45:19,2025-06-12 12:45:19,2025-06-12 12:45:19,867488060285201,14310,GTHBM,0x09fe7fbf,,802003,0x0a04,0x0a14,94,12025,0000,0000,01,00,22,12,-,01,24.3,55,620,-23.300526,-47.665309,0724,0005,a037,024ac21f,0.1,746.1,0:00:00,0:00:00,-,-,0,-,,,,,,,,,02
2025-06-12 12:45:23,2025-06-12 12:45:23,2025-06-12 12:45:23,867488060285201,14311,GTHBM,0x09fe7fbf,,802003,0x0a04,0x0a14,94,11768,0000,0000,01,00,22,12,-,01,16.9,61,619,-23.300435,-47.6651,0724,0005,a037,024ac21f,0.1,746.2,0:00:00,0:00:00,-,-,0,-,,,,,,,,,05
2025-06-12 12:45:33,2025-06-12 12:45:33,2025-06-12 12:45:33,867488060285201,14312,GTERI,0x09fe3fbf,0x00028102,802003,0x0a04,0x0a14,95,11678,0000,-,01,00,22,12,-,01,5.8,103,619,-23.300389,-47.664909,0724,0005,a037,024ac901,0.2,746.2,0:00:00,0:00:00,-,-,0,-,,,,,04,7,00000000,00,11
2025-06-12 12:45:37,2025-06-12 12:45:37,2025-06-12 12:45:35,867488060285201,14313,GTERI,0x09fe3fbf,0x00028102,802003,0x0a04,0x0a14,95,11736,0000,-,01,00,22,12,-,01,2.2,103,620,-23.3004,-47.664887,0724,0005,a037,024ac901,0.2,746.2,0:00:00,0:00:00,-,-,0,-,,,,,04,7,00000000,00,10
2025-06-12 12:45:38,2025-06-12 12:45:39,2025-06-12 12:45:38,867488060285201,14314,GTIGF,0x09fe7fbf,,802003,0x0a04,0x0a14,95,11736,0000,0000,00,00,12,12,68,01,0.6,103,621,-23.300401,-47.664879,0724,0005,a037,024ac901,0.2,746.2,0:00:00,0:00:00,-,-,0,-
2025-06-12 12:45:39,2025-06-12 12:45:39,2025-06-12 12:45:38,867488060285201,14315,GTSTT,0x09fe7fbf,,802003,0x0a04,0x0a14,95,11736,0000,0000,00,00,12,12,-,01,0.6,103,621,-23.300401,-47.664879,0724,0005,a037,024ac901,0.2,746.2,0:00:00,0:00:00,-,-,0,-
2025-06-12 12:45:39,2025-06-12 12:45:39,2025-06-12 12:45:39,867488060285201,14316,GTERI,0x09fe3fbf,0x00028102,802003,0x0a04,0x0a14,95,11736,0000,-,00,00,12,12,-,01,0.0,103,621,-23.300401,-47.664879,0724,0005,a037,024ac901,0.2,746.2,0:00:00,0:00:00,-,-,0,-,,,,,04,7,00000000,00,10
2025-06-12 12:45:40,2025-06-12 12:45:39,2025-06-12 12:45:39,867488060285201,14317,GTIGL,0x09fe7fbf,,802003,0x0a04,0x0a14,95,11736,0000,0000,00,00,12,12,-,01,0.0,103,621,-23.300401,-47.664879,0724,0005,a037,024ac901,0.2,746.2,0:00:00,0:00:00,-,-,0,-,,,,,,,,,01
2025-06-12 12:45:43,2025-06-12 12:45:43,2025-06-12 12:45:42,867488060285201,14318,GTMPF,0x09fe7fbf,,802003,0x0a04,0x0a14,95,0,0000,0000,00,00,12,12,-,01,0.0,103,621,-23.300401,-47.664879,0724,0005,a037,024ac901,0.2,746.2,0:00:00,0:00:00,-,-,0,-
2025-06-12 12:45:48,,,867488060285201,14320,HBD
2025-06-12 12:46:25,2025-06-12 12:46:25,2025-06-12 12:46:24,867488060285201,14321,GTSTT,0x09fe7fbf,,802003,0x0a04,0x0a14,77,0,0000,0000,00,00,11,12,-,01,0.0,103,621,-23.300401,-47.664879,0724,0005,a037,024ac905,0.2,746.2,0:00:00,0:00:00,-,-,0,-
2025-06-12 12:47:48,,,867488060285201,14323,HBD
2025-06-12 12:48:06,2025-06-12 12:48:07,2025-06-12 12:48:06,867488060285201,14324,GTIGN,0x09fe7fbf,,802003,0x0a04,0x0a14,74,0,0000,0000,01,00,22,12,148,01,0.0,103,621,-23.300401,-47.664879,0724,0005,a037,024ac905,0.0,746.2,0:00:00,0:00:00,-,-,0,-
2025-06-12 12:48:07,2025-06-12 12:48:07,2025-06-12 12:48:06,867488060285201,14325,GTSTT,0x09fe7fbf,,802003,0x0a04,0x0a14,74,0,0000,0000,01,00,22,12,-,01,0.0,103,621,-23.300401,-47.664879,0724,0005,a037,024ac905,0.0,746.2,0:00:00,0:00:00,-,-,0,-
2025-06-12 12:48:07,2025-06-12 12:48:07,2025-06-12 12:48:07,867488060285201,14326,GTIGL,0x09fe7fbf,,802003,0x0a04,0x0a14,74,0,0000,0000,01,00,22,12,-,01,0.0,103,621,-23.300401,-47.664879,0724,0005,a037,024ac905,0.0,746.2,0:00:00,0:00:00,-,-,0,-,,,,,,,,,00
2025-06-12 12:48:10,2025-06-12 12:48:11,2025-06-12 12:48:10,867488060285201,14327,GTMPN,0x09fe7fbf,,802003,0x0a04,0x0a14,74,10496,0000,0000,01,00,22,12,-,01,0.0,103,621,-23.300401,-47.664879,0724,0005,a037,024ac905,0.0,746.2,0:00:00,0:00:00,-,-,0,-
2025-06-12 12:48:11,2025-06-12 12:48:11,2025-06-12 12:48:11,867488060285201,14328,GTERI,0x09fe3fbf,0x00028102,802003,0x0a04,0x0a14,74,10496,0000,-,01,00,22,12,-,01,0.0,103,621,-23.300401,-47.664879,0724,0005,a037,024ac905,0.0,746.2,0:00:00,0:00:00,-,-,0,-,,,,,04,7,00000000,00,10
2025-06-12 12:49:15,2025-06-12 12:49:15,2025-06-12 12:49:14,867488060285201,14329,GTERI,0x09fe3fbf,0x00028102,802003,0x0a04,0x0a14,92,11827,0000,-,01,00,22,12,-,01,0.0,103,621,-23.300401,-47.664879,0724,0005,a037,024ac905,0.0,746.2,0:00:00,0:00:00,-,-,0,-,,,,,04,7,00000000,00,10
2025-06-12 12:49:23,2025-06-12 12:49:23,2025-06-12 12:49:22,867488060285201,14330,GTSTT,0x09fe7fbf,,802003,0x0a04,0x0a14,93,12038,0000,0000,01,00,21,12,-,01,0.0,103,621,-23.300401,-47.664879,0724,0005,a037,024ac905,0.0,746.2,0:00:00,0:00:00,-,-,0,-
2025-06-12 12:49:37,2025-06-12 12:49:37,2025-06-12 12:49:37,867488060285201,14331,GTSTT,0x09fe7fbf,,802003,0x0a04,0x0a14,93,11784,0000,0000,01,00,22,12,-,01,0.0,103,621,-23.300401,-47.664879,0724,0005,a037,024ac905,0.0,746.2,0:00:00,0:00:00,-,-,0,-
2025-06-12 12:49:39,,,867488060285201,14332,GTCRA
2025-06-12 12:49:39,,,867488060285201,14333,GTCRD
2025-06-12 12:49:40,,,867488060285201,14334,GTCRD
2025-06-12 12:49:40,,,867488060285201,14335,GTCRD
2025-06-12 12:49:41,,,867488060285201,14336,GTCRD
2025-06-12 12:49:41,,,867488060285201,14337,GTCRD
2025-06-12 12:49:42,,,867488060285201,14338,GTCRD
2025-06-12 12:49:42,,,867488060285201,14339,GTCRD
2025-06-12 12:49:43,,,867488060285201,14340,GTCRD
2025-06-12 12:49:43,,,867488060285201,14341,GTCRD
2025-06-12 12:49:43,,,867488060285201,14342,GTCRD
2025-06-12 12:49:44,,,867488060285201,14343,GTCRD
2025-06-12 12:49:44,,,867488060285201,14344,GTCRD
2025-06-12 12:49:45,,,867488060285201,14345,GTCRD
2025-06-12 12:49:46,,,867488060285201,14346,GTCRD
2025-06-12 12:49:47,,,867488060285201,14347,GTCRD
2025-06-12 12:49:48,,,867488060285201,14349,HBD
2025-06-12 12:49:54,,,867488060285201,14350,GTCRD
2025-06-12 12:49:54,,,867488060285201,14351,GTCRD
2025-06-12 12:49:55,,,867488060285201,14352,GTCRD
2025-06-12 12:49:55,,,867488060285201,14353,GTCRD
2025-06-12 12:49:56,,,867488060285201,14354,GTCRD
2025-06-12 12:49:56,,,867488060285201,14355,GTCRD
2025-06-12 12:49:57,,,867488060285201,14356,GTCRD
2025-06-12 12:49:57,,,867488060285201,14357,GTCRD
2025-06-12 12:49:58,,,867488060285201,14358,GTCRD
2025-06-12 12:49:58,,,867488060285201,14359,GTCRD
2025-06-12 12:49:59,,,867488060285201,14360,GTCRD
2025-06-12 12:49:59,,,867488060285201,14361,GTCRD
2025-06-12 12:50:00,,,867488060285201,14362,GTCRD
2025-06-12 12:50:00,,,867488060285201,14363,GTCRD
2025-06-12 12:50:01,,,867488060285201,14364,GTCRD
2025-06-12 12:50:12,2025-06-12 12:50:12,2025-06-12 12:50:12,867488060285201,14365,GTERI,0x09fe3fbf,0x00028102,802003,0x0a04,0x0a14,93,11781,0000,-,01,00,22,12,-,01,12.2,250,618,-23.300385,-47.664858,0724,0005,a037,024ac905,0.0,746.2,0:00:00,0:00:00,-,-,0,-,,,,,04,7,00000000,00,11
2025-06-12 12:50:14,2025-06-12 12:50:14,2025-06-12 12:50:14,867488060285201,14366,GTHBM,0x09fe7fbf,,802003,0x0a04,0x0a14,93,11781,0000,0000,01,00,22,12,-,01,17.8,265,620,-23.300418,-47.664926,0724,0005,a037,024ac905,0.0,746.2,0:00:00,0:00:00,-,-,0,-,,,,,,,,,04
2025-06-12 12:50:15,2025-06-12 12:50:15,2025-06-12 12:50:13,867488060285201,14367,GTERI,0x09fe3fbf,0x00028102,802003,0x0a04,0x0a14,93,11604,0000,-,01,00,22,12,-,01,14.9,255,619,-23.300404,-47.664884,0724,0005,a037,024ac905,0.0,746.2,0:00:00,0:00:00,-,-,0,-,,,,,04,7,00000000,00,10
2025-06-12 12:50:18,2025-06-12 12:50:18,2025-06-12 12:50:18,867488060285201,14368,GTHBM,0x09fe7fbf,,802003,0x0a04,0x0a14,93,11604,0000,0000,01,00,22,12,-,01,22.2,288,619,-23.300404,-47.665148,0724,0005,a037,024ac905,0.0,746.2,0:00:00,0:00:00,-,-,0,-,,,,,,,,,05
2025-06-12 12:50:21,2025-06-12 12:50:21,2025-06-12 12:50:21,867488060285201,14369,GTERI,0x09fe3fbf,0x00028102,802003,0x0a04,0x0a14,93,11397,0000,-,01,00,22,12,-,01,22.6,301,620,-23.300343,-47.665308,0724,0005,a037,024ac21f,0.1,746.2,0:00:00,0:00:00,-,-,0,-,,,,,04,1,00000000,00,11
2025-06-12 12:50:26,2025-06-12 12:50:26,2025-06-12 12:50:26,867488060285201,14370,GTERI,0x09fe3fbf,0x00028102,802003,0x0a04,0x0a14,93,11397,0000,-,01,00,22,12,-,01,24.5,236,620,-23.300325,-47.665582,0724,0005,a037,024ac21f,0.1,746.3,0:00:00,0:00:00,-,-,0,-,,,,,04,1,00000000,00,11
2025-06-12 12:50:26,2025-06-12 12:50:26,2025-06-12 12:50:26,867488060285201,14371,GTHBM,0x09fe7fbf,,802003,0x0a04,0x0a14,93,11397,0000,0000,01,00,22,12,-,01,24.5,236,620,-23.300325,-47.665582,0724,0005,a037,024ac21f,0.1,746.3,0:00:00,0:00:00,-,-,0,-,,,,,,,,,02
2025-06-12 12:50:30,2025-06-12 12:50:30,2025-06-12 12:50:30,867488060285201,14372,GTHBM,0x09fe7fbf,,802003,0x0a04,0x0a14,93,11800,0000,0000,01,00,22,12,-,01,30.3,221,620,-23.300557,-47.665753,0724,0005,a037,024ac21f,0.1,746.3,0:00:00,0:00:00,-,-,0,-,,,,,,,,,05
2025-06-12 12:50:38,2025-06-12 12:50:38,2025-06-12 12:50:38,867488060285201,14373,GTERI,0x09fe3fbf,0x00028102,802003,0x0a04,0x0a14,93,11894,0000,-,01,00,22,12,-,01,48.8,283,619,-23.300718,-47.666544,0724,0005,a037,024ac21f,0.2,746.4,0:00:00,0:00:00,-,-,0,-,,,,,04,1,00000000,00,11
2025-06-12 12:50:42,2025-06-12 12:50:42,2025-06-12 12:50:42,867488060285201,14374,GTHBM,0x09fe7fbf,,802003,0x0a04,0x0a14,93,12171,0000,0000,01,00,22,12,-,01,65.0,285,619,-23.300574,-47.667151,0724,0005,a037,024ac21f,0.2,746.4,0:00:00,0:00:00,-,-,0,-,,,,,,,,,01
2025-06-12 12:50:46,2025-06-12 12:50:46,2025-06-12 12:50:46,867488060285201,14375,GTHBM,0x09fe7fbf,,802003,0x0a04,0x0a14,93,11759,0000,0000,01,00,22,12,-,01,74.0,283,619,-23.30039,-47.667885,0724,0005,a037,024ac21f,0.3,746.5,0:00:00,0:00:00,-,-,0,-,,,,,,,,,05
2025-06-12 12:51:07,2025-06-12 12:51:07,2025-06-12 12:51:07,867488060285201,14376,GTBTC,0x09fe7fbf,,802003,0x0a04,0x0a14,93,11749,0000,0000,01,00,22,12,-,01,96.7,286,622,-23.299071,-47.672824,0724,0005,a037,0249fe0e,0.9,747.0,0:00:00,0:00:00,-,-,0,-
2025-06-12 12:51:15,2025-06-12 12:51:15,2025-06-12 12:51:13,867488060285201,14377,GTERI,0x09fe3fbf,0x00028102,802003,0x0a04,0x0a14,94,11753,0000,-,01,00,22,12,-,01,99.4,286,624,-23.298676,-47.674364,0724,0005,a037,024ac21f,1.1,747.2,0:00:00,0:00:00,-,-,0,-,,,,,04,1,00000000,00,10
2025-06-12 12:51:19,2025-06-12 12:51:19,2025-06-12 12:51:19,867488060285201,14378,GTHBM,0x09fe7fbf,,802003,0x0a04,0x0a14,95,11524,0000,0000,01,00,22,12,-,01,101.0,286,626,-23.298256,-47.675938,0724,0005,a037,024ac21f,1.2,747.4,0:00:00,0:00:00,-,-,0,-,,,,,,,,,05
2025-06-12 12:51:49,,,867488060285201,14380,HBD
2025-06-12 12:51:52,2025-06-12 12:51:51,2025-06-12 12:51:51,867488060285201,14381,GTHBM,0x09fe7fbf,,802003,0x0a04,0x0a14,100,11694,0000,0000,01,00,22,12,-,01,99.7,286,627,-23.296036,-47.684178,0724,0005,a037,0254e107,2.1,748.3,0:00:00,0:00:00,-,-,0,-,,,,,,,,,05
2025-06-12 12:52:15,2025-06-12 12:52:15,2025-06-12 12:52:14,867488060285201,14382,GTERI,0x09fe3fbf,0x00028102,802003,0x0a04,0x0a14,100,11746,0000,-,01,00,22,12,-,01,109.5,280,623,-23.294419,-47.690489,0724,0005,a037,0249ff06,2.8,749.0,0:00:00,0:00:00,-,-,0,-,,,,,04,7,00000000,00,10
2025-06-12 12:52:23,2025-06-12 12:52:23,2025-06-12 12:52:23,867488060285201,14383,GTHBM,0x09fe7fbf,,802003,0x0a04,0x0a14,100,11705,0000,0000,01,00,22,12,-,01,110.1,273,622,-23.294126,-47.69315,0724,0005,a037,0249ff06,3.0,749.2,0:00:00,0:00:00,-,-,0,-,,,,,,,,,05
2025-06-12 12:52:25,2025-06-12 12:52:25,2025-06-12 12:52:25,867488060285201,14384,GTSPD,0x09fe7fbf,,802003,0x0a04,0x0a14,100,11891,0000,0000,01,00,22,12,-,01,110.8,270,622,-23.294111,-47.69375,0724,0005,a037,0249ff06,3.1,749.3,0:00:00,0:00:00,-,-,0,-,,,,,,,,,00
2025-06-12 12:52:55,2025-06-12 12:52:55,2025-06-12 12:52:55,867488060285201,14385,GTHBM,0x09fe7fbf,,802003,0x0a04,0x0a14,100,11550,0000,0000,01,00,22,12,-,01,111.0,263,618,-23.294905,-47.702761,0724,0005,a037,0254e107,4.0,750.2,0:00:00,0:00:00,-,-,0,-,,,,,,,,,05
2025-06-12 12:53:08,2025-06-12 12:53:08,2025-06-12 12:53:08,867488060285201,14386,GTSPD,0x09fe7fbf,,802003,0x0a04,0x0a14,100,11431,0000,0000,01,00,22,12,-,01,111.1,263,617,-23.295282,-47.706595,0724,0005,a037,0254e107,4.4,750.6,0:00:00,0:00:00,-,-,0,-,,,,,,,,,00
2025-06-12 12:53:15,2025-06-12 12:53:15,2025-06-12 12:53:13,867488060285201,14387,GTERI,0x09fe3fbf,0x00028102,802003,0x0a04,0x0a14,100,11715,0000,-,01,00,22,12,-,01,112.8,264,617,-23.29544,-47.708107,0724,0005,a037,0254e107,4.6,750.8,0:00:00,0:00:00,-,-,0,-,,,,,04,7,00000000,00,10
2025-06-12 12:53:27,2025-06-12 12:53:27,2025-06-12 12:53:27,867488060285201,14388,GTHBM,0x09fe7fbf,,802003,0x0a04,0x0a14,100,11635,0000,0000,01,00,22,12,-,01,110.6,276,615,-23.295395,-47.712341,0724,0005,a037,0249ff07,5.0,751.2,0:00:00,0:00:00,-,-,0,-,,,,,,,,,05
2025-06-12 12:53:28,2025-06-12 12:53:28,2025-06-12 12:53:28,867488060285201,14389,GTSPD,0x09fe7fbf,,802003,0x0a04,0x0a14,100,11635,0000,0000,01,00,22,12,-,01,111.2,276,614,-23.295362,-47.712641,0724,0005,a037,0249ff07,5.0,751.2,0:00:00,0:00:00,-,-,0,-,,,,,,,,,00
2025-06-12 12:53:48,2025-06-12 12:53:48,2025-06-12 12:53:48,867488060285201,14390,GTSPD,0x09fe7fbf,,802003,0x0a04,0x0a14,100,11737,0000,0000,01,00,22,12,-,01,111.1,275,610,-23.294665,-47.718588,0724,0005,a037,0249f10d,5.6,751.8,0:00:00,0:00:00,-,-,0,-,,,,,,,,,00
2025-06-12 12:53:48,,,867488060285201,14392,HBD
2025-06-12 12:53:59,2025-06-12 12:53:59,2025-06-12 12:53:59,867488060285201,14393,GTHBM,0x09fe7fbf,,802003,0x0a04,0x0a14,100,11708,0000,0000,01,00,22,12,-,01,104.9,277,616,-23.294297,-47.721785,0724,0005,a037,0249f105,6.0,752.1,0:00:00,0:00:00,-,-,0,-,,,,,,,,,05
2025-06-12 12:54:15,2025-06-12 12:54:15,2025-06-12 12:54:13,867488060285201,14394,GTERI,0x09fe3fbf,0x00028102,802003,0x0a04,0x0a14,100,11837,0000,-,01,00,22,12,-,01,107.4,280,614,-23.293725,-47.72575,0724,0005,a037,0249f105,6.4,752.6,0:00:00,0:00:00,-,-,0,-,,,,,04,7,00000000,00,10
2025-06-12 12:54:31,2025-06-12 12:54:31,2025-06-12 12:54:31,867488060285201,14395,GTHBM,0x09fe7fbf,,802003,0x0a04,0x0a14,100,11685,0000,0000,01,00,22,12,-,01,107.9,280,598,-23.292786,-47.730985,0724,0005,a037,0249f107,6.9,753.1,0:00:00,0:00:00,-,-,0,-,,,,,,,,,05
2025-06-12 12:55:03,2025-06-12 12:55:03,2025-06-12 12:55:03,867488060285201,14396,GTSPD,0x09fe7fbf,,802003,0x0a04,0x0a14,100,11916,0000,0000,01,00,22,12,-,01,111.4,280,570,-23.291131,-47.740157,0724,0005,a037,0249f107,7.9,754.1,0:00:00,0:00:00,-,-,0,-,,,,,,,,,00
2025-06-12 12:55:03,2025-06-12 12:55:03,2025-06-12 12:55:03,867488060285201,14397,GTHBM,0x09fe7fbf,,802003,0x0a04,0x0a14,100,11916,0000,0000,01,00,22,12,-,01,111.4,280,570,-23.291131,-47.740157,0724,0005,a037,0249f107,7.9,754.1,0:00:00,0:00:00,-,-,0,-,,,,,,,,,05
2025-06-12 12:55:15,2025-06-12 12:55:15,2025-06-12 12:55:13,867488060285201,14398,GTERI,0x09fe3fbf,0x00028102,802003,0x0a04,0x0a14,100,12026,0000,-,01,00,22,12,-,01,111.0,281,561,-23.290593,-47.743139,0724,0005,a037,0249f107,8.2,754.4,0:00:00,0:00:00,-,-,0,-,,,,,04,7,00000000,00,10
2025-06-12 12:55:35,2025-06-12 12:55:35,2025-06-12 12:55:35,867488060285201,14399,GTHBM,0x09fe7fbf,,802003,0x0a04,0x0a14,100,13296,0000,0000,01,00,22,12,-,01,103.8,281,542,-23.289397,-47.749542,0724,0005,a037,0249f107,8.9,755.0,0:00:00,0:00:00,-,-,0,-,,,,,,,,,05
2025-06-12 12:55:48,,,867488060285201,14401,HBD
2025-06-12 12:56:07,2025-06-12 12:56:07,2025-06-12 12:56:07,867488060285201,14402,GTHBM,0x09fe7fbf,,802003,0x0a04,0x0a14,100,12139,0000,0000,01,00,22,12,-,01,103.3,281,524,-23.287748,-47.758455,0724,0005,a037,0249f107,9.8,756.0,0:00:00,0:00:00,-,-,0,-,,,,,,,,,05
2025-06-12 12:56:15,2025-06-12 12:56:15,2025-06-12 12:56:14,867488060285201,14403,GTERI,0x09fe3fbf,0x00028102,802003,0x0a04,0x0a14,100,12101,0000,-,01,00,22,12,-,01,102.5,280,524,-23.287407,-47.760353,0724,0005,a037,0249f107,10.0,756.2,0:00:00,0:00:00,-,-,0,-,,,,,04,7,00000000,00,10
2025-06-12 12:56:39,2025-06-12 12:56:39,2025-06-12 12:56:39,867488060285201,14404,GTHBM,0x09fe7fbf,,802003,0x0a04,0x0a14,100,11858,0000,0000,01,00,22,12,-,01,106.5,281,524,-23.286153,-47.76731,0724,0005,a037,0249f107,10.7,756.9,0:00:00,0:00:00,-,-,0,-,,,,,,,,,05
2025-06-12 12:57:11,2025-06-12 12:57:11,2025-06-12 12:57:11,867488060285201,14405,GTHBM,0x09fe7fbf,,802003,0x0a04,0x0a14,100,12064,0000,0000,01,00,22,12,-,01,106.7,280,541,-23.284495,-47.776434,0724,0005,a037,0249f107,11.7,757.8,0:00:00,0:00:00,-,-,0,-,,,,,,,,,05
2025-06-12 12:57:15,2025-06-12 12:57:15,2025-06-12 12:57:13,867488060285201,14406,GTERI,0x09fe3fbf,0x00028102,802003,0x0a04,0x0a14,100,12064,0000,-,01,00,22,12,-,01,106.0,280,543,-23.284396,-47.777001,0724,0005,a037,0249f107,11.7,757.9,0:00:00,0:00:00,-,-,0,-,,,,,04,3,00000000,00,10
2025-06-12 12:57:44,2025-06-12 12:57:44,2025-06-12 12:57:44,867488060285201,14407,GTHBM,0x09fe7fbf,,802003,0x0a04,0x0a14,100,12029,0000,0000,01,00,22,12,-,01,107.2,271,552,-23.28346,-47.785744,0724,0005,a037,0249f10f,12.6,758.8,0:00:00,0:00:00,-,-,0,-,,,,,,,,,05
2025-06-12 12:57:49,,,867488060285201,14409,HBD
2025-06-12 12:58:15,2025-06-12 12:58:15,2025-06-12 12:58:13,867488060285201,14410,GTERI,0x09fe3fbf,0x00028102,802003,0x0a04,0x0a14,100,11761,0000,-,01,00,22,12,-,01,109.1,271,543,-23.283231,-47.794323,0724,0005,a037,024a4901,13.5,759.7,0:00:00,0:00:00,-,-,0,-,,,,,04,7,00000000,00,10
2025-06-12 12:58:16,2025-06-12 12:58:16,2025-06-12 12:58:16,867488060285201,14411,GTHBM,0x09fe7fbf,,802003,0x0a04,0x0a14,100,11875,0000,0000,01,00,22,12,-,01,109.4,271,545,-23.283208,-47.795213,0724,0005,a037,024a4901,13.6,759.8,0:00:00,0:00:00,-,-,0,-,,,,,,,,,05
2025-06-12 12:58:48,2025-06-12 12:58:48,2025-06-12 12:58:48,867488060285201,14412,GTHBM,0x09fe7fbf,,802003,0x0a04,0x0a14,100,12007,0000,0000,01,00,22,12,-,01,102.0,275,576,-23.282924,-47.804348,0724,0005,a037,024a4901,14.5,760.7,0:00:00,0:00:00,-,-,0,-,,,,,,,,,05
2025-06-12 12:59:09,2025-06-12 12:59:09,2025-06-12 12:59:09,867488060285201,14413,GTSPD,0x09fe7fbf,,802003,0x0a04,0x0a14,100,11817,0000,0000,01,00,22,12,-,01,111.5,290,573,-23.281669,-47.810204,0724,0005,a037,024a720e,15.1,761.3,0:00:00,0:00:00,-,-,0,-,,,,,,,,,00
2025-06-12 12:59:15,2025-06-12 12:59:15,2025-06-12 12:59:14,867488060285201,14414,GTERI,0x09fe3fbf,0x00028102,802003,0x0a04,0x0a14,100,11942,0000,-,01,00,22,12,-,01,112.4,293,568,-23.281136,-47.811616,0724,0005,a037,024a720e,15.3,761.5,0:00:00,0:00:00,-,-,0,-,,,,,04,3,00000000,00,10
2025-06-12 12:59:20,2025-06-12 12:59:20,2025-06-12 12:59:20,867488060285201,14415,GTHBM,0x09fe7fbf,,802003,0x0a04,0x0a14,100,11964,0000,0000,01,00,22,12,-,01,114.3,293,561,-23.280469,-47.813317,0724,0005,a037,024a720e,15.5,761.7,0:00:00,0:00:00,-,-,0,-,,,,,,,,,05
2025-06-12 12:59:48,,,867488060285201,14417,HBD
2025-06-12 12:59:52,2025-06-12 12:59:52,2025-06-12 12:59:52,867488060285201,14418,GTHBM,0x09fe7fbf,,802003,0x0a04,0x0a14,100,11897,0000,0000,01,00,22,12,-,01,107.5,292,565,-23.276896,-47.82249,0724,0005,a037,024a720e,16.5,762.7,0:00:00,0:00:00,-,-,0,-,,,,,,,,,05
2025-06-12 13:00:11,2025-06-12 13:00:11,2025-06-12 13:00:11,867488060285201,14419,GTSPD,0x09fe7fbf,,802003,0x0a04,0x0a14,100,12033,0000,0000,01,00,22,12,-,01,111.2,304,574,-23.274458,-47.827438,0724,0005,a037,024a720d,17.1,763.3,0:00:00,0:00:00,-,-,0,-,,,,,,,,,00
2025-06-12 13:00:15,2025-06-12 13:00:15,2025-06-12 13:00:13,867488060285201,14420,GTERI,0x09fe3fbf,0x00028102,802003,0x0a04,0x0a14,100,12027,0000,-,01,00,22,12,-,01,111.6,306,573,-23.27413,-47.827928,0724,0005,a037,024a720d,17.2,763.3,0:00:00,0:00:00,-,-,0,-,,,,,04,3,00000000,00,10
2025-06-12 13:00:24,2025-06-12 13:00:24,2025-06-12 13:00:24,867488060285201,14421,GTHBM,0x09fe7fbf,,802003,0x0a04,0x0a14,100,11927,0000,0000,01,00,22,12,-,01,113.3,309,561,-23.272163,-47.830537,0724,0005,a037,024a720d,17.5,763.7,0:00:00,0:00:00,-,-,0,-,,,,,,,,,05
2025-06-12 13:00:56,2025-06-12 13:00:56,2025-06-12 13:00:56,867488060285201,14422,GTHBM,0x09fe7fbf,,802003,0x0a04,0x0a14,100,11840,0000,0000,01,00,22,12,-,01,120.5,309,537,-23.266112,-47.838349,0724,0005,a037,024a720d,18.5,764.7,0:00:00,0:00:00,-,-,0,-,,,,,,,,,05
2025-06-12 13:01:15,2025-06-12 13:01:15,2025-06-12 13:01:13,867488060285201,14423,GTERI,0x09fe3fbf,0x00028102,802003,0x0a04,0x0a14,100,12074,0000,-,01,00,22,12,-,01,116.7,293,547,-23.263528,-47.842996,0724,0005,a037,024a720d,19.1,765.3,0:00:00,0:00:00,-,-,0,-,,,,,04,3,00000000,00,10
2025-06-12 13:01:28,2025-06-12 13:01:29,2025-06-12 13:01:28,867488060285201,14424,GTHBM,0x09fe7fbf,,802003,0x0a04,0x0a14,100,11870,0000,0000,01,00,22,12,-,01,112.3,292,558,-23.261882,-47.84732,0724,0005,a037,024a720d,19.6,765.7,0:00:00,0:00:00,-,-,0,-,,,,,,,,,05
2025-06-12 13:01:49,,,867488060285201,14426,HBD
2025-06-12 13:02:00,2025-06-12 13:02:00,2025-06-12 13:02:00,867488060285201,14427,GTHBM,0x09fe7fbf,,802003,0x0a04,0x0a14,100,12048,0000,0000,01,00,22,12,-,01,102.4,278,577,-23.259438,-47.855576,0724,0005,a037,024a720d,20.5,766.6,0:00:00,0:00:00,-,-,0,-,,,,,,,,,05
2025-06-12 13:02:14,2025-06-12 13:02:14,2025-06-12 13:02:14,867488060285201,14428,GTSPD,0x09fe7fbf,,802003,0x0a04,0x0a14,100,12015,0000,0000,01,00,22,12,-,01,111.1,274,571,-23.259079,-47.859656,0724,0005,a037,024ea406,20.9,767.1,0:00:00,0:00:00,-,-,0,-,,,,,,,,,00
2025-06-12 13:02:15,2025-06-12 13:02:15,2025-06-12 13:02:13,867488060285201,14429,GTERI,0x09fe3fbf,0x00028102,802003,0x0a04,0x0a14,100,12015,0000,-,01,00,22,12,-,01,110.6,274,572,-23.259102,-47.859355,0724,0005,a037,024ea406,20.9,767.1,0:00:00,0:00:00,-,-,0,-,,,,,04,7,00000000,00,10
2025-06-12 13:02:32,2025-06-12 13:02:32,2025-06-12 13:02:32,867488060285201,14430,GTHBM,0x09fe7fbf,,802003,0x0a04,0x0a14,100,11980,0000,0000,01,00,22,12,-,01,112.2,274,551,-23.258695,-47.865117,0724,0005,a037,024ea406,21.4,767.6,0:00:00,0:00:00,-,-,0,-,,,,,,,,,05
2025-06-12 13:03:04,2025-06-12 13:03:04,2025-06-12 13:03:04,867488060285201,14431,GTHBM,0x09fe7fbf,,802003,0x0a04,0x0a14,100,12053,0000,0000,01,00,22,12,-,01,109.7,274,545,-23.258012,-47.874698,0724,0005,a037,0256a80a,22.4,768.6,0:00:00,0:00:00,-,-,0,-,,,,,,,,,05
2025-06-12 13:03:08,2025-06-12 13:03:08,2025-06-12 13:03:08,867488060285201,14432,GTSPD,0x09fe7fbf,,802003,0x0a04,0x0a14,100,12147,0000,0000,01,00,22,12,-,01,110.9,274,547,-23.257929,-47.875892,0724,0005,a037,0256a80a,22.5,768.7,0:00:00,0:00:00,-,-,0,-,,,,,,,,,00
2025-06-12 13:03:15,2025-06-12 13:03:15,2025-06-12 13:03:13,867488060285201,14433,GTERI,0x09fe3fbf,0x00028102,802003,0x0a04,0x0a14,100,12175,0000,-,01,00,22,12,-,01,111.4,274,549,-23.257824,-47.877397,0724,0005,a037,0256a80a,22.7,768.9,0:00:00,0:00:00,-,-,0,-,,,,,04,28,00000000,00,10
2025-06-12 13:03:36,2025-06-12 13:03:36,2025-06-12 13:03:36,867488060285201,14434,GTHBM,0x09fe7fbf,,802003,0x0a04,0x0a14,100,12049,0000,0000,01,00,22,12,-,01,116.1,274,557,-23.257329,-47.884503,0724,0005,a037,0256a80a,23.4,769.6,0:00:00,0:00:00,-,-,0,-,,,,,,,,,05
2025-06-12 13:03:49,,,867488060285201,14436,HBD
2025-06-12 13:04:08,2025-06-12 13:04:08,2025-06-12 13:04:08,867488060285201,14437,GTHBM,0x09fe7fbf,,802003,0x0a04,0x0a14,100,11856,0000,0000,01,00,22,12,-,01,103.6,274,570,-23.256656,-47.894005,0724,0005,a037,0256a80b,24.4,770.6,0:00:00,0:00:00,-,-,0,-,,,,,,,,,05
2025-06-12 13:04:15,2025-06-12 13:04:15,2025-06-12 13:04:13,867488060285201,14438,GTERI,0x09fe3fbf,0x00028102,802003,0x0a04,0x0a14,100,12033,0000,-,01,00,22,12,-,01,100.1,274,572,-23.256555,-47.895386,0724,0005,a037,0256a80b,24.6,770.7,0:00:00,0:00:00,-,-,0,-,,,,,04,28,00000000,00,10
2025-06-12 13:04:40,2025-06-12 13:04:40,2025-06-12 13:04:40,867488060285201,14439,GTHBM,0x09fe7fbf,,802003,0x0a04,0x0a14,100,11919,0000,0000,01,00,22,12,-,01,94.0,274,576,-23.256065,-47.902306,0724,0005,a037,0256a80b,25.3,771.4,0:00:00,0:00:00,-,-,0,-,,,,,,,,,05
2025-06-12 13:05:07,2025-06-12 13:05:07,2025-06-12 13:05:07,867488060285201,14440,GTSPD,0x09fe7fbf,,802003,0x0a04,0x0a14,100,11935,0000,0000,01,00,22,12,-,01,111.4,274,563,-23.255521,-47.909957,0724,0005,a037,024ea406,26.0,772.2,0:00:00,0:00:00,-,-,0,-,,,,,,,,,00
2025-06-12 13:05:12,2025-06-12 13:05:12,2025-06-12 13:05:12,867488060285201,14441,GTHBM,0x09fe7fbf,,802003,0x0a04,0x0a14,100,12059,0000,0000,01,00,22,12,-,01,116.2,274,558,-23.255415,-47.911496,0724,0005,a037,024ea406,26.2,772.4,0:00:00,0:00:00,-,-,0,-,,,,,,,,,05
2025-06-12 13:05:15,2025-06-12 13:05:15,2025-06-12 13:05:14,867488060285201,14442,GTERI,0x09fe3fbf,0x00028102,802003,0x0a04,0x0a14,100,12210,0000,-,01,00,22,12,-,01,117.5,274,557,-23.255369,-47.912129,0724,0005,a037,024ea406,26.3,772.5,0:00:00,0:00:00,-,-,0,-,,,,,04,7,00000000,00,10
2025-06-12 13:05:44,2025-06-12 13:05:44,2025-06-12 13:05:44,867488060285201,14443,GTHBM,0x09fe7fbf,,802003,0x0a04,0x0a14,100,12147,0000,0000,01,00,22,12,-,01,111.7,274,547,-23.254699,-47.921641,0724,0005,a037,024ea406,27.2,773.4,0:00:00,0:00:00,-,-,0,-,,,,,,,,,05
2025-06-12 13:05:49,,,867488060285201,14445,HBD
2025-06-12 13:06:15,2025-06-12 13:06:15,2025-06-12 13:06:13,867488060285201,14446,GTERI,0x09fe3fbf,0x00028102,802003,0x0a04,0x0a14,100,12191,0000,-,01,00,22,12,-,01,93.9,274,549,-23.254115,-47.929838,0724,0005,a037,024ea406,28.1,774.3,0:00:00,0:00:00,-,-,0,-,,,,,04,7,00000000,00,10
2025-06-12 13:06:17,2025-06-12 13:06:17,2025-06-12 13:06:17,867488060285201,14447,GTHBM,0x09fe7fbf,,802003,0x0a04,0x0a14,100,12131,0000,0000,01,00,22,12,-,01,98.2,274,550,-23.254039,-47.930869,0724,0005,a037,024ea406,28.2,774.4,0:00:00,0:00:00,-,-,0,-,,,,,,,,,05
2025-06-12 13:06:49,2025-06-12 13:06:49,2025-06-12 13:06:49,867488060285201,14448,GTHBM,0x09fe7fbf,,802003,0x0a04,0x0a14,100,12202,0000,0000,01,00,22,12,-,01,97.6,274,553,-23.253391,-47.93961,0724,0005,a037,024aaa09,29.1,775.3,0:00:00,0:00:00,-,-,0,-,,,,,,,,,05
2025-06-12 13:07:15,2025-06-12 13:07:15,2025-06-12 13:07:13,867488060285201,14449,GTERI,0x09fe3fbf,0x00028102,802003,0x0a04,0x0a14,100,12074,0000,-,01,00,22,12,-,01,96.3,274,555,-23.25295,-47.945816,0724,0005,a037,024ea402,29.7,775.9,0:00:00,0:00:00,-,-,0,-,,,,,04,7,00000000,00,10
2025-06-12 13:07:21,2025-06-12 13:07:21,2025-06-12 13:07:21,867488060285201,14450,GTHBM,0x09fe7fbf,,802003,0x0a04,0x0a14,100,11917,0000,0000,01,00,22,12,-,01,103.5,274,556,-23.252831,-47.948008,0724,0005,a037,024ea402,29.9,776.1,0:00:00,0:00:00,-,-,0,-,,,,,,,,,05
2025-06-12 13:07:49,,,867488060285201,14452,HBD
2025-06-12 13:07:53,2025-06-12 13:07:53,2025-06-12 13:07:53,867488060285201,14453,GTHBM,0x09fe7fbf,,802003,0x0a04,0x0a14,100,12050,0000,0000,01,00,22,12,-,01,106.5,274,560,-23.252184,-47.957064,0724,0005,a037,024ea402,30.9,777.0,0:00:00,0:00:00,-,-,0,-,,,,,,,,,05
2025-06-12 13:08:07,2025-06-12 13:08:07,2025-06-12 13:08:07,867488060285201,14454,GTSPD,0x09fe7fbf,,802003,0x0a04,0x0a14,100,11954,0000,0000,01,00,22,12,-,01,110.3,274,562,-23.251897,-47.961154,0724,0005,a037,024ea402,31.3,777.5,0:00:00,0:00:00,-,-,0,-,,,,,,,,,00
2025-06-12 13:08:15,2025-06-12 13:08:15,2025-06-12 13:08:14,867488060285201,14455,GTERI,0x09fe3fbf,0x00028102,802003,0x0a04,0x0a14,100,11625,0000,-,01,00,22,12,-,01,109.0,274,563,-23.251748,-47.963221,0724,0005,a037,024ea402,31.5,777.7,0:00:00,0:00:00,-,-,0,-,,,,,04,7,00000000,00,10
2025-06-12 13:08:25,2025-06-12 13:08:25,2025-06-12 13:08:25,867488060285201,14456,GTHBM,0x09fe7fbf,,802003,0x0a04,0x0a14,100,11835,0000,0000,01,00,22,12,-,01,109.2,274,564,-23.251529,-47.966476,0724,0005,a037,024ea403,31.8,778.0,0:00:00,0:00:00,-,-,0,-,,,,,,,,,05
2025-06-12 13:08:34,2025-06-12 13:08:34,2025-06-12 13:08:34,867488060285201,14457,GTSPD,0x09fe7fbf,,802003,0x0a04,0x0a14,100,11869,0000,0000,01,00,22,12,-,01,111.0,274,565,-23.251324,-47.969149,0724,0005,a037,024ea401,32.1,778.3,0:00:00,0:00:00,-,-,0,-,,,,,,,,,00
2025-06-12 13:08:57,2025-06-12 13:08:57,2025-06-12 13:08:57,867488060285201,14458,GTHBM,0x09fe7fbf,,802003,0x0a04,0x0a14,100,12127,0000,0000,01,00,22,12,-,01,113.8,274,567,-23.250835,-47.976189,0724,0005,a037,024ea405,32.8,779.0,0:00:00,0:00:00,-,-,0,-,,,,,,,,,05
2025-06-12 13:09:15,2025-06-12 13:09:15,2025-06-12 13:09:13,867488060285201,14459,GTERI,0x09fe3fbf,0x00028102,802003,0x0a04,0x0a14,100,12096,0000,-,01,00,22,12,-,01,116.8,274,566,-23.250483,-47.981183,0724,0005,a037,024ea405,33.4,779.6,0:00:00,0:00:00,-,-,0,-,,,,,04,7,00000000,00,10
2025-06-12 13:09:29,2025-06-12 13:09:29,2025-06-12 13:09:29,867488060285201,14460,GTHBM,0x09fe7fbf,,802003,0x0a04,0x0a14,100,11752,0000,0000,01,00,22,12,-,01,116.4,274,565,-23.250124,-47.986265,0724,0005,a037,024ea405,33.9,780.0,0:00:00,0:00:00,-,-,0,-,,,,,,,,,05
2025-06-12 13:09:49,,,867488060285201,14462,HBD
2025-06-12 13:10:01,2025-06-12 13:10:01,2025-06-12 13:10:01,867488060285201,14463,GTHBM,0x09fe7fbf,,802003,0x0a04,0x0a14,100,12031,0000,0000,01,00,22,12,-,01,107.2,274,565,-23.249443,-47.995868,0724,0005,a037,024ea405,34.9,781.0,0:00:00,0:00:00,-,-,0,-,,,,,,,,,05
2025-06-12 13:10:09,2025-06-12 13:10:09,2025-06-12 13:10:09,867488060285201,14464,GTSPD,0x09fe7fbf,,802003,0x0a04,0x0a14,100,11987,0000,0000,01,00,22,12,-,01,111.1,274,565,-23.249274,-47.998235,0724,0005,a037,024ea405,35.1,781.3,0:00:00,0:00:00,-,-,0,-,,,,,,,,,00
2025-06-12 13:10:15,2025-06-12 13:10:15,2025-06-12 13:10:13,867488060285201,14465,GTERI,0x09fe3fbf,0x00028102,802003,0x0a04,0x0a14,100,11900,0000,-,01,00,22,12,-,01,111.0,274,565,-23.249186,-47.999438,0724,0005,a037,024ea405,35.2,781.4,0:00:00,0:00:00,-,-,0,-,,,,,04,7,00000000,00,10
2025-06-12 13:10:34,2025-06-12 13:10:34,2025-06-12 13:10:34,867488060285201,14466,GTHBM,0x09fe7fbf,,802003,0x0a04,0x0a14,100,11817,0000,0000,01,00,22,12,-,01,102.5,274,571,-23.248748,-48.00557,0724,0005,a037,024ea405,35.8,782.0,0:00:00,0:00:00,-,-,0,-,,,,,,,,,05
2025-06-12 13:11:06,2025-06-12 13:11:06,2025-06-12 13:11:06,867488060285201,14467,GTHBM,0x09fe7fbf,,802003,0x0a04,0x0a14,100,12065,0000,0000,01,00,22,12,-,01,99.2,274,576,-23.248139,-48.014279,0724,0005,a037,024ea306,36.7,782.9,0:00:00,0:00:00,-,-,0,-,,,,,,,,,05
2025-06-12 13:11:15,2025-06-12 13:11:15,2025-06-12 13:11:13,867488060285201,14468,GTERI,0x09fe3fbf,0x00028102,802003,0x0a04,0x0a14,100,12292,0000,-,01,00,22,12,-,01,102.4,274,575,-23.248002,-48.01619,0724,0005,a037,024ea306,37.0,783.1,0:00:00,0:00:00,-,-,0,-,,,,,04,7,00000000,00,10
2025-06-12 13:11:38,2025-06-12 13:11:38,2025-06-12 13:11:38,867488060285201,14469,GTHBM,0x09fe7fbf,,802003,0x0a04,0x0a14,100,12280,0000,0000,01,00,22,12,-,01,103.2,274,573,-23.247496,-48.023164,0724,0005,a037,024ea306,37.7,783.8,0:00:00,0:00:00,-,-,0,-,,,,,,,,,05
2025-06-12 13:11:49,,,867488060285201,14471,HBD
2025-06-12 13:12:10,2025-06-12 13:12:10,2025-06-12 13:12:10,867488060285201,14472,GTHBM,0x09fe7fbf,,802003,0x0a04,0x0a14,100,12287,0000,0000,01,00,22,12,-,01,103.5,274,584,-23.246847,-48.032262,0724,0005,a037,024ea306,38.6,784.8,0:00:00,0:00:00,-,-,0,-,,,,,,,,,05
2025-06-12 13:12:15,2025-06-12 13:12:15,2025-06-12 13:12:13,867488060285201,14473,GTERI,0x09fe3fbf,0x00028102,802003,0x0a04,0x0a14,100,12342,0000,-,01,00,22,12,-,01,102.8,274,586,-23.246786,-48.0331,0724,0005,a037,024ea306,38.7,784.9,0:00:00,0:00:00,-,-,0,-,,,,,04,7,00000000,00,10
2025-06-12 13:12:42,2025-06-12 13:12:42,2025-06-12 13:12:42,867488060285201,14474,GTHBM,0x09fe7fbf,,802003,0x0a04,0x0a14,100,12237,0000,0000,01,00,22,12,-,01,93.9,274,599,-23.246249,-48.040485,0724,0005,a037,024ea306,39.4,785.6,0:00:00,0:00:00,-,-,0,-,,,,,,,,,05
2025-06-12 13:13:13,2025-06-12 13:13:13,2025-06-12 13:13:13,867488060285201,14475,GTHBM,0x09fe7fbf,,802003,0x0a04,0x0a14,100,12054,0000,0000,01,00,22,12,-,01,99.6,271,614,-23.245792,-48.048713,0724,0005,a037,024ea306,40.3,786.4,0:00:00,0:00:00,-,-,0,-,,,,,,,,,05
2025-06-12 13:13:15,2025-06-12 13:13:15,2025-06-12 13:13:13,867488060285201,14476,GTERI,0x09fe3fbf,0x00028102,802003,0x0a04,0x0a14,100,12225,0000,-,01,00,22,12,-,01,99.6,271,614,-23.245792,-48.048713,0724,0005,a037,024ea302,40.3,786.5,0:00:00,0:00:00,-,-,0,-,,,,,04,7,00000000,00,10
2025-06-12 13:13:46,2025-06-12 13:13:47,2025-06-12 13:13:46,867488060285201,14477,GTHBM,0x09fe7fbf,,802003,0x0a04,0x0a14,100,12071,0000,0000,01,00,22,12,-,01,105.4,269,617,-23.245807,-48.05795,0724,0005,a037,024ea307,41.2,787.4,0:00:00,0:00:00,-,-,0,-,,,,,,,,,05
2025-06-12 13:13:49,,,867488060285201,14479,HBD
2025-06-12 13:14:15,2025-06-12 13:14:15,2025-06-12 13:14:14,867488060285201,14480,GTERI,0x09fe3fbf,0x00028102,802003,0x0a04,0x0a14,100,12288,0000,-,01,00,22,12,-,01,103.5,269,608,-23.24587,-48.065893,0724,0005,a037,024ea305,42.1,788.2,0:00:00,0:00:00,-,-,0,-,,,,,04,7,00000000,00,10
2025-06-12 13:14:18,2025-06-12 13:14:18,2025-06-12 13:14:18,867488060285201,14481,GTHBM,0x09fe7fbf,,802003,0x0a04,0x0a14,100,12344,0000,0000,01,00,22,12,-,01,103.3,269,608,-23.245877,-48.067017,0724,0005,a037,024ea305,42.1,788.3,0:00:00,0:00:00,-,-,0,-,,,,,,,,,05
2025-06-12 13:14:50,2025-06-12 13:14:50,2025-06-12 13:14:50,867488060285201,14482,GTHBM,0x09fe7fbf,,802003,0x0a04,0x0a14,100,11965,0000,0000,01,00,22,12,-,01,96.8,269,607,-23.245915,-48.075611,0724,0005,a037,024ea305,43.0,789.2,0:00:00,0:00:00,-,-,0,-,,,,,,,,,05
2025-06-12 13:15:15,2025-06-12 13:15:15,2025-06-12 13:15:13,867488060285201,14483,GTERI,0x09fe3fbf,0x00028102,802003,0x0a04,0x0a14,100,11842,0000,-,01,00,22,12,-,01,94.6,269,611,-23.245951,-48.08172,0724,0005,a037,024ea305,43.7,789.9,0:00:00,0:00:00,-,-,0,-,,,,,04,7,00000000,00,10
2025-06-12 13:15:22,2025-06-12 13:15:22,2025-06-12 13:15:22,867488060285201,14484,GTHBM,0x09fe7fbf,,802003,0x0a04,0x0a14,100,12741,0000,0000,01,00,22,12,-,01,76.1,274,612,-23.245953,-48.083877,0724,0005,a037,024ea305,43.9,790.0,0:00:00,0:00:00,-,-,0,-,,,,,,,,,00
2025-06-12 13:15:38,2025-06-12 13:15:38,2025-06-12 13:15:38,867488060285201,14485,GTHBM,0x09fe7fbf,,802003,0x0a04,0x0a14,100,12254,0000,0000,01,00,22,12,-,01,22.0,277,613,-23.245695,-48.085739,0724,0005,a037,024ea305,44.1,790.2,0:00:00,0:00:00,-,-,0,-,,,,,,,,,05
2025-06-12 13:15:42,2025-06-12 13:15:42,2025-06-12 13:15:42,867488060285201,14486,GTHBM,0x09fe7fbf,,802003,0x0a04,0x0a14,100,12386,0000,0000,01,00,22,12,-,01,6.8,275,613,-23.245676,-48.085897,0724,0005,a037,024ea305,44.1,790.2,0:00:00,0:00:00,-,-,0,-,,,,,,,,,00
2025-06-12 13:15:46,2025-06-12 13:15:46,2025-06-12 13:15:46,867488060285201,14487,GTHBM,0x09fe7fbf,,802003,0x0a04,0x0a14,100,12157,0000,0000,01,00,22,12,-,01,0.3,269,611,-23.245675,-48.085908,0724,0005,a037,024ea305,44.1,790.2,0:00:00,0:00:00,-,-,0,-,,,,,,,,,05
2025-06-12 13:15:49,,,867488060285201,14489,HBD
2025-06-12 13:16:14,2025-06-12 13:16:14,2025-06-12 13:16:13,867488060285201,14490,GTERI,0x09fe3fbf,0x00028102,802003,0x0a04,0x0a14,100,11215,0000,-,01,00,22,12,-,01,0.0,316,603,-23.245672,-48.085917,0724,0005,a037,024ea305,44.1,790.2,0:00:00,0:00:00,-,-,0,-,,,,,04,7,00000000,00,10
2025-06-12 13:16:15,2025-06-12 13:16:14,2025-06-12 13:16:14,867488060285201,14491,GTERI,0x09fe3fbf,0x00028102,802003,0x0a04,0x0a14,100,11215,0000,-,01,00,22,12,-,01,11.6,268,602,-23.245672,-48.085936,0724,0005,a037,024ea305,44.1,790.2,0:00:00,0:00:00,-,-,0,-,,,,,04,7,00000000,00,11
2025-06-12 13:16:18,2025-06-12 13:16:18,2025-06-12 13:16:18,867488060285201,14492,GTHBM,0x09fe7fbf,,802003,0x0a04,0x0a14,100,11831,0000,0000,01,00,22,12,-,01,35.7,274,609,-23.245632,-48.086254,0724,0005,a037,024ea305,44.1,790.3,0:00:00,0:00:00,-,-,0,-,,,,,,,,,01
2025-06-12 13:16:26,2025-06-12 13:16:26,2025-06-12 13:16:26,867488060285201,14493,GTHBM,0x09fe7fbf,,802003,0x0a04,0x0a14,100,10981,0000,0000,01,00,22,12,-,01,59.7,274,611,-23.245567,-48.087334,0724,0005,a037,024ea305,44.2,790.4,0:00:00,0:00:00,-,-,0,-,,,,,,,,,05
2025-06-12 13:16:58,2025-06-12 13:16:59,2025-06-12 13:16:58,867488060285201,14494,GTHBM,0x09fe7fbf,,802003,0x0a04,0x0a14,100,11895,0000,0000,01,00,22,12,-,01,106.4,283,612,-23.244075,-48.094615,0724,0005,a037,024ea305,45.0,791.1,0:00:00,0:00:00,-,-,0,-,,,,,,,,,05
2025-06-12 13:17:11,2025-06-12 13:17:07,2025-06-12 13:17:06,867488060285201,14495,GTSPD,0x09fe7fbf,,802003,0x0a04,0x0a14,100,12036,0000,0000,01,00,22,12,-,01,112.4,283,612,-23.243556,-48.09692,0724,0005,a037,024ea305,45.2,791.4,0:00:00,0:00:00,-,-,0,-,,,,,,,,,00
2025-06-12 13:17:15,2025-06-12 13:17:15,2025-06-12 13:17:13,867488060285201,14496,GTERI,0x09fe3fbf,0x00028102,802003,0x0a04,0x0a14,100,12029,0000,-,01,00,22,12,-,01,117.7,283,613,-23.243081,-48.099054,0724,0005,a037,024f720b,45.5,791.6,0:00:00,0:00:00,-,-,0,-,,,,,04,28,00000000,00,10
2025-06-12 13:17:58,2025-06-12 13:17:29,2025-06-12 13:17:29,867488060285201,14497,GTHBM,0x09fe7fbf,,802003,0x0a04,0x0a14,100,12006,0000,0000,01,00,22,12,-,01,127.4,283,602,-23.241934,-48.104188,0724,0005,a037,024f720b,46.0,792.2,0:00:00,0:00:00,-,-,0,-,,,,,,,,,05
2025-06-12 13:17:58,,,867488060285201,14499,HBD
2025-06-12 13:18:01,2025-06-12 13:18:01,2025-06-12 13:18:01,867488060285201,14500,GTHBM,0x09fe7fbf,,802003,0x0a04,0x0a14,100,11855,0000,0000,01,00,22,12,-,01,122.3,283,568,-23.23953,-48.114949,0724,0005,a037,024f720b,47.1,793.3,0:00:00,0:00:00,-,-,0,-,,,,,,,,,05
2025-06-12 13:18:35,2025-06-12 13:18:15,2025-06-12 13:18:13,867488060285201,14501,GTERI,0x09fe3fbf,0x00028102,802003,0x0a04,0x0a14,100,12137,0000,-,01,00,22,12,-,01,120.4,283,570,-23.238657,-48.118829,0724,0005,a037,024f720b,47.6,793.7,0:00:00,0:00:00,-,-,0,-,,,,,04,28,00000000,00,10
2025-06-12 13:18:35,2025-06-12 13:18:33,2025-06-12 13:18:33,867488060285201,14502,GTHBM,0x09fe7fbf,,802003,0x0a04,0x0a14,100,11892,0000,0000,01,00,22,12,-,01,120.4,283,574,-23.237258,-48.125093,0724,0005,a037,024f720f,48.2,794.4,0:00:00,0:00:00,-,-,0,-,,,,,,,,,05
2025-06-12 13:19:07,2025-06-12 13:19:05,2025-06-12 13:19:05,867488060285201,14503,GTHBM,0x09fe7fbf,,802003,0x0a04,0x0a14,100,12051,0000,0000,01,00,22,12,-,01,115.5,283,590,-23.235033,-48.135081,0724,0005,a037,024f720f,49.2,795.4,0:00:00,0:00:00,-,-,0,-,,,,,,,,,05
2025-06-12 13:19:15,2025-06-12 13:19:15,2025-06-12 13:19:13,867488060285201,14504,GTERI,0x09fe3fbf,0x00028102,802003,0x0a04,0x0a14,100,12226,0000,-,01,00,22,12,-,01,118.5,283,590,-23.234474,-48.137543,0724,0005,a037,024a6b0d,49.5,795.7,0:00:00,0:00:00,-,-,0,-,,,,,04,3,00000000,00,10
2025-06-12 13:19:37,2025-06-12 13:19:37,2025-06-12 13:19:37,867488060285201,14505,GTHBM,0x09fe7fbf,,802003,0x0a04,0x0a14,100,12099,0000,0000,01,00,22,12,-,01,119.3,283,586,-23.232762,-48.145205,0724,0005,a037,024a6b0d,50.3,796.5,0:00:00,0:00:00,-,-,0,-,,,,,,,,,05
2025-06-12 13:19:58,,,867488060285201,14507,HBD
2025-06-12 13:20:09,2025-06-12 13:20:09,2025-06-12 13:20:09,867488060285201,14508,GTHBM,0x09fe7fbf,,802003,0x0a04,0x0a14,100,12118,0000,0000,01,00,22,12,-,01,116.2,278,600,-23.231294,-48.155255,0724,0005,a037,024a6b0e,51.3,797.5,0:00:00,0:00:00,-,-,0,-,,,,,,,,,05
2025-06-12 13:20:15,2025-06-12 13:20:15,2025-06-12 13:20:13,867488060285201,14509,GTERI,0x09fe3fbf,0x00028102,802003,0x0a04,0x0a14,100,12334,0000,-,01,00,22,12,-,01,114.8,277,604,-23.231132,-48.156492,0724,0005,a037,024a6b0e,51.5,797.7,0:00:00,0:00:00,-,-,0,-,,,,,04,3,00000000,00,10
2025-06-12 13:20:41,2025-06-12 13:20:41,2025-06-12 13:20:41,867488060285201,14510,GTHBM,0x09fe7fbf,,802003,0x0a04,0x0a14,100,12265,0000,0000,01,00,22,12,-,01,109.7,287,621,-23.229727,-48.164704,0724,0005,a037,024a6b0f,52.3,798.5,0:00:00,0:00:00,-,-,0,-,,,,,,,,,05
2025-06-12 13:20:44,2025-06-12 13:20:44,2025-06-12 13:20:44,867488060285201,14511,GTSPD,0x09fe7fbf,,802003,0x0a04,0x0a14,100,12197,0000,0000,01,00,22,12,-,01,110.8,288,620,-23.229471,-48.165559,0724,0005,a037,024a6b0f,52.4,798.6,0:00:00,0:00:00,-,-,0,-,,,,,,,,,00
2025-06-12 13:21:13,2025-06-12 13:21:13,2025-06-12 13:21:13,867488060285201,14512,GTHBM,0x09fe7fbf,,802003,0x0a04,0x0a14,100,12159,0000,0000,01,00,22,12,-,01,115.1,289,600,-23.226658,-48.173933,0724,0005,a037,024a6b0f,53.3,799.5,0:00:00,0:00:00,-,-,0,-,,,,,,,,,05
2025-06-12 13:21:15,2025-06-12 13:21:15,2025-06-12 13:21:14,867488060285201,14513,GTERI,0x09fe3fbf,0x00028102,802003,0x0a04,0x0a14,100,12159,0000,-,01,00,22,12,-,01,115.3,290,599,-23.226559,-48.174227,0724,0005,a037,024a6b0f,53.4,799.6,0:00:00,0:00:00,-,-,0,-,,,,,04,3,00000000,00,10
2025-06-12 13:21:45,2025-06-12 13:21:45,2025-06-12 13:21:45,867488060285201,14514,GTHBM,0x09fe7fbf,,802003,0x0a04,0x0a14,100,12288,0000,0000,01,00,22,12,-,01,115.9,301,580,-23.223009,-48.183281,0724,0005,a037,024a6b0f,54.4,800.5,0:00:00,0:00:00,-,-,0,-,,,,,,,,,05
2025-06-12 13:21:59,,,867488060285201,14516,HBD
2025-06-12 13:22:15,2025-06-12 13:22:15,2025-06-12 13:22:13,867488060285201,14517,GTERI,0x09fe3fbf,0x00028102,802003,0x0a04,0x0a14,100,12422,0000,-,01,00,22,12,-,01,103.0,302,592,-23.218846,-48.190385,0724,0005,a037,024a6b0f,55.3,801.4,0:00:00,0:00:00,-,-,0,-,,,,,04,3,00000000,00,10
2025-06-12 13:22:17,2025-06-12 13:22:17,2025-06-12 13:22:17,867488060285201,14518,GTHBM,0x09fe7fbf,,802003,0x0a04,0x0a14,100,12188,0000,0000,01,00,22,12,-,01,102.4,302,594,-23.218296,-48.191321,0724,0005,a037,024a6b0f,55.3,801.5,0:00:00,0:00:00,-,-,0,-,,,,,,,,,05
2025-06-12 13:22:31,2025-06-12 13:22:31,2025-06-12 13:22:31,867488060285201,14519,GTSPD,0x09fe7fbf,,802003,0x0a04,0x0a14,100,12117,0000,0000,01,00,22,12,-,01,112.8,302,593,-23.216281,-48.194746,0724,0005,9d16,02326e0e,55.8,801.9,0:00:00,0:00:00,-,-,0,-,,,,,,,,,00
2025-06-12 13:22:49,2025-06-12 13:22:49,2025-06-12 13:22:49,867488060285201,14520,GTHBM,0x09fe7fbf,,802003,0x0a04,0x0a14,100,12271,0000,0000,01,00,22,12,-,01,114.9,313,588,-23.21316,-48.199266,0724,0005,9d16,0222f90e,56.3,802.5,0:00:00,0:00:00,-,-,0,-,,,,,,,,,05
2025-06-12 13:23:15,2025-06-12 13:23:15,2025-06-12 13:23:13,867488060285201,14521,GTERI,0x09fe3fbf,0x00028102,802003,0x0a04,0x0a14,100,13651,0000,-,01,00,22,12,-,01,113.6,318,567,-23.208141,-48.204262,0724,0005,9d16,02326e02,57.1,803.3,0:00:00,0:00:00,-,-,0,-,,,,,04,7,00000000,00,10
2025-06-12 13:23:21,2025-06-12 13:23:21,2025-06-12 13:23:21,867488060285201,14522,GTHBM,0x09fe7fbf,,802003,0x0a04,0x0a14,100,12235,0000,0000,01,00,22,12,-,01,114.2,316,556,-23.206464,-48.205927,0724,0005,9d16,02326e02,57.3,803.5,0:00:00,0:00:00,-,-,0,-,,,,,,,,,05
2025-06-12 13:23:53,2025-06-12 13:23:54,2025-06-12 13:23:53,867488060285201,14523,GTHBM,0x09fe7fbf,,802003,0x0a04,0x0a14,100,12194,0000,0000,01,00,22,12,-,01,106.2,304,531,-23.200847,-48.213084,0724,0005,9d16,02326e03,58.3,804.5,0:00:00,0:00:00,-,-,0,-,,,,,,,,,05
2025-06-12 13:23:59,,,867488060285201,14525,HBD
2025-06-12 13:24:05,2025-06-12 13:24:05,2025-06-12 13:24:05,867488060285201,14526,GTSPD,0x09fe7fbf,,802003,0x0a04,0x0a14,100,11981,0000,0000,01,00,22,12,-,01,110.4,300,530,-23.199106,-48.216084,0724,0005,9d16,02326e03,58.7,804.9,0:00:00,0:00:00,-,-,0,-,,,,,,,,,00
2025-06-12 13:24:15,2025-06-12 13:24:15,2025-06-12 13:24:13,867488060285201,14527,GTERI,0x09fe3fbf,0x00028102,802003,0x0a04,0x0a14,100,11914,0000,-,01,00,22,12,-,01,112.2,297,530,-23.198041,-48.218215,0724,0005,9d16,02326e03,59.0,805.2,0:00:00,0:00:00,-,-,0,-,,,,,04,7,00000000,00,10
2025-06-12 13:24:24,2025-06-12 13:24:25,2025-06-12 13:24:24,867488060285201,14528,GTHBM,0x09fe7fbf,,802003,0x0a04,0x0a14,100,12257,0000,0000,01,00,22,12,-,01,113.2,292,530,-23.196744,-48.221257,0724,0005,9d16,02326e03,59.3,805.4,0:00:00,0:00:00,-,-,0,-,,,,,,,,,05
2025-06-12 13:24:55,2025-06-12 13:24:55,2025-06-12 13:24:55,867488060285201,14529,GTHBM,0x09fe7fbf,,802003,0x0a04,0x0a14,100,11976,0000,0000,01,00,22,12,-,01,113.8,280,534,-23.19424,-48.230422,0724,0005,9d16,02326e03,60.2,806.4,0:00:00,0:00:00,-,-,0,-,,,,,,,,,05
2025-06-12 13:25:15,2025-06-12 13:25:15,2025-06-12 13:25:13,867488060285201,14530,GTERI,0x09fe3fbf,0x00028102,802003,0x0a04,0x0a14,100,12082,0000,-,01,00,22,12,-,01,110.9,274,539,-23.193615,-48.235917,0724,0005,9d16,02326e03,60.8,807.0,0:00:00,0:00:00,-,-,0,-,,,,,04,7,00000000,00,10
2025-06-12 13:25:27,2025-06-12 13:25:27,2025-06-12 13:25:27,867488060285201,14531,GTHBM,0x09fe7fbf,,802003,0x0a04,0x0a14,100,12222,0000,0000,01,00,22,12,-,01,106.6,274,549,-23.193312,-48.240032,0724,0005,9d16,02326e03,61.2,807.4,0:00:00,0:00:00,-,-,0,-,,,,,,,,,05
2025-06-12 13:25:59,,,867488060285201,14533,HBD
2025-06-12 13:25:59,2025-06-12 13:25:59,2025-06-12 13:25:59,867488060285201,14534,GTHBM,0x09fe7fbf,,802003,0x0a04,0x0a14,100,12288,0000,0000,01,00,22,12,-,01,108.2,232,578,-23.196113,-48.248417,0724,0005,9d16,02234a0b,62.2,808.4,0:00:00,0:00:00,-,-,0,-,,,,,,,,,05
2025-06-12 13:26:15,2025-06-12 13:26:15,2025-06-12 13:26:13,867488060285201,14535,GTERI,0x09fe3fbf,0x00028102,802003,0x0a04,0x0a14,100,12310,0000,-,01,00,22,12,-,01,101.6,232,592,-23.198401,-48.251572,0724,0005,9d16,02234a0b,62.6,808.8,0:00:00,0:00:00,-,-,0,-,,,,,04,28,00000000,00,10
2025-06-12 13:26:27,2025-06-12 13:26:27,2025-06-12 13:26:27,867488060285201,14536,GTHBM,0x09fe7fbf,,802003,0x0a04,0x0a14,100,12503,0000,0000,01,00,22,12,-,01,62.3,248,605,-23.199967,-48.254355,0724,0005,9d16,02234a0b,62.9,809.1,0:00:00,0:00:00,-,-,0,-,,,,,,,,,00
2025-06-12 13:26:31,2025-06-12 13:26:31,2025-06-12 13:26:31,867488060285201,14537,GTHBM,0x09fe7fbf,,802003,0x0a04,0x0a14,100,12086,0000,0000,01,00,22,12,-,01,58.5,251,607,-23.200172,-48.254971,0724,0005,9d16,02234a0b,63.0,809.2,0:00:00,0:00:00,-,-,0,-,,,,,,,,,05
2025-06-12 13:27:02,2025-06-12 13:27:02,2025-06-12 13:27:02,867488060285201,14538,GTERI,0x09fe3fbf,0x00028102,802003,0x0a04,0x0a14,100,12429,0000,-,01,00,22,12,-,01,61.6,277,625,-23.200503,-48.259074,0724,0005,9d16,02234a0b,63.4,809.6,0:00:00,0:00:00,-,-,0,-,,,,,04,28,00000000,00,11
2025-06-12 13:27:03,2025-06-12 13:27:03,2025-06-12 13:27:03,867488060285201,14539,GTHBM,0x09fe7fbf,,802003,0x0a04,0x0a14,100,12314,0000,0000,01,00,22,12,-,01,62.1,278,625,-23.20048,-48.259241,0724,0005,9d16,02234a0b,63.4,809.6,0:00:00,0:00:00,-,-,0,-,,,,,,,,,05
2025-06-12 13:27:15,2025-06-12 13:27:15,2025-06-12 13:27:13,867488060285201,14540,GTERI,0x09fe3fbf,0x00028102,802003,0x0a04,0x0a14,100,12303,0000,-,01,00,22,12,-,01,76.7,290,634,-23.200043,-48.26107,0724,0005,9d16,0222f90e,63.6,809.8,0:00:00,0:00:00,-,-,0,-,,,,,04,3,00000000,00,10
2025-06-12 13:27:37,2025-06-12 13:27:37,2025-06-12 13:27:37,867488060285201,14541,GTHBM,0x09fe7fbf,,802003,0x0a04,0x0a14,100,12315,0000,0000,01,00,22,12,-,01,89.5,294,655,-23.197989,-48.266041,0724,0005,9d16,0222f90e,64.2,810.4,0:00:00,0:00:00,-,-,0,-,,,,,,,,,05
2025-06-12 13:27:59,,,867488060285201,14543,HBD
2025-06-12 13:28:09,2025-06-12 13:28:09,2025-06-12 13:28:09,867488060285201,14544,GTHBM,0x09fe7fbf,,802003,0x0a04,0x0a14,100,12387,0000,0000,01,00,22,12,-,01,103.3,293,676,-23.194903,-48.273595,0724,0005,9d16,0222f90e,65.0,811.2,0:00:00,0:00:00,-,-,0,-,,,,,,,,,05
2025-06-12 13:28:15,2025-06-12 13:28:15,2025-06-12 13:28:14,867488060285201,14545,GTERI,0x09fe3fbf,0x00028102,802003,0x0a04,0x0a14,100,12277,0000,-,01,00,22,12,-,01,104.9,293,675,-23.194374,-48.274888,0724,0005,9d16,0222f90e,65.2,811.4,0:00:00,0:00:00,-,-,0,-,,,,,04,3,00000000,00,10
2025-06-12 13:28:41,2025-06-12 13:28:41,2025-06-12 13:28:41,867488060285201,14546,GTHBM,0x09fe7fbf,,802003,0x0a04,0x0a14,100,12326,0000,0000,01,00,22,12,-,01,108.9,294,671,-23.19146,-48.282081,0724,0005,9d16,0222f90d,66.0,812.2,0:00:00,0:00:00,-,-,0,-,,,,,,,,,05
2025-06-12 13:28:51,2025-06-12 13:28:51,2025-06-12 13:28:51,867488060285201,14547,GTSPD,0x09fe7fbf,,802003,0x0a04,0x0a14,100,12094,0000,0000,01,00,22,12,-,01,110.1,293,670,-23.190348,-48.284798,0724,0005,9d16,0222f90d,66.3,812.5,0:00:00,0:00:00,-,-,0,-,,,,,,,,,00
2025-06-12 13:29:13,2025-06-12 13:29:13,2025-06-12 13:29:13,867488060285201,14548,GTHBM,0x09fe7fbf,,802003,0x0a04,0x0a14,100,12198,0000,0000,01,00,22,12,-,01,117.1,294,674,-23.187808,-48.290975,0724,0005,9d16,0222f90d,67.0,813.2,0:00:00,0:00:00,-,-,0,-,,,,,,,,,05
2025-06-12 13:29:15,2025-06-12 13:29:15,2025-06-12 13:29:13,867488060285201,14549,GTERI,0x09fe3fbf,0x00028102,802003,0x0a04,0x0a14,100,12316,0000,-,01,00,22,12,-,01,117.1,294,674,-23.187808,-48.290975,0724,0005,9d16,0222f90d,67.0,813.2,0:00:00,0:00:00,-,-,0,-,,,,,04,3,00000000,00,10
2025-06-12 13:29:45,2025-06-12 13:29:45,2025-06-12 13:29:45,867488060285201,14550,GTHBM,0x09fe7fbf,,802003,0x0a04,0x0a14,100,12091,0000,0000,01,00,22,12,-,01,119.9,293,675,-23.183976,-48.300333,0724,0005,9d16,0222f90d,68.0,814.2,0:00:00,0:00:00,-,-,0,-,,,,,,,,,05
2025-06-12 13:29:59,,,867488060285201,14552,HBD
2025-06-12 13:30:15,2025-06-12 13:30:15,2025-06-12 13:30:13,867488060285201,14553,GTERI,0x09fe3fbf,0x00028102,802003,0x0a04,0x0a14,100,12190,0000,-,01,00,22,12,-,01,113.8,296,665,-23.180559,-48.308528,0724,0005,9d16,0222f90d,69.0,815.2,0:00:00,0:00:00,-,-,0,-,,,,,04,3,00000000,00,10
2025-06-12 13:30:17,2025-06-12 13:30:17,2025-06-12 13:30:17,867488060285201,14554,GTHBM,0x09fe7fbf,,802003,0x0a04,0x0a14,100,12190,0000,0000,01,00,22,12,-,01,110.1,296,664,-23.180064,-48.309612,0724,0005,9d16,0222f90d,69.1,815.2,0:00:00,0:00:00,-,-,0,-,,,,,,,,,05
2025-06-12 13:30:48,2025-06-12 13:30:48,2025-06-12 13:30:48,867488060285201,14555,GTSPD,0x09fe7fbf,,802003,0x0a04,0x0a14,100,12262,0000,0000,01,00,22,12,-,01,110.6,298,655,-23.176097,-48.317704,0724,0005,9d16,0223710b,70.0,816.2,0:00:00,0:00:00,-,-,0,-,,,,,,,,,00
2025-06-12 13:30:49,2025-06-12 13:30:49,2025-06-12 13:30:49,867488060285201,14556,GTHBM,0x09fe7fbf,,802003,0x0a04,0x0a14,100,12262,0000,0000,01,00,22,12,-,01,111.0,299,655,-23.175962,-48.317967,0724,0005,9d16,0223710b,70.0,816.2,0:00:00,0:00:00,-,-,0,-,,,,,,,,,05
2025-06-12 13:31:15,2025-06-12 13:31:15,2025-06-12 13:31:14,867488060285201,14557,GTERI,0x09fe3fbf,0x00028102,802003,0x0a04,0x0a14,100,12432,0000,-,01,00,22,12,-,01,118.7,299,648,-23.172442,-48.324776,0724,0005,9d16,02351809,70.9,817.0,0:00:00,0:00:00,-,-,0,-,,,,,04,28,00000000,00,10
2025-06-12 13:31:21,2025-06-12 13:31:21,2025-06-12 13:31:21,867488060285201,14558,GTHBM,0x09fe7fbf,,802003,0x0a04,0x0a14,100,12128,0000,0000,01,00,22,12,-,01,120.2,299,645,-23.171414,-48.326759,0724,0005,9d16,02351809,71.1,817.2,0:00:00,0:00:00,-,-,0,-,,,,,,,,,05
2025-06-12 13:31:53,2025-06-12 13:31:53,2025-06-12 13:31:53,867488060285201,14559,GTHBM,0x09fe7fbf,,802003,0x0a04,0x0a14,100,12291,0000,0000,01,00,22,12,-,01,109.3,298,658,-23.16695,-48.335411,0724,0005,9d16,0223710b,72.1,818.3,0:00:00,0:00:00,-,-,0,-,,,,,,,,,05
2025-06-12 13:31:59,,,867488060285201,14561,HBD
2025-06-12 13:32:15,2025-06-12 13:32:15,2025-06-12 13:32:13,867488060285201,14562,GTERI,0x09fe3fbf,0x00028102,802003,0x0a04,0x0a14,100,12365,0000,-,01,00,22,12,-,01,106.1,292,669,-23.16459,-48.340645,0724,0005,9d16,0235181f,72.7,818.9,0:00:00,0:00:00,-,-,0,-,,,,,04,1,00000000,00,10
2025-06-12 13:32:25,2025-06-12 13:32:25,2025-06-12 13:32:25,867488060285201,14563,GTHBM,0x09fe7fbf,,802003,0x0a04,0x0a14,100,12019,0000,0000,01,00,22,12,-,01,109.3,287,674,-23.163477,-48.343926,0724,0005,9d16,0235181f,73.0,819.2,0:00:00,0:00:00,-,-,0,-,,,,,,,,,05
2025-06-12 13:32:39,2025-06-12 13:32:39,2025-06-12 13:32:39,867488060285201,14564,GTSPD,0x09fe7fbf,,802003,0x0a04,0x0a14,100,12290,0000,0000,01,00,22,12,-,01,110.3,281,678,-23.162462,-48.347932,0724,0005,9d16,0235181f,73.5,819.6,0:00:00,0:00:00,-,-,0,-,,,,,,,,,00
2025-06-12 13:32:57,2025-06-12 13:32:57,2025-06-12 13:32:57,867488060285201,14565,GTHBM,0x09fe7fbf,,802003,0x0a04,0x0a14,100,12379,0000,0000,01,00,22,12,-,01,112.0,281,681,-23.161459,-48.353303,0724,0005,9d16,0235181f,74.0,820.2,0:00:00,0:00:00,-,-,0,-,,,,,,,,,05
2025-06-12 13:33:05,2025-06-12 13:33:05,2025-06-12 13:33:05,867488060285201,14566,GTSPD,0x09fe7fbf,,802003,0x0a04,0x0a14,100,12363,0000,0000,01,00,22,12,-,01,110.4,281,682,-23.161029,-48.355652,0724,0005,9d16,0235181f,74.3,820.4,0:00:00,0:00:00,-,-,0,-,,,,,,,,,00
2025-06-12 13:33:15,2025-06-12 13:33:15,2025-06-12 13:33:13,867488060285201,14567,GTERI,0x09fe3fbf,0x00028102,802003,0x0a04,0x0a14,100,12334,0000,-,01,00,22,12,-,01,111.1,281,682,-23.160606,-48.358008,0724,0005,9d16,0235181f,74.5,820.7,0:00:00,0:00:00,-,-,0,-,,,,,04,1,00000000,00,10
2025-06-12 13:33:29,2025-06-12 13:33:29,2025-06-12 13:33:29,867488060285201,14568,GTHBM,0x09fe7fbf,,802003,0x0a04,0x0a14,100,12041,0000,0000,01,00,22,12,-,01,111.0,281,680,-23.159719,-48.362827,0724,0005,9d16,0235181e,75.0,821.2,0:00:00,0:00:00,-,-,0,-,,,,,,,,,05
2025-06-12 13:33:53,2025-06-12 13:33:54,2025-06-12 13:33:53,867488060285201,14569,GTSPD,0x09fe7fbf,,802003,0x0a04,0x0a14,100,12191,0000,0000,01,00,22,12,-,01,111.8,283,675,-23.158411,-48.369814,0724,0005,9d16,0235181e,75.8,821.9,0:00:00,0:00:00,-,-,0,-,,,,,,,,,00
2025-06-12 13:34:00,,,867488060285201,14571,HBD
2025-06-12 13:34:01,2025-06-12 13:34:01,2025-06-12 13:34:01,867488060285201,14572,GTHBM,0x09fe7fbf,,802003,0x0a04,0x0a14,100,12146,0000,0000,01,00,22,12,-,01,113.8,285,674,-23.157836,-48.372185,0724,0005,9d16,0235181e,76.0,822.2,0:00:00,0:00:00,-,-,0,-,,,,,,,,,05
2025-06-12 13:34:15,2025-06-12 13:34:15,2025-06-12 13:34:13,867488060285201,14573,GTERI,0x09fe3fbf,0x00028102,802003,0x0a04,0x0a14,100,12295,0000,-,01,00,22,12,-,01,114.3,292,671,-23.156738,-48.375707,0724,0005,9d16,0235181e,76.4,822.6,0:00:00,0:00:00,-,-,0,-,,,,,04,1,00000000,00,10
2025-06-12 13:34:33,2025-06-12 13:34:33,2025-06-12 13:34:33,867488060285201,14574,GTHBM,0x09fe7fbf,,802003,0x0a04,0x0a14,100,12449,0000,0000,01,00,22,12,-,01,117.2,292,665,-23.154499,-48.38147,0724,0005,9d16,0235181e,77.0,823.2,0:00:00,0:00:00,-,-,0,-,,,,,,,,,05
2025-06-12 13:35:05,2025-06-12 13:35:05,2025-06-12 13:35:05,867488060285201,14575,GTHBM,0x09fe7fbf,,802003,0x0a04,0x0a14,100,13952,0000,0000,01,00,22,12,-,01,114.9,293,634,-23.150822,-48.39102,0724,0005,9d16,0235181e,78.1,824.3,0:00:00,0:00:00,-,-,0,-,,,,,,,,,05
2025-06-12 13:35:15,2025-06-12 13:35:15,2025-06-12 13:35:13,867488060285201,14576,GTERI,0x09fe3fbf,0x00028102,802003,0x0a04,0x0a14,100,13651,0000,-,01,00,22,12,-,01,106.7,292,631,-23.149962,-48.393234,0724,0005,9d16,0235181e,78.4,824.5,0:00:00,0:00:00,-,-,0,-,,,,,04,1,00000000,00,10
2025-06-12 13:35:37,2025-06-12 13:35:37,2025-06-12 13:35:37,867488060285201,14577,GTHBM,0x09fe7fbf,,802003,0x0a04,0x0a14,100,12355,0000,0000,01,00,22,12,-,01,97.4,290,637,-23.147686,-48.399329,0724,0005,9d16,0235181e,79.0,825.2,0:00:00,0:00:00,-,-,0,-,,,,,,,,,05
2025-06-12 13:36:00,,,867488060285201,14579,HBD
2025-06-12 13:36:09,2025-06-12 13:36:09,2025-06-12 13:36:09,867488060285201,14580,GTSPD,0x09fe7fbf,,802003,0x0a04,0x0a14,100,12051,0000,0000,01,00,22,12,-,01,110.4,284,663,-23.145151,-48.407823,0724,0005,9d16,0235181e,79.9,826.1,0:00:00,0:00:00,-,-,0,-,,,,,,,,,00
2025-06-12 13:36:09,2025-06-12 13:36:09,2025-06-12 13:36:09,867488060285201,14581,GTHBM,0x09fe7fbf,,802003,0x0a04,0x0a14,100,12051,0000,0000,01,00,22,12,-,01,110.4,284,663,-23.145151,-48.407823,0724,0005,9d16,0235181e,79.9,826.1,0:00:00,0:00:00,-,-,0,-,,,,,,,,,05
2025-06-12 13:36:15,2025-06-12 13:36:15,2025-06-12 13:36:13,867488060285201,14582,GTERI,0x09fe3fbf,0x00028102,802003,0x0a04,0x0a14,100,12187,0000,-,01,00,22,12,-,01,111.7,284,666,-23.144868,-48.408989,0724,0005,9d16,0235181e,80.1,826.2,0:00:00,0:00:00,-,-,0,-,,,,,04,1,00000000,00,10
2025-06-12 13:36:41,2025-06-12 13:36:41,2025-06-12 13:36:41,867488060285201,14583,GTHBM,0x09fe7fbf,,802003,0x0a04,0x0a14,100,12120,0000,0000,01,00,22,12,-,01,111.9,282,660,-23.143148,-48.417195,0724,0005,9d16,02290a0e,80.9,827.1,0:00:00,0:00:00,-,-,0,-,,,,,,,,,05
2025-06-12 13:36:42,2025-06-12 13:36:42,2025-06-12 13:36:42,867488060285201,14584,GTSPD,0x09fe7fbf,,802003,0x0a04,0x0a14,100,12120,0000,0000,01,00,22,12,-,01,112.6,282,659,-23.143086,-48.417492,0724,0005,9d16,02290a0e,80.9,827.1,0:00:00,0:00:00,-,-,0,-,,,,,,,,,00
2025-06-12 13:37:13,2025-06-12 13:37:14,2025-06-12 13:37:13,867488060285201,14585,GTHBM,0x09fe7fbf,,802003,0x0a04,0x0a14,100,12277,0000,0000,01,00,22,12,-,01,116.5,282,632,-23.141112,-48.426963,0724,0005,9d16,02290a02,81.9,828.1,0:00:00,0:00:00,-,-,0,-,,,,,,,,,05
2025-06-12 13:37:15,2025-06-12 13:37:15,2025-06-12 13:37:13,867488060285201,14586,GTERI,0x09fe3fbf,0x00028102,802003,0x0a04,0x0a14,100,12277,0000,-,01,00,22,12,-,01,116.5,282,632,-23.141112,-48.426963,0724,0005,9d16,02290a02,82.0,828.1,0:00:00,0:00:00,-,-,0,-,,,,,04,7,00000000,00,10
2025-06-12 13:37:37,2025-06-12 13:37:38,2025-06-12 13:37:37,867488060285201,14587,GTSPD,0x09fe7fbf,,802003,0x0a04,0x0a14,100,11969,0000,0000,01,00,22,12,-,01,111.0,282,630,-23.139622,-48.433983,0724,0005,9d16,02290a02,82.7,828.8,0:00:00,0:00:00,-,-,0,-,,,,,,,,,00
2025-06-12 13:37:45,2025-06-12 13:37:45,2025-06-12 13:37:45,867488060285201,14588,GTHBM,0x09fe7fbf,,802003,0x0a04,0x0a14,100,12037,0000,0000,01,00,22,12,-,01,111.4,282,635,-23.139128,-48.436346,0724,0005,9d16,02290a02,82.9,829.1,0:00:00,0:00:00,-,-,0,-,,,,,,,,,05
2025-06-12 13:38:00,,,867488060285201,14589,HBD
2025-06-12 13:38:13,2025-06-12 13:38:13,2025-06-12 13:38:13,867488060285201,14591,GTSPD,0x09fe7fbf,,802003,0x0a04,0x0a14,100,12130,0000,0000,01,00,22,12,-,01,110.4,282,655,-23.137448,-48.444495,0724,0005,9d16,02290a02,83.8,829.9,0:00:00,0:00:00,-,-,0,-,,,,,,,,,00
2025-06-12 13:38:15,2025-06-12 13:38:15,2025-06-12 13:38:14,867488060285201,14592,GTERI,0x09fe3fbf,0x00028102,802003,0x0a04,0x0a14,100,12316,0000,-,01,00,22,12,-,01,110.4,282,656,-23.137387,-48.444787,0724,0005,9d16,02290a02,83.8,830.0,0:00:00,0:00:00,-,-,0,-,,,,,04,7,00000000,00,10
2025-06-12 13:38:17,2025-06-12 13:38:17,2025-06-12 13:38:17,867488060285201,14593,GTHBM,0x09fe7fbf,,802003,0x0a04,0x0a14,100,12254,0000,0000,01,00,22,12,-,01,111.6,282,657,-23.137201,-48.445668,0724,0005,9d16,02290a02,83.9,830.1,0:00:00,0:00:00,-,-,0,-,,,,,,,,,05
2025-06-12 13:38:47,2025-06-12 13:38:47,2025-06-12 13:38:47,867488060285201,14594,GTSPD,0x09fe7fbf,,802003,0x0a04,0x0a14,100,12391,0000,0000,01,00,22,12,-,01,110.6,282,653,-23.135356,-48.454513,0724,0005,9d16,02290a01,84.8,831.0,0:00:00,0:00:00,-,-,0,-,,,,,,,,,00
2025-06-12 13:38:49,2025-06-12 13:38:49,2025-06-12 13:38:49,867488060285201,14595,GTHBM,0x09fe7fbf,,802003,0x0a04,0x0a14,100,12357,0000,0000,01,00,22,12,-,01,111.2,282,652,-23.135232,-48.4551,0724,0005,9d16,02290a09,84.9,831.1,0:00:00,0:00:00,-,-,0,-,,,,,,,,,05
2025-06-12 13:39:15,2025-06-12 13:39:15,2025-06-12 13:39:13,867488060285201,14596,GTERI,0x09fe3fbf,0x00028102,802003,0x0a04,0x0a14,100,12254,0000,-,01,00,22,12,-,01,111.7,294,644,-23.133215,-48.462009,0724,0005,9d16,02290a0d,85.7,831.8,0:00:00,0:00:00,-,-,0,-,,,,,04,3,00000000,00,10
2025-06-12 13:39:21,2025-06-12 13:39:21,2025-06-12 13:39:21,867488060285201,14597,GTHBM,0x09fe7fbf,,802003,0x0a04,0x0a14,100,12319,0000,0000,01,00,22,12,-,01,109.5,299,641,-23.13221,-48.464152,0724,0005,9d16,02290a0d,85.9,832.0,0:00:00,0:00:00,-,-,0,-,,,,,,,,,05
2025-06-12 13:39:53,2025-06-12 13:39:53,2025-06-12 13:39:53,867488060285201,14598,GTHBM,0x09fe7fbf,,802003,0x0a04,0x0a14,100,12360,0000,0000,01,00,22,12,-,01,103.9,300,652,-23.127789,-48.472167,0724,0005,9d16,02290a0d,86.8,833.0,0:00:00,0:00:00,-,-,0,-,,,,,,,,,05
2025-06-12 13:40:01,,,867488060285201,14599,HBD
2025-06-12 13:40:15,2025-06-12 13:40:15,2025-06-12 13:40:13,867488060285201,14601,GTERI,0x09fe3fbf,0x00028102,802003,0x0a04,0x0a14,100,12320,0000,-,01,00,22,12,-,01,99.4,300,666,-23.125283,-48.476702,0724,0005,9d16,02290a0d,87.4,833.6,0:00:00,0:00:00,-,-,0,-,,,,,04,3,00000000,00,10
2025-06-12 13:40:25,2025-06-12 13:40:25,2025-06-12 13:40:25,867488060285201,14602,GTHBM,0x09fe7fbf,,802003,0x0a04,0x0a14,100,12223,0000,0000,01,00,22,12,-,01,101.5,301,674,-23.123713,-48.479544,0724,0005,9d16,02290a0d,87.7,833.9,0:00:00,0:00:00,-,-,0,-,,,,,,,,,05
2025-06-12 13:40:57,2025-06-12 13:40:58,2025-06-12 13:40:57,867488060285201,14603,GTHBM,0x09fe7fbf,,802003,0x0a04,0x0a14,100,12368,0000,0000,01,00,22,12,-,01,107.2,300,697,-23.119385,-48.487372,0724,0005,9d16,02290a0d,88.6,834.8,0:00:00,0:00:00,-,-,0,-,,,,,,,,,05
2025-06-12 13:41:15,2025-06-12 13:41:15,2025-06-12 13:41:13,867488060285201,14604,GTERI,0x09fe3fbf,0x00028102,802003,0x0a04,0x0a14,100,12373,0000,-,01,00,22,12,-,01,102.5,300,708,-23.117275,-48.4912,0724,0005,9d16,02290a0d,89.1,835.3,0:00:00,0:00:00,-,-,0,-,,,,,04,3,00000000,00,10
2025-06-12 13:41:29,2025-06-12 13:41:30,2025-06-12 13:41:29,867488060285201,14605,GTHBM,0x09fe7fbf,,802003,0x0a04,0x0a14,100,12143,0000,0000,01,00,22,12,-,01,105.7,309,719,-23.114875,-48.494943,0724,0005,9d16,0224760e,89.6,835.7,0:00:00,0:00:00,-,-,0,-,,,,,,,,,05
2025-06-12 13:42:01,,,867488060285201,14606,HBD
2025-06-12 13:42:01,2025-06-12 13:42:01,2025-06-12 13:42:01,867488060285201,14608,GTHBM,0x09fe7fbf,,802003,0x0a04,0x0a14,100,12281,0000,0000,01,00,22,12,-,01,105.9,320,747,-23.108925,-48.50144,0724,0005,9d16,0224760e,90.5,836.7,0:00:00,0:00:00,-,-,0,-,,,,,,,,,05
2025-06-12 13:42:15,2025-06-12 13:42:15,2025-06-12 13:42:13,867488060285201,14609,GTERI,0x09fe3fbf,0x00028102,802003,0x0a04,0x0a14,100,12263,0000,-,01,00,22,12,-,01,100.5,320,760,-23.106528,-48.503574,0724,0005,9d16,0224760e,90.9,837.1,0:00:00,0:00:00,-,-,0,-,,,,,04,3,00000000,00,10
2025-06-12 13:42:33,2025-06-12 13:42:33,2025-06-12 13:42:33,867488060285201,14610,GTHBM,0x09fe7fbf,,802003,0x0a04,0x0a14,100,12319,0000,0000,01,00,22,12,-,01,92.5,339,782,-23.102663,-48.506493,0724,0005,9d16,0224760e,91.4,837.6,0:00:00,0:00:00,-,-,0,-,,,,,,,,,05
2025-06-12 13:42:47,2025-06-12 13:42:47,2025-06-12 13:42:47,867488060285201,14611,GTERI,0x09fe3fbf,0x00028102,802003,0x0a04,0x0a14,100,12073,0000,-,01,00,22,12,-,01,91.2,5,798,-23.099507,-48.506942,0724,0005,9d16,0224760e,91.7,837.9,0:00:00,0:00:00,-,-,0,-,,,,,04,3,00000000,00,11
2025-06-12 13:43:05,2025-06-12 13:43:05,2025-06-12 13:43:05,867488060285201,14612,GTHBM,0x09fe7fbf,,802003,0x0a04,0x0a14,100,12116,0000,0000,01,00,22,12,-,01,89.0,20,823,-23.095645,-48.505671,0724,0005,9d16,0224760e,92.2,838.4,0:00:00,0:00:00,-,-,0,-,,,,,,,,,05
2025-06-12 13:43:15,2025-06-12 13:43:15,2025-06-12 13:43:13,867488060285201,14613,GTERI,0x09fe3fbf,0x00028102,802003,0x0a04,0x0a14,100,12064,0000,-,01,00,22,12,-,01,88.2,8,834,-23.093945,-48.505139,0724,0005,9d16,0224760e,92.4,838.6,0:00:00,0:00:00,-,-,0,-,,,,,04,3,00000000,00,10
2025-06-12 13:43:38,2025-06-12 13:43:38,2025-06-12 13:43:38,867488060285201,14614,GTHBM,0x09fe7fbf,,802003,0x0a04,0x0a14,100,12254,0000,0000,01,00,22,12,-,01,94.2,324,862,-23.088578,-48.506524,0724,0005,9d16,0224760e,93.0,839.2,0:00:00,0:00:00,-,-,0,-,,,,,,,,,05
2025-06-12 13:43:39,2025-06-12 13:43:39,2025-06-12 13:43:39,867488060285201,14615,GTERI,0x09fe3fbf,0x00028102,802003,0x0a04,0x0a14,100,12254,0000,-,01,00,22,12,-,01,94.3,322,864,-23.088389,-48.506677,0724,0005,9d16,0224760e,93.0,839.2,0:00:00,0:00:00,-,-,0,-,,,,,04,3,00000000,00,11
2025-06-12 13:44:01,,,867488060285201,14616,HBD
2025-06-12 13:44:10,2025-06-12 13:44:10,2025-06-12 13:44:10,867488060285201,14618,GTHBM,0x09fe7fbf,,802003,0x0a04,0x0a14,100,12565,0000,0000,01,00,22,12,-,01,85.8,303,888,-23.083707,-48.512955,0724,0005,9d16,0224760d,93.9,840.0,0:00:00,0:00:00,-,-,0,-,,,,,,,,,05
2025-06-12 13:44:14,2025-06-12 13:44:14,2025-06-12 13:44:14,867488060285201,14619,GTHBM,0x09fe7fbf,,802003,0x0a04,0x0a14,100,12645,0000,0000,01,00,22,12,-,01,70.0,304,889,-23.083271,-48.513655,0724,0005,9d16,0224760d,93.9,840.1,0:00:00,0:00:00,-,-,0,-,,,,,,,,,00
2025-06-12 13:44:15,2025-06-12 13:44:15,2025-06-12 13:44:14,867488060285201,14620,GTERI,0x09fe3fbf,0x00028102,802003,0x0a04,0x0a14,100,12645,0000,-,01,00,22,12,-,01,70.0,304,889,-23.083271,-48.513655,0724,0005,9d16,0224760d,94.0,840.2,0:00:00,0:00:00,-,-,0,-,,,,,04,3,00000000,00,10
2025-06-12 13:44:34,2025-06-12 13:44:34,2025-06-12 13:44:34,867488060285201,14621,GTHBM,0x09fe7fbf,,802003,0x0a04,0x0a14,100,12270,0000,0000,01,00,22,12,-,01,0.0,304,890,-23.0825,-48.514809,0724,0005,9d16,0224760d,94.1,840.3,0:00:00,0:00:00,-,-,0,-,,,,,,,,,05
2025-06-12 13:44:54,2025-06-12 13:44:54,2025-06-12 13:44:54,867488060285201,14622,GTHBM,0x09fe7fbf,,802003,0x0a04,0x0a14,100,12239,0000,0000,01,00,22,12,-,01,33.8,306,890,-23.082347,-48.515027,0724,0005,9d16,0224760d,94.1,840.3,0:00:00,0:00:00,-,-,0,-,,,,,,,,,01
2025-06-12 13:45:06,2025-06-12 13:45:06,2025-06-12 13:45:06,867488060285201,14623,GTHBM,0x09fe7fbf,,802003,0x0a04,0x0a14,100,12231,0000,0000,01,00,22,12,-,01,71.4,308,890,-23.081347,-48.516476,0724,0005,9d16,0224760d,94.3,840.5,0:00:00,0:00:00,-,-,0,-,,,,,,,,,05
2025-06-12 13:45:55,2025-06-12 13:45:15,2025-06-12 13:45:13,867488060285201,14624,GTERI,0x09fe3fbf,0x00028102,802003,0x0a04,0x0a14,100,12162,0000,-,01,00,22,12,-,01,85.7,306,890,-23.08047,-48.51765,0724,0005,9d16,0224760d,94.5,840.7,0:00:00,0:00:00,-,-,0,-,,,,,04,3,00000000,00,10
2025-06-12 13:45:55,2025-06-12 13:45:15,2025-06-12 13:45:13,867488060285201,14624,GTERI,0x09fe3fbf,0x00028102,802003,0x0a04,0x0a14,100,12162,0000,-,01,00,22,12,-,01,85.7,306,890,-23.08047,-48.51765,0724,0005,9d16,0224760d,94.5,840.7,0:00:00,0:00:00,-,-,0,-,,,,,04,3,00000000,00,10
2025-06-12 13:45:56,2025-06-12 13:45:15,2025-06-12 13:45:13,867488060285201,14624,GTERI,0x09fe3fbf,0x00028102,802003,0x0a04,0x0a14,100,12162,0000,-,01,00,22,12,-,01,85.7,306,890,-23.08047,-48.51765,0724,0005,9d16,0224760d,94.5,840.7,0:00:00,0:00:00,-,-,0,-,,,,,04,3,00000000,00,10
2025-06-12 13:45:56,2025-06-12 13:45:37,2025-06-12 13:45:37,867488060285201,14625,GTSPD,0x09fe7fbf,,802003,0x0a04,0x0a14,100,12205,0000,0000,01,00,22,12,-,01,112.2,304,887,-23.076865,-48.522953,0724,0005,9d16,0224760d,95.1,841.3,0:00:00,0:00:00,-,-,0,-,,,,,,,,,00
2025-06-12 13:45:56,2025-06-12 13:45:38,2025-06-12 13:45:38,867488060285201,14626,GTHBM,0x09fe7fbf,,802003,0x0a04,0x0a14,100,12205,0000,0000,01,00,22,12,-,01,112.8,303,887,-23.076708,-48.523208,0724,0005,9d16,0224760d,95.2,841.3,0:00:00,0:00:00,-,-,0,-,,,,,,,,,05
2025-06-12 13:46:02,,,867488060285201,14627,HBD
2025-06-12 13:46:11,2025-06-12 13:46:10,2025-06-12 13:46:10,867488060285201,14629,GTHBM,0x09fe7fbf,,802003,0x0a04,0x0a14,100,12244,0000,0000,01,00,22,12,-,01,119.9,288,884,-23.072962,-48.532574,0724,0005,9d16,0224760d,96.2,842.4,0:00:00,0:00:00,-,-,0,-,,,,,,,,,05
2025-06-12 13:46:15,2025-06-12 13:46:15,2025-06-12 13:46:13,867488060285201,14630,GTERI,0x09fe3fbf,0x00028102,802003,0x0a04,0x0a14,100,12113,0000,-,01,00,22,12,-,01,119.4,289,883,-23.072671,-48.533493,0724,0005,9d16,0224760d,96.3,842.5,0:00:00,0:00:00,-,-,0,-,,,,,01,900,00000000,00,10
2025-06-12 13:47:13,,,867488060285201,14633,HBD
2025-06-12 13:47:14,2025-06-12 13:46:42,2025-06-12 13:46:42,867488060285201,14632,GTPDP,0x09fe7fbf,,802003,0x0a04,0x0a14,100,12317,0000,0000,01,00,22,12,-,01,118.3,288,875,-23.069863,-48.54232,0724,0005,00d6,00004e94,97.3,843.4,0:00:00,0:00:00,-,-,0,-
2025-06-12 13:47:14,2025-06-12 13:46:42,2025-06-12 13:46:42,867488060285201,14631,GTHBM,0x09fe7fbf,,802003,0x0a04,0x0a14,100,12317,0000,0000,01,00,22,12,-,01,118.3,288,875,-23.069863,-48.54232,0724,0005,00d6,00004e94,97.3,843.4,0:00:00,0:00:00,-,-,0,-,,,,,,,,,05
2025-06-12 13:47:15,2025-06-12 13:47:15,2025-06-12 13:47:14,867488060285201,14635,GTHBM,0x09fe7fbf,,802003,0x0a04,0x0a14,100,12371,0000,0000,01,00,22,12,-,01,123.9,288,862,-23.06669,-48.552374,0724,0005,9d16,02235409,98.4,844.5,0:00:00,0:00:00,-,-,0,-,,,,,,,,,05
2025-06-12 13:47:15,2025-06-12 13:47:15,2025-06-12 13:47:13,867488060285201,14636,GTERI,0x09fe3fbf,0x00028102,802003,0x0a04,0x0a14,100,12371,0000,-,01,00,22,12,-,01,123.8,289,863,-23.066791,-48.552056,0724,0005,9d16,02235409,98.4,844.5,0:00:00,0:00:00,-,-,0,-,,,,,04,28,00000000,00,10
2025-06-12 13:47:46,2025-06-12 13:47:46,2025-06-12 13:47:46,867488060285201,14637,GTHBM,0x09fe7fbf,,802003,0x0a04,0x0a14,100,12360,0000,0000,01,00,22,12,-,01,128.7,289,846,-23.063376,-48.562787,0724,0005,9d16,02235409,99.5,845.7,0:00:00,0:00:00,-,-,0,-,,,,,,,,,05
2025-06-12 13:48:16,2025-06-12 13:48:16,2025-06-12 13:48:14,867488060285201,14638,GTERI,0x09fe3fbf,0x00028102,802003,0x0a04,0x0a14,100,12359,0000,-,01,00,22,12,-,01,130.1,291,833,-23.060186,-48.571986,0724,0005,9d16,02235409,100.5,846.7,0:00:00,0:00:00,-,-,0,-,,,,,04,28,00000000,00,10
2025-06-12 13:48:18,2025-06-12 13:48:18,2025-06-12 13:48:18,867488060285201,14639,GTHBM,0x09fe7fbf,,802003,0x0a04,0x0a14,100,12212,0000,0000,01,00,22,12,-,01,129.9,292,832,-23.059687,-48.573291,0724,0005,9d16,02235409,100.6,846.8,0:00:00,0:00:00,-,-,0,-,,,,,,,,,05
2025-06-12 13:48:50,2025-06-12 13:48:50,2025-06-12 13:48:50,867488060285201,14640,GTHBM,0x09fe7fbf,,802003,0x0a04,0x0a14,100,12136,0000,0000,01,00,22,12,-,01,127.5,294,820,-23.055508,-48.583473,0724,0005,9d16,0223540b,101.8,848.0,0:00:00,0:00:00,-,-,0,-,,,,,,,,,05
2025-06-12 13:49:13,,,867488060285201,14641,HBD
2025-06-12 13:49:16,2025-06-12 13:49:16,2025-06-12 13:49:14,867488060285201,14643,GTERI,0x09fe3fbf,0x00028102,802003,0x0a04,0x0a14,100,12164,0000,-,01,00,22,12,-,01,125.5,294,819,-23.052276,-48.591081,0724,0005,9d16,0223540b,102.7,848.8,0:00:00,0:00:00,-,-,0,-,,,,,04,28,00000000,00,10
2025-06-12 13:49:22,2025-06-12 13:49:23,2025-06-12 13:49:22,867488060285201,14644,GTHBM,0x09fe7fbf,,802003,0x0a04,0x0a14,100,12236,0000,0000,01,00,22,12,-,01,125.0,294,822,-23.051236,-48.593543,0724,0005,9d16,0223540b,102.9,849.1,0:00:00,0:00:00,-,-,0,-,,,,,,,,,05
2025-06-12 13:49:54,2025-06-12 13:49:54,2025-06-12 13:49:54,867488060285201,14645,GTHBM,0x09fe7fbf,,802003,0x0a04,0x0a14,100,12158,0000,0000,01,00,22,12,-,01,128.3,294,824,-23.047031,-48.603427,0724,0005,9d16,0229cf0a,104.0,850.2,0:00:00,0:00:00,-,-,0,-,,,,,,,,,05
2025-06-12 13:50:16,2025-06-12 13:50:16,2025-06-12 13:50:15,867488060285201,14646,GTERI,0x09fe3fbf,0x00028102,802003,0x0a04,0x0a14,100,12021,0000,-,01,00,22,12,-,01,126.9,294,807,-23.044174,-48.610109,0724,0005,9d16,0229cf0a,104.8,851.0,0:00:00,0:00:00,-,-,0,-,,,,,04,28,00000000,00,10
2025-06-12 13:50:26,2025-06-12 13:50:26,2025-06-12 13:50:26,867488060285201,14647,GTHBM,0x09fe7fbf,,802003,0x0a04,0x0a14,100,12137,0000,0000,01,00,22,12,-,01,122.4,294,802,-23.042753,-48.613446,0724,0005,9d16,0229cf0a,105.2,851.3,0:00:00,0:00:00,-,-,0,-,,,,,,,,,05
2025-06-12 13:50:58,2025-06-12 13:50:58,2025-06-12 13:50:58,867488060285201,14648,GTHBM,0x09fe7fbf,,802003,0x0a04,0x0a14,100,12288,0000,0000,01,00,22,12,-,01,101.1,294,795,-23.039191,-48.621802,0724,0005,9d16,0229cf09,106.1,852.3,0:00:00,0:00:00,-,-,0,-,,,,,,,,,05
2025-06-12 13:51:07,2025-06-12 13:51:07,2025-06-12 13:51:07,867488060285201,14649,GTSPD,0x09fe7fbf,,802003,0x0a04,0x0a14,100,11437,0000,0000,01,00,22,12,-,01,110.8,294,794,-23.038178,-48.624186,0724,0005,9d16,0229cf09,106.4,852.6,0:00:00,0:00:00,-,-,0,-,,,,,,,,,00
2025-06-12 13:51:14,,,867488060285201,14650,HBD
2025-06-12 13:51:16,2025-06-12 13:51:16,2025-06-12 13:51:14,867488060285201,14652,GTERI,0x09fe3fbf,0x00028102,802003,0x0a04,0x0a14,100,12268,0000,-,01,00,22,12,-,01,109.4,294,793,-23.03738,-48.626073,0724,0005,9d16,0229cf09,106.6,852.8,0:00:00,0:00:00,-,-,0,-,,,,,04,28,00000000,00,10
2025-06-12 13:51:17,2025-06-12 13:51:17,2025-06-12 13:51:17,867488060285201,14653,GTSPD,0x09fe7fbf,,802003,0x0a04,0x0a14,100,12268,0000,0000,01,00,22,12,-,01,112.4,294,793,-23.037034,-48.626894,0724,0005,9d16,0229cf09,106.7,852.9,0:00:00,0:00:00,-,-,0,-,,,,,,,,,00
2025-06-12 13:51:30,2025-06-12 13:51:30,2025-06-12 13:51:30,867488060285201,14654,GTHBM,0x09fe7fbf,,802003,0x0a04,0x0a14,100,12193,0000,0000,01,00,22,12,-,01,116.6,293,795,-23.035508,-48.630602,0724,0005,9d16,0229cf09,107.1,853.3,0:00:00,0:00:00,-,-,0,-,,,,,,,,,05
2025-06-12 13:52:02,2025-06-12 13:52:02,2025-06-12 13:52:02,867488060285201,14655,GTHBM,0x09fe7fbf,,802003,0x0a04,0x0a14,100,12277,0000,0000,01,00,22,12,-,01,114.3,291,807,-23.03195,-48.639811,0724,0005,9d16,0229cf09,108.1,854.3,0:00:00,0:00:00,-,-,0,-,,,,,,,,,05
2025-06-12 13:52:16,2025-06-12 13:52:16,2025-06-12 13:52:14,867488060285201,14656,GTERI,0x09fe3fbf,0x00028102,802003,0x0a04,0x0a14,100,12270,0000,-,01,00,22,12,-,01,117.7,290,811,-23.030698,-48.643326,0724,0005,9d16,0229cf09,108.5,854.7,0:00:00,0:00:00,-,-,0,-,,,,,04,28,00000000,00,10
2025-06-12 13:52:34,2025-06-12 13:52:34,2025-06-12 13:52:34,867488060285201,14657,GTHBM,0x09fe7fbf,,802003,0x0a04,0x0a14,100,12329,0000,0000,01,00,22,12,-,01,113.9,289,811,-23.028705,-48.64922,0724,0005,9d16,02239b0a,109.1,855.3,0:00:00,0:00:00,-,-,0,-,,,,,,,,,05
2025-06-12 13:53:06,2025-06-12 13:53:06,2025-06-12 13:53:06,867488060285201,14658,GTHBM,0x09fe7fbf,,802003,0x0a04,0x0a14,100,12254,0000,0000,01,00,22,12,-,01,123.7,289,795,-23.025507,-48.658935,0724,0005,9d16,02239b0a,110.2,856.4,0:00:00,0:00:00,-,-,0,-,,,,,,,,,05
2025-06-12 13:53:14,,,867488060285201,14659,HBD
2025-06-12 13:53:16,2025-06-12 13:53:16,2025-06-12 13:53:15,867488060285201,14661,GTERI,0x09fe3fbf,0x00028102,802003,0x0a04,0x0a14,100,12413,0000,-,01,00,22,12,-,01,122.6,289,790,-23.024544,-48.661754,0724,0005,9d16,02239b0a,110.5,856.7,0:00:00,0:00:00,-,-,0,-,,,,,04,28,00000000,00,10
2025-06-12 13:53:22,2025-06-12 13:53:22,2025-06-12 13:53:22,867488060285201,14662,GTHBM,0x09fe7fbf,,802003,0x0a04,0x0a14,100,13002,0000,0000,01,00,22,12,-,01,106.2,289,787,-23.023881,-48.663742,0724,0005,9d16,02239b0a,110.7,856.9,0:00:00,0:00:00,-,-,0,-,,,,,,,,,00
2025-06-12 13:53:26,2025-06-12 13:53:26,2025-06-12 13:53:26,867488060285201,14663,GTHBM,0x09fe7fbf,,802003,0x0a04,0x0a14,100,12389,0000,0000,01,00,22,12,-,01,109.1,289,786,-23.023516,-48.66484,0724,0005,9d16,02239b0a,110.8,857.0,0:00:00,0:00:00,-,-,0,-,,,,,,,,,05
2025-06-12 13:53:30,2025-06-12 13:53:30,2025-06-12 13:53:30,867488060285201,14664,GTSPD,0x09fe7fbf,,802003,0x0a04,0x0a14,100,12445,0000,0000,01,00,22,12,-,01,111.4,289,786,-23.023142,-48.665967,0724,0005,9d16,02239b0a,111.0,857.1,0:00:00,0:00:00,-,-,0,-,,,,,,,,,00
2025-06-12 13:53:59,2025-06-12 13:53:58,2025-06-12 13:53:58,867488060285201,14665,GTHBM,0x09fe7fbf,,802003,0x0a04,0x0a14,100,12288,0000,0000,01,00,22,12,-,01,113.8,289,789,-23.020431,-48.674082,0724,0005,9d16,02239b0a,111.9,858.0,0:00:00,0:00:00,-,-,0,-,,,,,,,,,05
2025-06-12 13:54:16,2025-06-12 13:54:16,2025-06-12 13:54:14,867488060285201,14666,GTERI,0x09fe3fbf,0x00028102,802003,0x0a04,0x0a14,100,12422,0000,-,01,00,22,12,-,01,118.0,289,793,-23.018846,-48.678823,0724,0005,9d16,02239b0b,112.4,858.6,0:00:00,0:00:00,-,-,0,-,,,,,04,28,00000000,00,10
2025-06-12 13:54:30,2025-06-12 13:54:30,2025-06-12 13:54:30,867488060285201,14667,GTHBM,0x09fe7fbf,,802003,0x0a04,0x0a14,100,12430,0000,0000,01,00,22,12,-,01,119.9,289,796,-23.017236,-48.683658,0724,0005,9d16,02239b0b,112.9,859.1,0:00:00,0:00:00,-,-,0,-,,,,,,,,,05
2025-06-12 13:55:03,2025-06-12 13:55:03,2025-06-12 13:55:03,867488060285201,14668,GTHBM,0x09fe7fbf,,802003,0x0a04,0x0a14,100,12373,0000,0000,01,00,22,12,-,01,124.7,289,782,-23.01386,-48.693834,0724,0005,9d16,02239b0b,114.0,860.2,0:00:00,0:00:00,-,-,0,-,,,,,,,,,05
2025-06-12 13:55:14,,,867488060285201,14669,HBD
2025-06-12 13:55:16,2025-06-12 13:55:16,2025-06-12 13:55:15,867488060285201,14671,GTERI,0x09fe3fbf,0x00028102,802003,0x0a04,0x0a14,100,12519,0000,-,01,00,22,12,-,01,125.5,289,773,-23.01259,-48.697719,0724,0005,9d16,0229d50a,114.5,860.6,0:00:00,0:00:00,-,-,0,-,,,,,04,28,00000000,00,10
2025-06-12 13:55:35,2025-06-12 13:55:35,2025-06-12 13:55:35,867488060285201,14672,GTHBM,0x09fe7fbf,,802003,0x0a04,0x0a14,100,12488,0000,0000,01,00,22,12,-,01,122.0,289,773,-23.010507,-48.703976,0724,0005,9d16,0229d50a,115.1,861.3,0:00:00,0:00:00,-,-,0,-,,,,,,,,,05
2025-06-12 13:56:07,2025-06-12 13:56:07,2025-06-12 13:56:07,867488060285201,14673,GTHBM,0x09fe7fbf,,802003,0x0a04,0x0a14,100,12474,0000,0000,01,00,22,12,-,01,120.4,290,780,-23.00721,-48.713774,0724,0005,9d16,0229d50a,116.2,862.4,0:00:00,0:00:00,-,-,0,-,,,,,,,,,05
2025-06-12 13:56:16,2025-06-12 13:56:16,2025-06-12 13:56:14,867488060285201,14674,GTERI,0x09fe3fbf,0x00028102,802003,0x0a04,0x0a14,100,12390,0000,-,01,00,22,12,-,01,121.8,290,782,-23.006466,-48.715925,0724,0005,9d16,0229d50a,116.5,862.6,0:00:00,0:00:00,-,-,0,-,,,,,04,28,00000000,00,10
2025-06-12 13:56:39,2025-06-12 13:56:39,2025-06-12 13:56:39,867488060285201,14675,GTHBM,0x09fe7fbf,,802003,0x0a04,0x0a14,100,12270,0000,0000,01,00,22,12,-,01,118.0,291,786,-23.00375,-48.723514,0724,0005,9d16,0229d50a,117.3,863.4,0:00:00,0:00:00,-,-,0,-,,,,,,,,,05
2025-06-12 13:57:11,2025-06-12 13:57:11,2025-06-12 13:57:11,867488060285201,14676,GTHBM,0x09fe7fbf,,802003,0x0a04,0x0a14,100,12315,0000,0000,01,00,22,12,-,01,128.3,293,772,-22.999953,-48.733461,0724,0005,9d16,0229d509,118.4,864.5,0:00:00,0:00:00,-,-,0,-,,,,,,,,,05
2025-06-12 13:57:14,,,867488060285201,14677,HBD
2025-06-12 13:57:16,2025-06-12 13:57:16,2025-06-12 13:57:15,867488060285201,14679,GTERI,0x09fe3fbf,0x00028102,802003,0x0a04,0x0a14,100,12315,0000,-,01,00,22,12,-,01,129.6,293,769,-22.999445,-48.734748,0724,0005,9d16,0229d509,118.5,864.7,0:00:00,0:00:00,-,-,0,-,,,,,04,28,00000000,00,10
2025-06-12 13:57:43,2025-06-12 13:57:43,2025-06-12 13:57:43,867488060285201,14680,GTHBM,0x09fe7fbf,,802003,0x0a04,0x0a14,100,12449,0000,0000,01,00,22,12,-,01,126.8,294,752,-22.995774,-48.743749,0724,0005,9d16,0229d509,119.5,865.7,0:00:00,0:00:00,-,-,0,-,,,,,,,,,05
2025-06-12 13:58:15,2025-06-12 13:58:15,2025-06-12 13:58:15,867488060285201,14681,GTHBM,0x09fe7fbf,,802003,0x0a04,0x0a14,100,12404,0000,0000,01,00,22,12,-,01,125.2,295,753,-22.991479,-48.753683,0724,0005,9d16,0229d509,120.6,866.8,0:00:00,0:00:00,-,-,0,-,,,,,,,,,05
2025-06-12 13:58:16,2025-06-12 13:58:16,2025-06-12 13:58:15,867488060285201,14682,GTERI,0x09fe3fbf,0x00028102,802003,0x0a04,0x0a14,100,12404,0000,-,01,00,22,12,-,01,125.2,295,753,-22.991479,-48.753683,0724,0005,9d16,0229d509,120.7,866.8,0:00:00,0:00:00,-,-,0,-,,,,,04,28,00000000,00,10
2025-06-12 13:58:47,2025-06-12 13:58:47,2025-06-12 13:58:47,867488060285201,14683,GTHBM,0x09fe7fbf,,802003,0x0a04,0x0a14,100,12288,0000,0000,01,00,22,12,-,01,125.8,296,729,-22.986973,-48.763493,0724,0005,fd92,0229060e,121.8,867.9,0:00:00,0:00:00,-,-,0,-,,,,,,,,,05
2025-06-12 13:59:14,,,867488060285201,14684,HBD
2025-06-12 13:59:16,2025-06-12 13:59:16,2025-06-12 13:59:14,867488060285201,14686,GTERI,0x09fe3fbf,0x00028102,802003,0x0a04,0x0a14,100,12393,0000,-,01,00,22,12,-,01,119.6,298,720,-22.983141,-48.771409,0724,0005,fd92,0229060e,122.7,868.9,0:00:00,0:00:00,-,-,0,-,,,,,04,3,00000000,00,10
2025-06-12 13:59:19,2025-06-12 13:59:19,2025-06-12 13:59:19,867488060285201,14687,GTHBM,0x09fe7fbf,,802003,0x0a04,0x0a14,100,11577,0000,0000,01,00,22,12,-,01,121.1,298,721,-22.982426,-48.772842,0724,0005,9d16,0229d509,122.8,869.0,0:00:00,0:00:00,-,-,0,-,,,,,,,,,05
2025-06-12 13:59:51,2025-06-12 13:59:51,2025-06-12 13:59:51,867488060285201,14688,GTHBM,0x09fe7fbf,,802003,0x0a04,0x0a14,100,12322,0000,0000,01,00,22,12,-,01,122.1,299,728,-22.977662,-48.78212,0724,0005,9d16,0229d509,123.9,870.1,0:00:00,0:00:00,-,-,0,-,,,,,,,,,05
2025-06-12 14:00:16,2025-06-12 14:00:16,2025-06-12 14:00:15,867488060285201,14689,GTERI,0x09fe3fbf,0x00028102,802003,0x0a04,0x0a14,100,12476,0000,-,01,00,22,12,-,01,123.2,300,724,-22.973932,-48.789019,0724,0005,fd92,02290602,124.8,871.0,0:00:00,0:00:00,-,-,0,-,,,,,04,7,00000000,00,10
2025-06-12 14:00:23,2025-06-12 14:00:23,2025-06-12 14:00:23,867488060285201,14690,GTHBM,0x09fe7fbf,,802003,0x0a04,0x0a14,100,12310,0000,0000,01,00,22,12,-,01,124.8,301,719,-22.972655,-48.791332,0724,0005,fd92,02290602,125.0,871.2,0:00:00,0:00:00,-,-,0,-,,,,,,,,,05
2025-06-12 14:00:56,2025-06-12 14:00:57,2025-06-12 14:00:56,867488060285201,14691,GTHBM,0x09fe7fbf,,802003,0x0a04,0x0a14,100,12356,0000,0000,01,00,22,12,-,01,122.1,301,707,-22.967314,-48.800692,0724,0005,fd92,02290602,126.2,872.3,0:00:00,0:00:00,-,-,0,-,,,,,,,,,05
2025-06-12 14:01:14,,,867488060285201,14692,HBD
2025-06-12 14:01:16,2025-06-12 14:01:16,2025-06-12 14:01:15,867488060285201,14694,GTERI,0x09fe3fbf,0x00028102,802003,0x0a04,0x0a14,100,12420,0000,-,01,00,22,12,-,01,121.5,302,712,-22.964247,-48.80602,0724,0005,fd92,0229060d,126.8,873.0,0:00:00,0:00:00,-,-,0,-,,,,,04,3,00000000,00,10
2025-06-12 14:01:28,2025-06-12 14:01:28,2025-06-12 14:01:28,867488060285201,14695,GTHBM,0x09fe7fbf,,802003,0x0a04,0x0a14,100,12490,0000,0000,01,00,22,12,-,01,123.0,302,714,-22.962132,-48.809673,0724,0005,fd92,0229060d,127.2,873.4,0:00:00,0:00:00,-,-,0,-,,,,,,,,,05
2025-06-12 14:02:00,2025-06-12 14:02:00,2025-06-12 14:02:00,867488060285201,14696,GTHBM,0x09fe7fbf,,802003,0x0a04,0x0a14,100,12531,0000,0000,01,00,22,12,-,01,119.8,301,714,-22.956959,-48.818658,0724,0005,fd92,02290601,128.3,874.5,0:00:00,0:00:00,-,-,0,-,,,,,,,,,05
2025-06-12 14:02:16,2025-06-12 14:02:16,2025-06-12 14:02:15,867488060285201,14697,GTERI,0x09fe3fbf,0x00028102,802003,0x0a04,0x0a14,100,12324,0000,-,01,00,22,12,-,01,119.2,286,706,-22.955025,-48.822982,0724,0005,fd92,02290601,128.9,875.0,0:00:00,0:00:00,-,-,0,-,,,,,04,7,00000000,00,10
2025-06-12 14:02:32,2025-06-12 14:02:32,2025-06-12 14:02:32,867488060285201,14698,GTHBM,0x09fe7fbf,,802003,0x0a04,0x0a14,100,12239,0000,0000,01,00,22,12,-,01,124.5,265,697,-22.954498,-48.828558,0724,0005,9d16,0222f10e,129.4,875.6,0:00:00,0:00:00,-,-,0,-,,,,,,,,,05
2025-06-12 14:03:04,2025-06-12 14:03:04,2025-06-12 14:03:04,867488060285201,14699,GTHBM,0x09fe7fbf,,802003,0x0a04,0x0a14,100,12351,0000,0000,01,00,22,12,-,01,117.2,263,702,-22.955618,-48.838854,0724,0005,9d16,0222f10e,130.5,876.6,0:00:00,0:00:00,-,-,0,-,,,,,,,,,05
2025-06-12 14:03:14,,,867488060285201,14700,HBD
2025-06-12 14:03:16,2025-06-12 14:03:16,2025-06-12 14:03:14,867488060285201,14702,GTERI,0x09fe3fbf,0x00028102,802003,0x0a04,0x0a14,100,12371,0000,-,01,00,22,12,-,01,117.2,263,708,-22.95596,-48.841986,0724,0005,9d16,0222f10e,130.8,877.0,0:00:00,0:00:00,-,-,0,-,,,,,04,3,00000000,00,10
2025-06-12 14:03:36,2025-06-12 14:03:36,2025-06-12 14:03:36,867488060285201,14703,GTHBM,0x09fe7fbf,,802003,0x0a04,0x0a14,100,12290,0000,0000,01,00,22,12,-,01,111.3,262,714,-22.956726,-48.848887,0724,0005,9d16,0222f10e,131.5,877.7,0:00:00,0:00:00,-,-,0,-,,,,,,,,,05
2025-06-12 14:04:08,2025-06-12 14:04:08,2025-06-12 14:04:08,867488060285201,14704,GTHBM,0x09fe7fbf,,802003,0x0a04,0x0a14,100,12446,0000,0000,01,00,22,12,-,01,119.4,277,709,-22.957175,-48.858896,0724,0005,9d16,0222f10e,132.5,878.7,0:00:00,0:00:00,-,-,0,-,,,,,,,,,05
2025-06-12 14:04:23,2025-06-12 14:04:16,2025-06-12 14:04:15,867488060285201,14705,GTERI,0x09fe3fbf,0x00028102,802003,0x0a04,0x0a14,100,12353,0000,-,01,00,22,12,-,01,119.7,282,707,-22.9568,-48.861127,0724,0005,9d16,0222f10e,132.8,879.0,0:00:00,0:00:00,-,-,0,-,,,,,04,3,00000000,00,10
2025-06-12 14:04:40,2025-06-12 14:04:40,2025-06-12 14:04:40,867488060285201,14706,GTHBM,0x09fe7fbf,,802003,0x0a04,0x0a14,100,12701,0000,0000,01,00,22,12,-,01,102.8,290,702,-22.954621,-48.868255,0724,0005,9d16,0222f10d,133.5,879.7,0:00:00,0:00:00,-,-,0,-,,,,,,,,,05
2025-06-12 14:05:12,2025-06-12 14:05:12,2025-06-12 14:05:12,867488060285201,14707,GTHBM,0x09fe7fbf,,802003,0x0a04,0x0a14,100,12280,0000,0000,01,00,22,12,-,01,101.7,290,697,-22.951683,-48.876848,0724,0005,9d16,0222f10d,134.5,880.6,0:00:00,0:00:00,-,-,0,-,,,,,,,,,05
2025-06-12 14:05:14,,,867488060285201,14708,HBD
2025-06-12 14:05:16,2025-06-12 14:05:16,2025-06-12 14:05:15,867488060285201,14710,GTERI,0x09fe3fbf,0x00028102,802003,0x0a04,0x0a14,100,12436,0000,-,01,00,22,12,-,01,101.2,290,697,-22.951418,-48.877619,0724,0005,9d16,0222f10d,134.6,880.8,0:00:00,0:00:00,-,-,0,-,,,,,04,3,00000000,00,10
2025-06-12 14:05:44,2025-06-12 14:05:44,2025-06-12 14:05:44,867488060285201,14711,GTHBM,0x09fe7fbf,,802003,0x0a04,0x0a14,100,12459,0000,0000,01,00,22,12,-,01,105.8,290,695,-22.948832,-48.885146,0724,0005,9d16,0222f10d,135.4,881.6,0:00:00,0:00:00,-,-,0,-,,,,,,,,,05
2025-06-12 14:05:55,2025-06-12 14:05:55,2025-06-12 14:05:55,867488060285201,14712,GTSPD,0x09fe7fbf,,802003,0x0a04,0x0a14,100,12193,0000,0000,01,00,22,12,-,01,111.4,290,697,-22.947783,-48.88818,0724,0005,9d16,0222f10d,135.7,881.9,0:00:00,0:00:00,-,-,0,-,,,,,,,,,00
2025-06-12 14:06:16,2025-06-12 14:06:16,2025-06-12 14:06:14,867488060285201,14713,GTERI,0x09fe3fbf,0x00028102,802003,0x0a04,0x0a14,100,12214,0000,-,01,00,22,12,-,01,109.5,290,702,-22.945948,-48.893529,0724,0005,9d16,0222f10d,136.3,882.5,0:00:00,0:00:00,-,-,0,-,,,,,04,3,00000000,00,10
2025-06-12 14:06:17,2025-06-12 14:06:16,2025-06-12 14:06:16,867488060285201,14714,GTHBM,0x09fe7fbf,,802003,0x0a04,0x0a14,100,12214,0000,0000,01,00,22,12,-,01,110.8,290,702,-22.945756,-48.894089,0724,0005,9d16,0222f10d,136.4,882.5,0:00:00,0:00:00,-,-,0,-,,,,,,,,,05
2025-06-12 14:06:17,2025-06-12 14:06:17,2025-06-12 14:06:17,867488060285201,14715,GTSPD,0x09fe7fbf,,802003,0x0a04,0x0a14,100,12490,0000,0000,01,00,22,12,-,01,111.4,290,703,-22.945659,-48.894372,0724,0005,9d16,0222f10d,136.4,882.6,0:00:00,0:00:00,-,-,0,-,,,,,,,,,00
2025-06-12 14:06:48,2025-06-12 14:06:48,2025-06-12 14:06:48,867488060285201,14716,GTHBM,0x09fe7fbf,,802003,0x0a04,0x0a14,100,12386,0000,0000,01,00,22,12,-,01,115.2,290,701,-22.942553,-48.903401,0724,0005,9d16,0222f10d,137.4,883.6,0:00:00,0:00:00,-,-,0,-,,,,,,,,,05
2025-06-12 14:07:14,,,867488060285201,14717,HBD
2025-06-12 14:07:16,2025-06-12 14:07:16,2025-06-12 14:07:15,867488060285201,14719,GTERI,0x09fe3fbf,0x00028102,802003,0x0a04,0x0a14,100,12386,0000,-,01,00,22,12,-,01,120.2,276,696,-22.940504,-48.911679,0724,0005,9d16,0222f10d,138.3,884.5,0:00:00,0:00:00,-,-,0,-,,,,,04,3,00000000,00,10
2025-06-12 14:08:20,2025-06-12 14:07:20,2025-06-12 14:07:20,867488060285201,14720,GTHBM,0x09fe7fbf,,802003,0x0a04,0x0a14,100,12359,0000,0000,01,00,22,12,-,01,120.3,274,697,-22.940362,-48.9133,0724,0005,9d16,0222f10d,138.4,884.6,0:00:00,0:00:00,-,-,0,-,,,,,,,,,05
2025-06-12 14:08:20,2025-06-12 14:07:37,2025-06-12 14:07:37,867488060285201,14721,GTSTC,0x09fe7fbf,,802003,0x0a04,0x0a14,100,12354,0000,0000,01,00,22,12,-,01,122.8,268,702,-22.940371,-48.918914,0724,0005,9d16,0222f10d,139.0,885.2,0:00:00,0:00:00,-,-,0,-
2025-06-12 14:08:21,2025-06-12 14:07:51,2025-06-12 14:07:51,867488060285201,14722,GTHBM,0x09fe7fbf,,802003,0x0a04,0x0a14,100,12393,0000,0000,01,00,22,12,-,01,122.8,268,706,-22.940466,-48.923557,0724,0005,9d16,0222f10d,139.5,885.7,0:00:00,0:00:00,-,-,0,-,,,,,,,,,05
2025-06-12 14:08:21,2025-06-12 14:08:16,2025-06-12 14:08:15,867488060285201,14723,GTERI,0x09fe3fbf,0x00028102,802003,0x0a04,0x0a14,100,12311,0000,-,01,00,22,12,-,01,116.6,269,707,-22.940615,-48.93141,0724,0005,9d16,0222f10d,140.3,886.5,0:00:00,0:00:00,-,-,0,-,,,,,04,3,00000000,00,10
2025-06-12 14:08:23,2025-06-12 14:08:23,2025-06-12 14:08:23,867488060285201,14724,GTHBM,0x09fe7fbf,,802003,0x0a04,0x0a14,100,12430,0000,0000,01,00,22,12,-,01,117.0,269,706,-22.940661,-48.933931,0724,0005,9d16,0222f30d,140.5,886.7,0:00:00,0:00:00,-,-,0,-,,,,,,,,,05
2025-06-12 14:08:55,2025-06-12 14:08:55,2025-06-12 14:08:55,867488060285201,14725,GTHBM,0x09fe7fbf,,802003,0x0a04,0x0a14,100,12227,0000,0000,01,00,22,12,-,01,125.0,269,699,-22.94086,-48.944433,0724,0005,9d16,0222f30d,141.6,887.8,0:00:00,0:00:00,-,-,0,-,,,,,,,,,05
2025-06-12 14:09:15,,,867488060285201,14726,HBD
2025-06-12 14:09:16,2025-06-12 14:09:16,2025-06-12 14:09:15,867488060285201,14728,GTERI,0x09fe3fbf,0x00028102,802003,0x0a04,0x0a14,100,12460,0000,-,01,00,22,12,-,01,126.7,274,696,-22.940784,-48.951263,0724,0005,9d16,0222f30e,142.4,888.5,0:00:00,0:00:00,-,-,0,-,,,,,04,3,00000000,00,10
2025-06-12 14:09:27,2025-06-12 14:09:27,2025-06-12 14:09:27,867488060285201,14729,GTHBM,0x09fe7fbf,,802003,0x0a04,0x0a14,100,12126,0000,0000,01,00,22,12,-,01,126.0,277,696,-22.940398,-48.955344,0724,0005,9d16,0222f30e,142.7,888.9,0:00:00,0:00:00,-,-,0,-,,,,,,,,,05
2025-06-12 14:09:59,2025-06-12 14:09:59,2025-06-12 14:09:59,867488060285201,14730,GTHBM,0x09fe7fbf,,802003,0x0a04,0x0a14,100,12338,0000,0000,01,00,22,12,-,01,125.8,280,703,-22.938565,-48.966069,0724,0005,9d16,0222f30f,143.9,890.0,0:00:00,0:00:00,-,-,0,-,,,,,,,,,05
2025-06-12 14:10:16,2025-06-12 14:10:16,2025-06-12 14:10:14,867488060285201,14731,GTERI,0x09fe3fbf,0x00028102,802003,0x0a04,0x0a14,100,12245,0000,-,01,00,22,12,-,01,123.5,280,705,-22.937677,-48.971038,0724,0005,9d16,0222f30f,144.4,890.6,0:00:00,0:00:00,-,-,0,-,,,,,04,3,00000000,00,10
2025-06-12 14:10:31,2025-06-12 14:10:31,2025-06-12 14:10:31,867488060285201,14732,GTHBM,0x09fe7fbf,,802003,0x0a04,0x0a14,100,12238,0000,0000,01,00,22,12,-,01,117.7,280,705,-22.936703,-48.976503,0724,0005,9d16,0222f30f,144.9,891.1,0:00:00,0:00:00,-,-,0,-,,,,,,,,,05
2025-06-12 14:11:03,2025-06-12 14:11:03,2025-06-12 14:11:03,867488060285201,14733,GTHBM,0x09fe7fbf,,802003,0x0a04,0x0a14,100,12254,0000,0000,01,00,22,12,-,01,112.1,280,703,-22.934941,-48.986346,0724,0005,9d16,0222f30f,146.0,892.1,0:00:00,0:00:00,-,-,0,-,,,,,,,,,05
2025-06-12 14:11:15,,,867488060285201,14734,HBD
2025-06-12 14:11:16,2025-06-12 14:11:16,2025-06-12 14:11:15,867488060285201,14736,GTERI,0x09fe3fbf,0x00028102,802003,0x0a04,0x0a14,100,12341,0000,-,01,00,22,12,-,01,114.0,280,702,-22.934292,-48.989968,0724,0005,9d16,0222f30f,146.4,892.6,0:00:00,0:00:00,-,-,0,-,,,,,04,3,00000000,00,10
2025-06-12 14:11:35,2025-06-12 14:11:35,2025-06-12 14:11:35,867488060285201,14737,GTHBM,0x09fe7fbf,,802003,0x0a04,0x0a14,100,12234,0000,0000,01,00,22,12,-,01,120.6,280,701,-22.933167,-48.996255,0724,0005,9d16,0222f30f,147.0,893.2,0:00:00,0:00:00,-,-,0,-,,,,,,,,,05
2025-06-12 14:12:07,2025-06-12 14:12:07,2025-06-12 14:12:07,867488060285201,14738,GTHBM,0x09fe7fbf,,802003,0x0a04,0x0a14,100,12232,0000,0000,01,00,22,12,-,01,122.9,281,698,-22.931288,-49.006638,0724,0005,9d16,0222f30f,148.1,894.3,0:00:00,0:00:00,-,-,0,-,,,,,,,,,05
2025-06-12 14:12:16,2025-06-12 14:12:16,2025-06-12 14:12:15,867488060285201,14739,GTERI,0x09fe3fbf,0x00028102,802003,0x0a04,0x0a14,100,12409,0000,-,01,00,22,12,-,01,122.0,280,696,-22.930818,-49.009244,0724,0005,9d16,0222f30f,148.4,894.6,0:00:00,0:00:00,-,-,0,-,,,,,04,3,00000000,00,10
2025-06-12 14:12:39,2025-06-12 14:12:39,2025-06-12 14:12:39,867488060285201,14740,GTHBM,0x09fe7fbf,,802003,0x0a04,0x0a14,100,12466,0000,0000,01,00,22,12,-,01,120.8,280,692,-22.929457,-49.01685,0724,0005,9d16,0223410e,149.2,895.3,0:00:00,0:00:00,-,-,0,-,,,,,,,,,05
2025-06-12 14:13:11,2025-06-12 14:13:11,2025-06-12 14:13:11,867488060285201,14741,GTHBM,0x09fe7fbf,,802003,0x0a04,0x0a14,100,12459,0000,0000,01,00,22,12,-,01,121.9,285,683,-22.927144,-49.027214,0724,0005,9d16,0223410e,150.3,896.4,0:00:00,0:00:00,-,-,0,-,,,,,,,,,05
2025-06-12 14:13:15,,,867488060285201,14742,HBD
2025-06-12 14:13:16,2025-06-12 14:13:16,2025-06-12 14:13:14,867488060285201,14744,GTERI,0x09fe3fbf,0x00028102,802003,0x0a04,0x0a14,100,12492,0000,-,01,00,22,12,-,01,121.3,286,682,-22.926898,-49.028165,0724,0005,9d16,0223410e,150.4,896.6,0:00:00,0:00:00,-,-,0,-,,,,,04,3,00000000,00,10
2025-06-12 14:13:43,2025-06-12 14:13:43,2025-06-12 14:13:43,867488060285201,14745,GTHBM,0x09fe7fbf,,802003,0x0a04,0x0a14,100,12503,0000,0000,01,00,22,12,-,01,120.9,285,674,-22.924625,-49.03736,0724,0005,9d16,0223410e,151.3,897.5,0:00:00,0:00:00,-,-,0,-,,,,,,,,,05
2025-06-12 14:14:15,2025-06-12 14:14:15,2025-06-12 14:14:15,867488060285201,14746,GTHBM,0x09fe7fbf,,802003,0x0a04,0x0a14,100,12373,0000,0000,01,00,22,12,-,01,123.9,284,680,-22.922099,-49.04755,0724,0005,9d16,0223410e,152.4,898.6,0:00:00,0:00:00,-,-,0,-,,,,,,,,,05
2025-06-12 14:14:18,2025-06-12 14:14:16,2025-06-12 14:14:14,867488060285201,14747,GTERI,0x09fe3fbf,0x00028102,802003,0x0a04,0x0a14,100,12373,0000,-,01,00,22,12,-,01,123.5,284,680,-22.922177,-49.047225,0724,0005,9d16,0223410e,152.4,898.6,0:00:00,0:00:00,-,-,0,-,,,,,04,3,00000000,00,10
2025-06-12 14:14:31,2025-06-12 14:14:31,2025-06-12 14:14:31,867488060285201,14748,GTHBM,0x09fe7fbf,,802003,0x0a04,0x0a14,100,13925,0000,0000,01,00,22,12,-,01,88.7,285,678,-22.920887,-49.052419,0724,0005,9d16,0223410d,152.9,899.1,0:00:00,0:00:00,-,-,0,-,,,,,,,,,00
2025-06-12 14:14:35,2025-06-12 14:14:35,2025-06-12 14:14:35,867488060285201,14749,GTHBM,0x09fe7fbf,,802003,0x0a04,0x0a14,100,13731,0000,0000,01,00,22,12,-,01,84.2,284,678,-22.920665,-49.053319,0724,0005,9d16,0223410d,153.0,899.2,0:00:00,0:00:00,-,-,0,-,,,,,,,,,05
2025-06-12 14:15:07,2025-06-12 14:15:07,2025-06-12 14:15:07,867488060285201,14750,GTHBM,0x09fe7fbf,,802003,0x0a04,0x0a14,100,12385,0000,0000,01,00,22,12,-,01,96.9,285,674,-22.918767,-49.060985,0724,0005,9d16,0223410d,153.8,900.0,0:00:00,0:00:00,-,-,0,-,,,,,,,,,05
2025-06-12 14:15:15,,,867488060285201,14751,HBD
2025-06-12 14:15:16,2025-06-12 14:15:16,2025-06-12 14:15:15,867488060285201,14753,GTERI,0x09fe3fbf,0x00028102,802003,0x0a04,0x0a14,100,12390,0000,-,01,00,22,12,-,01,107.6,284,673,-22.918241,-49.063116,0724,0005,9d16,0223410d,154.1,900.3,0:00:00,0:00:00,-,-,0,-,,,,,04,3,00000000,00,10
2025-06-12 14:15:19,2025-06-12 14:15:19,2025-06-12 14:15:19,867488060285201,14754,GTSPD,0x09fe7fbf,,802003,0x0a04,0x0a14,100,12261,0000,0000,01,00,22,12,-,01,113.3,284,672,-22.917952,-49.064275,0724,0005,9d16,0223410d,154.2,900.4,0:00:00,0:00:00,-,-,0,-,,,,,,,,,00
2025-06-12 14:15:39,2025-06-12 14:15:39,2025-06-12 14:15:39,867488060285201,14755,GTHBM,0x09fe7fbf,,802003,0x0a04,0x0a14,100,12174,0000,0000,01,00,22,12,-,01,121.2,285,669,-22.916427,-49.07042,0724,0005,9d16,0223410d,154.8,901.0,0:00:00,0:00:00,-,-,0,-,,,,,,,,,05
2025-06-12 14:16:11,2025-06-12 14:16:11,2025-06-12 14:16:11,867488060285201,14756,GTHBM,0x09fe7fbf,,802003,0x0a04,0x0a14,100,12256,0000,0000,01,00,22,12,-,01,115.3,285,673,-22.914028,-49.080049,0724,0005,9d16,0223410d,155.9,902.0,0:00:00,0:00:00,-,-,0,-,,,,,,,,,05
2025-06-12 14:16:16,2025-06-12 14:16:16,2025-06-12 14:16:15,867488060285201,14757,GTERI,0x09fe3fbf,0x00028102,802003,0x0a04,0x0a14,100,12277,0000,-,01,00,22,12,-,01,116.3,284,674,-22.913727,-49.081259,0724,0005,9d16,0223410d,156.0,902.2,0:00:00,0:00:00,-,-,0,-,,,,,04,3,00000000,00,10
2025-06-12 14:16:43,2025-06-12 14:16:43,2025-06-12 14:16:43,867488060285201,14758,GTHBM,0x09fe7fbf,,802003,0x0a04,0x0a14,100,12330,0000,0000,01,00,22,12,-,01,125.5,284,676,-22.911513,-49.090161,0724,0005,9d16,0223410d,156.9,903.1,0:00:00,0:00:00,-,-,0,-,,,,,,,,,05
2025-06-12 14:17:15,,,867488060285201,14759,HBD
2025-06-12 14:17:15,2025-06-12 14:17:15,2025-06-12 14:17:15,867488060285201,14760,GTHBM,0x09fe7fbf,,802003,0x0a04,0x0a14,100,12225,0000,0000,01,00,22,12,-,01,123.9,305,673,-22.907288,-49.100053,0724,0005,9d16,0223410d,158.1,904.2,0:00:00,0:00:00,-,-,0,-,,,,,,,,,05
2025-06-12 14:17:53,2025-06-12 14:17:16,2025-06-12 14:17:14,867488060285201,14762,GTERI,0x09fe3fbf,0x00028102,802003,0x0a04,0x0a14,100,12225,0000,-,01,00,22,12,-,01,124.3,304,673,-22.907468,-49.099778,0724,0005,9d16,0223410d,158.1,904.2,0:00:00,0:00:00,-,-,0,-,,,,,04,3,00000000,00,10
2025-06-12 14:17:54,2025-06-12 14:17:16,2025-06-12 14:17:14,867488060285201,14762,GTERI,0x09fe3fbf,0x00028102,802003,0x0a04,0x0a14,100,12225,0000,-,01,00,22,12,-,01,124.3,304,673,-22.907468,-49.099778,0724,0005,9d16,0223410d,158.1,904.2,0:00:00,0:00:00,-,-,0,-,,,,,04,3,00000000,00,10
2025-06-12 14:17:54,2025-06-12 14:17:47,2025-06-12 14:17:47,867488060285201,14763,GTHBM,0x09fe7fbf,,802003,0x0a04,0x0a14,100,12326,0000,0000,01,00,22,12,-,01,123.2,307,671,-22.901185,-49.108572,0724,0005,9d16,0223410d,159.2,905.3,0:00:00,0:00:00,-,-,0,-,,,,,,,,,05
2025-06-12 14:18:17,2025-06-12 14:18:16,2025-06-12 14:18:14,867488060285201,14764,GTERI,0x09fe3fbf,0x00028102,802003,0x0a04,0x0a14,100,12342,0000,-,01,00,22,12,-,01,124.0,307,666,-22.895994,-49.11581,0724,0005,00d6,00009cc2,160.1,906.3,0:00:00,0:00:00,-,-,0,-,,,,,01,900,00000000,00,10
2025-06-12 14:18:20,2025-06-12 14:18:20,2025-06-12 14:18:19,867488060285201,14765,GTHBM,0x09fe7fbf,,802003,0x0a04,0x0a14,100,12443,0000,0000,01,00,22,12,-,01,127.3,307,665,-22.89503,-49.117157,0724,0005,00d6,00009cc2,160.3,906.5,0:00:00,0:00:00,-,-,0,-,,,,,,,,,05
2025-06-12 14:18:52,2025-06-12 14:18:52,2025-06-12 14:18:51,867488060285201,14766,GTHBM,0x09fe7fbf,,802003,0x0a04,0x0a14,100,12316,0000,0000,01,00,22,12,-,01,122.8,307,658,-22.888783,-49.125837,0724,0005,00d6,00009cc2,161.4,907.6,0:00:00,0:00:00,-,-,0,-,,,,,,,,,05
2025-06-12 14:19:17,,,867488060285201,14767,HBD
2025-06-12 14:19:18,2025-06-12 14:19:16,2025-06-12 14:19:15,867488060285201,14769,GTERI,0x09fe3fbf,0x00028102,802003,0x0a04,0x0a14,100,12299,0000,-,01,00,22,12,-,01,122.1,307,653,-22.884269,-49.132134,0724,0005,00d6,00009cc2,162.3,908.4,0:00:00,0:00:00,-,-,0,-,,,,,01,900,00000000,00,10
2025-06-12 14:19:24,2025-06-12 14:19:23,2025-06-12 14:19:23,867488060285201,14770,GTHBM,0x09fe7fbf,,802003,0x0a04,0x0a14,100,12329,0000,0000,01,00,22,12,-,01,117.7,309,652,-22.88279,-49.134178,0724,0005,00d6,00009cc2,162.5,908.7,0:00:00,0:00:00,-,-,0,-,,,,,,,,,05
2025-06-12 14:19:56,2025-06-12 14:19:56,2025-06-12 14:19:55,867488060285201,14771,GTHBM,0x09fe7fbf,,802003,0x0a04,0x0a14,100,12354,0000,0000,01,00,22,12,-,01,97.6,308,647,-22.877421,-49.141674,0724,0005,00d6,00005e3a,163.5,909.6,0:00:00,0:00:00,-,-,0,-,,,,,,,,,05
2025-06-12 14:20:03,2025-06-12 14:20:03,2025-06-12 14:20:03,867488060285201,14772,GTHBM,0x09fe7fbf,,802003,0x0a04,0x0a14,100,14017,0000,0000,01,00,22,12,-,01,70.8,317,645,-22.876277,-49.143059,0724,0005,00d6,00005e3a,163.6,909.8,0:00:00,0:00:00,-,-,0,-,,,,,,,,,00
2025-06-12 14:20:07,2025-06-12 14:20:07,2025-06-12 14:20:07,867488060285201,14773,GTHBM,0x09fe7fbf,,802003,0x0a04,0x0a14,100,12284,0000,0000,01,00,22,12,-,01,59.7,318,644,-22.875786,-49.14352,0724,0005,00d6,00005e3a,163.7,909.9,0:00:00,0:00:00,-,-,0,-,,,,,,,,,05
2025-06-12 14:20:16,2025-06-12 14:20:15,2025-06-12 14:20:15,867488060285201,14774,GTHBM,0x09fe7fbf,,802003,0x0a04,0x0a14,100,12288,0000,0000,01,00,22,12,-,01,29.4,307,643,-22.875115,-49.144212,0724,0005,00d6,00005e3a,163.8,910.0,0:00:00,0:00:00,-,-,0,-,,,,,,,,,00
2025-06-12 14:20:16,2025-06-12 14:20:16,2025-06-12 14:20:15,867488060285201,14775,GTERI,0x09fe3fbf,0x00028102,802003,0x0a04,0x0a14,100,12429,0000,-,01,00,22,12,-,01,29.4,307,643,-22.875115,-49.144212,0724,0005,00d6,00005e3a,163.8,910.0,0:00:00,0:00:00,-,-,0,-,,,,,01,1800,00000000,00,10
2025-06-12 14:20:27,2025-06-12 14:20:27,2025-06-12 14:20:27,867488060285201,14776,GTHBM,0x09fe7fbf,,802003,0x0a04,0x0a14,100,12285,0000,0000,01,00,22,12,-,01,0.0,307,644,-22.874966,-49.144426,0724,0005,00d6,00005e3a,163.9,910.0,0:00:00,0:00:00,-,-,0,-,,,,,,,,,05
2025-06-12 14:21:46,,,867488060285201,14777,HBD
2025-06-12 14:21:47,2025-06-12 14:21:16,2025-06-12 14:21:15,867488060285201,14779,GTPDP,0x09fe7fbf,,802003,0x0a04,0x0a14,100,12569,0000,0000,01,00,22,12,-,00,0.0,307,644,-22.874966,-49.144426,0724,0005,9d16,02351f09,163.9,910.0,0:00:00,0:00:00,-,-,0,-
2025-06-12 14:21:47,2025-06-12 14:21:16,2025-06-12 14:21:15,867488060285201,14780,GTERI,0x09fe3fbf,0x00028102,802003,0x0a04,0x0a14,100,12569,0000,-,01,00,22,12,-,01,0.0,307,644,-22.874966,-49.144426,0724,0005,9d16,02351f09,163.9,910.0,0:00:00,0:00:00,-,-,0,-,,,,,04,28,00000000,00,10
2025-06-12 14:22:16,2025-06-12 14:22:16,2025-06-12 14:22:14,867488060285201,14781,GTERI,0x09fe3fbf,0x00028102,802003,0x0a04,0x0a14,100,12337,0000,-,01,00,22,12,-,01,0.0,307,644,-22.874966,-49.144426,0724,0005,9d16,02351f09,163.9,910.0,0:00:00,0:00:00,-,-,0,-,,,,,04,28,00000000,00,10
2025-06-12 14:23:16,2025-06-12 14:23:16,2025-06-12 14:23:14,867488060285201,14782,GTERI,0x09fe3fbf,0x00028102,802003,0x0a04,0x0a14,100,12163,0000,-,01,00,22,12,-,01,0.0,307,644,-22.874966,-49.144426,0724,0005,9d16,02351f09,163.9,910.0,0:00:00,0:00:00,-,-,0,-,,,,,04,28,00000000,00,10
2025-06-12 14:23:45,,,867488060285201,14783,HBD
2025-06-12 14:24:16,2025-06-12 14:24:16,2025-06-12 14:24:14,867488060285201,14785,GTERI,0x09fe3fbf,0x00028102,802003,0x0a04,0x0a14,100,13421,0000,-,01,00,22,12,-,01,0.0,307,644,-22.874966,-49.144426,0724,0005,9d16,02351f09,163.9,910.0,0:00:00,0:00:00,-,-,0,-,,,,,04,28,00000000,00,10
2025-06-12 14:24:27,2025-06-12 14:24:27,2025-06-12 14:24:26,867488060285201,14786,GTSTT,0x09fe7fbf,,802003,0x0a04,0x0a14,100,13263,0000,0000,01,00,21,12,-,01,0.0,307,644,-22.874966,-49.144426,0724,0005,9d16,02351f09,163.9,910.0,0:00:00,0:00:00,-,-,0,-
2025-06-12 14:24:39,2025-06-12 14:24:39,2025-06-12 14:24:38,867488060285201,14787,GTSTT,0x09fe7fbf,,802003,0x0a04,0x0a14,100,13374,0000,0000,01,00,22,12,-,01,0.0,307,644,-22.874966,-49.144426,0724,0005,9d16,02351f09,163.9,910.0,0:00:00,0:00:00,-,-,0,-
2025-06-12 14:25:16,2025-06-12 14:25:16,2025-06-12 14:25:14,867488060285201,14788,GTERI,0x09fe3fbf,0x00028102,802003,0x0a04,0x0a14,100,13408,0000,-,01,00,22,12,-,01,0.0,307,644,-22.874966,-49.144426,0724,0005,9d16,02351f09,163.9,910.0,0:00:00,0:00:00,-,-,0,-,,,,,04,28,00000000,00,10
2025-06-12 14:25:21,2025-06-12 14:25:22,2025-06-12 14:25:21,867488060285201,14789,GTSTT,0x09fe7fbf,,802003,0x0a04,0x0a14,100,13436,0000,0000,01,00,21,12,-,01,0.0,307,644,-22.874966,-49.144426,0724,0005,9d16,02351f09,163.9,910.0,0:00:00,0:00:00,-,-,0,-
2025-06-12 14:25:45,,,867488060285201,14790,HBD
2025-06-12 14:26:16,2025-06-12 14:26:16,2025-06-12 14:26:15,867488060285201,14792,GTERI,0x09fe3fbf,0x00028102,802003,0x0a04,0x0a14,100,13528,0000,-,01,00,21,12,-,01,0.0,307,644,-22.874966,-49.144426,0724,0005,9d16,02351f09,163.9,910.0,0:00:00,0:00:00,-,-,0,-,,,,,04,28,00000000,00,10
2025-06-12 14:26:18,2025-06-12 14:26:18,2025-06-12 14:26:18,867488060285201,14793,GTSTT,0x09fe7fbf,,802003,0x0a04,0x0a14,100,13352,0000,0000,01,00,22,12,-,01,0.0,307,644,-22.874966,-49.144426,0724,0005,9d16,02351f09,163.9,910.0,0:00:00,0:00:00,-,-,0,-
2025-06-12 14:26:54,2025-06-12 14:26:54,2025-06-12 14:26:54,867488060285201,14794,GTSTT,0x09fe7fbf,,802003,0x0a04,0x0a14,100,13415,0000,0000,01,00,21,12,-,01,0.0,307,644,-22.874966,-49.144426,0724,0005,9d16,02351f09,163.9,910.0,0:00:00,0:00:00,-,-,0,-
2025-06-12 14:26:59,2025-06-12 14:26:59,2025-06-12 14:26:59,867488060285201,14795,GTSTT,0x09fe7fbf,,802003,0x0a04,0x0a14,100,13120,0000,0000,01,00,22,12,-,01,0.0,307,644,-22.874966,-49.144426,0724,0005,9d16,02351f09,163.9,910.0,0:00:00,0:00:00,-,-,0,-
2025-06-12 14:27:16,2025-06-12 14:27:16,2025-06-12 14:27:15,867488060285201,14796,GTERI,0x09fe3fbf,0x00028102,802003,0x0a04,0x0a14,100,13246,0000,-,01,00,22,12,-,01,0.0,307,644,-22.874966,-49.144426,0724,0005,9d16,02351f09,163.9,910.0,0:00:00,0:00:00,-,-,0,-,,,,,04,28,00000000,00,10
2025-06-12 14:27:35,2025-06-12 14:27:35,2025-06-12 14:27:34,867488060285201,14797,GTSTT,0x09fe7fbf,,802003,0x0a04,0x0a14,100,13305,0000,0000,01,00,21,12,-,01,0.0,307,644,-22.874966,-49.144426,0724,0005,9d16,02351f09,163.9,910.0,0:00:00,0:00:00,-,-,0,-
2025-06-12 14:27:46,,,867488060285201,14798,HBD
2025-06-12 14:28:03,2025-06-12 14:28:03,2025-06-12 14:28:02,867488060285201,14800,GTSTT,0x09fe7fbf,,802003,0x0a04,0x0a14,100,13300,0000,0000,01,00,22,12,-,01,0.0,307,644,-22.874966,-49.144426,0724,0005,9d16,02351f09,163.9,910.0,0:00:00,0:00:00,-,-,0,-
2025-06-12 14:28:16,2025-06-12 14:28:16,2025-06-12 14:28:14,867488060285201,14801,GTERI,0x09fe3fbf,0x00028102,802003,0x0a04,0x0a14,100,13336,0000,-,01,00,22,12,-,01,0.0,307,644,-22.874966,-49.144426,0724,0005,9d16,02351f09,163.9,910.0,0:00:00,0:00:00,-,-,0,-,,,,,04,28,00000000,00,10
2025-06-12 14:29:06,2025-06-12 14:29:07,2025-06-12 14:29:06,867488060285201,14802,GTSTT,0x09fe7fbf,,802003,0x0a04,0x0a14,100,13261,0000,0000,01,00,21,12,-,01,0.0,307,644,-22.874966,-49.144426,0724,0005,9d16,02351f09,163.9,910.0,0:00:00,0:00:00,-,-,0,-
2025-06-12 14:29:15,2025-06-12 14:29:15,2025-06-12 14:29:15,867488060285201,14803,GTSTT,0x09fe7fbf,,802003,0x0a04,0x0a14,100,13363,0000,0000,01,00,22,12,-,00,0.0,307,644,-22.874966,-49.144426,0724,0005,9d16,02351f09,163.9,910.0,0:00:00,0:00:00,-,-,0,-
2025-06-12 14:29:16,2025-06-12 14:29:16,2025-06-12 14:29:15,867488060285201,14804,GTERI,0x09fe3fbf,0x00028102,802003,0x0a04,0x0a14,100,13363,0000,-,01,00,22,12,-,01,0.0,307,644,-22.874966,-49.144426,0724,0005,9d16,02351f09,163.9,910.0,0:00:00,0:00:00,-,-,0,-,,,,,04,28,00000000,00,10
2025-06-12 14:29:40,2025-06-12 14:29:40,2025-06-12 14:29:40,867488060285201,14805,GTHBM,0x09fe7fbf,,802003,0x0a04,0x0a14,100,12661,0000,0000,01,00,22,12,-,01,15.6,307,644,-22.874922,-49.144488,0724,0005,9d16,02351f09,163.9,910.0,0:00:00,0:00:00,-,-,0,-,,,,,,,,,01
2025-06-12 14:29:46,,,867488060285201,14806,HBD
2025-06-12 14:29:52,2025-06-12 14:29:53,2025-06-12 14:29:52,867488060285201,14808,GTHBM,0x09fe7fbf,,802003,0x0a04,0x0a14,100,12105,0000,0000,01,00,22,12,-,01,59.6,297,640,-22.87434,-49.145643,0724,0005,9d16,02351f09,164.0,910.2,0:00:00,0:00:00,-,-,0,-,,,,,,,,,05
2025-06-12 14:30:16,2025-06-12 14:30:16,2025-06-12 14:30:15,867488060285201,14809,GTERI,0x09fe3fbf,0x00028102,802003,0x0a04,0x0a14,100,12210,0000,-,01,00,22,12,-,01,98.6,308,634,-22.871548,-49.149817,0724,0005,9d16,02351f09,164.6,910.7,0:00:00,0:00:00,-,-,0,-,,,,,04,28,00000000,00,10
2025-06-12 14:30:23,2025-06-12 14:30:23,2025-06-12 14:30:23,867488060285201,14810,GTHBM,0x09fe7fbf,,802003,0x0a04,0x0a14,100,12374,0000,0000,01,00,22,12,-,01,104.1,307,632,-22.870297,-49.151559,0724,0005,9d16,02351f0d,164.8,910.9,0:00:00,0:00:00,-,-,0,-,,,,,,,,,05
2025-06-12 14:30:45,2025-06-12 14:30:45,2025-06-12 14:30:45,867488060285201,14811,GTSPD,0x09fe7fbf,,802003,0x0a04,0x0a14,100,12005,0000,0000,01,00,22,12,-,01,111.4,307,627,-22.866663,-49.156625,0724,0005,9d16,02351f1f,165.4,911.6,0:00:00,0:00:00,-,-,0,-,,,,,,,,,00
2025-06-12 14:30:56,2025-06-12 14:30:56,2025-06-12 14:30:56,867488060285201,14812,GTHBM,0x09fe7fbf,,802003,0x0a04,0x0a14,100,12214,0000,0000,01,00,22,12,-,01,114.5,307,624,-22.864747,-49.159296,0724,0005,9d16,02351f1f,165.8,911.9,0:00:00,0:00:00,-,-,0,-,,,,,,,,,05
2025-06-12 14:31:16,2025-06-12 14:31:16,2025-06-12 14:31:15,867488060285201,14813,GTERI,0x09fe3fbf,0x00028102,802003,0x0a04,0x0a14,100,12247,0000,-,01,00,22,12,-,01,114.2,307,611,-22.861399,-49.163956,0724,0005,9d16,02351f1f,166.4,912.6,0:00:00,0:00:00,-,-,0,-,,,,,04,1,00000000,00,10
2025-06-12 14:31:28,2025-06-12 14:31:28,2025-06-12 14:31:28,867488060285201,14814,GTHBM,0x09fe7fbf,,802003,0x0a04,0x0a14,100,12268,0000,0000,01,00,22,12,-,01,113.6,307,598,-22.859105,-49.167141,0724,0005,9d16,02351f1f,166.8,913.0,0:00:00,0:00:00,-,-,0,-,,,,,,,,,05
2025-06-12 14:31:46,,,867488060285201,14815,HBD
2025-06-12 14:32:00,2025-06-12 14:32:00,2025-06-12 14:32:00,867488060285201,14817,GTHBM,0x09fe7fbf,,802003,0x0a04,0x0a14,100,12328,0000,0000,01,00,22,12,-,01,116.5,308,576,-22.853373,-49.17512,0724,0005,9d16,02351f0f,167.8,914.0,0:00:00,0:00:00,-,-,0,-,,,,,,,,,05
2025-06-12 14:32:16,2025-06-12 14:32:16,2025-06-12 14:32:15,867488060285201,14818,GTERI,0x09fe3fbf,0x00028102,802003,0x0a04,0x0a14,100,12402,0000,-,01,00,22,12,-,01,114.6,303,583,-22.850738,-49.178863,0724,0005,9d16,02351f0f,168.3,914.5,0:00:00,0:00:00,-,-,0,-,,,,,04,3,00000000,00,10
2025-06-12 14:32:32,2025-06-12 14:32:32,2025-06-12 14:32:32,867488060285201,14819,GTHBM,0x09fe7fbf,,802003,0x0a04,0x0a14,100,12370,0000,0000,01,00,22,12,-,01,114.7,292,594,-22.848386,-49.183464,0724,0005,9d16,02351f0f,168.9,915.0,0:00:00,0:00:00,-,-,0,-,,,,,,,,,05
2025-06-12 14:33:04,2025-06-12 14:33:04,2025-06-12 14:33:04,867488060285201,14820,GTHBM,0x09fe7fbf,,802003,0x0a04,0x0a14,100,12245,0000,0000,01,00,22,12,-,01,116.3,290,599,-22.84513,-49.192828,0724,0005,9d16,0229cd09,169.9,916.1,0:00:00,0:00:00,-,-,0,-,,,,,,,,,05
2025-06-12 14:33:16,2025-06-12 14:33:16,2025-06-12 14:33:14,867488060285201,14821,GTERI,0x09fe3fbf,0x00028102,802003,0x0a04,0x0a14,100,12282,0000,-,01,00,22,12,-,01,119.4,289,599,-22.844108,-49.19582,0724,0005,9d16,0229cd09,170.2,916.4,0:00:00,0:00:00,-,-,0,-,,,,,04,28,00000000,00,10
2025-06-12 14:33:36,2025-06-12 14:33:36,2025-06-12 14:33:36,867488060285201,14822,GTHBM,0x09fe7fbf,,802003,0x0a04,0x0a14,100,12226,0000,0000,01,00,22,12,-,01,112.6,290,620,-22.841866,-49.202315,0724,0005,9d16,0229cd09,170.9,917.1,0:00:00,0:00:00,-,-,0,-,,,,,,,,,05
2025-06-12 14:33:46,,,867488060285201,14823,HBD
2025-06-12 14:34:08,2025-06-12 14:34:08,2025-06-12 14:34:08,867488060285201,14825,GTHBM,0x09fe7fbf,,802003,0x0a04,0x0a14,100,12212,0000,0000,01,00,22,12,-,01,109.8,290,650,-22.838787,-49.211272,0724,0005,9d16,0229cd09,171.9,918.1,0:00:00,0:00:00,-,-,0,-,,,,,,,,,05
2025-06-12 14:34:11,2025-06-12 14:34:11,2025-06-12 14:34:11,867488060285201,14826,GTSPD,0x09fe7fbf,,802003,0x0a04,0x0a14,100,12212,0000,0000,01,00,22,12,-,01,111.2,290,652,-22.838498,-49.212114,0724,0005,9d16,0229cd09,172.0,918.2,0:00:00,0:00:00,-,-,0,-,,,,,,,,,00
2025-06-12 14:34:16,2025-06-12 14:34:16,2025-06-12 14:34:15,867488060285201,14827,GTERI,0x09fe3fbf,0x00028102,802003,0x0a04,0x0a14,100,12084,0000,-,01,00,22,12,-,01,112.8,290,654,-22.838103,-49.213251,0724,0005,9d16,0229cd09,172.1,918.3,0:00:00,0:00:00,-,-,0,-,,,,,04,28,00000000,00,10
2025-06-12 14:34:42,2025-06-12 14:34:42,2025-06-12 14:34:42,867488060285201,14828,GTHBM,0x09fe7fbf,,802003,0x0a04,0x0a14,100,12384,0000,0000,01,00,22,12,-,01,119.3,290,657,-22.835363,-49.22123,0724,0005,9d16,0229cd0b,173.0,919.2,0:00:00,0:00:00,-,-,0,-,,,,,,,,,05
2025-06-12 14:35:15,2025-06-12 14:35:15,2025-06-12 14:35:15,867488060285201,14829,GTHBM,0x09fe7fbf,,802003,0x0a04,0x0a14,100,12425,0000,0000,01,00,22,12,-,01,115.3,290,644,-22.831884,-49.231229,0724,0005,9d16,0229cd0b,174.1,920.3,0:00:00,0:00:00,-,-,0,-,,,,,,,,,05
2025-06-12 14:35:16,2025-06-12 14:35:16,2025-06-12 14:35:15,867488060285201,14830,GTERI,0x09fe3fbf,0x00028102,802003,0x0a04,0x0a14,100,12425,0000,-,01,00,22,12,-,01,115.3,290,644,-22.831884,-49.231229,0724,0005,9d16,0229cd0b,174.1,920.3,0:00:00,0:00:00,-,-,0,-,,,,,04,28,00000000,00,10
2025-06-12 14:35:46,,,867488060285201,14831,HBD
2025-06-12 14:35:47,2025-06-12 14:35:47,2025-06-12 14:35:47,867488060285201,14833,GTHBM,0x09fe7fbf,,802003,0x0a04,0x0a14,100,12075,0000,0000,01,00,22,12,-,01,121.2,290,623,-22.828607,-49.240862,0724,0005,9d16,0229cd0b,175.1,921.3,0:00:00,0:00:00,-,-,0,-,,,,,,,,,05
2025-06-12 14:36:16,2025-06-12 14:36:16,2025-06-12 14:36:14,867488060285201,14834,GTERI,0x09fe3fbf,0x00028102,802003,0x0a04,0x0a14,100,12327,0000,-,01,00,22,12,-,01,125.6,290,610,-22.825717,-49.249242,0724,0005,9d16,0229cd0b,176.1,922.3,0:00:00,0:00:00,-,-,0,-,,,,,04,28,00000000,00,10
2025-06-12 14:36:19,2025-06-12 14:36:19,2025-06-12 14:36:19,867488060285201,14835,GTHBM,0x09fe7fbf,,802003,0x0a04,0x0a14,100,12327,0000,0000,01,00,22,12,-,01,122.7,291,611,-22.825151,-49.25081,0724,0005,9d16,0229cd0b,176.2,922.4,0:00:00,0:00:00,-,-,0,-,,,,,,,,,05
2025-06-12 14:36:51,2025-06-12 14:36:51,2025-06-12 14:36:51,867488060285201,14836,GTHBM,0x09fe7fbf,,802003,0x0a04,0x0a14,100,12227,0000,0000,01,00,22,12,-,01,122.3,290,624,-22.821861,-49.260451,0724,0005,9d16,0229cd0b,177.3,923.5,0:00:00,0:00:00,-,-,0,-,,,,,,,,,05
2025-06-12 14:37:16,2025-06-12 14:37:16,2025-06-12 14:37:15,867488060285201,14837,GTERI,0x09fe3fbf,0x00028102,802003,0x0a04,0x0a14,100,12099,0000,-,01,00,22,12,-,01,122.9,290,634,-22.819273,-49.267932,0724,0005,9d16,0229cd0b,178.1,924.3,0:00:00,0:00:00,-,-,0,-,,,,,04,28,00000000,00,10
2025-06-12 14:37:23,2025-06-12 14:37:23,2025-06-12 14:37:23,867488060285201,14838,GTHBM,0x09fe7fbf,,802003,0x0a04,0x0a14,100,12192,0000,0000,01,00,22,12,-,01,121.4,290,637,-22.818418,-49.270413,0724,0005,9d16,0229cd0b,178.4,924.6,0:00:00,0:00:00,-,-,0,-,,,,,,,,,05
2025-06-12 14:37:46,,,867488060285201,14839,HBD
2025-06-12 14:41:48,,,867488060285201,14847,HBD
2025-06-12 14:41:49,2025-06-12 14:37:56,2025-06-12 14:37:56,867488060285201,14841,GTHBM,0x09fe7fbf,,802003,0x0a04,0x0a14,100,12162,0000,0000,01,00,22,12,-,01,112.8,290,643,-22.815043,-49.280207,0724,0005,9d16,0229cd0b,179.4,925.6,0:00:00,0:00:00,-,-,0,-,,,,,,,,,05
2025-06-12 14:41:49,2025-06-12 14:38:16,2025-06-12 14:38:14,867488060285201,14842,GTERI,0x09fe3fbf,0x00028102,802003,0x0a04,0x0a14,100,12197,0000,-,01,00,22,12,-,01,114.4,291,640,-22.813263,-49.285366,0724,0005,9d16,0229cd0b,180.0,926.2,0:00:00,0:00:00,-,-,0,-,,,,,04,28,00000000,00,10
2025-06-12 14:41:49,2025-06-12 14:38:29,2025-06-12 14:38:29,867488060285201,14843,GTHBM,0x09fe7fbf,,802003,0x0a04,0x0a14,100,12214,0000,0000,01,00,22,12,-,01,121.7,283,639,-22.812053,-49.289982,0724,0005,9d16,0229cd0b,180.5,926.7,0:00:00,0:00:00,-,-,0,-,,,,,,,,,05
2025-06-12 14:41:50,2025-06-12 14:39:01,2025-06-12 14:39:01,867488060285201,14844,GTHBM,0x09fe7fbf,,802003,0x0a04,0x0a14,100,12287,0000,0000,01,00,22,12,-,01,123.5,274,652,-22.810833,-49.300623,0724,0005,9d16,0229cd0b,181.6,927.8,0:00:00,0:00:00,-,-,0,-,,,,,,,,,05
2025-06-12 14:41:50,2025-06-12 14:39:16,2025-06-12 14:39:15,867488060285201,14845,GTERI,0x09fe3fbf,0x00028102,802003,0x0a04,0x0a14,100,12239,0000,-,01,00,22,12,-,01,118.6,274,653,-22.810504,-49.305184,0724,0005,9d16,0229cd0b,182.1,928.3,0:00:00,0:00:00,-,-,0,-,,,,,04,28,00000000,00,10
2025-06-12 14:41:51,2025-06-12 14:39:33,2025-06-12 14:39:33,867488060285201,14846,GTHBM,0x09fe7fbf,,802003,0x0a04,0x0a14,100,12180,0000,0000,01,00,22,12,-,01,121.0,274,640,-22.810089,-49.310912,0724,0005,9d16,0229cd0b,182.7,928.8,0:00:00,0:00:00,-,-,0,-,,,,,,,,,05
2025-06-12 14:41:52,2025-06-12 14:40:05,2025-06-12 14:40:05,867488060285201,14849,GTHBM,0x09fe7fbf,,802003,0x0a04,0x0a14,100,12141,0000,0000,01,00,22,12,-,01,136.5,273,595,-22.809281,-49.322163,0000,0000,0000,00000000,183.8,930.0,0:00:00,0:00:00,-,-,0,-,,,,,,,,,05
2025-06-12 14:41:52,2025-06-12 14:40:16,2025-06-12 14:40:15,867488060285201,14850,GTERI,0x09fe3fbf,0x00028102,802003,0x0a04,0x0a14,100,12032,0000,-,01,00,22,12,-,01,133.8,274,594,-22.809023,-49.325825,0000,0000,0000,00000000,184.2,930.4,0:00:00,0:00:00,-,-,0,-,,,,,00,0,00000000,00,10
2025-06-12 14:41:53,2025-06-12 14:40:37,2025-06-12 14:40:37,867488060285201,14851,GTHBM,0x09fe7fbf,,802003,0x0a04,0x0a14,100,12028,0000,0000,01,00,22,12,-,01,125.6,274,598,-22.808475,-49.333491,0000,0000,0000,00000000,185.0,931.2,0:00:00,0:00:00,-,-,0,-,,,,,,,,,05
2025-06-12 14:41:53,2025-06-12 14:41:09,2025-06-12 14:41:09,867488060285201,14853,GTHBM,0x09fe7fbf,,802003,0x0a04,0x0a14,100,12266,0000,0000,01,00,22,12,-,01,126.7,285,606,-22.807451,-49.344316,0000,0000,0000,00000000,186.1,932.3,0:00:00,0:00:00,-,-,0,-,,,,,,,,,05
2025-06-12 14:41:55,2025-06-12 14:41:16,2025-06-12 14:41:14,867488060285201,14854,GTERI,0x09fe3fbf,0x00028102,802003,0x0a04,0x0a14,100,12401,0000,-,01,00,22,12,-,01,125.0,292,606,-22.806943,-49.345921,0000,0000,0000,00000000,186.3,932.5,0:00:00,0:00:00,-,-,0,-,,,,,00,0,00000000,00,10
2025-06-12 14:41:55,2025-06-12 14:41:41,2025-06-12 14:41:41,867488060285201,14855,GTHBM,0x09fe7fbf,,802003,0x0a04,0x0a14,100,11908,0000,0000,01,00,22,12,-,01,122.7,314,597,-22.801916,-49.353022,0000,0000,0000,00000000,187.2,933.4,0:00:00,0:00:00,-,-,0,-,,,,,,,,,05
2025-06-12 14:42:13,2025-06-12 14:42:14,2025-06-12 14:42:13,867488060285201,14856,GTHBM,0x09fe7fbf,,802003,0x0a04,0x0a14,100,12042,0000,0000,01,00,22,12,-,01,118.0,314,623,-22.795207,-49.360461,0724,0005,9d16,0223e20e,188.3,934.5,0:00:00,0:00:00,-,-,0,-,,,,,,,,,05
2025-06-12 14:42:16,2025-06-12 14:42:16,2025-06-12 14:42:14,867488060285201,14857,GTERI,0x09fe3fbf,0x00028102,802003,0x0a04,0x0a14,100,12042,0000,-,01,00,22,12,-,01,117.6,314,624,-22.795002,-49.360689,0724,0005,9d16,0223e20e,188.3,934.5,0:00:00,0:00:00,-,-,0,-,,,,,04,3,00000000,00,10
2025-06-12 14:42:50,2025-06-12 14:42:46,2025-06-12 14:42:45,867488060285201,14858,GTHBM,0x09fe7fbf,,802003,0x0a04,0x0a14,100,12386,0000,0000,01,00,22,12,-,01,121.5,314,644,-22.788563,-49.367831,0724,0005,9d16,0223e20e,189.3,935.5,0:00:00,0:00:00,-,-,0,-,,,,,,,,,05
2025-06-12 14:43:16,2025-06-12 14:43:16,2025-06-12 14:43:15,867488060285201,14859,GTERI,0x09fe3fbf,0x00028102,802003,0x0a04,0x0a14,100,12237,0000,-,01,00,22,12,-,01,128.1,310,639,-22.782168,-49.375088,0724,0005,9d16,0223e20d,190.4,936.6,0:00:00,0:00:00,-,-,0,-,,,,,04,3,00000000,00,10
2025-06-12 14:43:17,2025-06-12 14:43:17,2025-06-12 14:43:17,867488060285201,14860,GTHBM,0x09fe7fbf,,802003,0x0a04,0x0a14,100,12416,0000,0000,01,00,22,12,-,01,128.7,309,638,-22.781751,-49.375617,0724,0005,9d16,0223e20d,190.4,936.6,0:00:00,0:00:00,-,-,0,-,,,,,,,,,05
2025-06-12 14:43:48,,,867488060285201,14862,HBD
2025-06-12 14:43:49,2025-06-12 14:43:49,2025-06-12 14:43:49,867488060285201,14863,GTHBM,0x09fe7fbf,,802003,0x0a04,0x0a14,100,12309,0000,0000,01,00,22,12,-,01,131.7,302,628,-22.775822,-49.385005,0724,0005,9d16,0223e20d,191.6,937.8,0:00:00,0:00:00,-,-,0,-,,,,,,,,,05
2025-06-12 14:44:16,2025-06-12 14:44:16,2025-06-12 14:44:14,867488060285201,14864,GTERI,0x09fe3fbf,0x00028102,802003,0x0a04,0x0a14,100,12443,0000,-,01,00,22,12,-,01,130.6,302,618,-22.771397,-49.392583,0724,0005,9d16,02234801,192.6,938.7,0:00:00,0:00:00,-,-,0,-,,,,,04,7,00000000,00,10
2025-06-12 14:44:21,2025-06-12 14:44:21,2025-06-12 14:44:21,867488060285201,14865,GTHBM,0x09fe7fbf,,802003,0x0a04,0x0a14,100,12368,0000,0000,01,00,22,12,-,01,131.4,302,615,-22.770169,-49.394674,0724,0005,9d16,02234801,192.8,939.0,0:00:00,0:00:00,-,-,0,-,,,,,,,,,05
2025-06-12 14:44:53,2025-06-12 14:44:53,2025-06-12 14:44:53,867488060285201,14866,GTHBM,0x09fe7fbf,,802003,0x0a04,0x0a14,100,12354,0000,0000,01,00,22,12,-,01,130.8,301,604,-22.764539,-49.404307,0724,0005,9d16,02234801,194.0,940.1,0:00:00,0:00:00,-,-,0,-,,,,,,,,,05
2025-06-12 14:45:16,2025-06-12 14:45:16,2025-06-12 14:45:14,867488060285201,14867,GTERI,0x09fe3fbf,0x00028102,802003,0x0a04,0x0a14,100,12293,0000,-,01,00,22,12,-,01,132.1,302,603,-22.760802,-49.410695,0724,0005,9d16,02234801,194.8,940.9,0:00:00,0:00:00,-,-,0,-,,,,,04,7,00000000,00,10
2025-06-12 14:45:25,2025-06-12 14:45:25,2025-06-12 14:45:25,867488060285201,14868,GTHBM,0x09fe7fbf,,802003,0x0a04,0x0a14,100,12211,0000,0000,01,00,22,12,-,01,129.3,302,606,-22.758885,-49.413969,0724,0005,9d16,02234801,195.1,941.3,0:00:00,0:00:00,-,-,0,-,,,,,,,,,05
2025-06-12 14:45:48,,,867488060285201,14870,HBD
2025-06-12 14:45:57,2025-06-12 14:45:57,2025-06-12 14:45:57,867488060285201,14871,GTHBM,0x09fe7fbf,,802003,0x0a04,0x0a14,100,12242,0000,0000,01,00,22,12,-,01,128.4,302,595,-22.753297,-49.42345,0724,0005,9d16,02234801,196.3,942.5,0:00:00,0:00:00,-,-,0,-,,,,,,,,,05
2025-06-12 14:46:16,2025-06-12 14:46:16,2025-06-12 14:46:15,867488060285201,14872,GTERI,0x09fe3fbf,0x00028102,802003,0x0a04,0x0a14,100,12220,0000,-,01,00,22,12,-,01,127.9,302,573,-22.750218,-49.428708,0724,0005,9d16,0222ea02,197.0,943.1,0:00:00,0:00:00,-,-,0,-,,,,,04,7,00000000,00,10
2025-06-12 14:46:29,2025-06-12 14:46:29,2025-06-12 14:46:29,867488060285201,14873,GTHBM,0x09fe7fbf,,802003,0x0a04,0x0a14,100,12380,0000,0000,01,00,22,12,-,01,127.9,302,557,-22.747809,-49.432817,0724,0005,9d16,0222ea02,197.4,943.6,0:00:00,0:00:00,-,-,0,-,,,,,,,,,05
2025-06-12 14:47:01,2025-06-12 14:47:01,2025-06-12 14:47:01,867488060285201,14874,GTHBM,0x09fe7fbf,,802003,0x0a04,0x0a14,100,12373,0000,0000,01,00,22,12,-,01,124.7,301,548,-22.742383,-49.44209,0724,0005,9d16,0222ea02,198.5,944.7,0:00:00,0:00:00,-,-,0,-,,,,,,,,,05
2025-06-12 14:47:16,2025-06-12 14:47:16,2025-06-12 14:47:15,867488060285201,14875,GTERI,0x09fe3fbf,0x00028102,802003,0x0a04,0x0a14,100,12426,0000,-,01,00,22,12,-,01,125.5,302,551,-22.740067,-49.446101,0724,0005,9d16,0222ea02,199.1,945.2,0:00:00,0:00:00,-,-,0,-,,,,,04,7,00000000,00,10
2025-06-12 14:47:33,2025-06-12 14:47:33,2025-06-12 14:47:33,867488060285201,14876,GTHBM,0x09fe7fbf,,802003,0x0a04,0x0a14,100,12364,0000,0000,01,00,22,12,-,01,124.7,299,556,-22.737106,-49.451341,0724,0005,9d16,0222ea02,199.7,945.8,0:00:00,0:00:00,-,-,0,-,,,,,,,,,05
2025-06-12 14:47:48,,,867488060285201,14878,HBD
2025-06-12 14:48:05,2025-06-12 14:48:05,2025-06-12 14:48:05,867488060285201,14879,GTHBM,0x09fe7fbf,,802003,0x0a04,0x0a14,100,13803,0000,0000,01,00,22,12,-,01,91.9,296,557,-22.732839,-49.460207,0724,0005,9d16,0222ea02,200.7,946.9,0:00:00,0:00:00,-,-,0,-,,,,,,,,,00
2025-06-12 14:48:13,2025-06-12 14:48:13,2025-06-12 14:48:13,867488060285201,14880,GTHBM,0x09fe7fbf,,802003,0x0a04,0x0a14,100,12216,0000,0000,01,00,22,12,-,01,69.9,297,559,-22.732125,-49.461739,0724,0005,9d16,0222ea03,200.9,947.0,0:00:00,0:00:00,-,-,0,-,,,,,,,,,05
2025-06-12 14:48:16,2025-06-12 14:48:16,2025-06-12 14:48:14,867488060285201,14881,GTERI,0x09fe3fbf,0x00028102,802003,0x0a04,0x0a14,100,12320,0000,-,01,00,22,12,-,01,69.3,297,559,-22.732046,-49.461906,0724,0005,9d16,0222ea03,200.9,947.1,0:00:00,0:00:00,-,-,0,-,,,,,04,7,00000000,00,10
2025-06-12 14:48:23,2025-06-12 14:48:23,2025-06-12 14:48:23,867488060285201,14882,GTERI,0x09fe3fbf,0x00028102,802003,0x0a04,0x0a14,100,13863,0000,-,01,00,22,12,-,01,51.5,355,561,-22.73117,-49.462932,0724,0005,9d16,0222ea03,201.0,947.2,0:00:00,0:00:00,-,-,0,-,,,,,04,7,00000000,00,11
2025-06-12 14:48:25,2025-06-12 14:48:25,2025-06-12 14:48:25,867488060285201,14883,GTHBM,0x09fe7fbf,,802003,0x0a04,0x0a14,100,13863,0000,0000,01,00,22,12,-,01,49.5,22,561,-22.730926,-49.462878,0724,0005,9d16,0222ea03,201.1,947.2,0:00:00,0:00:00,-,-,0,-,,,,,,,,,02
2025-06-12 14:48:27,2025-06-12 14:48:27,2025-06-12 14:48:27,867488060285201,14884,GTERI,0x09fe3fbf,0x00028102,802003,0x0a04,0x0a14,100,13290,0000,-,01,00,22,12,-,01,48.4,49,560,-22.730737,-49.462714,0724,0005,9d16,0222ea03,201.1,947.3,0:00:00,0:00:00,-,-,0,-,,,,,04,7,00000000,00,11
2025-06-12 14:48:33,2025-06-12 14:48:33,2025-06-12 14:48:33,867488060285201,14885,GTHBM,0x09fe7fbf,,802003,0x0a04,0x0a14,100,13740,0000,0000,01,00,22,12,-,01,39.4,84,558,-22.730552,-49.462028,0724,0005,9d16,0222ea03,201.2,947.3,0:00:00,0:00:00,-,-,0,-,,,,,,,,,05
2025-06-12 14:48:35,2025-06-12 14:48:35,2025-06-12 14:48:35,867488060285201,14886,GTERI,0x09fe3fbf,0x00028102,802003,0x0a04,0x0a14,100,12084,0000,-,01,00,22,12,-,01,38.5,103,557,-22.730567,-49.46182,0724,0005,9d16,0222ea03,201.2,947.4,0:00:00,0:00:00,-,-,0,-,,,,,04,7,00000000,00,11
2025-06-12 14:48:40,2025-06-12 14:48:40,2025-06-12 14:48:40,867488060285201,14887,GTERI,0x09fe3fbf,0x00028102,802003,0x0a04,0x0a14,100,12144,0000,-,01,00,22,12,-,01,41.1,157,556,-22.7309,-49.461446,0724,0005,9d16,0222ea03,201.2,947.4,0:00:00,0:00:00,-,-,0,-,,,,,04,7,00000000,00,11
2025-06-12 14:48:44,2025-06-12 14:48:44,2025-06-12 14:48:44,867488060285201,14888,GTERI,0x09fe3fbf,0x00028102,802003,0x0a04,0x0a14,100,12144,0000,-,01,00,22,12,-,01,39.6,206,555,-22.731292,-49.461463,0724,0005,9d16,0222ea03,201.3,947.5,0:00:00,0:00:00,-,-,0,-,,,,,04,7,00000000,00,11
2025-06-12 14:48:49,2025-06-12 14:48:49,2025-06-12 14:48:49,867488060285201,14889,GTHBM,0x09fe7fbf,,802003,0x0a04,0x0a14,100,12244,0000,0000,01,00,22,12,-,01,58.2,217,555,-22.731787,-49.461845,0724,0005,9d16,0222ea03,201.4,947.5,0:00:00,0:00:00,-,-,0,-,,,,,,,,,01
2025-06-12 14:48:53,2025-06-12 14:48:53,2025-06-12 14:48:53,867488060285201,14890,GTHBM,0x09fe7fbf,,802003,0x0a04,0x0a14,100,12221,0000,0000,01,00,22,12,-,01,67.7,220,555,-22.732273,-49.462289,0724,0005,9d16,0222ea03,201.4,947.6,0:00:00,0:00:00,-,-,0,-,,,,,,,,,05
2025-06-12 14:48:57,2025-06-12 14:48:57,2025-06-12 14:48:57,867488060285201,14891,GTHBM,0x09fe7fbf,,802003,0x0a04,0x0a14,100,12242,0000,0000,01,00,22,12,-,01,81.8,221,554,-22.732847,-49.462838,0724,0005,9d16,0222ea03,201.5,947.7,0:00:00,0:00:00,-,-,0,-,,,,,,,,,01
2025-06-12 14:49:01,2025-06-12 14:49:01,2025-06-12 14:49:01,867488060285201,14892,GTHBM,0x09fe7fbf,,802003,0x0a04,0x0a14,100,12383,0000,0000,01,00,22,12,-,01,87.4,221,555,-22.733482,-49.463445,0724,0005,9d16,0222ea03,201.6,947.8,0:00:00,0:00:00,-,-,0,-,,,,,,,,,05
2025-06-12 14:49:16,2025-06-12 14:49:16,2025-06-12 14:49:15,867488060285201,14893,GTERI,0x09fe3fbf,0x00028102,802003,0x0a04,0x0a14,100,12457,0000,-,01,00,22,12,-,01,104.1,221,561,-22.736029,-49.465875,0724,0005,9d16,0222ea03,202.0,948.2,0:00:00,0:00:00,-,-,0,-,,,,,04,7,00000000,00,10
2025-06-12 14:49:33,2025-06-12 14:49:33,2025-06-12 14:49:33,867488060285201,14894,GTHBM,0x09fe7fbf,,802003,0x0a04,0x0a14,100,12432,0000,0000,01,00,22,12,-,01,108.6,221,544,-22.739673,-49.469351,0724,0005,9d16,0222ea03,202.5,948.7,0:00:00,0:00:00,-,-,0,-,,,,,,,,,05
2025-06-12 14:49:49,,,867488060285201,14896,HBD
2025-06-12 14:50:05,2025-06-12 14:50:05,2025-06-12 14:50:05,867488060285201,14897,GTHBM,0x09fe7fbf,,802003,0x0a04,0x0a14,100,12099,0000,0000,01,00,22,12,-,01,97.1,221,498,-22.746023,-49.475479,0724,0005,9d16,0222ea0f,203.5,949.6,0:00:00,0:00:00,-,-,0,-,,,,,,,,,05
2025-06-12 14:50:16,2025-06-12 14:50:16,2025-06-12 14:50:15,867488060285201,14898,GTERI,0x09fe3fbf,0x00028102,802003,0x0a04,0x0a14,100,12350,0000,-,01,00,22,12,-,01,75.6,222,512,-22.747628,-49.47703,0724,0005,9d16,0222ea0f,203.7,949.9,0:00:00,0:00:00,-,-,0,-,,,,,04,3,00000000,00,10
2025-06-12 14:50:33,2025-06-12 14:50:33,2025-06-12 14:50:33,867488060285201,14899,GTHBM,0x09fe7fbf,,802003,0x0a04,0x0a14,100,12266,0000,0000,01,00,22,12,-,01,8.0,215,515,-22.748976,-49.478439,0724,0005,9d16,0222ea0f,203.9,950.1,0:00:00,0:00:00,-,-,0,-,,,,,,,,,00
2025-06-12 14:50:37,2025-06-12 14:50:37,2025-06-12 14:50:37,867488060285201,14900,GTHBM,0x09fe7fbf,,802003,0x0a04,0x0a14,100,12266,0000,0000,01,00,22,12,-,01,0.2,222,516,-22.748997,-49.478451,0724,0005,9d16,0222ea0f,203.9,950.1,0:00:00,0:00:00,-,-,0,-,,,,,,,,,05
2025-06-12 14:50:57,2025-06-12 14:50:57,2025-06-12 14:50:57,867488060285201,14901,GTHBM,0x09fe7fbf,,802003,0x0a04,0x0a14,100,12228,0000,0000,01,00,22,12,-,01,22.0,221,515,-22.749063,-49.478513,0724,0005,9d16,0222ea0f,203.9,950.1,0:00:00,0:00:00,-,-,0,-,,,,,,,,,01
2025-06-12 14:51:13,2025-06-12 14:51:13,2025-06-12 14:51:13,867488060285201,14902,GTHBM,0x09fe7fbf,,802003,0x0a04,0x0a14,100,12090,0000,0000,01,00,22,12,-,01,79.8,219,508,-22.75082,-49.480027,0724,0005,9d16,0222ea0f,204.2,950.4,0:00:00,0:00:00,-,-,0,-,,,,,,,,,05
2025-06-12 14:51:16,2025-06-12 14:51:16,2025-06-12 14:51:14,867488060285201,14903,GTERI,0x09fe3fbf,0x00028102,802003,0x0a04,0x0a14,100,12090,0000,-,01,00,22,12,-,01,82.8,220,506,-22.750977,-49.480172,0724,0005,9d16,0222ea0f,204.2,950.4,0:00:00,0:00:00,-,-,0,-,,,,,04,3,00000000,00,10
2025-06-12 14:51:37,2025-06-12 14:51:37,2025-06-12 14:51:37,867488060285201,14904,GTSPD,0x09fe7fbf,,802003,0x0a04,0x0a14,100,12126,0000,0000,01,00,22,12,-,01,111.6,221,500,-22.755401,-49.4844,0724,0005,9d16,0222ea0f,204.9,951.0,0:00:00,0:00:00,-,-,0,-,,,,,,,,,00
2025-06-12 14:51:45,2025-06-12 14:51:45,2025-06-12 14:51:45,867488060285201,14905,GTHBM,0x09fe7fbf,,802003,0x0a04,0x0a14,100,12287,0000,0000,01,00,22,12,-,01,112.5,221,507,-22.757103,-49.486025,0724,0005,9d16,0222ea0f,205.1,951.3,0:00:00,0:00:00,-,-,0,-,,,,,,,,,05
2025-06-12 14:51:49,,,867488060285201,14907,HBD
2025-06-12 14:52:16,2025-06-12 14:52:16,2025-06-12 14:52:15,867488060285201,14908,GTERI,0x09fe3fbf,0x00028102,802003,0x0a04,0x0a14,100,12293,0000,-,01,00,22,12,-,01,100.8,222,552,-22.762997,-49.491675,0724,0005,9d16,0222ea03,206.0,952.2,0:00:00,0:00:00,-,-,0,-,,,,,04,7,00000000,00,10
2025-06-12 14:52:17,2025-06-12 14:52:17,2025-06-12 14:52:17,867488060285201,14909,GTHBM,0x09fe7fbf,,802003,0x0a04,0x0a14,100,12293,0000,0000,01,00,22,12,-,01,94.9,222,554,-22.76336,-49.492028,0724,0005,9d16,0222ea03,206.0,952.2,0:00:00,0:00:00,-,-,0,-,,,,,,,,,05
2025-06-12 14:52:40,2025-06-12 14:52:40,2025-06-12 14:52:40,867488060285201,14910,GTSPD,0x09fe7fbf,,802003,0x0a04,0x0a14,100,12359,0000,0000,01,00,22,12,-,01,112.2,221,559,-22.767655,-49.496138,0724,0005,9d16,0222ea0f,206.7,952.9,0:00:00,0:00:00,-,-,0,-,,,,,,,,,00
2025-06-12 14:54:25,2025-06-12 14:53:48,2025-06-12 14:53:47,867488060285201,14915,GTPDP,0x09fe7fbf,,802003,0x0a04,0x0a14,100,12006,0000,0000,01,00,22,12,-,01,111.3,221,527,-22.781461,-49.509381,0000,0000,0000,00000000,208.7,954.9,0:00:00,0:00:00,-,-,0,-
2025-06-12 14:54:25,,,867488060285201,14917,HBD
2025-06-12 14:54:26,2025-06-12 14:53:24,2025-06-12 14:53:24,867488060285201,14914,GTSPD,0x09fe7fbf,,802003,0x0a04,0x0a14,100,12313,0000,0000,01,00,22,12,-,01,111.9,221,530,-22.77654,-49.504652,0724,0005,9d16,02234801,208.0,954.2,0:00:00,0:00:00,-,-,0,-,,,,,,,,,00
2025-06-12 14:54:26,2025-06-12 14:54:02,2025-06-12 14:54:02,867488060285201,14919,GTSPD,0x09fe7fbf,,802003,0x0a04,0x0a14,100,11977,0000,0000,01,00,22,12,-,01,111.6,221,542,-22.784549,-49.51235,0000,0000,0000,00000000,209.2,955.4,0:00:00,0:00:00,-,-,0,-,,,,,,,,,00
2025-06-12 14:54:27,2025-06-12 14:52:40,2025-06-12 14:52:40,867488060285201,14910,GTSPD,0x09fe7fbf,,802003,0x0a04,0x0a14,100,12359,0000,0000,01,00,22,12,-,01,112.2,221,559,-22.767655,-49.496138,0724,0005,9d16,0222ea0f,206.7,952.9,0:00:00,0:00:00,-,-,0,-,,,,,,,,,00
2025-06-12 14:54:27,2025-06-12 14:52:49,2025-06-12 14:52:49,867488060285201,14911,GTHBM,0x09fe7fbf,,802003,0x0a04,0x0a14,100,12087,0000,0000,01,00,22,12,-,01,116.1,221,550,-22.769592,-49.497995,0724,0005,9d16,02234801,207.0,953.1,0:00:00,0:00:00,-,-,0,-,,,,,,,,,05
2025-06-12 14:54:28,2025-06-12 14:53:16,2025-06-12 14:53:15,867488060285201,14912,GTERI,0x09fe3fbf,0x00028102,802003,0x0a04,0x0a14,100,11855,0000,-,01,00,22,12,-,01,104.6,221,542,-22.774708,-49.502896,0724,0005,9d16,02234801,207.8,953.9,0:00:00,0:00:00,-,-,0,-,,,,,04,7,00000000,00,10
2025-06-12 14:54:28,2025-06-12 14:53:21,2025-06-12 14:53:21,867488060285201,14913,GTHBM,0x09fe7fbf,,802003,0x0a04,0x0a14,100,12313,0000,0000,01,00,22,12,-,01,109.9,221,535,-22.775916,-49.504049,0724,0005,9d16,02234801,207.9,954.1,0:00:00,0:00:00,-,-,0,-,,,,,,,,,05
2025-06-12 14:54:29,2025-06-12 14:53:53,2025-06-12 14:53:53,867488060285201,14918,GTHBM,0x09fe7fbf,,802003,0x0a04,0x0a14,100,12043,0000,0000,01,00,22,12,-,01,107.8,221,535,-22.782685,-49.510561,0000,0000,0000,00000000,208.9,955.1,0:00:00,0:00:00,-,-,0,-,,,,,,,,,05
2025-06-12 14:54:29,2025-06-12 14:54:17,2025-06-12 14:54:16,867488060285201,14920,GTERI,0x09fe3fbf,0x00028102,802003,0x0a04,0x0a14,100,11941,0000,-,01,00,22,12,-,01,101.8,221,567,-22.78732,-49.515019,0724,0005,9d16,0222ea03,209.6,955.8,0:00:00,0:00:00,-,-,0,-,,,,,04,7,00000000,00,10
2025-06-12 14:54:30,2025-06-12 14:54:25,2025-06-12 14:54:25,867488060285201,14921,GTHBM,0x09fe7fbf,,802003,0x0a04,0x0a14,100,11936,0000,0000,01,00,22,12,-,01,102.3,221,579,-22.789031,-49.516662,0724,0005,9d16,0222ea03,209.9,956.0,0:00:00,0:00:00,-,-,0,-,,,,,,,,,05
2025-06-12 14:54:40,2025-06-12 14:54:38,2025-06-12 14:54:38,867488060285201,14922,GTSPD,0x09fe7fbf,,802003,0x0a04,0x0a14,100,11992,0000,0000,01,00,22,12,-,01,111.0,221,581,-22.79164,-49.519158,0724,0005,9d16,0222ea03,210.2,956.4,0:00:00,0:00:00,-,-,0,-,,,,,,,,,00
2025-06-12 14:55:17,2025-06-12 14:54:57,2025-06-12 14:54:57,867488060285201,14923,GTHBM,0x09fe7fbf,,802003,0x0a04,0x0a14,100,12552,0000,0000,01,00,22,12,-,01,96.4,221,574,-22.795379,-49.522739,0724,0005,9d16,0222ea03,210.8,957.0,0:00:00,0:00:00,-,-,0,-,,,,,,,,,05
2025-06-12 14:55:17,2025-06-12 14:55:17,2025-06-12 14:55:16,867488060285201,14924,GTERI,0x09fe3fbf,0x00028102,802003,0x0a04,0x0a14,100,12035,0000,-,01,00,22,12,-,01,97.8,221,589,-22.798804,-49.526025,0724,0005,9d16,0222ea03,211.3,957.5,0:00:00,0:00:00,-,-,0,-,,,,,04,7,00000000,00,10
2025-06-12 14:55:30,2025-06-12 14:55:30,2025-06-12 14:55:30,867488060285201,14925,GTHBM,0x09fe7fbf,,802003,0x0a04,0x0a14,100,12313,0000,0000,01,00,22,12,-,01,94.9,221,601,-22.801388,-49.528503,0724,0005,9d16,0222ea03,211.7,957.9,0:00:00,0:00:00,-,-,0,-,,,,,,,,,05
2025-06-12 14:56:02,2025-06-12 14:56:02,2025-06-12 14:56:02,867488060285201,14926,GTHBM,0x09fe7fbf,,802003,0x0a04,0x0a14,100,12199,0000,0000,01,00,22,12,-,01,92.4,221,612,-22.806748,-49.533631,0724,0005,9d16,0222ea03,212.5,958.7,0:00:00,0:00:00,-,-,0,-,,,,,,,,,05
2025-06-12 14:56:23,2025-06-12 14:56:17,2025-06-12 14:56:16,867488060285201,14927,GTERI,0x09fe3fbf,0x00028102,802003,0x0a04,0x0a14,100,12034,0000,-,01,00,22,12,-,01,95.3,221,614,-22.809224,-49.536001,0724,0005,9d16,0222ea03,212.9,959.1,0:00:00,0:00:00,-,-,0,-,,,,,04,7,00000000,00,10
2025-06-12 14:56:25,,,867488060285201,14929,HBD
2025-06-12 14:56:34,2025-06-12 14:56:34,2025-06-12 14:56:34,867488060285201,14930,GTHBM,0x09fe7fbf,,802003,0x0a04,0x0a14,100,12210,0000,0000,01,00,22,12,-,01,101.0,221,616,-22.81244,-49.539084,0724,0005,9d16,0225c219,213.3,959.5,0:00:00,0:00:00,-,-,0,-,,,,,,,,,05
2025-06-12 14:57:04,2025-06-12 14:57:04,2025-06-12 14:57:04,867488060285201,14931,GTSPD,0x09fe7fbf,,802003,0x0a04,0x0a14,100,12086,0000,0000,01,00,22,12,-,01,110.9,221,627,-22.818425,-49.544827,0724,0005,9d16,0225c219,214.2,960.4,0:00:00,0:00:00,-,-,0,-,,,,,,,,,00
2025-06-12 14:57:06,2025-06-12 14:57:06,2025-06-12 14:57:06,867488060285201,14932,GTHBM,0x09fe7fbf,,802003,0x0a04,0x0a14,100,12016,0000,0000,01,00,22,12,-,01,111.6,221,628,-22.818844,-49.545226,0724,0005,9d16,0225c219,214.3,960.5,0:00:00,0:00:00,-,-,0,-,,,,,,,,,05
2025-06-12 14:57:17,2025-06-12 14:57:17,2025-06-12 14:57:16,867488060285201,14933,GTERI,0x09fe3fbf,0x00028102,802003,0x0a04,0x0a14,100,12388,0000,-,01,00,22,12,-,01,109.9,221,637,-22.820926,-49.547234,0724,0005,9d16,0225c219,214.6,960.8,0:00:00,0:00:00,-,-,0,-,,,,,04,5,00000000,00,10
2025-06-12 14:57:29,2025-06-12 14:57:29,2025-06-12 14:57:29,867488060285201,14934,GTSPD,0x09fe7fbf,,802003,0x0a04,0x0a14,100,12014,0000,0000,01,00,22,12,-,01,111.3,221,644,-22.823611,-49.549804,0724,0005,9d16,0225c219,215.0,961.2,0:00:00,0:00:00,-,-,0,-,,,,,,,,,00
2025-06-12 14:57:38,2025-06-12 14:57:38,2025-06-12 14:57:38,867488060285201,14935,GTHBM,0x09fe7fbf,,802003,0x0a04,0x0a14,100,12014,0000,0000,01,00,22,12,-,01,119.9,221,631,-22.82555,-49.55167,0724,0005,9d16,0225c21a,215.3,961.5,0:00:00,0:00:00,-,-,0,-,,,,,,,,,05
2025-06-12 14:58:21,2025-06-12 14:58:10,2025-06-12 14:58:10,867488060285201,14936,GTHBM,0x09fe7fbf,,802003,0x0a04,0x0a14,100,12107,0000,0000,01,00,22,12,-,01,120.0,221,616,-22.832639,-49.558473,0724,0005,9d16,02254e0d,216.3,962.5,0:00:00,0:00:00,-,-,0,-,,,,,,,,,05
2025-06-12 14:58:21,2025-06-12 14:58:17,2025-06-12 14:58:16,867488060285201,14937,GTERI,0x09fe3fbf,0x00028102,802003,0x0a04,0x0a14,100,11899,0000,-,01,00,22,12,-,01,119.2,221,608,-22.833993,-49.559771,0724,0005,9d16,0225de19,216.6,962.7,0:00:00,0:00:00,-,-,0,-,,,,,04,5,00000000,00,10
2025-06-12 14:58:38,,,867488060285201,14939,HBD
2025-06-12 14:58:42,2025-06-12 14:58:42,2025-06-12 14:58:42,867488060285201,14940,GTHBM,0x09fe7fbf,,802003,0x0a04,0x0a14,100,12143,0000,0000,01,00,22,12,-,01,118.2,221,595,-22.839646,-49.565195,0724,0005,9d16,0225de19,217.4,963.6,0:00:00,0:00:00,-,-,0,-,,,,,,,,,05
2025-06-12 14:59:45,,,867488060285201,14944,HBD
2025-06-12 14:59:46,2025-06-12 14:59:14,2025-06-12 14:59:14,867488060285201,14942,GTPDP,0x09fe7fbf,,802003,0x0a04,0x0a14,100,11976,0000,0000,01,00,22,12,-,01,97.5,221,609,-22.84606,-49.571347,0724,0005,9d16,0225de19,218.3,964.5,0:00:00,0:00:00,-,-,0,-
2025-06-12 14:59:46,2025-06-12 14:59:14,2025-06-12 14:59:14,867488060285201,14941,GTHBM,0x09fe7fbf,,802003,0x0a04,0x0a14,100,11976,0000,0000,01,00,22,12,-,01,97.5,221,609,-22.84606,-49.571347,0724,0005,9d16,0225de19,218.3,964.5,0:00:00,0:00:00,-,-,0,-,,,,,,,,,05
2025-06-12 14:59:47,2025-06-12 14:59:17,2025-06-12 14:59:16,867488060285201,14943,GTERI,0x09fe3fbf,0x00028102,802003,0x0a04,0x0a14,100,13752,0000,-,01,00,22,12,-,01,90.2,222,608,-22.84641,-49.571683,0724,0005,9d16,0225de19,218.4,964.6,0:00:00,0:00:00,-,-,0,-,,,,,04,5,00000000,00,10
2025-06-12 14:59:47,2025-06-12 14:59:46,2025-06-12 14:59:46,867488060285201,14946,GTHBM,0x09fe7fbf,,802003,0x0a04,0x0a14,100,13862,0000,0000,01,00,22,12,-,01,73.3,221,583,-22.850759,-49.575904,0724,0005,9d16,0225de19,219.0,965.2,0:00:00,0:00:00,-,-,0,-,,,,,,,,,05
2025-06-12 14:59:58,2025-06-12 14:59:58,2025-06-12 14:59:58,867488060285201,14947,GTHBM,0x09fe7fbf,,802003,0x0a04,0x0a14,100,11883,0000,0000,01,00,22,12,-,01,43.5,224,578,-22.852059,-49.577189,0724,0005,9d16,0225de19,219.2,965.4,0:00:00,0:00:00,-,-,0,-,,,,,,,,,00
2025-06-12 15:00:02,2025-06-12 15:00:02,2025-06-12 15:00:02,867488060285201,14948,GTHBM,0x09fe7fbf,,802003,0x0a04,0x0a14,100,11995,0000,0000,01,00,22,12,-,01,34.0,223,578,-22.85233,-49.577466,0724,0005,9d16,0225de19,219.3,965.4,0:00:00,0:00:00,-,-,0,-,,,,,,,,,05
2025-06-12 15:00:17,2025-06-12 15:00:17,2025-06-12 15:00:16,867488060285201,14949,GTERI,0x09fe3fbf,0x00028102,802003,0x0a04,0x0a14,100,12261,0000,-,01,00,22,12,-,01,17.6,235,577,-22.852903,-49.578255,0724,0005,9d16,0225de19,219.4,965.5,0:00:00,0:00:00,-,-,0,-,,,,,04,5,00000000,00,10
2025-06-12 15:00:35,2025-06-12 15:00:35,2025-06-12 15:00:35,867488060285201,14950,GTHBM,0x09fe7fbf,,802003,0x0a04,0x0a14,100,12134,0000,0000,01,00,22,12,-,01,25.6,221,576,-22.853482,-49.579052,0724,0005,9d16,0225de19,219.5,965.6,0:00:00,0:00:00,-,-,0,-,,,,,,,,,05
2025-06-12 15:00:53,2025-06-12 15:00:54,2025-06-12 15:00:53,867488060285201,14951,GTIGF,0x09fe7fbf,,802003,0x0a04,0x0a14,100,11230,0000,0000,00,00,12,12,7967,01,1.3,235,575,-22.853835,-49.579559,0724,0005,9d16,0225de19,219.5,965.7,0:00:00,0:00:00,-,-,0,-
2025-06-12 15:00:54,2025-06-12 15:00:54,2025-06-12 15:00:53,867488060285201,14952,GTSTT,0x09fe7fbf,,802003,0x0a04,0x0a14,100,11230,0000,0000,00,00,12,12,-,01,1.3,235,575,-22.853835,-49.579559,0724,0005,9d16,0225de19,219.5,965.7,0:00:00,0:00:00,-,-,0,-
2025-06-12 15:00:54,2025-06-12 15:00:54,2025-06-12 15:00:54,867488060285201,14953,GTERI,0x09fe3fbf,0x00028102,802003,0x0a04,0x0a14,100,11230,0000,-,00,00,12,12,-,01,0.2,235,576,-22.853836,-49.579559,0724,0005,9d16,0225de19,219.5,965.7,0:00:00,0:00:00,-,-,0,-,,,,,04,5,00000000,00,10
2025-06-12 15:00:55,2025-06-12 15:00:54,2025-06-12 15:00:54,867488060285201,14954,GTIGL,0x09fe7fbf,,802003,0x0a04,0x0a14,100,11230,0000,0000,00,00,12,12,-,01,0.2,235,576,-22.853836,-49.579559,0724,0005,9d16,0225de19,219.5,965.7,0:00:00,0:00:00,-,-,0,-,,,,,,,,,01
2025-06-12 15:00:57,2025-06-12 15:00:57,2025-06-12 15:00:56,867488060285201,14955,GTMPF,0x09fe7fbf,,802003,0x0a04,0x0a14,100,0,0000,0000,00,00,12,12,-,01,0.0,235,576,-22.853836,-49.579559,0724,0005,9d16,0225de19,219.5,965.7,0:00:00,0:00:00,-,-,0,-
2025-06-12 15:01:45,,,867488060285201,14956,HBD
2025-06-12 15:01:50,2025-06-12 15:01:51,2025-06-12 15:01:50,867488060285201,14958,GTSTT,0x09fe7fbf,,802003,0x0a04,0x0a14,100,0,0000,0000,00,00,11,12,-,01,0.0,235,577,-22.85383,-49.579541,0724,0005,9d16,0225de19,219.5,965.7,0:00:00,0:00:00,-,-,0,-
2025-06-12 15:03:46,,,867488060285201,14959,HBD
2025-06-12 15:05:46,,,867488060285201,14961,HBD
2025-06-12 15:07:46,,,867488060285201,14963,HBD
2025-06-12 15:09:46,,,867488060285201,14965,HBD
2025-06-12 15:11:46,,,867488060285201,14967,HBD
2025-06-12 15:13:46,,,867488060285201,14969,HBD
2025-06-12 15:15:46,,,867488060285201,14971,HBD
2025-06-12 15:17:46,,,867488060285201,14973,HBD
2025-06-12 15:19:46,,,867488060285201,14975,HBD
2025-06-12 15:21:24,2025-06-12 15:21:24,2025-06-12 15:05:53,867488060285201,14977,GTIGN,0x09fe7fbf,,802003,0x0a04,0x0a14,100,0,0000,0000,01,00,22,12,1230,00,0.0,235,577,-22.85383,-49.579541,0724,0005,9d16,0225de19,0.0,965.7,0:00:00,0:00:00,-,-,0,-
2025-06-12 15:21:24,2025-06-12 15:21:24,2025-06-12 15:05:53,867488060285201,14978,GTSTT,0x09fe7fbf,,802003,0x0a04,0x0a14,100,0,0000,0000,01,00,22,12,-,00,0.0,235,577,-22.85383,-49.579541,0724,0005,9d16,0225de19,0.0,965.7,0:00:00,0:00:00,-,-,0,-
2025-06-12 15:21:26,2025-06-12 15:21:26,2025-06-12 15:21:26,867488060285201,14979,GTIGL,0x09fe7fbf,,802003,0x0a04,0x0a14,100,0,0000,0000,01,00,22,12,-,01,0.0,235,567,-22.853876,-49.579524,0724,0005,9d16,0225de19,0.0,965.7,0:00:00,0:00:00,-,-,0,-,,,,,,,,,00
2025-06-12 15:21:27,2025-06-12 15:21:27,2025-06-12 15:21:27,867488060285201,14980,GTMPN,0x09fe7fbf,,802003,0x0a04,0x0a14,100,9781,0000,0000,01,00,22,12,-,01,0.0,235,567,-22.853876,-49.579524,0724,0005,9d16,0225de19,0.0,965.7,0:00:00,0:00:00,-,-,0,-
2025-06-12 15:21:28,2025-06-12 15:21:28,2025-06-12 15:21:28,867488060285201,14981,GTERI,0x09fe3fbf,0x00028102,802003,0x0a04,0x0a14,100,9781,0000,-,01,00,22,12,-,01,0.5,235,567,-22.853871,-49.579497,0724,0005,9d16,0225de19,0.0,965.7,0:00:00,0:00:00,-,-,0,-,,,,,04,5,00000000,00,10
2025-06-12 15:21:30,2025-06-12 15:21:30,2025-06-12 15:21:30,867488060285201,14982,GTERI,0x09fe3fbf,0x00028102,802003,0x0a04,0x0a14,100,9781,0000,-,01,00,22,12,-,01,3.4,109,569,-22.853863,-49.57945,0724,0005,9d16,0225de19,0.0,965.7,0:00:00,0:00:00,-,-,0,-,,,,,04,5,00000000,00,11
2025-06-12 15:21:31,2025-06-12 15:21:31,2025-06-12 15:21:31,867488060285201,14983,GTHBM,0x09fe7fbf,,802003,0x0a04,0x0a14,100,9781,0000,0000,01,00,22,12,-,01,3.9,107,570,-22.85387,-49.579443,0724,0005,9d16,0225de19,0.0,965.7,0:00:00,0:00:00,-,-,0,-,,,,,,,,,02
2025-06-12 15:21:36,2025-06-12 15:21:36,2025-06-12 15:21:36,867488060285201,14984,GTERI,0x09fe3fbf,0x00028102,802003,0x0a04,0x0a14,100,10995,0000,-,01,00,22,12,-,01,3.8,210,571,-22.853867,-49.579458,0724,0005,9d16,0225de19,0.0,965.7,0:00:00,0:00:00,-,-,0,-,,,,,04,5,00000000,00,11
2025-06-12 15:21:39,2025-06-12 15:21:39,2025-06-12 15:21:39,867488060285201,14985,GTHBM,0x09fe7fbf,,802003,0x0a04,0x0a14,100,10995,0000,0000,01,00,22,12,-,01,7.0,204,573,-22.853888,-49.579489,0724,0005,9d16,0225de19,0.0,965.7,0:00:00,0:00:00,-,-,0,-,,,,,,,,,05
2025-06-12 15:21:46,,,867488060285201,14986,HBD
2025-06-12 15:22:03,2025-06-12 15:22:03,2025-06-12 15:22:03,867488060285201,14988,GTHBM,0x09fe7fbf,,802003,0x0a04,0x0a14,100,11322,0000,0000,01,00,22,12,-,01,23.7,207,573,-22.854635,-49.5797,0724,0005,9d16,0225de19,0.1,965.8,0:00:00,0:00:00,-,-,0,-,,,,,,,,,01
2025-06-12 15:22:07,2025-06-12 15:22:07,2025-06-12 15:22:07,867488060285201,14989,GTHBM,0x09fe7fbf,,802003,0x0a04,0x0a14,100,12065,0000,0000,01,00,22,12,-,01,32.0,221,571,-22.854875,-49.579916,0724,0005,9d16,0225de19,0.1,965.8,0:00:00,0:00:00,-,-,0,-,,,,,,,,,05
2025-06-12 15:22:30,2025-06-12 15:22:30,2025-06-12 15:22:29,867488060285201,14990,GTERI,0x09fe3fbf,0x00028102,802003,0x0a04,0x0a14,100,11888,0000,-,01,00,22,12,-,01,72.5,221,568,-22.857363,-49.582257,0724,0005,9d16,0225de19,0.5,966.2,0:00:00,0:00:00,-,-,0,-,,,,,04,5,00000000,00,10
2025-06-12 15:22:39,2025-06-12 15:22:39,2025-06-12 15:22:39,867488060285201,14991,GTHBM,0x09fe7fbf,,802003,0x0a04,0x0a14,100,12051,0000,0000,01,00,22,12,-,01,66.8,221,567,-22.858693,-49.583528,0724,0005,9d16,0225de19,0.7,966.4,0:00:00,0:00:00,-,-,0,-,,,,,,,,,05
2025-06-12 15:23:56,2025-06-12 15:23:11,2025-06-12 15:23:11,867488060285201,14992,GTHBM,0x09fe7fbf,,802003,0x0a04,0x0a14,100,11777,0000,0000,01,00,22,12,-,01,97.7,254,551,-22.862683,-49.588766,0724,0005,9d16,0225de19,1.4,967.1,0:00:00,0:00:00,-,-,0,-,,,,,,,,,05
2025-06-12 15:23:57,2025-06-12 15:23:11,2025-06-12 15:23:11,867488060285201,14992,GTHBM,0x09fe7fbf,,802003,0x0a04,0x0a14,100,11777,0000,0000,01,00,22,12,-,01,97.7,254,551,-22.862683,-49.588766,0724,0005,9d16,0225de19,1.4,967.1,0:00:00,0:00:00,-,-,0,-,,,,,,,,,05
2025-06-12 15:23:57,2025-06-12 15:23:11,2025-06-12 15:23:11,867488060285201,14992,GTHBM,0x09fe7fbf,,802003,0x0a04,0x0a14,100,11777,0000,0000,01,00,22,12,-,01,97.7,254,551,-22.862683,-49.588766,0724,0005,9d16,0225de19,1.4,967.1,0:00:00,0:00:00,-,-,0,-,,,,,,,,,05
2025-06-12 15:23:57,,,867488060285201,14995,HBD
2025-06-12 15:23:59,2025-06-12 15:23:30,2025-06-12 15:23:29,867488060285201,14993,GTERI,0x09fe3fbf,0x00028102,802003,0x0a04,0x0a14,100,12114,0000,-,01,00,22,12,-,01,103.6,258,537,-22.863635,-49.593618,0724,0005,9d16,0225de19,1.9,967.6,0:00:00,0:00:00,-,-,0,-,,,,,04,5,00000000,00,10
2025-06-12 15:24:00,2025-06-12 15:23:43,2025-06-12 15:23:43,867488060285201,14994,GTHBM,0x09fe7fbf,,802003,0x0a04,0x0a14,100,11964,0000,0000,01,00,22,12,-,01,103.6,258,530,-22.864375,-49.597487,0724,0005,9d16,0225de19,2.3,968.0,0:00:00,0:00:00,-,-,0,-,,,,,,,,,05
2025-06-12 15:24:47,,,867488060285201,15001,HBD
2025-06-12 15:24:47,2025-06-12 15:24:15,2025-06-12 15:24:15,867488060285201,14998,GTPDP,0x09fe7fbf,,802003,0x0a04,0x0a14,100,12162,0000,0000,01,00,22,12,-,01,99.1,258,527,-22.866054,-49.606217,0724,0005,9d16,0225de1b,3.2,968.9,0:00:00,0:00:00,-,-,0,-
2025-06-12 15:24:47,2025-06-12 15:24:15,2025-06-12 15:24:15,867488060285201,14997,GTHBM,0x09fe7fbf,,802003,0x0a04,0x0a14,100,12162,0000,0000,01,00,22,12,-,01,99.1,258,527,-22.866054,-49.606217,0724,0005,9d16,0225de1b,3.2,968.9,0:00:00,0:00:00,-,-,0,-,,,,,,,,,05
2025-06-12 15:24:48,2025-06-12 15:24:25,2025-06-12 15:24:25,867488060285201,14999,GTBTC,0x09fe7fbf,,802003,0x0a04,0x0a14,100,12131,0000,0000,01,00,22,12,-,01,86.1,258,536,-22.866528,-49.608712,0724,0005,9d16,0225de1b,3.5,969.2,0:00:00,0:00:00,-,-,0,-
2025-06-12 15:24:48,2025-06-12 15:24:30,2025-06-12 15:24:29,867488060285201,15000,GTERI,0x09fe3fbf,0x00028102,802003,0x0a04,0x0a14,100,12104,0000,-,01,00,22,12,-,01,80.4,258,537,-22.866695,-49.609587,0724,0005,9d16,0225de1b,3.6,969.3,0:00:00,0:00:00,-,-,0,-,,,,,04,5,00000000,00,10
2025-06-12 15:24:49,2025-06-12 15:24:47,2025-06-12 15:24:47,867488060285201,15003,GTHBM,0x09fe7fbf,,802003,0x0a04,0x0a14,100,13763,0000,0000,01,00,22,12,-,01,73.1,263,526,-22.867184,-49.613229,0724,0005,9d16,02254e0d,4.0,969.7,0:00:00,0:00:00,-,-,0,-,,,,,,,,,05
2025-06-12 15:25:24,2025-06-12 15:25:19,2025-06-12 15:25:19,867488060285201,15004,GTHBM,0x09fe7fbf,,802003,0x0a04,0x0a14,100,12252,0000,0000,01,00,22,12,-,01,57.9,264,530,-22.867832,-49.619358,0724,0005,9d16,02254e0d,4.6,970.3,0:00:00,0:00:00,-,-,0,-,,,,,,,,,05
2025-06-12 15:25:32,2025-06-12 15:25:32,2025-06-12 15:25:30,867488060285201,15005,GTERI,0x09fe3fbf,0x00028102,802003,0x0a04,0x0a14,100,12125,0000,-,01,00,22,12,-,01,49.0,263,539,-22.868003,-49.620928,0724,0005,9d16,0225de1b,4.8,970.5,0:00:00,0:00:00,-,-,0,-,,,,,04,5,00000000,00,10
2025-06-12 15:25:51,2025-06-12 15:25:51,2025-06-12 15:25:51,867488060285201,15006,GTHBM,0x09fe7fbf,,802003,0x0a04,0x0a14,100,12219,0000,0000,01,00,22,12,-,01,34.9,263,552,-22.868232,-49.623092,0724,0005,9d16,0225de1b,5.0,970.7,0:00:00,0:00:00,-,-,0,-,,,,,,,,,05
2025-06-12 15:26:26,2025-06-12 15:26:26,2025-06-12 15:26:26,867488060285201,15007,GTHBM,0x09fe7fbf,,802003,0x0a04,0x0a14,100,12029,0000,0000,01,00,22,12,-,01,67.3,263,550,-22.868692,-49.627453,0724,0005,9d16,0223de01,5.4,971.1,0:00:00,0:00:00,-,-,0,-,,,,,,,,,05
2025-06-12 15:26:31,2025-06-12 15:26:32,2025-06-12 15:26:30,867488060285201,15008,GTERI,0x09fe3fbf,0x00028102,802003,0x0a04,0x0a14,100,12097,0000,-,01,00,22,12,-,01,78.1,263,547,-22.868775,-49.628242,0724,0005,9d16,0223de01,5.5,971.2,0:00:00,0:00:00,-,-,0,-,,,,,04,7,00000000,00,10
2025-06-12 15:26:46,,,867488060285201,15009,HBD
2025-06-12 15:26:53,2025-06-12 15:26:53,2025-06-12 15:26:53,867488060285201,15011,GTSPD,0x09fe7fbf,,802003,0x0a04,0x0a14,100,12171,0000,0000,01,00,22,12,-,01,112.0,263,518,-22.869424,-49.634379,0724,0005,9d16,0223c302,6.1,971.8,0:00:00,0:00:00,-,-,0,-,,,,,,,,,00
2025-06-12 15:26:59,2025-06-12 15:26:59,2025-06-12 15:26:59,867488060285201,15012,GTHBM,0x09fe7fbf,,802003,0x0a04,0x0a14,100,12052,0000,0000,01,00,22,12,-,01,116.2,263,513,-22.869616,-49.636225,0724,0005,9d16,0223c302,6.3,972.0,0:00:00,0:00:00,-,-,0,-,,,,,,,,,05
2025-06-12 15:27:31,2025-06-12 15:27:31,2025-06-12 15:27:31,867488060285201,15013,GTHBM,0x09fe7fbf,,802003,0x0a04,0x0a14,100,13722,0000,0000,01,00,22,12,-,01,90.6,263,497,-22.870549,-49.645226,0724,0005,9d16,0223c302,7.3,973.0,0:00:00,0:00:00,-,-,0,-,,,,,,,,,05
2025-06-12 15:27:31,2025-06-12 15:27:32,2025-06-12 15:27:30,867488060285201,15014,GTERI,0x09fe3fbf,0x00028102,802003,0x0a04,0x0a14,100,13722,0000,-,01,00,22,12,-,01,90.7,263,499,-22.870524,-49.644981,0724,0005,9d16,0223c302,7.3,973.0,0:00:00,0:00:00,-,-,0,-,,,,,04,7,00000000,00,10
2025-06-12 15:28:04,2025-06-12 15:28:04,2025-06-12 15:28:04,867488060285201,15015,GTHBM,0x09fe7fbf,,802003,0x0a04,0x0a14,100,12217,0000,0000,01,00,22,12,-,01,70.1,263,515,-22.871308,-49.652396,0724,0005,9d16,0223c302,8.0,973.7,0:00:00,0:00:00,-,-,0,-,,,,,,,,,05
2025-06-12 15:28:32,2025-06-12 15:28:32,2025-06-12 15:28:30,867488060285201,15016,GTERI,0x09fe3fbf,0x00028102,802003,0x0a04,0x0a14,100,12314,0000,-,01,00,22,12,-,01,68.2,263,530,-22.871786,-49.656979,0724,0005,9d16,02254e03,8.5,974.2,0:00:00,0:00:00,-,-,0,-,,,,,04,7,00000000,00,10
2025-06-12 15:28:40,2025-06-12 15:28:40,2025-06-12 15:28:40,867488060285201,15017,GTHBM,0x09fe7fbf,,802003,0x0a04,0x0a14,100,12256,0000,0000,01,00,22,12,-,01,68.1,263,535,-22.87198,-49.658832,0724,0005,9d16,02254e03,8.6,974.4,0:00:00,0:00:00,-,-,0,-,,,,,,,,,05
2025-06-12 15:28:47,,,867488060285201,15018,HBD
2025-06-12 15:29:14,2025-06-12 15:29:14,2025-06-12 15:29:14,867488060285201,15020,GTHBM,0x09fe7fbf,,802003,0x0a04,0x0a14,100,12254,0000,0000,01,00,22,12,-,01,71.9,263,552,-22.872637,-49.665095,0724,0005,9d16,0225de1b,9.3,975.0,0:00:00,0:00:00,-,-,0,-,,,,,,,,,05
2025-06-12 15:29:32,2025-06-12 15:29:32,2025-06-12 15:29:30,867488060285201,15021,GTERI,0x09fe3fbf,0x00028102,802003,0x0a04,0x0a14,100,12342,0000,-,01,00,22,12,-,01,67.6,263,555,-22.872949,-49.668074,0724,0005,9d16,0225de1b,9.6,975.3,0:00:00,0:00:00,-,-,0,-,,,,,04,5,00000000,00,10
2025-06-12 15:29:53,2025-06-12 15:29:53,2025-06-12 15:29:53,867488060285201,15022,GTHBM,0x09fe7fbf,,802003,0x0a04,0x0a14,100,12393,0000,0000,01,00,22,12,-,01,66.1,254,561,-22.873703,-49.672253,0724,0005,9d16,0225de1b,10.0,975.7,0:00:00,0:00:00,-,-,0,-,,,,,,,,,05
2025-06-12 15:30:26,2025-06-12 15:30:25,2025-06-12 15:30:25,867488060285201,15023,GTHBM,0x09fe7fbf,,802003,0x0a04,0x0a14,100,11838,0000,0000,01,00,22,12,-,01,66.5,246,580,-22.875596,-49.677598,0724,0005,9d16,0225de1b,10.6,976.3,0:00:00,0:00:00,-,-,0,-,,,,,,,,,05
2025-06-12 15:30:50,2025-06-12 15:30:32,2025-06-12 15:30:30,867488060285201,15024,GTERI,0x09fe3fbf,0x00028102,802003,0x0a04,0x0a14,100,12085,0000,-,01,00,22,12,-,01,70.7,247,582,-22.875932,-49.678443,0724,0005,9d16,0225de1b,10.7,976.4,0:00:00,0:00:00,-,-,0,-,,,,,04,5,00000000,00,10
2025-06-12 15:30:52,2025-06-12 15:30:32,2025-06-12 15:30:30,867488060285201,15024,GTERI,0x09fe3fbf,0x00028102,802003,0x0a04,0x0a14,100,12085,0000,-,01,00,22,12,-,01,70.7,247,582,-22.875932,-49.678443,0724,0005,9d16,0225de1b,10.7,976.4,0:00:00,0:00:00,-,-,0,-,,,,,04,5,00000000,00,10
2025-06-12 15:31:05,,,867488060285201,15025,HBD
2025-06-12 15:31:08,2025-06-12 15:30:58,2025-06-12 15:30:58,867488060285201,15027,GTHBM,0x09fe7fbf,,802003,0x0a04,0x0a14,100,12044,0000,0000,01,00,22,12,-,01,100.7,246,578,-22.87842,-49.684709,0724,0005,9d16,0225de1b,11.4,977.1,0:00:00,0:00:00,-,-,0,-,,,,,,,,,05
2025-06-12 15:31:47,2025-06-12 15:31:27,2025-06-12 15:31:27,867488060285201,15028,GTSPD,0x09fe7fbf,,802003,0x0a04,0x0a14,100,11963,0000,0000,01,00,22,12,-,01,111.2,246,551,-22.88148,-49.692427,0724,0005,00d6,000000b8,12.3,978.0,0:00:00,0:00:00,-,-,0,-,,,,,,,,,00
2025-06-12 15:31:48,2025-06-12 15:31:30,2025-06-12 15:31:30,867488060285201,15029,GTHBM,0x09fe7fbf,,802003,0x0a04,0x0a14,100,12122,0000,0000,01,00,22,12,-,01,111.3,246,548,-22.88181,-49.693257,0724,0005,00d6,000000b8,12.4,978.1,0:00:00,0:00:00,-,-,0,-,,,,,,,,,05
2025-06-12 15:31:48,2025-06-12 15:31:32,2025-06-12 15:31:30,867488060285201,15030,GTERI,0x09fe3fbf,0x00028102,802003,0x0a04,0x0a14,100,12006,0000,-,01,00,22,12,-,01,111.3,246,548,-22.88181,-49.693257,0724,0005,00d6,000000b8,12.4,978.1,0:00:00,0:00:00,-,-,0,-,,,,,01,1800,00000000,00,10
2025-06-12 15:32:03,2025-06-12 15:32:03,2025-06-12 15:32:03,867488060285201,15031,GTHBM,0x09fe7fbf,,802003,0x0a04,0x0a14,100,12202,0000,0000,01,00,22,12,-,01,120.6,246,525,-22.885575,-49.702773,0724,0005,00d6,000000b8,13.5,979.2,0:00:00,0:00:00,-,-,0,-,,,,,,,,,05
2025-06-12 15:32:32,2025-06-12 15:32:32,2025-06-12 15:32:30,867488060285201,15032,GTERI,0x09fe3fbf,0x00028102,802003,0x0a04,0x0a14,100,11967,0000,-,01,00,22,12,-,01,112.6,246,516,-22.88866,-49.710571,0724,0005,00d6,000000b8,14.4,980.1,0:00:00,0:00:00,-,-,0,-,,,,,01,1800,00000000,00,10
2025-06-12 15:32:36,2025-06-12 15:32:35,2025-06-12 15:32:35,867488060285201,15033,GTHBM,0x09fe7fbf,,802003,0x0a04,0x0a14,100,11976,0000,0000,01,00,22,12,-,01,110.7,247,514,-22.889206,-49.71196,0724,0005,00d6,000000b8,14.5,980.2,0:00:00,0:00:00,-,-,0,-,,,,,,,,,05
2025-06-12 15:33:04,,,867488060285201,15035,HBD
2025-06-12 15:33:09,2025-06-12 15:33:08,2025-06-12 15:33:08,867488060285201,15036,GTHBM,0x09fe7fbf,,802003,0x0a04,0x0a14,100,12702,0000,0000,01,00,22,12,-,01,83.3,247,511,-22.892477,-49.720223,0724,0005,00d6,000000b8,15.4,981.1,0:00:00,0:00:00,-,-,0,-,,,,,,,,,05
2025-06-12 15:33:21,2025-06-12 15:33:21,2025-06-12 15:33:20,867488060285201,15037,GTHBM,0x09fe7fbf,,802003,0x0a04,0x0a14,100,12258,0000,0000,01,00,22,12,-,01,58.9,251,509,-22.893261,-49.722449,0724,0005,00d6,000000b8,15.6,981.3,0:00:00,0:00:00,-,-,0,-,,,,,,,,,00
2025-06-12 15:33:41,2025-06-12 15:33:21,2025-06-12 15:33:20,867488060285201,15037,GTHBM,0x09fe7fbf,,802003,0x0a04,0x0a14,100,12258,0000,0000,01,00,22,12,-,01,58.9,251,509,-22.893261,-49.722449,0724,0005,00d6,000000b8,15.6,981.3,0:00:00,0:00:00,-,-,0,-,,,,,,,,,00
2025-06-12 15:33:41,2025-06-12 15:33:32,2025-06-12 15:33:30,867488060285201,15038,GTERI,0x09fe3fbf,0x00028102,802003,0x0a04,0x0a14,100,12350,0000,-,01,00,22,12,-,01,6.6,247,509,-22.893574,-49.723322,0724,0005,00d6,000000b8,15.7,981.4,0:00:00,0:00:00,-,-,0,-,,,,,01,1800,00000000,00,10
2025-06-12 15:33:59,2025-06-12 15:33:58,2025-06-12 15:33:58,867488060285201,15039,GTHBM,0x09fe7fbf,,802003,0x0a04,0x0a14,100,12096,0000,0000,01,00,22,12,-,01,9.6,254,509,-22.893588,-49.723351,0724,0005,00d6,000000b8,15.7,981.4,0:00:00,0:00:00,-,-,0,-,,,,,,,,,05
2025-06-12 15:34:02,2025-06-12 15:34:02,2025-06-12 15:34:02,867488060285201,15040,GTHBM,0x09fe7fbf,,802003,0x0a04,0x0a14,100,12190,0000,0000,01,00,22,12,-,01,29.5,246,508,-22.893685,-49.723575,0724,0005,00d6,000000b8,15.8,981.5,0:00:00,0:00:00,-,-,0,-,,,,,,,,,01
2025-06-12 15:34:14,2025-06-12 15:34:14,2025-06-12 15:34:14,867488060285201,15041,GTHBM,0x09fe7fbf,,802003,0x0a04,0x0a14,100,12210,0000,0000,01,00,22,12,-,01,65.8,243,512,-22.894354,-49.725057,0724,0005,00d6,000000b8,15.9,981.6,0:00:00,0:00:00,-,-,0,-,,,,,,,,,05
2025-06-12 15:34:32,2025-06-12 15:34:32,2025-06-12 15:34:30,867488060285201,15042,GTERI,0x09fe3fbf,0x00028102,802003,0x0a04,0x0a14,100,12262,0000,-,01,00,22,12,-,01,89.5,246,511,-22.895646,-49.728199,0724,0005,00d6,000000b8,16.3,982.0,0:00:00,0:00:00,-,-,0,-,,,,,01,1800,00000000,00,10
2025-06-12 15:34:46,2025-06-12 15:34:46,2025-06-12 15:34:46,867488060285201,15043,GTHBM,0x09fe7fbf,,802003,0x0a04,0x0a14,100,12117,0000,0000,01,00,22,12,-,01,99.0,246,506,-22.897153,-49.731994,0724,0005,00d6,000000b8,16.7,982.4,0:00:00,0:00:00,-,-,0,-,,,,,,,,,05
2025-06-12 15:35:04,,,867488060285201,15045,HBD
2025-06-12 15:35:19,2025-06-12 15:35:18,2025-06-12 15:35:18,867488060285201,15046,GTHBM,0x09fe7fbf,,802003,0x0a04,0x0a14,100,12248,0000,0000,01,00,22,12,-,01,107.5,246,503,-22.900502,-49.740426,0724,0005,00d6,000000b8,17.7,983.4,0:00:00,0:00:00,-,-,0,-,,,,,,,,,05
2025-06-12 15:35:36,2025-06-12 15:35:32,2025-06-12 15:35:30,867488060285201,15047,GTERI,0x09fe3fbf,0x00028102,802003,0x0a04,0x0a14,100,12243,0000,-,01,00,22,12,-,01,109.8,246,504,-22.901766,-49.743617,0724,0005,00d6,000000b8,18.0,983.7,0:00:00,0:00:00,-,-,0,-,,,,,01,1800,00000000,00,10
2025-06-12 15:35:37,2025-06-12 15:35:33,2025-06-12 15:35:33,867488060285201,15048,GTSPD,0x09fe7fbf,,802003,0x0a04,0x0a14,100,12243,0000,0000,01,00,22,12,-,01,111.9,246,505,-22.902093,-49.744447,0724,0005,00d6,000000b8,18.1,983.8,0:00:00,0:00:00,-,-,0,-,,,,,,,,,00
2025-06-12 15:35:50,2025-06-12 15:35:50,2025-06-12 15:35:50,867488060285201,15049,GTHBM,0x09fe7fbf,,802003,0x0a04,0x0a14,100,12105,0000,0000,01,00,22,12,-,01,119.4,246,504,-22.904033,-49.749338,0724,0005,00d6,000027c8,18.6,984.4,0:00:00,0:00:00,-,-,0,-,,,,,,,,,05
2025-06-12 15:36:23,2025-06-12 15:36:22,2025-06-12 15:36:22,867488060285201,15050,GTHBM,0x09fe7fbf,,802003,0x0a04,0x0a14,100,12160,0000,0000,01,00,22,12,-,01,109.1,257,492,-22.906749,-49.759069,0724,0005,00d6,000027c8,19.7,985.4,0:00:00,0:00:00,-,-,0,-,,,,,,,,,05
2025-06-12 15:36:25,2025-06-12 15:36:25,2025-06-12 15:36:25,867488060285201,15051,GTSPD,0x09fe7fbf,,802003,0x0a04,0x0a14,100,12294,0000,0000,01,00,22,12,-,01,113.5,256,492,-22.906933,-49.759951,0724,0005,00d6,000027c8,19.8,985.5,0:00:00,0:00:00,-,-,0,-,,,,,,,,,00
2025-06-12 15:36:32,2025-06-12 15:36:32,2025-06-12 15:36:30,867488060285201,15052,GTERI,0x09fe3fbf,0x00028102,802003,0x0a04,0x0a14,100,12289,0000,-,01,00,22,12,-,01,119.5,257,493,-22.907271,-49.761495,0724,0005,00d6,000027c8,20.0,985.7,0:00:00,0:00:00,-,-,0,-,,,,,01,1800,00000000,00,10
2025-06-12 15:36:56,2025-06-12 15:36:56,2025-06-12 15:36:56,867488060285201,15054,GTHBM,0x09fe7fbf,,802003,0x0a04,0x0a14,100,12167,0000,0000,01,00,22,12,-,01,110.9,258,503,-22.908904,-49.769687,0724,0005,00d6,000027c8,20.8,986.5,0:00:00,0:00:00,-,-,0,-,,,,,,,,,05
2025-06-12 15:37:04,,,867488060285201,15055,HBD
2025-06-12 15:37:29,2025-06-12 15:37:28,2025-06-12 15:37:28,867488060285201,15056,GTHBM,0x09fe7fbf,,802003,0x0a04,0x0a14,100,12180,0000,0000,01,00,22,12,-,01,92.2,258,503,-22.910481,-49.777593,0724,0005,00d6,000027c8,21.6,987.3,0:00:00,0:00:00,-,-,0,-,,,,,,,,,05
2025-06-12 15:37:32,2025-06-12 15:37:32,2025-06-12 15:37:30,867488060285201,15057,GTERI,0x09fe3fbf,0x00028102,802003,0x0a04,0x0a14,100,12046,0000,-,01,00,22,12,-,01,92.9,259,503,-22.910567,-49.778087,0724,0005,00d6,000027c8,21.7,987.4,0:00:00,0:00:00,-,-,0,-,,,,,01,1800,00000000,00,10
2025-06-12 15:38:47,,,867488060285201,15062,HBD
2025-06-12 15:38:47,2025-06-12 15:38:11,2025-06-12 15:38:10,867488060285201,15059,GTPDP,0x09fe7fbf,,802003,0x0a04,0x0a14,100,12059,0000,0000,01,00,22,12,-,01,98.4,255,477,-22.912586,-49.788116,0000,0000,0000,00000000,22.7,988.4,0:00:00,0:00:00,-,-,0,-
2025-06-12 15:38:47,2025-06-12 15:38:01,2025-06-12 15:38:00,867488060285201,15058,GTHBM,0x09fe7fbf,,802003,0x0a04,0x0a14,100,12241,0000,0000,01,00,22,12,-,01,97.9,257,480,-22.912035,-49.785515,0724,0005,00d6,00000107,22.5,988.2,0:00:00,0:00:00,-,-,0,-,,,,,,,,,05
2025-06-12 15:38:48,2025-06-12 15:38:32,2025-06-12 15:38:30,867488060285201,15060,GTERI,0x09fe3fbf,0x00028102,802003,0x0a04,0x0a14,100,12136,0000,-,01,00,22,12,-,01,96.1,248,480,-22.914128,-49.793123,0000,0000,0000,00000000,23.3,989.0,0:00:00,0:00:00,-,-,0,-,,,,,00,0,00000000,00,10
2025-06-12 15:38:48,2025-06-12 15:38:33,2025-06-12 15:38:33,867488060285201,15061,GTHBM,0x09fe7fbf,,802003,0x0a04,0x0a14,100,12136,0000,0000,01,00,22,12,-,01,95.2,247,481,-22.914404,-49.79384,0000,0000,0000,00000000,23.4,989.1,0:00:00,0:00:00,-,-,0,-,,,,,,,,,05
2025-06-12 15:39:05,2025-06-12 15:39:06,2025-06-12 15:39:05,867488060285201,15064,GTHBM,0x09fe7fbf,,802003,0x0a04,0x0a14,100,12318,0000,0000,01,00,22,12,-,01,109.1,246,468,-22.917637,-49.801723,0724,0005,9d16,0223060a,24.2,990.0,0:00:00,0:00:00,-,-,0,-,,,,,,,,,05
2025-06-12 15:39:33,2025-06-12 15:39:33,2025-06-12 15:39:31,867488060285201,15065,GTERI,0x09fe3fbf,0x00028102,802003,0x0a04,0x0a14,100,12238,0000,-,01,00,22,12,-,01,104.6,246,479,-22.920406,-49.808485,0724,0005,9d16,0223060a,25.0,990.7,0:00:00,0:00:00,-,-,0,-,,,,,04,28,00000000,00,10
2025-06-12 15:39:37,2025-06-12 15:39:37,2025-06-12 15:39:37,867488060285201,15066,GTHBM,0x09fe7fbf,,802003,0x0a04,0x0a14,100,12431,0000,0000,01,00,22,12,-,01,106.0,246,474,-22.921044,-49.810056,0724,0005,9d16,0223060a,25.2,990.9,0:00:00,0:00:00,-,-,0,-,,,,,,,,,05
2025-06-12 15:39:50,2025-06-12 15:39:50,2025-06-12 15:39:50,867488060285201,15067,GTSPD,0x09fe7fbf,,802003,0x0a04,0x0a14,100,12059,0000,0000,01,00,22,12,-,01,110.9,246,468,-22.922461,-49.81354,0724,0005,9d16,0223060a,25.6,991.3,0:00:00,0:00:00,-,-,0,-,,,,,,,,,00
2025-06-12 15:40:09,2025-06-12 15:40:09,2025-06-12 15:40:09,867488060285201,15068,GTHBM,0x09fe7fbf,,802003,0x0a04,0x0a14,100,12257,0000,0000,01,00,22,12,-,01,106.4,246,476,-22.924556,-49.818646,0724,0005,9d16,0223060b,26.1,991.9,0:00:00,0:00:00,-,-,0,-,,,,,,,,,05
2025-06-12 15:40:18,2025-06-12 15:40:18,2025-06-12 15:40:18,867488060285201,15069,GTSPD,0x09fe7fbf,,802003,0x0a04,0x0a14,100,12257,0000,0000,01,00,22,12,-,01,112.6,248,466,-22.925534,-49.82109,0724,0005,9d16,0223060b,26.4,992.1,0:00:00,0:00:00,-,-,0,-,,,,,,,,,00
2025-06-12 15:40:33,2025-06-12 15:40:33,2025-06-12 15:40:31,867488060285201,15070,GTERI,0x09fe3fbf,0x00028102,802003,0x0a04,0x0a14,100,12306,0000,-,01,00,22,12,-,01,112.9,255,454,-22.926664,-49.824896,0724,0005,9d16,0223060b,26.9,992.6,0:00:00,0:00:00,-,-,0,-,,,,,04,28,00000000,00,10
2025-06-12 15:40:41,2025-06-12 15:40:41,2025-06-12 15:40:41,867488060285201,15071,GTHBM,0x09fe7fbf,,802003,0x0a04,0x0a14,100,13864,0000,0000,01,00,22,12,-,01,93.3,260,462,-22.927176,-49.827689,0724,0005,9d16,0223060b,27.1,992.8,0:00:00,0:00:00,-,-,0,-,,,,,,,,,00
2025-06-12 15:40:45,2025-06-12 15:40:45,2025-06-12 15:40:45,867488060285201,15072,GTHBM,0x09fe7fbf,,802003,0x0a04,0x0a14,100,12187,0000,0000,01,00,22,12,-,01,95.5,260,464,-22.927336,-49.828695,0724,0005,9d16,0223060b,27.2,992.9,0:00:00,0:00:00,-,-,0,-,,,,,,,,,05
2025-06-12 15:40:47,,,867488060285201,15073,HBD
2025-06-12 15:41:17,2025-06-12 15:41:17,2025-06-12 15:41:17,867488060285201,15075,GTHBM,0x09fe7fbf,,802003,0x0a04,0x0a14,100,12399,0000,0000,01,00,22,12,-,01,100.4,260,461,-22.928692,-49.837421,0724,0005,9d16,0223060b,28.1,993.8,0:00:00,0:00:00,-,-,0,-,,,,,,,,,05
2025-06-12 15:41:33,2025-06-12 15:41:33,2025-06-12 15:41:31,867488060285201,15076,GTERI,0x09fe3fbf,0x00028102,802003,0x0a04,0x0a14,100,12403,0000,-,01,00,22,12,-,01,99.5,260,458,-22.929279,-49.841144,0724,0005,9d16,02242c07,28.5,994.3,0:00:00,0:00:00,-,-,0,-,,,,,04,7,00000000,00,10
2025-06-12 15:42:09,2025-06-12 15:41:49,2025-06-12 15:41:49,867488060285201,15077,GTHBM,0x09fe7fbf,,802003,0x0a04,0x0a14,100,12278,0000,0000,01,00,22,12,-,01,100.2,260,450,-22.930036,-49.845957,0724,0005,9d16,0223cc09,29.0,994.7,0:00:00,0:00:00,-,-,0,-,,,,,,,,,05
2025-06-12 15:42:21,2025-06-12 15:42:21,2025-06-12 15:42:21,867488060285201,15078,GTHBM,0x09fe7fbf,,802003,0x0a04,0x0a14,100,11992,0000,0000,01,00,22,12,-,01,78.0,261,447,-22.931152,-49.853091,0724,0005,9d16,0223cc09,29.8,995.5,0:00:00,0:00:00,-,-,0,-,,,,,,,,,05
2025-06-12 15:42:33,2025-06-12 15:42:33,2025-06-12 15:42:31,867488060285201,15079,GTERI,0x09fe3fbf,0x00028102,802003,0x0a04,0x0a14,100,12283,0000,-,01,00,22,12,-,01,89.9,264,444,-22.931407,-49.855391,0724,0005,9d16,02242a05,30.0,995.7,0:00:00,0:00:00,-,-,0,-,,,,,04,7,00000000,00,10
2025-06-12 15:42:47,,,867488060285201,15080,HBD
2025-06-12 15:43:34,2025-06-12 15:42:54,2025-06-12 15:42:54,867488060285201,15082,GTHBM,0x09fe7fbf,,802003,0x0a04,0x0a14,100,12216,0000,0000,01,00,22,12,-,01,96.1,274,450,-22.931424,-49.861268,0724,0005,9d16,0223b60e,30.6,996.3,0:00:00,0:00:00,-,-,0,-,,,,,,,,,05
2025-06-12 15:43:34,2025-06-12 15:42:54,2025-06-12 15:42:54,867488060285201,15082,GTHBM,0x09fe7fbf,,802003,0x0a04,0x0a14,100,12216,0000,0000,01,00,22,12,-,01,96.1,274,450,-22.931424,-49.861268,0724,0005,9d16,0223b60e,30.6,996.3,0:00:00,0:00:00,-,-,0,-,,,,,,,,,05
2025-06-12 15:43:34,2025-06-12 15:43:22,2025-06-12 15:43:22,867488060285201,15083,GTSPD,0x09fe7fbf,,802003,0x0a04,0x0a14,100,12230,0000,0000,01,00,22,12,-,01,111.2,274,435,-22.930877,-49.869092,0724,0005,9d16,0223b60e,31.4,997.1,0:00:00,0:00:00,-,-,0,-,,,,,,,,,00
2025-06-12 15:43:35,2025-06-12 15:43:26,2025-06-12 15:43:26,867488060285201,15084,GTHBM,0x09fe7fbf,,802003,0x0a04,0x0a14,100,11993,0000,0000,01,00,22,12,-,01,111.3,274,429,-22.930793,-49.870297,0724,0005,9d16,0223b60e,31.5,997.2,0:00:00,0:00:00,-,-,0,-,,,,,,,,,05
2025-06-12 15:43:35,2025-06-12 15:43:33,2025-06-12 15:43:31,867488060285201,15085,GTERI,0x09fe3fbf,0x00028102,802003,0x0a04,0x0a14,100,12607,0000,-,01,00,22,12,-,01,111.0,274,422,-22.930687,-49.871791,0724,0005,9d16,0223b60e,31.7,997.4,0:00:00,0:00:00,-,-,0,-,,,,,04,3,00000000,00,10
2025-06-12 15:43:59,2025-06-12 15:43:58,2025-06-12 15:43:58,867488060285201,15086,GTHBM,0x09fe7fbf,,802003,0x0a04,0x0a14,100,12278,0000,0000,01,00,22,12,-,01,102.6,274,401,-22.930129,-49.879621,0724,0005,9d16,02242b05,32.5,998.2,0:00:00,0:00:00,-,-,0,-,,,,,,,,,05
2025-06-12 15:44:31,2025-06-12 15:44:31,2025-06-12 15:44:31,867488060285201,15087,GTHBM,0x09fe7fbf,,802003,0x0a04,0x0a14,100,12024,0000,0000,01,00,22,12,-,01,76.3,277,436,-22.929559,-49.887171,0724,0005,9d16,02242a05,33.3,999.0,0:00:00,0:00:00,-,-,0,-,,,,,,,,,05
2025-06-12 15:44:33,2025-06-12 15:44:33,2025-06-12 15:44:31,867488060285201,15088,GTERI,0x09fe3fbf,0x00028102,802003,0x0a04,0x0a14,100,12178,0000,-,01,00,22,12,-,01,76.3,277,436,-22.929559,-49.887171,0724,0005,9d16,02242a05,33.3,999.0,0:00:00,0:00:00,-,-,0,-,,,,,04,7,00000000,00,10
2025-06-12 15:44:47,,,867488060285201,15089,HBD
2025-06-12 15:45:06,2025-06-12 15:45:06,2025-06-12 15:45:06,867488060285201,15091,GTHBM,0x09fe7fbf,,802003,0x0a04,0x0a14,100,12147,0000,0000,01,00,22,12,-,01,97.7,308,450,-22.926905,-49.895058,0724,0005,9d16,02242a01,34.2,999.9,0:00:00,0:00:00,-,-,0,-,,,,,,,,,05
2025-06-12 15:45:33,2025-06-12 15:45:33,2025-06-12 15:45:31,867488060285201,15092,GTERI,0x09fe3fbf,0x00028102,802003,0x0a04,0x0a14,100,12210,0000,-,01,00,22,12,-,01,80.7,306,460,-22.923767,-49.899657,0724,0005,9d16,02240f1e,34.8,1000.5,0:00:00,0:00:00,-,-,0,-,,,,,04,1,00000000,00,10
2025-06-12 15:45:38,2025-06-12 15:45:38,2025-06-12 15:45:38,867488060285201,15093,GTHBM,0x09fe7fbf,,802003,0x0a04,0x0a14,100,12765,0000,0000,01,00,22,12,-,01,67.5,307,462,-22.922986,-49.900774,0724,0005,9d16,02240f1e,34.9,1000.6,0:00:00,0:00:00,-,-,0,-,,,,,,,,,05
2025-06-12 15:45:42,2025-06-12 15:45:42,2025-06-12 15:45:42,867488060285201,15094,GTHBM,0x09fe7fbf,,802003,0x0a04,0x0a14,100,12414,0000,0000,01,00,22,12,-,01,53.6,315,462,-22.922604,-49.901295,0724,0005,9d16,02240f1e,35.0,1000.7,0:00:00,0:00:00,-,-,0,-,,,,,,,,,00
2025-06-12 15:45:45,2025-06-12 15:45:45,2025-06-12 15:45:45,867488060285201,15095,GTERI,0x09fe3fbf,0x00028102,802003,0x0a04,0x0a14,100,12251,0000,-,01,00,22,12,-,01,46.0,0,461,-22.922276,-49.901429,0724,0005,9d16,02240f1e,35.0,1000.7,0:00:00,0:00:00,-,-,0,-,,,,,04,1,00000000,00,11
2025-06-12 15:45:46,2025-06-12 15:45:46,2025-06-12 15:45:46,867488060285201,15096,GTHBM,0x09fe7fbf,,802003,0x0a04,0x0a14,100,12251,0000,0000,01,00,22,12,-,01,46.0,14,461,-22.922163,-49.901406,0724,0005,9d16,02240f1e,35.0,1000.7,0:00:00,0:00:00,-,-,0,-,,,,,,,,,02
2025-06-12 15:45:49,2025-06-12 15:45:49,2025-06-12 15:45:49,867488060285201,15097,GTERI,0x09fe3fbf,0x00028102,802003,0x0a04,0x0a14,100,12134,0000,-,01,00,22,12,-,01,47.9,56,459,-22.921892,-49.90118,0724,0005,9d16,02240f1e,35.0,1000.7,0:00:00,0:00:00,-,-,0,-,,,,,04,1,00000000,00,11
2025-06-12 15:45:52,2025-06-12 15:45:52,2025-06-12 15:45:52,867488060285201,15098,GTERI,0x09fe3fbf,0x00028102,802003,0x0a04,0x0a14,100,12031,0000,-,01,00,22,12,-,01,51.7,103,457,-22.921846,-49.900789,0724,0005,9d16,02240f09,35.1,1000.8,0:00:00,0:00:00,-,-,0,-,,,,,04,28,00000000,00,11
2025-06-12 15:45:55,2025-06-12 15:45:55,2025-06-12 15:45:55,867488060285201,15099,GTERI,0x09fe3fbf,0x00028102,802003,0x0a04,0x0a14,100,11887,0000,-,01,00,22,12,-,01,52.6,148,454,-22.92209,-49.900466,0724,0005,9d16,02240f09,35.1,1000.8,0:00:00,0:00:00,-,-,0,-,,,,,04,28,00000000,00,11
2025-06-12 15:46:01,2025-06-12 15:45:58,2025-06-12 15:45:58,867488060285201,15100,GTERI,0x09fe3fbf,0x00028102,802003,0x0a04,0x0a14,100,12007,0000,-,01,00,22,12,-,01,49.9,197,455,-22.922463,-49.900438,0724,0005,9d16,02240f09,35.2,1000.9,0:00:00,0:00:00,-,-,0,-,,,,,04,28,00000000,00,11
2025-06-12 15:46:02,2025-06-12 15:46:02,2025-06-12 15:46:02,867488060285201,15101,GTHBM,0x09fe7fbf,,802003,0x0a04,0x0a14,100,12182,0000,0000,01,00,22,12,-,01,56.5,232,455,-22.922832,-49.900823,0724,0005,9d16,02240f1e,35.2,1000.9,0:00:00,0:00:00,-,-,0,-,,,,,,,,,05
2025-06-12 15:46:33,2025-06-12 15:46:33,2025-06-12 15:46:31,867488060285201,15102,GTERI,0x09fe3fbf,0x00028102,802003,0x0a04,0x0a14,100,12215,0000,-,01,00,22,12,-,01,52.3,236,450,-22.925474,-49.905039,0724,0005,9d16,02240f1d,35.8,1001.5,0:00:00,0:00:00,-,-,0,-,,,,,04,1,00000000,00,10
2025-06-12 15:46:33,2025-06-12 15:46:33,2025-06-12 15:46:33,867488060285201,15103,GTHBM,0x09fe7fbf,,802003,0x0a04,0x0a14,100,12215,0000,0000,01,00,22,12,-,01,53.7,236,450,-22.925622,-49.905279,0724,0005,9d16,02240f1d,35.8,1001.5,0:00:00,0:00:00,-,-,0,-,,,,,,,,,05
2025-06-12 15:46:47,,,867488060285201,15104,HBD
2025-06-12 15:47:06,2025-06-12 15:47:06,2025-06-12 15:47:06,867488060285201,15106,GTHBM,0x09fe7fbf,,802003,0x0a04,0x0a14,100,12502,0000,0000,01,00,22,12,-,01,82.6,220,443,-22.929004,-49.910006,0724,0005,9d16,02240f1d,36.4,1002.1,0:00:00,0:00:00,-,-,0,-,,,,,,,,,05
2025-06-12 15:47:28,2025-06-12 15:47:28,2025-06-12 15:47:28,867488060285201,15107,GTERI,0x09fe3fbf,0x00028102,802003,0x0a04,0x0a14,100,12325,0000,-,01,00,22,12,-,01,86.5,191,428,-22.933219,-49.912186,0724,0005,9d16,02240f1f,36.9,1002.6,0:00:00,0:00:00,-,-,0,-,,,,,04,1,00000000,00,11
2025-06-12 15:47:33,2025-06-12 15:47:33,2025-06-12 15:47:31,867488060285201,15108,GTERI,0x09fe3fbf,0x00028102,802003,0x0a04,0x0a14,100,12997,0000,-,01,00,22,12,-,01,84.6,186,425,-22.933848,-49.912285,0724,0005,9d16,02240f1f,37.0,1002.7,0:00:00,0:00:00,-,-,0,-,,,,,04,1,00000000,00,10
2025-06-12 15:47:38,2025-06-12 15:47:38,2025-06-12 15:47:38,867488060285201,15109,GTHBM,0x09fe7fbf,,802003,0x0a04,0x0a14,100,14064,0000,0000,01,00,22,12,-,01,83.1,176,418,-22.935325,-49.91229,0724,0005,9d16,02240f1f,37.2,1002.9,0:00:00,0:00:00,-,-,0,-,,,,,,,,,05
2025-06-12 15:48:10,2025-06-12 15:48:10,2025-06-12 15:48:10,867488060285201,15110,GTHBM,0x09fe7fbf,,802003,0x0a04,0x0a14,100,12448,0000,0000,01,00,22,12,-,01,82.1,175,395,-22.942127,-49.911788,0724,0005,9d16,02240f1f,37.9,1003.6,0:00:00,0:00:00,-,-,0,-,,,,,,,,,05
2025-06-12 15:48:33,2025-06-12 15:48:33,2025-06-12 15:48:31,867488060285201,15111,GTERI,0x09fe3fbf,0x00028102,802003,0x0a04,0x0a14,100,12415,0000,-,01,00,22,12,-,01,93.8,170,404,-22.946803,-49.911368,0724,0005,9d16,02240f1f,38.5,1004.2,0:00:00,0:00:00,-,-,0,-,,,,,04,1,00000000,00,10
2025-06-12 15:48:41,2025-06-12 15:48:41,2025-06-12 15:48:41,867488060285201,15112,GTHBM,0x09fe7fbf,,802003,0x0a04,0x0a14,100,12323,0000,0000,01,00,22,12,-,01,99.0,162,410,-22.949152,-49.910787,0724,0005,9d16,02240f1f,38.7,1004.4,0:00:00,0:00:00,-,-,0,-,,,,,,,,,05
2025-06-12 15:48:47,,,867488060285201,15113,HBD
2025-06-12 15:49:13,2025-06-12 15:49:13,2025-06-12 15:49:13,867488060285201,15115,GTHBM,0x09fe7fbf,,802003,0x0a04,0x0a14,100,12108,0000,0000,01,00,22,12,-,01,98.1,139,421,-22.956342,-49.907055,0724,0005,9d16,02242b05,39.6,1005.3,0:00:00,0:00:00,-,-,0,-,,,,,,,,,05
2025-06-12 15:49:33,2025-06-12 15:49:33,2025-06-12 15:49:31,867488060285201,15116,GTERI,0x09fe3fbf,0x00028102,802003,0x0a04,0x0a14,100,12137,0000,-,01,00,22,12,-,01,100.4,136,418,-22.9596,-49.903713,0724,0005,9d16,02242b05,40.1,1005.8,0:00:00,0:00:00,-,-,0,-,,,,,04,7,00000000,00,10
2025-06-12 15:49:45,2025-06-12 15:49:45,2025-06-12 15:49:45,867488060285201,15117,GTHBM,0x09fe7fbf,,802003,0x0a04,0x0a14,100,12057,0000,0000,01,00,22,12,-,01,89.3,141,438,-22.962038,-49.901257,0724,0005,9d16,02242b05,40.5,1006.2,0:00:00,0:00:00,-,-,0,-,,,,,,,,,05
2025-06-12 15:50:09,2025-06-12 15:50:09,2025-06-12 15:50:09,867488060285201,15118,GTERI,0x09fe3fbf,0x00028102,802003,0x0a04,0x0a14,100,12262,0000,-,01,00,22,12,-,01,87.6,182,462,-22.966818,-49.899604,0724,0005,9d16,02242b05,41.0,1006.7,0:00:00,0:00:00,-,-,0,-,,,,,04,7,00000000,00,11
2025-06-12 15:50:17,2025-06-12 15:50:17,2025-06-12 15:50:17,867488060285201,15119,GTHBM,0x09fe7fbf,,802003,0x0a04,0x0a14,100,12198,0000,0000,01,00,22,12,-,01,89.5,189,467,-22.968582,-49.899873,0724,0005,9d16,02242b05,41.2,1006.9,0:00:00,0:00:00,-,-,0,-,,,,,,,,,05
2025-06-12 15:50:33,2025-06-12 15:50:33,2025-06-12 15:50:31,867488060285201,15120,GTERI,0x09fe3fbf,0x00028102,802003,0x0a04,0x0a14,100,12206,0000,-,01,00,22,12,-,01,94.0,202,462,-22.971642,-49.9009,0724,0005,9d16,02242b0a,41.6,1007.3,0:00:00,0:00:00,-,-,0,-,,,,,04,28,00000000,00,10
2025-06-12 15:50:47,,,867488060285201,15121,HBD
2025-06-12 15:50:49,2025-06-12 15:50:49,2025-06-12 15:50:49,867488060285201,15123,GTHBM,0x09fe7fbf,,802003,0x0a04,0x0a14,100,13788,0000,0000,01,00,22,12,-,01,80.5,202,446,-22.975372,-49.90255,0724,0005,9d16,02242b0a,42.0,1007.7,0:00:00,0:00:00,-,-,0,-,,,,,,,,,05
2025-06-12 15:51:01,2025-06-12 15:51:01,2025-06-12 15:51:01,867488060285201,15124,GTHBM,0x09fe7fbf,,802003,0x0a04,0x0a14,100,12041,0000,0000,01,00,22,12,-,01,51.4,195,439,-22.977335,-49.903294,0724,0005,9d16,02242b0a,42.3,1008.0,0:00:00,0:00:00,-,-,0,-,,,,,,,,,00
2025-06-12 15:51:13,2025-06-12 15:51:13,2025-06-12 15:51:13,867488060285201,15125,GTHBM,0x09fe7fbf,,802003,0x0a04,0x0a14,100,12007,0000,0000,01,00,22,12,-,01,15.2,187,438,-22.978141,-49.90349,0724,0005,9d16,02242b02,42.4,1008.1,0:00:00,0:00:00,-,-,0,-,,,,,,,,,05
2025-06-12 15:51:29,2025-06-12 15:51:29,2025-06-12 15:51:29,867488060285201,15126,GTHBM,0x09fe7fbf,,802003,0x0a04,0x0a14,100,12291,0000,0000,01,00,22,12,-,01,36.7,184,436,-22.979024,-49.903587,0724,0005,9d16,02242b02,42.5,1008.2,0:00:00,0:00:00,-,-,0,-,,,,,,,,,01
2025-06-12 15:51:32,2025-06-12 15:51:33,2025-06-12 15:51:31,867488060285201,15127,GTERI,0x09fe3fbf,0x00028102,802003,0x0a04,0x0a14,100,12060,0000,-,01,00,22,12,-,01,45.4,182,436,-22.979233,-49.903601,0724,0005,9d16,02242b02,42.5,1008.2,0:00:00,0:00:00,-,-,0,-,,,,,04,7,00000000,00,10
2025-06-12 15:51:37,2025-06-12 15:51:37,2025-06-12 15:51:37,867488060285201,15128,GTHBM,0x09fe7fbf,,802003,0x0a04,0x0a14,100,12073,0000,0000,01,00,22,12,-,01,62.2,181,434,-22.980052,-49.903627,0724,0005,9d16,02242b02,42.6,1008.3,0:00:00,0:00:00,-,-,0,-,,,,,,,,,05
2025-06-12 15:52:11,2025-06-12 15:52:11,2025-06-12 15:52:11,867488060285201,15129,GTHBM,0x09fe7fbf,,802003,0x0a04,0x0a14,100,12157,0000,0000,01,00,22,12,-,01,90.7,181,421,-22.986997,-49.903785,0724,0005,9d16,02242b02,43.4,1009.1,0:00:00,0:00:00,-,-,0,-,,,,,,,,,05
2025-06-12 15:52:33,2025-06-12 15:52:33,2025-06-12 15:52:31,867488060285201,15130,GTERI,0x09fe3fbf,0x00028102,802003,0x0a04,0x0a14,100,12070,0000,-,01,00,22,12,-,01,97.9,190,411,-22.991737,-49.904415,0724,0005,9d16,02242803,43.9,1009.6,0:00:00,0:00:00,-,-,0,-,,,,,04,7,00000000,00,10
2025-06-12 15:52:55,2025-06-12 15:52:44,2025-06-12 15:52:44,867488060285201,15131,GTHBM,0x09fe7fbf,,802003,0x0a04,0x0a14,100,12077,0000,0000,01,00,22,12,-,01,101.5,190,400,-22.994931,-49.905031,0724,0005,9d16,02233b0b,44.2,1010.0,0:00:00,0:00:00,-,-,0,-,,,,,,,,,05
2025-06-12 15:52:55,,,867488060285201,15132,HBD
2025-06-12 15:53:16,2025-06-12 15:53:16,2025-06-12 15:53:16,867488060285201,15134,GTHBM,0x09fe7fbf,,802003,0x0a04,0x0a14,100,12107,0000,0000,01,00,22,12,-,01,46.7,211,399,-23.001299,-49.906657,0724,0005,9d16,02242807,45.0,1010.7,0:00:00,0:00:00,-,-,0,-,,,,,,,,,00
2025-06-12 15:53:24,2025-06-12 15:53:24,2025-06-12 15:53:24,867488060285201,15135,GTHBM,0x09fe7fbf,,802003,0x0a04,0x0a14,100,12065,0000,0000,01,00,22,12,-,01,34.8,218,400,-23.001758,-49.907,0724,0005,9d16,02233b0b,45.0,1010.7,0:00:00,0:00:00,-,-,0,-,,,,,,,,,01
2025-06-12 15:53:32,2025-06-12 15:53:32,2025-06-12 15:53:32,867488060285201,15136,GTHBM,0x09fe7fbf,,802003,0x0a04,0x0a14,100,12089,0000,0000,01,00,22,12,-,01,54.3,227,401,-23.002452,-49.907697,0724,0005,9d16,02242807,45.1,1010.9,0:00:00,0:00:00,-,-,0,-,,,,,,,,,05
2025-06-12 15:53:33,2025-06-12 15:53:33,2025-06-12 15:53:31,867488060285201,15137,GTERI,0x09fe3fbf,0x00028102,802003,0x0a04,0x0a14,100,12089,0000,-,01,00,22,12,-,01,53.4,226,401,-23.00236,-49.90759,0724,0005,9d16,02242807,45.1,1010.9,0:00:00,0:00:00,-,-,0,-,,,,,04,7,00000000,00,10
2025-06-12 15:53:54,2025-06-12 15:53:54,2025-06-12 15:53:54,867488060285201,15138,GTHBM,0x09fe7fbf,,802003,0x0a04,0x0a14,100,12233,0000,0000,01,00,22,12,-,01,10.4,240,405,-23.003798,-49.909621,0724,0005,9d16,02242803,45.4,1011.1,0:00:00,0:00:00,-,-,0,-,,,,,,,,,00
2025-06-12 15:53:58,2025-06-12 15:53:58,2025-06-12 15:53:58,867488060285201,15139,GTHBM,0x09fe7fbf,,802003,0x0a04,0x0a14,100,12295,0000,0000,01,00,22,12,-,01,0.1,226,404,-23.003812,-49.909648,0724,0005,9d16,02242803,45.4,1011.1,0:00:00,0:00:00,-,-,0,-,,,,,,,,,05
2025-06-12 15:54:33,2025-06-12 15:54:33,2025-06-12 15:54:31,867488060285201,15140,GTERI,0x09fe3fbf,0x00028102,802003,0x0a04,0x0a14,100,12443,0000,-,01,00,22,12,-,01,0.0,226,404,-23.003808,-49.909644,0724,0005,9d16,02233b1f,45.4,1011.1,0:00:00,0:00:00,-,-,0,-,,,,,04,1,00000000,00,10
2025-06-12 15:54:34,2025-06-12 15:54:34,2025-06-12 15:54:34,867488060285201,15141,GTSTT,0x09fe7fbf,,802003,0x0a04,0x0a14,100,12443,0000,0000,01,00,21,12,-,01,0.0,226,404,-23.003808,-49.909644,0724,0005,9d16,02233b1f,45.4,1011.1,0:00:00,0:00:00,-,-,0,-
2025-06-12 15:54:42,2025-06-12 15:54:42,2025-06-12 15:54:41,867488060285201,15142,GTSTT,0x09fe7fbf,,802003,0x0a04,0x0a14,100,11954,0000,0000,01,00,22,12,-,01,0.0,226,404,-23.003808,-49.909644,0724,0005,9d16,02233b1f,45.4,1011.1,0:00:00,0:00:00,-,-,0,-
2025-06-12 15:54:55,,,867488060285201,15144,HBD
2025-06-12 15:55:19,2025-06-12 15:55:19,2025-06-12 15:55:19,867488060285201,15145,GTSTT,0x09fe7fbf,,802003,0x0a04,0x0a14,100,12236,0000,0000,01,00,21,12,-,01,0.0,226,404,-23.003824,-49.909673,0724,0005,9d16,02233b1f,45.4,1011.1,0:00:00,0:00:00,-,-,0,-
2025-06-12 15:55:24,2025-06-12 15:55:24,2025-06-12 15:55:24,867488060285201,15146,GTSTT,0x09fe7fbf,,802003,0x0a04,0x0a14,100,12335,0000,0000,01,00,22,12,-,01,0.0,226,404,-23.003824,-49.909673,0724,0005,9d16,02233b1f,45.4,1011.1,0:00:00,0:00:00,-,-,0,-
2025-06-12 15:55:33,2025-06-12 15:55:33,2025-06-12 15:55:31,867488060285201,15147,GTERI,0x09fe3fbf,0x00028102,802003,0x0a04,0x0a14,100,12191,0000,-,01,00,22,12,-,01,1.0,226,403,-23.00383,-49.909672,0724,0005,9d16,02233b1f,45.4,1011.1,0:00:00,0:00:00,-,-,0,-,,,,,04,1,00000000,00,10
2025-06-12 15:55:49,2025-06-12 15:55:49,2025-06-12 15:55:49,867488060285201,15148,GTHBM,0x09fe7fbf,,802003,0x0a04,0x0a14,100,12369,0000,0000,01,00,22,12,-,01,34.1,239,412,-23.00403,-49.909973,0724,0005,9d16,02233b1f,45.4,1011.1,0:00:00,0:00:00,-,-,0,-,,,,,,,,,01
2025-06-12 15:55:53,2025-06-12 15:55:53,2025-06-12 15:55:53,867488060285201,15149,GTHBM,0x09fe7fbf,,802003,0x0a04,0x0a14,100,12190,0000,0000,01,00,22,12,-,01,43.1,244,416,-23.004209,-49.910356,0724,0005,9d16,02233b1f,45.5,1011.2,0:00:00,0:00:00,-,-,0,-,,,,,,,,,05
2025-06-12 15:56:10,2025-06-12 15:56:10,2025-06-12 15:56:10,867488060285201,15150,GTERI,0x09fe3fbf,0x00028102,802003,0x0a04,0x0a14,100,11505,0000,-,01,00,22,12,-,01,71.3,272,425,-23.004633,-49.913041,0724,0005,9d16,02242807,45.7,1011.4,0:00:00,0:00:00,-,-,0,-,,,,,04,7,00000000,00,11
2025-06-12 15:56:25,2025-06-12 15:56:25,2025-06-12 15:56:25,867488060285201,15151,GTHBM,0x09fe7fbf,,802003,0x0a04,0x0a14,100,12314,0000,0000,01,00,22,12,-,01,87.9,284,431,-23.003998,-49.916268,0724,0005,9d16,02233b1f,46.1,1011.8,0:00:00,0:00:00,-,-,0,-,,,,,,,,,05
2025-06-12 15:56:33,2025-06-12 15:56:33,2025-06-12 15:56:31,867488060285201,15152,GTERI,0x09fe3fbf,0x00028102,802003,0x0a04,0x0a14,100,12365,0000,-,01,00,22,12,-,01,93.6,283,435,-23.003663,-49.917703,0724,0005,9d16,02233b1f,46.3,1012.0,0:00:00,0:00:00,-,-,0,-,,,,,04,1,00000000,00,10
2025-06-12 15:56:51,2025-06-12 15:56:51,2025-06-12 15:56:51,867488060285201,15153,GTSPD,0x09fe7fbf,,802003,0x0a04,0x0a14,100,12168,0000,0000,01,00,22,12,-,01,111.5,284,451,-23.002406,-49.923138,0724,0005,9d16,02233b1f,46.8,1012.5,0:00:00,0:00:00,-,-,0,-,,,,,,,,,00
2025-06-12 15:56:55,,,867488060285201,15155,HBD
2025-06-12 15:56:56,2025-06-12 15:56:56,2025-06-12 15:56:56,867488060285201,15156,GTHBM,0x09fe7fbf,,802003,0x0a04,0x0a14,100,12262,0000,0000,01,00,22,12,-,01,115.2,284,455,-23.00206,-49.924631,0724,0005,9d16,02233b1f,47.0,1012.7,0:00:00,0:00:00,-,-,0,-,,,,,,,,,05
2025-06-12 15:57:28,2025-06-12 15:57:28,2025-06-12 15:57:28,867488060285201,15157,GTHBM,0x09fe7fbf,,802003,0x0a04,0x0a14,100,12134,0000,0000,01,00,22,12,-,01,116.9,269,492,-23.001131,-49.9347,0724,0005,9d16,02233b1f,48.0,1013.7,0:00:00,0:00:00,-,-,0,-,,,,,,,,,05
2025-06-12 15:57:32,2025-06-12 15:57:33,2025-06-12 15:57:31,867488060285201,15158,GTERI,0x09fe3fbf,0x00028102,802003,0x0a04,0x0a14,100,12088,0000,-,01,00,22,12,-,01,116.9,269,496,-23.001141,-49.935649,0724,0005,9d16,02233b1f,48.1,1013.8,0:00:00,0:00:00,-,-,0,-,,,,,04,1,00000000,00,10
2025-06-12 15:59:01,2025-06-12 15:58:00,2025-06-12 15:58:00,867488060285201,15159,GTHBM,0x09fe7fbf,,802003,0x0a04,0x0a14,100,12194,0000,0000,01,00,22,12,-,01,118.4,270,503,-23.001336,-49.94486,0724,0005,9d16,02242803,49.1,1014.8,0:00:00,0:00:00,-,-,0,-,,,,,,,,,05
2025-06-12 15:59:03,2025-06-12 15:58:00,2025-06-12 15:58:00,867488060285201,15159,GTHBM,0x09fe7fbf,,802003,0x0a04,0x0a14,100,12194,0000,0000,01,00,22,12,-,01,118.4,270,503,-23.001336,-49.94486,0724,0005,9d16,02242803,49.1,1014.8,0:00:00,0:00:00,-,-,0,-,,,,,,,,,05
2025-06-12 15:59:03,,,867488060285201,15164,HBD
2025-06-12 15:59:04,2025-06-12 15:58:00,2025-06-12 15:58:00,867488060285201,15159,GTHBM,0x09fe7fbf,,802003,0x0a04,0x0a14,100,12194,0000,0000,01,00,22,12,-,01,118.4,270,503,-23.001336,-49.94486,0724,0005,9d16,02242803,49.1,1014.8,0:00:00,0:00:00,-,-,0,-,,,,,,,,,05
2025-06-12 15:59:04,2025-06-12 15:58:00,2025-06-12 15:58:00,867488060285201,15159,GTHBM,0x09fe7fbf,,802003,0x0a04,0x0a14,100,12194,0000,0000,01,00,22,12,-,01,118.4,270,503,-23.001336,-49.94486,0724,0005,9d16,02242803,49.1,1014.8,0:00:00,0:00:00,-,-,0,-,,,,,,,,,05
2025-06-12 15:59:04,2025-06-12 15:58:20,2025-06-12 15:58:20,867488060285201,15160,GTHBM,0x09fe7fbf,,802003,0x0a04,0x0a14,100,13942,0000,0000,01,00,22,12,-,01,84.5,270,482,-23.001327,-49.950777,0724,0005,9d16,02242803,49.7,1015.4,0:00:00,0:00:00,-,-,0,-,,,,,,,,,00
2025-06-12 15:59:06,2025-06-12 15:58:24,2025-06-12 15:58:24,867488060285201,15161,GTHBM,0x09fe7fbf,,802003,0x0a04,0x0a14,100,13848,0000,0000,01,00,22,12,-,01,76.6,270,477,-23.001325,-49.951639,0724,0005,9d16,02242803,49.7,1015.5,0:00:00,0:00:00,-,-,0,-,,,,,,,,,05
2025-06-12 15:59:06,2025-06-12 15:58:33,2025-06-12 15:58:31,867488060285201,15162,GTERI,0x09fe3fbf,0x00028102,802003,0x0a04,0x0a14,100,12662,0000,-,01,00,22,12,-,01,85.8,268,471,-23.001339,-49.953131,0724,0005,9d16,02242803,49.9,1015.6,0:00:00,0:00:00,-,-,0,-,,,,,01,900,00000000,00,10
2025-06-12 15:59:06,2025-06-12 15:58:56,2025-06-12 15:58:56,867488060285201,15165,GTHBM,0x09fe7fbf,,802003,0x0a04,0x0a14,100,12149,0000,0000,01,00,22,12,-,01,102.4,270,474,-23.001316,-49.960224,0724,0005,00d6,00004ed4,50.6,1016.3,0:00:00,0:00:00,-,-,0,-,,,,,,,,,05
2025-06-12 16:00:20,,,867488060285201,15173,HBD
2025-06-12 16:00:21,2025-06-12 15:59:20,2025-06-12 15:59:19,867488060285201,15167,GTPDP,0x09fe7fbf,,802003,0x0a04,0x0a14,100,12183,0000,0000,01,00,22,12,-,01,117.2,270,445,-23.001273,-49.966811,0000,0000,0000,00000000,51.3,1017.0,0:00:00,0:00:00,-,-,0,-
2025-06-12 16:00:21,2025-06-12 15:59:12,2025-06-12 15:59:12,867488060285201,15166,GTSPD,0x09fe7fbf,,802003,0x0a04,0x0a14,100,12064,0000,0000,01,00,22,12,-,01,113.5,270,456,-23.001296,-49.964566,0724,0005,00d6,00004ed4,51.1,1016.8,0:00:00,0:00:00,-,-,0,-,,,,,,,,,00
2025-06-12 16:00:22,2025-06-12 15:59:28,2025-06-12 15:59:29,867488060285201,15168,GTHBM,0x09fe7fbf,,802003,0x0a04,0x0a14,100,12104,0000,0000,01,00,22,12,-,01,104.4,270,459,-23.001253,-49.969749,0000,0000,0000,00000000,51.6,1017.3,0:00:00,0:00:00,-,-,0,-,,,,,,,,,05
2025-06-12 16:00:22,2025-06-12 15:59:33,2025-06-12 15:59:32,867488060285201,15169,GTERI,0x09fe3fbf,0x00028102,802003,0x0a04,0x0a14,100,12095,0000,-,01,00,22,12,-,01,97.4,270,464,-23.001247,-49.970571,0000,0000,0000,00000000,51.7,1017.4,0:00:00,0:00:00,-,-,0,-,,,,,00,0,00000000,00,10
2025-06-12 16:00:23,2025-06-12 15:59:40,2025-06-12 15:59:41,867488060285201,15170,GTHBM,0x09fe7fbf,,802003,0x0a04,0x0a14,100,13958,0000,0000,01,00,22,12,-,01,78.0,270,468,-23.001225,-49.972742,0000,0000,0000,00000000,51.9,1017.6,0:00:00,0:00:00,-,-,0,-,,,,,,,,,00
2025-06-12 16:00:23,2025-06-12 15:59:44,2025-06-12 15:59:45,867488060285201,15171,GTHBM,0x09fe7fbf,,802003,0x0a04,0x0a14,100,13876,0000,0000,01,00,22,12,-,01,69.5,270,466,-23.001222,-49.973548,0000,0000,0000,00000000,52.0,1017.7,0:00:00,0:00:00,-,-,0,-,,,,,,,,,05
2025-06-12 16:00:24,2025-06-12 16:00:17,2025-06-12 16:00:17,867488060285201,15172,GTHBM,0x09fe7fbf,,802003,0x0a04,0x0a14,100,13975,0000,0000,01,00,22,12,-,01,75.6,270,443,-23.001172,-49.979333,0000,0000,0000,00000000,52.6,1018.3,0:00:00,0:00:00,-,-,0,-,,,,,,,,,05
2025-06-12 16:00:34,2025-06-12 16:00:33,2025-06-12 16:00:32,867488060285201,15175,GTERI,0x09fe3fbf,0x00028102,802003,0x0a04,0x0a14,100,12077,0000,-,01,00,22,12,-,01,78.4,271,442,-23.001141,-49.982542,0724,0005,fdaf,068fd304,52.9,1018.6,0:00:00,0:00:00,-,-,0,-,,,,,04,3,00000000,00,10
2025-06-12 16:00:49,2025-06-12 16:00:48,2025-06-12 16:00:49,867488060285201,15176,GTHBM,0x09fe7fbf,,802003,0x0a04,0x0a14,100,12231,0000,0000,01,00,22,12,-,01,54.8,270,455,-23.001114,-49.985567,0724,0005,fdaf,068fd304,53.2,1018.9,0:00:00,0:00:00,-,-,0,-,,,,,,,,,05
2025-06-12 16:01:21,2025-06-12 16:01:20,2025-06-12 16:01:21,867488060285201,15177,GTHBM,0x09fe7fbf,,802003,0x0a04,0x0a14,100,12388,0000,0000,01,00,22,12,-,01,84.2,241,475,-23.001794,-49.991042,0724,0005,fdaf,068fd304,53.8,1019.5,0:00:00,0:00:00,-,-,0,-,,,,,,,,,05
2025-06-12 16:01:34,2025-06-12 16:01:33,2025-06-12 16:01:32,867488060285201,15178,GTERI,0x09fe3fbf,0x00028102,802003,0x0a04,0x0a14,100,12453,0000,-,01,00,22,12,-,01,94.7,241,477,-23.002993,-49.993381,0724,0005,fdaf,068fd304,54.1,1019.8,0:00:00,0:00:00,-,-,0,-,,,,,04,3,00000000,00,10
2025-06-12 16:01:53,2025-06-12 16:01:52,2025-06-12 16:01:53,867488060285201,15179,GTSPD,0x09fe7fbf,,802003,0x0a04,0x0a14,100,12345,0000,0000,01,00,22,12,-,01,110.8,241,477,-23.005599,-49.998483,0724,0005,fdaf,068fd305,54.7,1020.4,0:00:00,0:00:00,-,-,0,-,,,,,,,,,00
2025-06-12 16:01:53,2025-06-12 16:01:52,2025-06-12 16:01:53,867488060285201,15180,GTHBM,0x09fe7fbf,,802003,0x0a04,0x0a14,100,12345,0000,0000,01,00,22,12,-,01,110.8,241,477,-23.005599,-49.998483,0724,0005,fdaf,068fd305,54.7,1020.4,0:00:00,0:00:00,-,-,0,-,,,,,,,,,05
2025-06-12 16:02:20,,,867488060285201,15181,HBD
2025-06-12 16:02:25,2025-06-12 16:02:24,2025-06-12 16:02:25,867488060285201,15183,GTHBM,0x09fe7fbf,,802003,0x0a04,0x0a14,100,12313,0000,0000,01,00,22,12,-,01,110.6,241,481,-23.009934,-50.007042,0724,0005,fdaf,068fd305,55.7,1021.4,0:00:00,0:00:00,-,-,0,-,,,,,,,,,05
2025-06-12 16:02:31,2025-06-12 16:02:30,2025-06-12 16:02:31,867488060285201,15184,GTSPD,0x09fe7fbf,,802003,0x0a04,0x0a14,100,12139,0000,0000,01,00,22,12,-,01,111.3,241,484,-23.010732,-50.008617,0724,0005,fdaf,068fd305,55.9,1021.6,0:00:00,0:00:00,-,-,0,-,,,,,,,,,00
2025-06-12 16:02:34,2025-06-12 16:02:33,2025-06-12 16:02:32,867488060285201,15185,GTERI,0x09fe3fbf,0x00028102,802003,0x0a04,0x0a14,100,12206,0000,-,01,00,22,12,-,01,111.9,241,484,-23.010866,-50.008883,0724,0005,fdaf,068fd305,55.9,1021.6,0:00:00,0:00:00,-,-,0,-,,,,,04,3,00000000,00,10
2025-06-12 16:02:55,2025-06-12 16:02:54,2025-06-12 16:02:55,867488060285201,15186,GTSPD,0x09fe7fbf,,802003,0x0a04,0x0a14,100,12243,0000,0000,01,00,22,12,-,01,111.1,241,494,-23.013944,-50.014979,0724,0005,fdaf,068fd305,56.6,1022.3,0:00:00,0:00:00,-,-,0,-,,,,,,,,,00
2025-06-12 16:02:57,2025-06-12 16:02:56,2025-06-12 16:02:57,867488060285201,15187,GTHBM,0x09fe7fbf,,802003,0x0a04,0x0a14,100,12243,0000,0000,01,00,22,12,-,01,111.5,241,491,-23.014211,-50.01551,0724,0005,fdaf,068fd305,56.7,1022.4,0:00:00,0:00:00,-,-,0,-,,,,,,,,,05
2025-06-12 16:04:03,2025-06-12 16:03:28,2025-06-12 16:03:28,867488060285201,15188,GTSTC,0x09fe7fbf,,802003,0x0a04,0x0a14,100,13948,0000,0000,01,00,22,12,-,01,109.2,241,436,-23.018286,-50.023602,0724,0005,bff7,068fd204,57.6,1023.3,0:00:00,0:00:00,-,-,0,-
2025-06-12 16:04:03,2025-06-12 16:03:28,2025-06-12 16:03:28,867488060285201,15188,GTSTC,0x09fe7fbf,,802003,0x0a04,0x0a14,100,13948,0000,0000,01,00,22,12,-,01,109.2,241,436,-23.018286,-50.023602,0724,0005,bff7,068fd204,57.6,1023.3,0:00:00,0:00:00,-,-,0,-
2025-06-12 16:04:03,2025-06-12 16:03:28,2025-06-12 16:03:29,867488060285201,15189,GTHBM,0x09fe7fbf,,802003,0x0a04,0x0a14,100,13948,0000,0000,01,00,22,12,-,01,108.5,241,435,-23.018416,-50.023861,0724,0005,bff7,068fd204,57.6,1023.3,0:00:00,0:00:00,-,-,0,-,,,,,,,,,05
2025-06-12 16:04:04,2025-06-12 16:03:33,2025-06-12 16:03:32,867488060285201,15190,GTERI,0x09fe3fbf,0x00028102,802003,0x0a04,0x0a14,100,13326,0000,-,01,00,22,12,-,01,106.4,241,432,-23.018804,-50.024624,0724,0005,bff7,068fd204,57.8,1023.5,0:00:00,0:00:00,-,-,0,-,,,,,04,3,00000000,00,10
2025-06-12 16:04:05,2025-06-12 16:04:00,2025-06-12 16:04:01,867488060285201,15191,GTHBM,0x09fe7fbf,,802003,0x0a04,0x0a14,100,12130,0000,0000,01,00,22,12,-,01,95.1,241,448,-23.022345,-50.031607,0724,0005,bff7,068fd204,58.5,1024.3,0:00:00,0:00:00,-,-,0,-,,,,,,,,,05
2025-06-12 16:04:21,,,867488060285201,15192,HBD
2025-06-12 16:04:34,2025-06-12 16:04:33,2025-06-12 16:04:31,867488060285201,15194,GTERI,0x09fe3fbf,0x00028102,802003,0x0a04,0x0a14,100,12246,0000,-,01,00,22,12,-,01,98.1,241,462,-23.025888,-50.038741,0724,0005,fdaf,068fd31e,59.4,1025.1,0:00:00,0:00:00,-,-,0,-,,,,,04,1,00000000,00,10
2025-06-12 16:04:35,2025-06-12 16:04:34,2025-06-12 16:04:35,867488060285201,15195,GTHBM,0x09fe7fbf,,802003,0x0a04,0x0a14,100,12434,0000,0000,01,00,22,12,-,01,95.3,241,468,-23.026347,-50.039658,0724,0005,fdaf,068fd31e,59.5,1025.2,0:00:00,0:00:00,-,-,0,-,,,,,,,,,05
2025-06-12 16:05:27,2025-06-12 16:05:06,2025-06-12 16:05:07,867488060285201,15196,GTHBM,0x09fe7fbf,,802003,0x0a04,0x0a14,100,12295,0000,0000,01,00,22,12,-,01,99.8,250,491,-23.029488,-50.047182,0724,0005,fdaf,068fd305,60.3,1026.0,0:00:00,0:00:00,-,-,0,-,,,,,,,,,05
2025-06-12 16:05:34,2025-06-12 16:05:33,2025-06-12 16:05:32,867488060285201,15197,GTERI,0x09fe3fbf,0x00028102,802003,0x0a04,0x0a14,100,13472,0000,-,01,00,22,12,-,01,102.7,250,467,-23.031587,-50.053637,0724,0005,bff7,068fd204,61.1,1026.8,0:00:00,0:00:00,-,-,0,-,,,,,04,3,00000000,00,10
2025-06-12 16:05:39,2025-06-12 16:05:38,2025-06-12 16:05:39,867488060285201,15198,GTHBM,0x09fe7fbf,,802003,0x0a04,0x0a14,100,13835,0000,0000,01,00,22,12,-,01,102.5,251,456,-23.032179,-50.055476,0724,0005,bff7,068fd204,61.2,1026.9,0:00:00,0:00:00,-,-,0,-,,,,,,,,,05
2025-06-12 16:06:11,2025-06-12 16:06:10,2025-06-12 16:06:11,867488060285201,15199,GTHBM,0x09fe7fbf,,802003,0x0a04,0x0a14,100,11589,0000,0000,01,00,22,12,-,01,87.6,251,466,-23.034692,-50.063393,0724,0005,bff7,068fd204,62.1,1027.8,0:00:00,0:00:00,-,-,0,-,,,,,,,,,05
2025-06-12 16:06:21,,,867488060285201,15200,HBD
2025-06-12 16:06:31,2025-06-12 16:06:30,2025-06-12 16:06:31,867488060285201,15202,GTHBM,0x09fe7fbf,,802003,0x0a04,0x0a14,100,12155,0000,0000,01,00,22,12,-,01,55.9,251,454,-23.035955,-50.067367,0724,0005,bff7,068fd204,62.5,1028.2,0:00:00,0:00:00,-,-,0,-,,,,,,,,,00
2025-06-12 16:06:34,2025-06-12 16:06:33,2025-06-12 16:06:32,867488060285201,15203,GTERI,0x09fe3fbf,0x00028102,802003,0x0a04,0x0a14,100,12155,0000,-,01,00,22,12,-,01,54.1,251,453,-23.035999,-50.067507,0724,0005,bff7,068fd204,62.6,1028.3,0:00:00,0:00:00,-,-,0,-,,,,,04,3,00000000,00,10
2025-06-12 16:06:35,2025-06-12 16:06:34,2025-06-12 16:06:35,867488060285201,15204,GTHBM,0x09fe7fbf,,802003,0x0a04,0x0a14,100,12155,0000,0000,01,00,22,12,-,01,51.3,250,451,-23.036127,-50.067907,0724,0005,bff7,068fd204,62.6,1028.3,0:00:00,0:00:00,-,-,0,-,,,,,,,,,05
2025-06-12 16:06:43,2025-06-12 16:06:42,2025-06-12 16:06:43,867488060285201,15205,GTHBM,0x09fe7fbf,,802003,0x0a04,0x0a14,100,12337,0000,0000,01,00,22,12,-,01,67.7,250,445,-23.036497,-50.069051,0724,0005,bff7,068fd204,62.7,1028.4,0:00:00,0:00:00,-,-,0,-,,,,,,,,,01
2025-06-12 16:06:51,2025-06-12 16:06:50,2025-06-12 16:06:51,867488060285201,15206,GTHBM,0x09fe7fbf,,802003,0x0a04,0x0a14,100,12251,0000,0000,01,00,22,12,-,01,85.5,250,435,-23.037021,-50.070685,0724,0005,bff7,068fd204,62.9,1028.6,0:00:00,0:00:00,-,-,0,-,,,,,,,,,05
2025-06-12 16:07:11,2025-06-12 16:07:10,2025-06-12 16:07:11,867488060285201,15207,GTHBM,0x09fe7fbf,,802003,0x0a04,0x0a14,100,12705,0000,0000,01,00,22,12,-,01,35.5,293,425,-23.037275,-50.074526,0724,0005,bff7,068fd204,63.3,1029.0,0:00:00,0:00:00,-,-,0,-,,,,,,,,,00
2025-06-12 16:07:23,2025-06-12 16:07:22,2025-06-12 16:07:23,867488060285201,15208,GTHBM,0x09fe7fbf,,802003,0x0a04,0x0a14,100,12068,0000,0000,01,00,22,12,-,01,0.0,251,426,-23.037177,-50.074776,0724,0005,bff7,068fd204,63.3,1029.0,0:00:00,0:00:00,-,-,0,-,,,,,,,,,05
2025-06-12 16:07:34,2025-06-12 16:07:33,2025-06-12 16:07:32,867488060285201,15209,GTERI,0x09fe3fbf,0x00028102,802003,0x0a04,0x0a14,100,12330,0000,-,01,00,22,12,-,01,0.0,251,426,-23.037177,-50.074776,0724,0005,bff7,068fd204,63.3,1029.0,0:00:00,0:00:00,-,-,0,-,,,,,04,3,00000000,00,10
2025-06-12 16:07:55,2025-06-12 16:07:54,2025-06-12 16:07:55,867488060285201,15210,GTHBM,0x09fe7fbf,,802003,0x0a04,0x0a14,100,12405,0000,0000,01,00,22,12,-,01,10.3,293,426,-23.037152,-50.074841,0724,0005,bff7,068fd204,63.3,1029.0,0:00:00,0:00:00,-,-,0,-,,,,,,,,,05
2025-06-12 16:08:21,,,867488060285201,15211,HBD
2025-06-12 16:08:27,2025-06-12 16:08:26,2025-06-12 16:08:27,867488060285201,15213,GTHBM,0x09fe7fbf,,802003,0x0a04,0x0a14,100,12290,0000,0000,01,00,22,12,-,01,16.9,293,430,-23.036721,-50.075936,0724,0005,bff7,068fd204,63.4,1029.1,0:00:00,0:00:00,-,-,0,-,,,,,,,,,05
2025-06-12 16:08:34,2025-06-12 16:08:33,2025-06-12 16:08:32,867488060285201,15214,GTERI,0x09fe3fbf,0x00028102,802003,0x0a04,0x0a14,100,12197,0000,-,01,00,22,12,-,01,15.9,293,431,-23.036639,-50.076143,0724,0005,bff7,068fd204,63.5,1029.2,0:00:00,0:00:00,-,-,0,-,,,,,04,3,00000000,00,10
2025-06-12 16:08:59,2025-06-12 16:08:58,2025-06-12 16:08:59,867488060285201,15215,GTHBM,0x09fe7fbf,,802003,0x0a04,0x0a14,100,12424,0000,0000,01,00,22,12,-,01,18.8,288,435,-23.036184,-50.07731,0724,0005,bff7,068fd204,63.6,1029.3,0:00:00,0:00:00,-,-,0,-,,,,,,,,,05
2025-06-12 16:09:31,2025-06-12 16:09:30,2025-06-12 16:09:31,867488060285201,15216,GTHBM,0x09fe7fbf,,802003,0x0a04,0x0a14,100,12405,0000,0000,01,00,22,12,-,01,26.7,251,436,-23.036436,-50.079339,0724,0005,bff7,068fd204,63.8,1029.5,0:00:00,0:00:00,-,-,0,-,,,,,,,,,05
2025-06-12 16:09:34,2025-06-12 16:09:33,2025-06-12 16:09:32,867488060285201,15217,GTERI,0x09fe3fbf,0x00028102,802003,0x0a04,0x0a14,100,12313,0000,-,01,00,22,12,-,01,26.4,251,436,-23.036457,-50.079407,0724,0005,bff7,068fd204,63.8,1029.5,0:00:00,0:00:00,-,-,0,-,,,,,04,3,00000000,00,10
2025-06-12 16:10:03,2025-06-12 16:10:02,2025-06-12 16:10:03,867488060285201,15218,GTHBM,0x09fe7fbf,,802003,0x0a04,0x0a14,100,12307,0000,0000,01,00,22,12,-,01,55.6,250,428,-23.037259,-50.082062,0724,0005,bff7,068fd204,64.1,1029.8,0:00:00,0:00:00,-,-,0,-,,,,,,,,,05
2025-06-12 16:10:21,,,867488060285201,15219,HBD
2025-06-12 16:10:34,2025-06-12 16:10:33,2025-06-12 16:10:32,867488060285201,15221,GTERI,0x09fe3fbf,0x00028102,802003,0x0a04,0x0a14,100,12430,0000,-,01,00,22,12,-,01,77.5,258,447,-23.038624,-50.087656,0724,0005,bff7,068fd206,64.7,1030.4,0:00:00,0:00:00,-,-,0,-,,,,,04,3,00000000,00,10
2025-06-12 16:10:35,2025-06-12 16:10:34,2025-06-12 16:10:35,867488060285201,15222,GTHBM,0x09fe7fbf,,802003,0x0a04,0x0a14,100,12430,0000,0000,01,00,22,12,-,01,77.2,258,451,-23.038738,-50.088271,0724,0005,bff7,068fd206,64.8,1030.5,0:00:00,0:00:00,-,-,0,-,,,,,,,,,05
2025-06-12 16:11:07,2025-06-12 16:11:06,2025-06-12 16:11:07,867488060285201,15223,GTHBM,0x09fe7fbf,,802003,0x0a04,0x0a14,100,12470,0000,0000,01,00,22,12,-,01,95.1,250,478,-23.040337,-50.095467,0724,0005,bff7,068fd206,65.5,1031.2,0:00:00,0:00:00,-,-,0,-,,,,,,,,,05
2025-06-12 16:11:54,2025-06-12 16:11:33,2025-06-12 16:11:32,867488060285201,15224,GTERI,0x09fe3fbf,0x00028102,802003,0x0a04,0x0a14,100,12217,0000,-,01,00,22,12,-,01,89.3,250,499,-23.042249,-50.101319,0724,0005,bff7,068fd206,66.2,1031.9,0:00:00,0:00:00,-,-,0,-,,,,,04,3,00000000,00,10
2025-06-12 16:11:54,2025-06-12 16:11:38,2025-06-12 16:11:39,867488060285201,15225,GTHBM,0x09fe7fbf,,802003,0x0a04,0x0a14,100,12231,0000,0000,01,00,22,12,-,01,69.7,250,497,-23.042712,-50.102756,0724,0005,bff7,068fd206,66.3,1032.0,0:00:00,0:00:00,-,-,0,-,,,,,,,,,00
2025-06-12 16:11:54,2025-06-12 16:11:46,2025-06-12 16:11:47,867488060285201,15226,GTHBM,0x09fe7fbf,,802003,0x0a04,0x0a14,100,12231,0000,0000,01,00,22,12,-,01,54.0,250,495,-23.04309,-50.103944,0724,0005,bff7,068fd206,66.4,1032.1,0:00:00,0:00:00,-,-,0,-,,,,,,,,,05
2025-06-12 16:12:19,2025-06-12 16:12:18,2025-06-12 16:12:19,867488060285201,15227,GTHBM,0x09fe7fbf,,802003,0x0a04,0x0a14,100,12404,0000,0000,01,00,22,12,-,01,100.3,284,489,-23.042861,-50.110773,0724,0005,bff7,068fd206,67.1,1032.9,0:00:00,0:00:00,-,-,0,-,,,,,,,,,05
2025-06-12 16:12:21,,,867488060285201,15228,HBD
2025-06-12 16:12:56,2025-06-12 16:12:33,2025-06-12 16:12:32,867488060285201,15230,GTERI,0x09fe3fbf,0x00028102,802003,0x0a04,0x0a14,100,12339,0000,-,01,00,22,12,-,01,107.1,289,474,-23.041774,-50.114221,0724,0005,bff7,068fd206,67.6,1033.3,0:00:00,0:00:00,-,-,0,-,,,,,01,900,00000000,00,10
2025-06-12 16:12:56,2025-06-12 16:12:33,2025-06-12 16:12:32,867488060285201,15230,GTERI,0x09fe3fbf,0x00028102,802003,0x0a04,0x0a14,100,12339,0000,-,01,00,22,12,-,01,107.1,289,474,-23.041774,-50.114221,0724,0005,bff7,068fd206,67.6,1033.3,0:00:00,0:00:00,-,-,0,-,,,,,01,900,00000000,00,10
2025-06-12 16:14:19,,,867488060285201,15236,HBD
2025-06-12 16:14:20,2025-06-12 16:12:54,2025-06-12 16:12:54,867488060285201,15232,GTPDP,0x09fe7fbf,,802003,0x0a04,0x0a14,100,12321,0000,0000,01,00,22,12,-,01,90.6,289,492,-23.040019,-50.119695,0000,0000,0000,00000000,68.1,1033.8,0:00:00,0:00:00,-,-,0,-
2025-06-12 16:14:20,2025-06-12 16:12:33,2025-06-12 16:12:32,867488060285201,15230,GTERI,0x09fe3fbf,0x00028102,802003,0x0a04,0x0a14,100,12339,0000,-,01,00,22,12,-,01,107.1,289,474,-23.041774,-50.114221,0724,0005,bff7,068fd206,67.6,1033.3,0:00:00,0:00:00,-,-,0,-,,,,,01,900,00000000,00,10
2025-06-12 16:14:21,2025-06-12 16:12:50,2025-06-12 16:12:51,867488060285201,15231,GTHBM,0x09fe7fbf,,802003,0x0a04,0x0a14,100,12259,0000,0000,01,00,22,12,-,01,91.2,289,491,-23.040242,-50.118996,0724,0005,bff7,068fd206,68.0,1033.7,0:00:00,0:00:00,-,-,0,-,,,,,,,,,05
2025-06-12 16:14:21,2025-06-12 16:13:22,2025-06-12 16:13:23,867488060285201,15233,GTHBM,0x09fe7fbf,,802003,0x0a04,0x0a14,100,14108,0000,0000,01,00,22,12,-,01,98.0,289,479,-23.037752,-50.126716,0724,0005,bff7,068fd206,68.9,1034.6,0:00:00,0:00:00,-,-,0,-,,,,,,,,,05
2025-06-12 16:14:22,2025-06-12 16:13:33,2025-06-12 16:13:32,867488060285201,15234,GTERI,0x09fe3fbf,0x00028102,802003,0x0a04,0x0a14,100,14008,0000,-,01,00,22,12,-,01,100.6,288,465,-23.037011,-50.129006,0724,0005,bff7,068fd206,69.2,1034.9,0:00:00,0:00:00,-,-,0,-,,,,,04,3,00000000,00,10
2025-06-12 16:14:22,2025-06-12 16:13:54,2025-06-12 16:13:55,867488060285201,15235,GTHBM,0x09fe7fbf,,802003,0x0a04,0x0a14,100,12096,0000,0000,01,00,22,12,-,01,102.6,289,441,-23.035076,-50.135038,0000,0000,0000,00000000,69.8,1035.5,0:00:00,0:00:00,-,-,0,-,,,,,,,,,05
2025-06-12 16:14:27,2025-06-12 16:14:26,2025-06-12 16:14:27,867488060285201,15238,GTHBM,0x09fe7fbf,,802003,0x0a04,0x0a14,100,12313,0000,0000,01,00,22,12,-,01,98.1,259,481,-23.033459,-50.143249,0724,0005,bff7,068fd206,70.7,1036.4,0:00:00,0:00:00,-,-,0,-,,,,,,,,,05
2025-06-12 16:14:36,2025-06-12 16:14:34,2025-06-12 16:14:33,867488060285201,15239,GTERI,0x09fe3fbf,0x00028102,802003,0x0a04,0x0a14,100,12336,0000,-,01,00,22,12,-,01,104.2,258,478,-23.033752,-50.144874,0724,0005,bff7,068fb205,70.9,1036.6,0:00:00,0:00:00,-,-,0,-,,,,,04,3,00000000,00,10
2025-06-12 16:17:56,,,867488060285201,15245,HBD
2025-06-12 16:17:56,2025-06-12 16:15:44,2025-06-12 16:15:44,867488060285201,15243,GTPDP,0x09fe7fbf,,802003,0x0a04,0x0a14,100,13029,0000,0000,01,00,22,12,-,01,90.7,259,429,-23.037059,-50.163085,0000,0000,0000,00000000,72.7,1038.4,0:00:00,0:00:00,-,-,0,-
2025-06-12 16:17:57,2025-06-12 16:17:10,2025-06-12 16:17:11,867488060285201,15250,GTSPD,0x09fe7fbf,,802003,0x0a04,0x0a14,100,12489,0000,0000,01,00,22,12,-,01,113.2,258,486,-23.040603,-50.182591,0000,0000,0000,00000000,74.8,1040.5,0:00:00,0:00:00,-,-,0,-,,,,,,,,,00
2025-06-12 16:17:57,2025-06-12 16:14:58,2025-06-12 16:14:59,867488060285201,15240,GTHBM,0x09fe7fbf,,802003,0x0a04,0x0a14,100,12323,0000,0000,01,00,22,12,-,01,94.3,259,467,-23.035005,-50.151783,0724,0005,bff7,068fb205,71.5,1037.3,0:00:00,0:00:00,-,-,0,-,,,,,,,,,05
2025-06-12 16:17:57,2025-06-12 16:15:30,2025-06-12 16:15:31,867488060285201,15241,GTHBM,0x09fe7fbf,,802003,0x0a04,0x0a14,100,12327,0000,0000,01,00,22,12,-,01,91.2,258,443,-23.036494,-50.159961,0724,0005,bff7,068fb205,72.4,1038.1,0:00:00,0:00:00,-,-,0,-,,,,,,,,,05
2025-06-12 16:17:58,2025-06-12 16:15:34,2025-06-12 16:15:34,867488060285201,15242,GTERI,0x09fe3fbf,0x00028102,802003,0x0a04,0x0a14,100,12162,0000,-,01,00,22,12,-,01,89.7,259,441,-23.036624,-50.160679,0724,0005,bff7,068fb205,72.5,1038.2,0:00:00,0:00:00,-,-,0,-,,,,,01,900,00000000,00,10
2025-06-12 16:17:58,2025-06-12 16:16:03,2025-06-12 16:16:04,867488060285201,15244,GTHBM,0x09fe7fbf,,802003,0x0a04,0x0a14,100,12227,0000,0000,01,00,22,12,-,01,81.7,259,442,-23.037943,-50.167934,0000,0000,0000,00000000,73.2,1038.9,0:00:00,0:00:00,-,-,0,-,,,,,,,,,05
2025-06-12 16:17:58,2025-06-12 16:16:34,2025-06-12 16:16:35,867488060285201,15247,GTHBM,0x09fe7fbf,,802003,0x0a04,0x0a14,100,12378,0000,0000,01,00,22,12,-,01,75.8,259,481,-23.039055,-50.174211,0000,0000,0000,00000000,73.9,1039.6,0:00:00,0:00:00,-,-,0,-,,,,,,,,,05
2025-06-12 16:17:59,2025-06-12 16:16:35,2025-06-12 16:16:34,867488060285201,15248,GTERI,0x09fe3fbf,0x00028102,802003,0x0a04,0x0a14,100,12378,0000,-,01,00,22,12,-,01,75.8,259,480,-23.039019,-50.174009,0000,0000,0000,00000000,73.9,1039.6,0:00:00,0:00:00,-,-,0,-,,,,,00,0,00000000,00,10
2025-06-12 16:17:59,2025-06-12 16:17:06,2025-06-12 16:17:07,867488060285201,15249,GTHBM,0x09fe7fbf,,802003,0x0a04,0x0a14,100,12267,0000,0000,01,00,22,12,-,01,108.3,258,492,-23.040385,-50.181406,0000,0000,0000,00000000,74.6,1040.3,0:00:00,0:00:00,-,-,0,-,,,,,,,,,05
2025-06-12 16:18:00,2025-06-12 16:17:35,2025-06-12 16:17:35,867488060285201,15251,GTERI,0x09fe3fbf,0x00028102,802003,0x0a04,0x0a14,100,13152,0000,-,01,00,22,12,-,01,97.6,299,468,-23.040949,-50.189597,0000,0000,0000,00000000,75.5,1041.2,0:00:00,0:00:00,-,-,0,-,,,,,00,0,00000000,00,10
2025-06-12 16:18:00,2025-06-12 16:17:38,2025-06-12 16:17:39,867488060285201,15252,GTHBM,0x09fe7fbf,,802003,0x0a04,0x0a14,100,12325,0000,0000,01,00,22,12,-,01,97.7,314,472,-23.040343,-50.19042,0000,0000,0000,00000000,75.6,1041.3,0:00:00,0:00:00,-,-,0,-,,,,,,,,,05
2025-06-12 16:18:22,2025-06-12 16:18:11,2025-06-12 16:18:12,867488060285201,15253,GTHBM,0x09fe7fbf,,802003,0x0a04,0x0a14,100,12213,0000,0000,01,00,22,12,-,01,103.5,312,475,-23.034963,-50.195938,0724,0005,0607,0000c3b4,76.4,1042.1,0:00:00,0:00:00,-,-,0,-,,,,,,,,,05
2025-06-12 16:18:37,2025-06-12 16:18:35,2025-06-12 16:18:35,867488060285201,15254,GTERI,0x09fe3fbf,0x00028102,802003,0x0a04,0x0a14,100,13998,0000,-,01,00,22,12,-,01,106.9,276,452,-23.032747,-50.202125,0724,0005,0607,00000064,77.2,1042.9,0:00:00,0:00:00,-,-,0,-,,,,,01,900,00000000,00,10
2025-06-12 16:18:44,2025-06-12 16:18:43,2025-06-12 16:18:44,867488060285201,15255,GTHBM,0x09fe7fbf,,802003,0x0a04,0x0a14,100,13974,0000,0000,01,00,22,12,-,01,95.0,278,438,-23.032555,-50.2046,0724,0005,0607,00009ca4,77.4,1043.1,0:00:00,0:00:00,-,-,0,-,,,,,,,,,05
2025-06-12 16:18:51,2025-06-12 16:18:50,2025-06-12 16:18:51,867488060285201,15256,GTERI,0x09fe3fbf,0x00028102,802003,0x0a04,0x0a14,100,13858,0000,-,01,00,22,12,-,01,85.9,326,427,-23.031776,-50.205975,0724,0005,0607,00009ca4,77.5,1043.3,0:00:00,0:00:00,-,-,0,-,,,,,01,1800,00000000,00,11
2025-06-12 16:19:21,2025-06-12 16:19:12,2025-06-12 16:19:13,867488060285201,15257,GTERI,0x09fe3fbf,0x00028102,802003,0x0a04,0x0a14,100,14014,0000,-,01,00,22,12,-,01,85.8,275,404,-23.028471,-50.209369,0724,0005,0607,00009ca4,78.1,1043.8,0:00:00,0:00:00,-,-,0,-,,,,,01,1800,00000000,00,11
2025-06-12 16:19:59,2025-06-12 16:19:15,2025-06-12 16:19:16,867488060285201,15258,GTHBM,0x09fe7fbf,,802003,0x0a04,0x0a14,100,14014,0000,0000,01,00,22,12,-,01,89.9,254,400,-23.028546,-50.210078,0724,0005,0607,00009ca4,78.2,1043.9,0:00:00,0:00:00,-,-,0,-,,,,,,,,,05
2025-06-12 16:20:00,2025-06-12 16:19:15,2025-06-12 16:19:16,867488060285201,15258,GTHBM,0x09fe7fbf,,802003,0x0a04,0x0a14,100,14014,0000,0000,01,00,22,12,-,01,89.9,254,400,-23.028546,-50.210078,0724,0005,0607,00009ca4,78.2,1043.9,0:00:00,0:00:00,-,-,0,-,,,,,,,,,05
2025-06-12 16:20:03,2025-06-12 16:19:15,2025-06-12 16:19:16,867488060285201,15258,GTHBM,0x09fe7fbf,,802003,0x0a04,0x0a14,100,14014,0000,0000,01,00,22,12,-,01,89.9,254,400,-23.028546,-50.210078,0724,0005,0607,00009ca4,78.2,1043.9,0:00:00,0:00:00,-,-,0,-,,,,,,,,,05
2025-06-12 16:20:03,,,867488060285201,15261,HBD
2025-06-12 16:20:04,2025-06-12 16:19:37,2025-06-12 16:19:36,867488060285201,15259,GTERI,0x09fe3fbf,0x00028102,802003,0x0a04,0x0a14,100,12271,0000,-,01,00,22,12,-,01,93.1,235,410,-23.031015,-50.21414,0724,0005,0607,00009ca4,78.7,1044.4,0:00:00,0:00:00,-,-,0,-,,,,,01,1800,00000000,00,10
2025-06-12 16:20:04,2025-06-12 16:19:47,2025-06-12 16:19:48,867488060285201,15260,GTHBM,0x09fe7fbf,,802003,0x0a04,0x0a14,100,12262,0000,0000,01,00,22,12,-,01,93.0,235,427,-23.032595,-50.216642,0724,0005,0607,00009ca4,79.0,1044.7,0:00:00,0:00:00,-,-,0,-,,,,,,,,,05
2025-06-12 16:20:20,2025-06-12 16:20:19,2025-06-12 16:20:20,867488060285201,15263,GTHBM,0x09fe7fbf,,802003,0x0a04,0x0a14,100,12271,0000,0000,01,00,22,12,-,01,84.1,234,463,-23.036762,-50.223245,0724,0005,0607,00009ca4,79.8,1045.5,0:00:00,0:00:00,-,-,0,-,,,,,,,,,05
2025-06-12 16:20:27,2025-06-12 16:20:23,2025-06-12 16:20:24,867488060285201,15264,GTHBM,0x09fe7fbf,,802003,0x0a04,0x0a14,100,12965,0000,0000,01,00,22,12,-,01,61.1,228,466,-23.037223,-50.223899,0724,0005,0607,00009ca4,79.9,1045.6,0:00:00,0:00:00,-,-,0,-,,,,,,,,,00
2025-06-12 16:20:37,2025-06-12 16:20:35,2025-06-12 16:20:36,867488060285201,15265,GTHBM,0x09fe7fbf,,802003,0x0a04,0x0a14,100,12301,0000,0000,01,00,22,12,-,01,41.4,221,468,-23.038006,-50.224724,0724,0005,0607,00009ca4,80.0,1045.7,0:00:00,0:00:00,-,-,0,-,,,,,,,,,05
2025-06-12 16:20:37,2025-06-12 16:20:37,2025-06-12 16:20:36,867488060285201,15266,GTERI,0x09fe3fbf,0x00028102,802003,0x0a04,0x0a14,100,12301,0000,-,01,00,22,12,-,01,41.4,221,468,-23.038006,-50.224724,0724,0005,0607,00009ca4,80.0,1045.7,0:00:00,0:00:00,-,-,0,-,,,,,01,1800,00000000,00,10
2025-06-12 16:21:09,2025-06-12 16:21:07,2025-06-12 16:21:08,867488060285201,15267,GTHBM,0x09fe7fbf,,802003,0x0a04,0x0a14,100,12247,0000,0000,01,00,22,12,-,01,84.2,221,476,-23.042057,-50.228572,0724,0005,0607,00009ca4,80.6,1046.3,0:00:00,0:00:00,-,-,0,-,,,,,,,,,05
2025-06-12 16:21:17,2025-06-12 16:21:15,2025-06-12 16:21:16,867488060285201,15268,GTHBM,0x09fe7fbf,,802003,0x0a04,0x0a14,100,12436,0000,0000,01,00,22,12,-,01,68.6,221,480,-23.043259,-50.229704,0724,0005,0607,00009ca4,80.8,1046.5,0:00:00,0:00:00,-,-,0,-,,,,,,,,,00
2025-06-12 16:21:21,2025-06-12 16:21:19,2025-06-12 16:21:20,867488060285201,15269,GTHBM,0x09fe7fbf,,802003,0x0a04,0x0a14,100,12297,0000,0000,01,00,22,12,-,01,60.0,222,484,-23.043738,-50.230165,0724,0005,0607,00009ca4,80.8,1046.5,0:00:00,0:00:00,-,-,0,-,,,,,,,,,05
2025-06-12 16:21:28,2025-06-12 16:21:27,2025-06-12 16:21:28,867488060285201,15270,GTHBM,0x09fe7fbf,,802003,0x0a04,0x0a14,100,12177,0000,0000,01,00,22,12,-,01,22.2,230,487,-23.044369,-50.230871,0724,0005,0607,00009ca4,80.9,1046.6,0:00:00,0:00:00,-,-,0,-,,,,,,,,,00
2025-06-12 16:21:33,2025-06-12 16:21:31,2025-06-12 16:21:32,867488060285201,15271,GTHBM,0x09fe7fbf,,802003,0x0a04,0x0a14,100,12117,0000,0000,01,00,22,12,-,01,28.6,231,489,-23.044525,-50.231077,0724,0005,0607,00009ca4,81.0,1046.7,0:00:00,0:00:00,-,-,0,-,,,,,,,,,05
2025-06-12 16:21:38,2025-06-12 16:21:37,2025-06-12 16:21:36,867488060285201,15272,GTERI,0x09fe3fbf,0x00028102,802003,0x0a04,0x0a14,100,12256,0000,-,01,00,22,12,-,01,39.9,234,490,-23.044731,-50.23138,0724,0005,0607,00009ca4,81.0,1046.7,0:00:00,0:00:00,-,-,0,-,,,,,01,900,00000000,00,10
2025-06-12 16:22:24,,,867488060285201,15276,HBD
2025-06-12 16:22:24,2025-06-12 16:21:52,2025-06-12 16:21:53,867488060285201,15274,GTPDP,0x09fe7fbf,,802003,0x0a04,0x0a14,100,12328,0000,0000,01,00,22,12,-,01,0.1,234,491,-23.045428,-50.232508,0724,0005,bff7,068fb204,81.2,1046.9,0:00:00,0:00:00,-,-,0,-
2025-06-12 16:22:25,2025-06-12 16:21:52,2025-06-12 16:21:53,867488060285201,15273,GTHBM,0x09fe7fbf,,802003,0x0a04,0x0a14,100,12328,0000,0000,01,00,22,12,-,01,0.1,234,491,-23.045428,-50.232508,0724,0005,bff7,068fb204,81.2,1046.9,0:00:00,0:00:00,-,-,0,-,,,,,,,,,00
2025-06-12 16:22:25,2025-06-12 16:21:56,2025-06-12 16:21:57,867488060285201,15275,GTHBM,0x09fe7fbf,,802003,0x0a04,0x0a14,100,12403,0000,0000,01,00,22,12,-,01,0.0,234,492,-23.045428,-50.232508,0724,0005,bff7,068fb204,81.2,1046.9,0:00:00,0:00:00,-,-,0,-,,,,,,,,,05
2025-06-12 16:22:26,2025-06-12 16:22:24,2025-06-12 16:22:25,867488060285201,15278,GTHBM,0x09fe7fbf,,802003,0x0a04,0x0a14,100,12428,0000,0000,01,00,22,12,-,01,24.0,236,493,-23.045522,-50.232658,0724,0005,bff7,068fb200,81.2,1046.9,0:00:00,0:00:00,-,-,0,-,,,,,,,,,01
2025-06-12 16:22:33,2025-06-12 16:22:32,2025-06-12 16:22:33,867488060285201,15279,GTHBM,0x09fe7fbf,,802003,0x0a04,0x0a14,100,12322,0000,0000,01,00,22,12,-,01,44.1,236,492,-23.045947,-50.233343,0724,0005,bff7,068fb200,81.3,1047.0,0:00:00,0:00:00,-,-,0,-,,,,,,,,,05
2025-06-12 16:22:37,2025-06-12 16:22:37,2025-06-12 16:22:36,867488060285201,15280,GTERI,0x09fe3fbf,0x00028102,802003,0x0a04,0x0a14,100,12352,0000,-,01,00,22,12,-,01,42.8,236,491,-23.046128,-50.233638,0724,0005,bff7,068fb200,81.3,1047.0,0:00:00,0:00:00,-,-,0,-,,,,,04,7,00000000,00,10
2025-06-12 16:22:49,2025-06-12 16:22:48,2025-06-12 16:22:49,867488060285201,15281,GTHBM,0x09fe7fbf,,802003,0x0a04,0x0a14,100,12342,0000,0000,01,00,22,12,-,01,20.4,236,488,-23.046751,-50.234661,0724,0005,bff7,068fb200,81.4,1047.1,0:00:00,0:00:00,-,-,0,-,,,,,,,,,00
2025-06-12 16:22:53,2025-06-12 16:22:52,2025-06-12 16:22:53,867488060285201,15282,GTHBM,0x09fe7fbf,,802003,0x0a04,0x0a14,100,12342,0000,0000,01,00,22,12,-,01,17.6,236,487,-23.046864,-50.234846,0724,0005,bff7,068fb200,81.4,1047.1,0:00:00,0:00:00,-,-,0,-,,,,,,,,,05
2025-06-12 16:23:01,2025-06-12 16:23:00,2025-06-12 16:23:01,867488060285201,15283,GTHBM,0x09fe7fbf,,802003,0x0a04,0x0a14,100,12301,0000,0000,01,00,22,12,-,01,48.4,236,484,-23.047206,-50.235402,0724,0005,bff7,068fb204,81.5,1047.2,0:00:00,0:00:00,-,-,0,-,,,,,,,,,01
2025-06-12 16:23:09,2025-06-12 16:23:08,2025-06-12 16:23:09,867488060285201,15284,GTHBM,0x09fe7fbf,,802003,0x0a04,0x0a14,100,12320,0000,0000,01,00,22,12,-,01,68.7,222,476,-23.048031,-50.236358,0724,0005,bff7,068fb206,81.6,1047.3,0:00:00,0:00:00,-,-,0,-,,,,,,,,,05
2025-06-12 16:23:37,2025-06-12 16:23:37,2025-06-12 16:23:36,867488060285201,15285,GTERI,0x09fe3fbf,0x00028102,802003,0x0a04,0x0a14,100,12418,0000,-,01,00,22,12,-,01,94.2,229,469,-23.05289,-50.240545,0724,0005,bff7,068fb202,82.4,1048.1,0:00:00,0:00:00,-,-,0,-,,,,,04,7,00000000,00,10
2025-06-12 16:23:41,2025-06-12 16:23:40,2025-06-12 16:23:41,867488060285201,15286,GTHBM,0x09fe7fbf,,802003,0x0a04,0x0a14,100,12344,0000,0000,01,00,22,12,-,01,91.1,232,473,-23.053603,-50.241535,0724,0005,bff7,068fb202,82.5,1048.2,0:00:00,0:00:00,-,-,0,-,,,,,,,,,05
2025-06-12 16:23:49,2025-06-12 16:23:48,2025-06-12 16:23:49,867488060285201,15287,GTHBM,0x09fe7fbf,,802003,0x0a04,0x0a14,100,12265,0000,0000,01,00,22,12,-,01,56.2,232,471,-23.054544,-50.242882,0724,0005,bff7,068fb202,82.6,1048.3,0:00:00,0:00:00,-,-,0,-,,,,,,,,,00
2025-06-12 16:23:57,2025-06-12 16:23:56,2025-06-12 16:23:57,867488060285201,15288,GTHBM,0x09fe7fbf,,802003,0x0a04,0x0a14,100,12299,0000,0000,01,00,22,12,-,01,43.8,232,470,-23.05501,-50.243553,0724,0005,bff7,068fb202,82.7,1048.4,0:00:00,0:00:00,-,-,0,-,,,,,,,,,05
2025-06-12 16:24:01,2025-06-12 16:24:00,2025-06-12 16:24:01,867488060285201,15289,GTHBM,0x09fe7fbf,,802003,0x0a04,0x0a14,100,12228,0000,0000,01,00,22,12,-,01,56.8,232,470,-23.055326,-50.244009,0724,0005,bff7,068fb202,82.8,1048.5,0:00:00,0:00:00,-,-,0,-,,,,,,,,,01
2025-06-12 16:24:05,2025-06-12 16:24:04,2025-06-12 16:24:05,867488060285201,15290,GTHBM,0x09fe7fbf,,802003,0x0a04,0x0a14,100,12340,0000,0000,01,00,22,12,-,01,64.7,233,472,-23.055699,-50.244546,0724,0005,bff7,068fb202,82.9,1048.6,0:00:00,0:00:00,-,-,0,-,,,,,,,,,05
2025-06-12 16:24:23,,,867488060285201,15291,HBD
2025-06-12 16:24:37,2025-06-12 16:24:36,2025-06-12 16:24:37,867488060285201,15293,GTHBM,0x09fe7fbf,,802003,0x0a04,0x0a14,100,13910,0000,0000,01,00,22,12,-,01,56.9,232,473,-23.058694,-50.248813,0724,0005,bff7,068fb202,83.4,1049.1,0:00:00,0:00:00,-,-,0,-,,,,,,,,,05
2025-06-12 16:24:37,2025-06-12 16:24:37,2025-06-12 16:24:36,867488060285201,15294,GTERI,0x09fe3fbf,0x00028102,802003,0x0a04,0x0a14,100,13910,0000,-,01,00,22,12,-,01,57.6,232,473,-23.058606,-50.248691,0724,0005,bff7,068fb202,83.4,1049.1,0:00:00,0:00:00,-,-,0,-,,,,,04,7,00000000,00,10
2025-06-12 16:25:09,2025-06-12 16:25:08,2025-06-12 16:25:09,867488060285201,15295,GTHBM,0x09fe7fbf,,802003,0x0a04,0x0a14,100,12430,0000,0000,01,00,22,12,-,01,57.4,231,485,-23.061239,-50.252441,0724,0005,bff7,068fb202,83.9,1049.6,0:00:00,0:00:00,-,-,0,-,,,,,,,,,05
2025-06-12 16:25:37,2025-06-12 16:25:37,2025-06-12 16:25:36,867488060285201,15296,GTERI,0x09fe3fbf,0x00028102,802003,0x0a04,0x0a14,100,12227,0000,-,01,00,22,12,-,01,72.4,233,477,-23.063827,-50.256159,0724,0005,bff7,068fb206,84.4,1050.1,0:00:00,0:00:00,-,-,0,-,,,,,04,3,00000000,00,10
2025-06-12 16:25:41,2025-06-12 16:25:40,2025-06-12 16:25:41,867488060285201,15297,GTHBM,0x09fe7fbf,,802003,0x0a04,0x0a14,100,12227,0000,0000,01,00,22,12,-,01,74.3,233,478,-23.064378,-50.256952,0724,0005,bff7,068fb206,84.5,1050.2,0:00:00,0:00:00,-,-,0,-,,,,,,,,,05
2025-06-12 16:26:33,2025-06-12 16:26:12,2025-06-12 16:26:13,867488060285201,15298,GTHBM,0x09fe7fbf,,802003,0x0a04,0x0a14,100,13911,0000,0000,01,00,22,12,-,01,62.7,230,476,-23.067606,-50.261536,0724,0005,bff7,068fc72c,85.0,1050.7,0:00:00,0:00:00,-,-,0,-,,,,,,,,,05
2025-06-12 16:26:33,,,867488060285201,15299,HBD
2025-06-12 16:26:34,2025-06-12 16:26:24,2025-06-12 16:26:25,867488060285201,15301,GTHBM,0x09fe7fbf,,802003,0x0a04,0x0a14,100,12362,0000,0000,01,00,22,12,-,01,88.2,216,468,-23.069264,-50.263073,0724,0005,bff7,06904c05,85.3,1051.0,0:00:00,0:00:00,-,-,0,-,,,,,,,,,01
2025-06-12 16:26:34,2025-06-12 16:26:28,2025-06-12 16:26:29,867488060285201,15302,GTHBM,0x09fe7fbf,,802003,0x0a04,0x0a14,100,12162,0000,0000,01,00,22,12,-,01,92.6,218,468,-23.069975,-50.263675,0724,0005,bff7,06904c05,85.4,1051.1,0:00:00,0:00:00,-,-,0,-,,,,,,,,,05
2025-06-12 16:26:37,2025-06-12 16:26:37,2025-06-12 16:26:36,867488060285201,15303,GTERI,0x09fe3fbf,0x00028102,802003,0x0a04,0x0a14,100,12168,0000,-,01,00,22,12,-,01,96.4,217,467,-23.071287,-50.264764,0724,0005,c2b3,06908b08,85.6,1051.3,0:00:00,0:00:00,-,-,0,-,,,,,04,28,00000000,00,10
2025-06-12 16:27:01,2025-06-12 16:27:00,2025-06-12 16:27:01,867488060285201,15304,GTHBM,0x09fe7fbf,,802003,0x0a04,0x0a14,100,12322,0000,0000,01,00,22,12,-,01,99.8,216,453,-23.076342,-50.268875,0724,0005,c2b3,06908b08,86.3,1052.0,0:00:00,0:00:00,-,-,0,-,,,,,,,,,05
2025-06-12 16:27:33,2025-06-12 16:27:32,2025-06-12 16:27:33,867488060285201,15305,GTHBM,0x09fe7fbf,,802003,0x0a04,0x0a14,100,14155,0000,0000,01,00,22,12,-,01,104.0,218,418,-23.082912,-50.27423,0724,0005,c2b3,06908b08,87.2,1052.9,0:00:00,0:00:00,-,-,0,-,,,,,,,,,05
2025-06-12 16:27:37,2025-06-12 16:27:37,2025-06-12 16:27:36,867488060285201,15306,GTERI,0x09fe3fbf,0x00028102,802003,0x0a04,0x0a14,100,12507,0000,-,01,00,22,12,-,01,103.6,225,413,-23.083487,-50.274801,0724,0005,c2b3,06908b08,87.3,1053.0,0:00:00,0:00:00,-,-,0,-,,,,,04,28,00000000,00,10
2025-06-12 16:28:06,2025-06-12 16:28:04,2025-06-12 16:28:05,867488060285201,15307,GTHBM,0x09fe7fbf,,802003,0x0a04,0x0a14,100,12025,0000,0000,01,00,22,12,-,01,94.7,242,395,-23.087083,-50.281508,0724,0005,c2b3,06908b08,88.1,1053.8,0:00:00,0:00:00,-,-,0,-,,,,,,,,,05
2025-06-12 16:29:02,,,867488060285201,15311,HBD
2025-06-12 16:29:02,2025-06-12 16:28:30,2025-06-12 16:28:31,867488060285201,15309,GTPDP,0x09fe7fbf,,802003,0x0a04,0x0a14,100,12290,0000,0000,01,00,22,12,-,00,81.4,272,382,-23.089602,-50.287289,0724,0005,c2b3,06908b0a,88.7,1054.4,0:00:00,0:00:00,-,-,0,-
2025-06-12 16:29:03,2025-06-12 16:28:30,2025-06-12 16:28:31,867488060285201,15308,GTERI,0x09fe3fbf,0x00028102,802003,0x0a04,0x0a14,100,12290,0000,-,01,00,22,12,-,01,81.4,272,382,-23.089602,-50.287289,0724,0005,c2b3,06908b0a,88.7,1054.4,0:00:00,0:00:00,-,-,0,-,,,,,04,28,00000000,00,11
2025-06-12 16:29:04,2025-06-12 16:28:36,2025-06-12 16:28:37,867488060285201,15312,GTHBM,0x09fe7fbf,,802003,0x0a04,0x0a14,100,12311,0000,0000,01,00,22,12,-,01,86.4,286,389,-23.089304,-50.288619,0724,0005,c2b3,06908b0a,88.9,1054.6,0:00:00,0:00:00,-,-,0,-,,,,,,,,,05
2025-06-12 16:29:04,2025-06-12 16:28:37,2025-06-12 16:28:36,867488060285201,15313,GTERI,0x09fe3fbf,0x00028102,802003,0x0a04,0x0a14,100,12419,0000,-,01,00,22,12,-,01,85.4,286,388,-23.089363,-50.288394,0724,0005,c2b3,06908b0a,88.9,1054.6,0:00:00,0:00:00,-,-,0,-,,,,,04,28,00000000,00,10
2025-06-12 16:29:04,2025-06-12 16:29:01,2025-06-12 16:29:02,867488060285201,15314,GTERI,0x09fe3fbf,0x00028102,802003,0x0a04,0x0a14,100,12386,0000,-,01,00,22,12,-,01,84.0,240,407,-23.08853,-50.294293,0724,0005,c2b3,06908b0a,89.5,1055.2,0:00:00,0:00:00,-,-,0,-,,,,,04,28,00000000,00,11
2025-06-12 16:29:09,2025-06-12 16:29:08,2025-06-12 16:29:09,867488060285201,15315,GTHBM,0x09fe7fbf,,802003,0x0a04,0x0a14,100,12331,0000,0000,01,00,22,12,-,01,95.5,225,398,-23.089571,-50.295565,0724,0005,c2b3,06908b0a,89.6,1055.4,0:00:00,0:00:00,-,-,0,-,,,,,,,,,05
2025-06-12 16:29:39,2025-06-12 16:29:38,2025-06-12 16:29:37,867488060285201,15316,GTERI,0x09fe3fbf,0x00028102,802003,0x0a04,0x0a14,100,12471,0000,-,01,00,22,12,-,01,82.2,225,381,-23.093897,-50.300322,0724,0005,c2b3,06908b0a,90.4,1056.1,0:00:00,0:00:00,-,-,0,-,,,,,04,28,00000000,00,10
2025-06-12 16:29:41,2025-06-12 16:29:40,2025-06-12 16:29:41,867488060285201,15317,GTHBM,0x09fe7fbf,,802003,0x0a04,0x0a14,100,12470,0000,0000,01,00,22,12,-,01,83.8,225,379,-23.094486,-50.300971,0724,0005,c2b3,06908b0a,90.4,1056.1,0:00:00,0:00:00,-,-,0,-,,,,,,,,,05
2025-06-12 16:31:48,2025-06-12 16:30:30,2025-06-12 16:30:30,867488060285201,15319,GTPDP,0x09fe7fbf,,802003,0x0a04,0x0a14,100,12260,0000,0000,01,00,22,12,-,01,86.4,225,381,-23.1015,-50.30868,0000,0000,0000,00000000,91.5,1057.2,0:00:00,0:00:00,-,-,0,-
2025-06-12 16:31:49,,,867488060285201,15322,HBD
2025-06-12 16:31:49,2025-06-12 16:30:13,2025-06-12 16:30:14,867488060285201,15318,GTHBM,0x09fe7fbf,,802003,0x0a04,0x0a14,100,12354,0000,0000,01,00,22,12,-,01,78.8,225,379,-23.099175,-50.30613,0724,0005,c2b3,06908b0a,91.2,1056.9,0:00:00,0:00:00,-,-,0,-,,,,,,,,,05
2025-06-12 16:31:50,2025-06-12 16:30:38,2025-06-12 16:30:37,867488060285201,15320,GTERI,0x09fe3fbf,0x00028102,802003,0x0a04,0x0a14,100,12343,0000,-,01,00,22,12,-,01,85.7,225,387,-23.102556,-50.309849,0724,0005,c2b3,06908b0a,91.7,1057.4,0:00:00,0:00:00,-,-,0,-,,,,,04,28,00000000,00,10
2025-06-12 16:31:50,2025-06-12 16:30:45,2025-06-12 16:30:46,867488060285201,15321,GTHBM,0x09fe7fbf,,802003,0x0a04,0x0a14,100,12259,0000,0000,01,00,22,12,-,01,87.9,225,396,-23.103933,-50.311363,0724,0005,c2b3,06908b0a,91.9,1057.6,0:00:00,0:00:00,-,-,0,-,,,,,,,,,05
2025-06-12 16:31:51,2025-06-12 16:31:17,2025-06-12 16:31:18,867488060285201,15324,GTHBM,0x09fe7fbf,,802003,0x0a04,0x0a14,100,12288,0000,0000,01,00,22,12,-,01,87.4,225,399,-23.109032,-50.316966,0000,0000,0000,00000000,92.7,1058.4,0:00:00,0:00:00,-,-,0,-,,,,,,,,,05
2025-06-12 16:31:51,2025-06-12 16:31:39,2025-06-12 16:31:38,867488060285201,15325,GTERI,0x09fe3fbf,0x00028102,802003,0x0a04,0x0a14,100,12394,0000,-,01,00,22,12,-,01,79.3,200,416,-23.112258,-50.319794,0724,0005,610b,00004e66,93.2,1058.9,0:00:00,0:00:00,-,-,0,-,,,,,01,1800,00000000,00,10
2025-06-12 16:31:52,2025-06-12 16:31:49,2025-06-12 16:31:50,867488060285201,15326,GTHBM,0x09fe7fbf,,802003,0x0a04,0x0a14,100,12366,0000,0000,01,00,22,12,-,01,70.2,196,421,-23.114384,-50.320502,0724,0005,c2b3,06908b0a,93.4,1059.1,0:00:00,0:00:00,-,-,0,-,,,,,,,,,05
2025-06-12 16:31:54,2025-06-12 16:31:53,2025-06-12 16:31:54,867488060285201,15327,GTHBM,0x09fe7fbf,,802003,0x0a04,0x0a14,100,12310,0000,0000,01,00,22,12,-,01,59.1,196,421,-23.11498,-50.320699,0724,0005,c2b3,06908b0a,93.5,1059.2,0:00:00,0:00:00,-,-,0,-,,,,,,,,,00
2025-06-12 16:31:59,2025-06-12 16:31:59,2025-06-12 16:31:57,867488060285201,15328,GTHBM,0x09fe7fbf,,802003,0x0a04,0x0a14,100,12200,0000,0000,01,00,22,12,-,01,58.3,196,421,-23.1154,-50.320835,0724,0005,c2b3,06908b0a,93.6,1059.3,0:00:00,0:00:00,-,-,0,-,,,,,,,,,05
2025-06-12 16:32:29,2025-06-12 16:32:27,2025-06-12 16:32:28,867488060285201,15329,GTHBM,0x09fe7fbf,,802003,0x0a04,0x0a14,100,12097,0000,0000,01,00,22,12,-,01,52.0,197,427,-23.119446,-50.322163,0724,0005,c2b3,06908b0a,94.0,1059.7,0:00:00,0:00:00,-,-,0,-,,,,,,,,,05
2025-06-12 16:32:40,2025-06-12 16:32:39,2025-06-12 16:32:38,867488060285201,15330,GTERI,0x09fe3fbf,0x00028102,802003,0x0a04,0x0a14,100,12470,0000,-,01,00,22,12,-,01,56.2,222,431,-23.120635,-50.322854,0724,0005,0607,0000eac4,94.2,1059.9,0:00:00,0:00:00,-,-,0,-,,,,,01,1800,00000000,00,10
2025-06-12 16:33:00,2025-06-12 16:32:52,2025-06-12 16:32:53,867488060285201,15331,GTERI,0x09fe3fbf,0x00028102,802003,0x0a04,0x0a14,100,12336,0000,-,01,00,22,12,-,01,52.5,268,438,-23.121349,-50.324646,0724,0005,0607,0000eac4,94.4,1060.1,0:00:00,0:00:00,-,-,0,-,,,,,01,1800,00000000,00,11
2025-06-12 16:33:02,2025-06-12 16:33:01,2025-06-12 16:33:02,867488060285201,15332,GTHBM,0x09fe7fbf,,802003,0x0a04,0x0a14,100,12336,0000,0000,01,00,22,12,-,01,54.6,298,435,-23.121057,-50.325922,0724,0005,0607,00000067,94.5,1060.2,0:00:00,0:00:00,-,-,0,-,,,,,,,,,05
2025-06-12 16:33:07,2025-06-12 16:33:06,2025-06-12 16:33:07,867488060285201,15333,GTERI,0x09fe3fbf,0x00028102,802003,0x0a04,0x0a14,100,13768,0000,-,01,00,22,12,-,01,55.5,314,434,-23.120646,-50.326507,0724,0005,0607,00000067,94.6,1060.3,0:00:00,0:00:00,-,-,0,-,,,,,01,900,00000000,00,11
2025-06-12 16:33:34,2025-06-12 16:33:33,2025-06-12 16:33:34,867488060285201,15334,GTHBM,0x09fe7fbf,,802003,0x0a04,0x0a14,100,14041,0000,0000,01,00,22,12,-,01,68.0,335,422,-23.116579,-50.328585,0724,0005,0607,00000067,95.1,1060.8,0:00:00,0:00:00,-,-,0,-,,,,,,,,,05
2025-06-12 16:33:40,2025-06-12 16:33:39,2025-06-12 16:33:38,867488060285201,15335,GTERI,0x09fe3fbf,0x00028102,802003,0x0a04,0x0a14,100,12650,0000,-,01,00,22,12,-,01,70.7,328,417,-23.115968,-50.328933,0724,0005,0607,00000067,95.2,1060.9,0:00:00,0:00:00,-,-,0,-,,,,,01,900,00000000,00,10
2025-06-12 16:33:49,,,867488060285201,15337,HBD
2025-06-12 16:34:06,2025-06-12 16:34:05,2025-06-12 16:34:06,867488060285201,15338,GTHBM,0x09fe7fbf,,802003,0x0a04,0x0a14,100,13144,0000,0000,01,00,22,12,-,01,56.7,318,402,-23.112374,-50.332275,0724,0005,0607,00000067,95.7,1061.4,0:00:00,0:00:00,-,-,0,-,,,,,,,,,05
2025-06-12 16:34:27,2025-06-12 16:34:26,2025-06-12 16:34:27,867488060285201,15339,GTERI,0x09fe3fbf,0x00028102,802003,0x0a04,0x0a14,100,12405,0000,-,01,00,22,12,-,01,49.0,283,407,-23.110753,-50.334412,0724,0005,0607,00000067,96.0,1061.7,0:00:00,0:00:00,-,-,0,-,,,,,01,900,00000000,00,11
2025-06-12 16:34:32,2025-06-12 16:34:31,2025-06-12 16:34:32,867488060285201,15340,GTERI,0x09fe3fbf,0x00028102,802003,0x0a04,0x0a14,100,12293,0000,-,01,00,22,12,-,01,57.8,233,408,-23.110909,-50.335119,0724,0005,0607,00000067,96.1,1061.8,0:00:00,0:00:00,-,-,0,-,,,,,01,900,00000000,00,11
2025-06-12 16:34:38,2025-06-12 16:34:37,2025-06-12 16:34:38,867488060285201,15341,GTHBM,0x09fe7fbf,,802003,0x0a04,0x0a14,100,12342,0000,0000,01,00,22,12,-,01,58.8,211,412,-23.111576,-50.335695,0724,0005,0607,00000067,96.2,1061.9,0:00:00,0:00:00,-,-,0,-,,,,,,,,,05
2025-06-12 16:34:40,2025-06-12 16:34:39,2025-06-12 16:34:38,867488060285201,15342,GTERI,0x09fe3fbf,0x00028102,802003,0x0a04,0x0a14,100,12342,0000,-,01,00,22,12,-,01,58.8,211,412,-23.111576,-50.335695,0724,0005,0607,00000067,96.2,1061.9,0:00:00,0:00:00,-,-,0,-,,,,,01,900,00000000,00,10
2025-06-12 16:35:11,2025-06-12 16:35:09,2025-06-12 16:35:10,867488060285201,15343,GTHBM,0x09fe7fbf,,802003,0x0a04,0x0a14,100,12304,0000,0000,01,00,22,12,-,01,80.5,236,445,-23.114861,-50.340607,0724,0005,0607,00000067,96.8,1062.5,0:00:00,0:00:00,-,-,0,-,,,,,,,,,05
2025-06-12 16:35:46,2025-06-12 16:35:39,2025-06-12 16:35:38,867488060285201,15344,GTERI,0x09fe3fbf,0x00028102,802003,0x0a04,0x0a14,100,12277,0000,-,01,00,22,12,-,01,108.6,241,413,-23.118549,-50.34683,0724,0005,0607,00000067,97.6,1063.3,0:00:00,0:00:00,-,-,0,-,,,,,01,900,00000000,00,10
2025-06-12 16:35:47,2025-06-12 16:35:41,2025-06-12 16:35:42,867488060285201,15345,GTHBM,0x09fe7fbf,,802003,0x0a04,0x0a14,100,12133,0000,0000,01,00,22,12,-,01,106.7,240,419,-23.119079,-50.347848,0724,0005,0607,00000067,97.7,1063.4,0:00:00,0:00:00,-,-,0,-,,,,,,,,,05
2025-06-12 16:35:50,,,867488060285201,15347,HBD
2025-06-12 16:36:15,2025-06-12 16:36:13,2025-06-12 16:36:14,867488060285201,15348,GTHBM,0x09fe7fbf,,802003,0x0a04,0x0a14,100,12178,0000,0000,01,00,22,12,-,01,80.4,238,466,-23.123139,-50.355049,0724,0005,0607,00004e84,98.5,1064.2,0:00:00,0:00:00,-,-,0,-,,,,,,,,,05
2025-06-12 16:36:41,2025-06-12 16:36:39,2025-06-12 16:36:38,867488060285201,15349,GTERI,0x09fe3fbf,0x00028102,802003,0x0a04,0x0a14,100,12373,0000,-,01,00,22,12,-,01,57.6,238,473,-23.125108,-50.358547,0724,0005,0607,00004e84,99.0,1064.7,0:00:00,0:00:00,-,-,0,-,,,,,01,900,00000000,00,10
2025-06-12 16:36:47,2025-06-12 16:36:45,2025-06-12 16:36:46,867488060285201,15350,GTHBM,0x09fe7fbf,,802003,0x0a04,0x0a14,100,12279,0000,0000,01,00,22,12,-,01,77.0,238,466,-23.125806,-50.359793,0724,0005,0607,0000012f,99.1,1064.8,0:00:00,0:00:00,-,-,0,-,,,,,,,,,05
2025-06-12 16:37:49,,,867488060285201,15355,HBD
2025-06-12 16:37:50,2025-06-12 16:37:17,2025-06-12 16:37:18,867488060285201,15352,GTPDP,0x09fe7fbf,,802003,0x0a04,0x0a14,100,12437,0000,0000,01,00,22,12,-,01,80.9,239,442,-23.129389,-50.366378,0724,0005,bff7,06904500,99.9,1065.6,0:00:00,0:00:00,-,-,0,-
2025-06-12 16:37:50,2025-06-12 16:37:17,2025-06-12 16:37:18,867488060285201,15351,GTHBM,0x09fe7fbf,,802003,0x0a04,0x0a14,100,12437,0000,0000,01,00,22,12,-,01,80.9,239,442,-23.129389,-50.366378,0724,0005,bff7,06904500,99.9,1065.6,0:00:00,0:00:00,-,-,0,-,,,,,,,,,05
2025-06-12 16:37:51,2025-06-12 16:37:39,2025-06-12 16:37:38,867488060285201,15353,GTERI,0x09fe3fbf,0x00028102,802003,0x0a04,0x0a14,100,13991,0000,-,01,00,22,12,-,01,88.9,239,425,-23.131513,-50.370319,0724,0005,bff7,06904501,100.4,1066.1,0:00:00,0:00:00,-,-,0,-,,,,,04,7,00000000,00,10
2025-06-12 16:37:51,2025-06-12 16:37:49,2025-06-12 16:37:50,867488060285201,15356,GTHBM,0x09fe7fbf,,802003,0x0a04,0x0a14,100,14090,0000,0000,01,00,22,12,-,01,79.4,239,418,-23.132816,-50.37267,0724,0005,bff7,06904501,100.6,1066.3,0:00:00,0:00:00,-,-,0,-,,,,,,,,,05
2025-06-12 16:38:23,2025-06-12 16:38:22,2025-06-12 16:38:23,867488060285201,15357,GTHBM,0x09fe7fbf,,802003,0x0a04,0x0a14,100,12280,0000,0000,01,00,22,12,-,01,81.7,231,420,-23.136575,-50.378879,0724,0005,bff7,06904501,101.4,1067.1,0:00:00,0:00:00,-,-,0,-,,,,,,,,,05
2025-06-12 16:39:01,2025-06-12 16:38:40,2025-06-12 16:38:39,867488060285201,15358,GTERI,0x09fe3fbf,0x00028102,802003,0x0a04,0x0a14,100,12362,0000,-,01,00,22,12,-,01,89.1,240,414,-23.138789,-50.381869,0724,0005,bff7,06904501,101.8,1067.5,0:00:00,0:00:00,-,-,0,-,,,,,04,7,00000000,00,10
2025-06-12 16:39:01,2025-06-12 16:38:54,2025-06-12 16:38:55,867488060285201,15359,GTHBM,0x09fe7fbf,,802003,0x0a04,0x0a14,100,12282,0000,0000,01,00,22,12,-,01,81.1,273,441,-23.139023,-50.385475,0724,0005,bff7,0690452d,102.2,1067.9,0:00:00,0:00:00,-,-,0,-,,,,,,,,,05
2025-06-12 16:39:27,2025-06-12 16:39:26,2025-06-12 16:39:27,867488060285201,15360,GTHBM,0x09fe7fbf,,802003,0x0a04,0x0a14,100,12322,0000,0000,01,00,22,12,-,01,104.6,274,458,-23.13854,-50.393862,0724,0005,bff7,06904501,103.0,1068.7,0:00:00,0:00:00,-,-,0,-,,,,,,,,,05
2025-06-12 16:39:41,2025-06-12 16:39:40,2025-06-12 16:39:39,867488060285201,15361,GTERI,0x09fe3fbf,0x00028102,802003,0x0a04,0x0a14,100,12248,0000,-,01,00,22,12,-,01,99.4,273,478,-23.138332,-50.397155,0724,0005,fdaf,068fc82d,103.4,1069.1,0:00:00,0:00:00,-,-,0,-,,,,,04,3,00000000,00,10
2025-06-12 16:39:49,,,867488060285201,15363,HBD
2025-06-12 16:39:59,2025-06-12 16:39:58,2025-06-12 16:39:59,867488060285201,15364,GTHBM,0x09fe7fbf,,802003,0x0a04,0x0a14,100,12370,0000,0000,01,00,22,12,-,01,86.6,304,493,-23.137586,-50.402119,0724,0005,fdaf,068fc82d,103.9,1069.6,0:00:00,0:00:00,-,-,0,-,,,,,,,,,05
2025-06-12 16:40:19,2025-06-12 16:40:18,2025-06-12 16:40:19,867488060285201,15365,GTSPD,0x09fe7fbf,,802003,0x0a04,0x0a14,100,12262,0000,0000,01,00,22,12,-,01,110.8,279,463,-23.135925,-50.406999,0724,0005,fdaf,068fc801,104.4,1070.1,0:00:00,0:00:00,-,-,0,-,,,,,,,,,00
2025-06-12 16:40:31,2025-06-12 16:40:30,2025-06-12 16:40:31,867488060285201,15366,GTHBM,0x09fe7fbf,,802003,0x0a04,0x0a14,100,11858,0000,0000,01,00,22,12,-,01,112.8,278,466,-23.135401,-50.410624,0724,0005,fdaf,068fc800,104.8,1070.5,0:00:00,0:00:00,-,-,0,-,,,,,,,,,05
2025-06-12 16:40:41,2025-06-12 16:40:40,2025-06-12 16:40:39,867488060285201,15367,GTERI,0x09fe3fbf,0x00028102,802003,0x0a04,0x0a14,100,12044,0000,-,01,00,22,12,-,01,115.9,278,459,-23.135047,-50.413081,0724,0005,fdaf,068fc802,105.1,1070.8,0:00:00,0:00:00,-,-,0,-,,,,,04,7,00000000,00,10
2025-06-12 16:41:03,2025-06-12 16:41:02,2025-06-12 16:41:03,867488060285201,15368,GTHBM,0x09fe7fbf,,802003,0x0a04,0x0a14,100,12330,0000,0000,01,00,22,12,-,01,113.0,278,443,-23.133981,-50.420455,0724,0005,fdaf,068fc802,105.8,1071.5,0:00:00,0:00:00,-,-,0,-,,,,,,,,,05
2025-06-12 16:41:35,2025-06-12 16:41:34,2025-06-12 16:41:35,867488060285201,15369,GTHBM,0x09fe7fbf,,802003,0x0a04,0x0a14,100,13966,0000,0000,01,00,22,12,-,01,94.2,279,419,-23.13263,-50.429798,0724,0005,fdaf,068fc806,106.8,1072.5,0:00:00,0:00:00,-,-,0,-,,,,,,,,,05
2025-06-12 16:42:10,2025-06-12 16:41:40,2025-06-12 16:41:39,867488060285201,15370,GTERI,0x09fe3fbf,0x00028102,802003,0x0a04,0x0a14,100,13595,0000,-,01,00,22,12,-,01,90.5,279,414,-23.132487,-50.430775,0724,0005,fdaf,068fc806,106.9,1072.6,0:00:00,0:00:00,-,-,0,-,,,,,04,3,00000000,00,10
2025-06-12 16:42:10,2025-06-12 16:41:40,2025-06-12 16:41:39,867488060285201,15370,GTERI,0x09fe3fbf,0x00028102,802003,0x0a04,0x0a14,100,13595,0000,-,01,00,22,12,-,01,90.5,279,414,-23.132487,-50.430775,0724,0005,fdaf,068fc806,106.9,1072.6,0:00:00,0:00:00,-,-,0,-,,,,,04,3,00000000,00,10
2025-06-12 16:42:10,,,867488060285201,15372,HBD
2025-06-12 16:42:11,2025-06-12 16:42:06,2025-06-12 16:42:07,867488060285201,15373,GTHBM,0x09fe7fbf,,802003,0x0a04,0x0a14,100,12288,0000,0000,01,00,22,12,-,01,86.4,278,407,-23.131499,-50.437541,0724,0005,fdaf,068fc806,107.6,1073.3,0:00:00,0:00:00,-,-,0,-,,,,,,,,,05
2025-06-12 16:43:05,2025-06-12 16:42:38,2025-06-12 16:42:39,867488060285201,15374,GTHBM,0x09fe7fbf,,802003,0x0a04,0x0a14,100,12291,0000,0000,01,00,22,12,-,01,96.0,279,383,-23.130368,-50.445277,0724,0005,fdaf,068fc806,108.4,1074.1,0:00:00,0:00:00,-,-,0,-,,,,,,,,,05
2025-06-12 16:43:07,2025-06-12 16:42:38,2025-06-12 16:42:39,867488060285201,15374,GTHBM,0x09fe7fbf,,802003,0x0a04,0x0a14,100,12291,0000,0000,01,00,22,12,-,01,96.0,279,383,-23.130368,-50.445277,0724,0005,fdaf,068fc806,108.4,1074.1,0:00:00,0:00:00,-,-,0,-,,,,,,,,,05
2025-06-12 16:43:09,2025-06-12 16:42:40,2025-06-12 16:42:39,867488060285201,15375,GTERI,0x09fe3fbf,0x00028102,802003,0x0a04,0x0a14,100,13287,0000,-,01,00,22,12,-,01,96.0,279,383,-23.130368,-50.445277,0724,0005,fdaf,068fc806,108.4,1074.1,0:00:00,0:00:00,-,-,0,-,,,,,04,3,00000000,00,10
2025-06-12 16:43:12,2025-06-12 16:43:10,2025-06-12 16:43:11,867488060285201,15376,GTHBM,0x09fe7fbf,,802003,0x0a04,0x0a14,100,12342,0000,0000,01,00,22,12,-,01,81.4,289,383,-23.127999,-50.452132,0724,0005,fdaf,068fc806,109.2,1074.9,0:00:00,0:00:00,-,-,0,-,,,,,,,,,05
2025-06-12 16:43:42,2025-06-12 16:43:40,2025-06-12 16:43:39,867488060285201,15377,GTERI,0x09fe3fbf,0x00028102,802003,0x0a04,0x0a14,100,12351,0000,-,01,00,22,12,-,01,79.5,270,388,-23.127386,-50.458502,0724,0005,fdaf,068fc806,109.8,1075.5,0:00:00,0:00:00,-,-,0,-,,,,,01,900,00000000,00,10
2025-06-12 16:43:43,2025-06-12 16:43:42,2025-06-12 16:43:43,867488060285201,15378,GTHBM,0x09fe7fbf,,802003,0x0a04,0x0a14,100,12351,0000,0000,01,00,22,12,-,01,81.3,261,392,-23.127447,-50.459364,0724,0005,fdaf,068fc806,109.9,1075.6,0:00:00,0:00:00,-,-,0,-,,,,,,,,,05
2025-06-12 16:44:11,,,867488060285201,15380,HBD
2025-06-12 16:44:17,2025-06-12 16:44:14,2025-06-12 16:44:15,867488060285201,15381,GTHBM,0x09fe7fbf,,802003,0x0a04,0x0a14,100,12137,0000,0000,01,00,22,12,-,01,96.7,254,425,-23.129257,-50.467098,0724,0005,fdaf,068fc806,110.7,1076.4,0:00:00,0:00:00,-,-,0,-,,,,,,,,,05
2025-06-12 16:45:02,2025-06-12 16:44:40,2025-06-12 16:44:39,867488060285201,15382,GTERI,0x09fe3fbf,0x00028102,802003,0x0a04,0x0a14,100,14097,0000,-,01,00,22,12,-,01,83.8,236,442,-23.131965,-50.472649,0724,0005,fdaf,068fc806,111.4,1077.1,0:00:00,0:00:00,-,-,0,-,,,,,01,1800,00000000,00,10
2025-06-12 16:45:06,2025-06-12 16:44:40,2025-06-12 16:44:39,867488060285201,15382,GTERI,0x09fe3fbf,0x00028102,802003,0x0a04,0x0a14,100,14097,0000,-,01,00,22,12,-,01,83.8,236,442,-23.131965,-50.472649,0724,0005,fdaf,068fc806,111.4,1077.1,0:00:00,0:00:00,-,-,0,-,,,,,01,1800,00000000,00,10
2025-06-12 16:45:08,2025-06-12 16:44:46,2025-06-12 16:44:47,867488060285201,15383,GTHBM,0x09fe7fbf,,802003,0x0a04,0x0a14,100,12301,0000,0000,01,00,22,12,-,01,90.1,237,442,-23.132905,-50.474206,0724,0005,fdaf,068fc806,111.6,1077.3,0:00:00,0:00:00,-,-,0,-,,,,,,,,,05
2025-06-12 16:45:24,2025-06-12 16:45:18,2025-06-12 16:45:19,867488060285201,15384,GTHBM,0x09fe7fbf,,802003,0x0a04,0x0a14,100,12334,0000,0000,01,00,22,12,-,01,93.4,236,437,-23.137033,-50.481073,0724,0005,fdaf,068fc806,112.4,1078.1,0:00:00,0:00:00,-,-,0,-,,,,,,,,,05
2025-06-12 16:45:42,2025-06-12 16:45:40,2025-06-12 16:45:39,867488060285201,15385,GTERI,0x09fe3fbf,0x00028102,802003,0x0a04,0x0a14,100,12341,0000,-,01,00,22,12,-,01,85.5,237,436,-23.139494,-50.485174,0724,0005,fdaf,068fc806,112.9,1078.6,0:00:00,0:00:00,-,-,0,-,,,,,01,900,00000000,00,10
2025-06-12 16:46:13,2025-06-12 16:45:50,2025-06-12 16:45:51,867488060285201,15386,GTHBM,0x09fe7fbf,,802003,0x0a04,0x0a14,100,12081,0000,0000,01,00,22,12,-,01,88.8,236,433,-23.140914,-50.487536,0724,0005,fdaf,068fc806,113.2,1078.9,0:00:00,0:00:00,-,-,0,-,,,,,,,,,05
2025-06-12 16:46:15,,,867488060285201,15388,HBD
2025-06-12 16:46:24,2025-06-12 16:46:22,2025-06-12 16:46:23,867488060285201,15389,GTHBM,0x09fe7fbf,,802003,0x0a04,0x0a14,100,12196,0000,0000,01,00,22,12,-,01,89.1,243,437,-23.144276,-50.49444,0724,0005,04db,0000278e,114.0,1079.7,0:00:00,0:00:00,-,-,0,-,,,,,,,,,05
2025-06-12 16:46:42,2025-06-12 16:46:40,2025-06-12 16:46:39,867488060285201,15390,GTERI,0x09fe3fbf,0x00028102,802003,0x0a04,0x0a14,100,12390,0000,-,01,00,22,12,-,01,86.0,242,446,-23.145911,-50.49793,0724,0005,04db,0000278e,114.4,1080.1,0:00:00,0:00:00,-,-,0,-,,,,,01,900,00000000,00,10
2025-06-12 16:47:01,2025-06-12 16:46:54,2025-06-12 16:46:55,867488060285201,15391,GTHBM,0x09fe7fbf,,802003,0x0a04,0x0a14,100,12334,0000,0000,01,00,22,12,-,01,91.7,200,454,-23.148811,-50.499892,0724,0005,616f,00004eb8,114.8,1080.5,0:00:00,0:00:00,-,-,0,-,,,,,,,,,05
2025-06-12 16:47:49,2025-06-12 16:47:26,2025-06-12 16:47:27,867488060285201,15392,GTHBM,0x09fe7fbf,,802003,0x0a04,0x0a14,100,12272,0000,0000,01,00,22,12,-,01,91.3,250,457,-23.154719,-50.503989,0724,0005,616f,00004eb8,115.6,1081.3,0:00:00,0:00:00,-,-,0,-,,,,,,,,,05
2025-06-12 16:47:51,2025-06-12 16:47:40,2025-06-12 16:47:39,867488060285201,15393,GTERI,0x09fe3fbf,0x00028102,802003,0x0a04,0x0a14,100,13096,0000,-,01,00,22,12,-,01,97.0,252,444,-23.155679,-50.506919,0724,0005,616f,00004eb8,115.9,1081.7,0:00:00,0:00:00,-,-,0,-,,,,,01,900,00000000,00,10
2025-06-12 16:48:00,2025-06-12 16:47:58,2025-06-12 16:47:59,867488060285201,15394,GTHBM,0x09fe7fbf,,802003,0x0a04,0x0a14,100,12248,0000,0000,01,00,22,12,-,01,90.8,279,434,-23.15523,-50.51189,0724,0005,04db,0000278e,116.4,1082.1,0:00:00,0:00:00,-,-,0,-,,,,,,,,,05
2025-06-12 16:48:15,,,867488060285201,15395,HBD
2025-06-12 16:48:32,2025-06-12 16:48:30,2025-06-12 16:48:31,867488060285201,15397,GTHBM,0x09fe7fbf,,802003,0x0a04,0x0a14,100,12310,0000,0000,01,00,22,12,-,01,84.4,279,427,-23.154132,-50.51925,0724,0005,04db,0000278e,117.2,1082.9,0:00:00,0:00:00,-,-,0,-,,,,,,,,,05
2025-06-12 16:48:41,2025-06-12 16:48:40,2025-06-12 16:48:39,867488060285201,15398,GTERI,0x09fe3fbf,0x00028102,802003,0x0a04,0x0a14,100,12386,0000,-,01,00,22,12,-,01,85.0,282,432,-23.15384,-50.521092,0724,0005,04db,0000278e,117.4,1083.1,0:00:00,0:00:00,-,-,0,-,,,,,01,900,00000000,00,10
2025-06-12 16:48:44,2025-06-12 16:48:42,2025-06-12 16:48:43,867488060285201,15399,GTHBM,0x09fe7fbf,,802003,0x0a04,0x0a14,100,12386,0000,0000,01,00,22,12,-,01,67.6,303,436,-23.153534,-50.521853,0724,0005,04db,0000278e,117.5,1083.2,0:00:00,0:00:00,-,-,0,-,,,,,,,,,00
2025-06-12 16:48:54,2025-06-12 16:48:50,2025-06-12 16:48:51,867488060285201,15400,GTHBM,0x09fe7fbf,,802003,0x0a04,0x0a14,100,12376,0000,0000,01,00,22,12,-,01,59.7,305,446,-23.152853,-50.522917,0724,0005,04db,0000278e,117.6,1083.3,0:00:00,0:00:00,-,-,0,-,,,,,,,,,05
2025-06-12 16:50:37,,,867488060285201,15405,HBD
2025-06-12 16:50:38,2025-06-12 16:50:05,2025-06-12 16:50:06,867488060285201,15404,GTPDP,0x09fe7fbf,,802003,0x0a04,0x0a14,100,12348,0000,0000,01,00,22,12,-,01,87.2,275,494,-23.148943,-50.536787,0000,0000,0000,00000000,119.1,1084.8,0:00:00,0:00:00,-,-,0,-
2025-06-12 16:50:38,2025-06-12 16:49:40,2025-06-12 16:49:39,867488060285201,15402,GTERI,0x09fe3fbf,0x00028102,802003,0x0a04,0x0a14,100,12336,0000,-,01,00,22,12,-,01,75.3,275,488,-23.149499,-50.530735,0724,0005,04db,0000278e,118.5,1084.2,0:00:00,0:00:00,-,-,0,-,,,,,01,900,00000000,00,10
2025-06-12 16:50:39,2025-06-12 16:49:54,2025-06-12 16:49:55,867488060285201,15403,GTHBM,0x09fe7fbf,,802003,0x0a04,0x0a14,100,12317,0000,0000,01,00,22,12,-,01,84.9,275,491,-23.149178,-50.534226,0724,0005,04db,0000278e,118.9,1084.6,0:00:00,0:00:00,-,-,0,-,,,,,,,,,05
2025-06-12 16:50:39,2025-06-12 16:50:27,2025-06-12 16:50:28,867488060285201,15407,GTHBM,0x09fe7fbf,,802003,0x0a04,0x0a14,100,12388,0000,0000,01,00,22,12,-,01,89.6,275,500,-23.148447,-50.542234,0724,0005,bff7,06903406,119.7,1085.4,0:00:00,0:00:00,-,-,0,-,,,,,,,,,05
2025-06-12 16:50:40,2025-06-12 16:49:22,2025-06-12 16:49:23,867488060285201,15401,GTHBM,0x09fe7fbf,,802003,0x0a04,0x0a14,100,12233,0000,0000,01,00,22,12,-,01,77.6,298,469,-23.150021,-50.527312,0724,0005,04db,0000278e,118.2,1083.9,0:00:00,0:00:00,-,-,0,-,,,,,,,,,05
2025-06-12 16:50:42,2025-06-12 16:50:41,2025-06-12 16:50:40,867488060285201,15408,GTERI,0x09fe3fbf,0x00028102,802003,0x0a04,0x0a14,100,12350,0000,-,01,00,22,12,-,01,83.1,275,512,-23.148194,-50.545019,0724,0005,bff7,06903406,120.0,1085.7,0:00:00,0:00:00,-,-,0,-,,,,,04,3,00000000,00,10
2025-06-12 16:51:00,2025-06-12 16:50:59,2025-06-12 16:51:00,867488060285201,15409,GTHBM,0x09fe7fbf,,802003,0x0a04,0x0a14,100,13692,0000,0000,01,00,22,12,-,01,63.7,275,519,-23.147828,-50.548964,0724,0005,bff7,06903406,120.4,1086.1,0:00:00,0:00:00,-,-,0,-,,,,,,,,,05
2025-06-12 16:51:33,2025-06-12 16:51:32,2025-06-12 16:51:33,867488060285201,15410,GTHBM,0x09fe7fbf,,802003,0x0a04,0x0a14,100,12227,0000,0000,01,00,22,12,-,01,78.0,275,522,-23.147243,-50.555345,0724,0005,bff7,06903406,121.0,1086.7,0:00:00,0:00:00,-,-,0,-,,,,,,,,,05
2025-06-12 16:51:45,2025-06-12 16:51:41,2025-06-12 16:51:41,867488060285201,15411,GTERI,0x09fe3fbf,0x00028102,802003,0x0a04,0x0a14,100,12183,0000,-,01,00,22,12,-,01,83.6,275,523,-23.147077,-50.557093,0724,0005,bff7,06903406,121.2,1087.0,0:00:00,0:00:00,-,-,0,-,,,,,04,3,00000000,00,10
2025-06-12 16:52:06,2025-06-12 16:52:04,2025-06-12 16:52:05,867488060285201,15412,GTHBM,0x09fe7fbf,,802003,0x0a04,0x0a14,100,12303,0000,0000,01,00,22,12,-,01,78.1,275,539,-23.146573,-50.562534,0724,0005,bff7,0690341e,121.8,1087.5,0:00:00,0:00:00,-,-,0,-,,,,,,,,,05
2025-06-12 16:52:36,,,867488060285201,15413,HBD
2025-06-12 16:52:37,2025-06-12 16:52:36,2025-06-12 16:52:37,867488060285201,15415,GTHBM,0x09fe7fbf,,802003,0x0a04,0x0a14,100,12348,0000,0000,01,00,22,12,-,01,83.8,275,549,-23.145981,-50.569057,0724,0005,bff7,0690341e,122.5,1088.2,0:00:00,0:00:00,-,-,0,-,,,,,,,,,05
2025-06-12 16:52:42,2025-06-12 16:52:41,2025-06-12 16:52:40,867488060285201,15416,GTERI,0x09fe3fbf,0x00028102,802003,0x0a04,0x0a14,100,12317,0000,-,01,00,22,12,-,01,84.4,275,550,-23.145923,-50.569737,0724,0005,bff7,0690341e,122.5,1088.3,0:00:00,0:00:00,-,-,0,-,,,,,04,1,00000000,00,10
2025-06-12 16:53:14,2025-06-12 16:53:08,2025-06-12 16:53:09,867488060285201,15417,GTHBM,0x09fe7fbf,,802003,0x0a04,0x0a14,100,12290,0000,0000,01,00,22,12,-,01,79.2,276,567,-23.145332,-50.576032,0724,0005,bff7,0690341e,123.2,1088.9,0:00:00,0:00:00,-,-,0,-,,,,,,,,,05
2025-06-12 16:53:41,2025-06-12 16:53:40,2025-06-12 16:53:41,867488060285201,15418,GTHBM,0x09fe7fbf,,802003,0x0a04,0x0a14,100,12303,0000,0000,01,00,22,12,-,01,73.7,275,574,-23.144679,-50.58317,0724,0005,bff7,068fde04,123.9,1089.6,0:00:00,0:00:00,-,-,0,-,,,,,,,,,05
2025-06-12 16:53:42,2025-06-12 16:53:41,2025-06-12 16:53:41,867488060285201,15419,GTERI,0x09fe3fbf,0x00028102,802003,0x0a04,0x0a14,100,12952,0000,-,01,00,22,12,-,01,73.7,275,574,-23.144679,-50.58317,0724,0005,bff7,068fde04,123.9,1089.6,0:00:00,0:00:00,-,-,0,-,,,,,04,3,00000000,00,10
2025-06-12 16:54:13,2025-06-12 16:54:12,2025-06-12 16:54:13,867488060285201,15420,GTHBM,0x09fe7fbf,,802003,0x0a04,0x0a14,100,12712,0000,0000,01,00,22,12,-,01,81.0,235,566,-23.144699,-50.590143,0724,0005,bff7,068fde04,124.6,1090.3,0:00:00,0:00:00,-,-,0,-,,,,,,,,,05
2025-06-12 16:54:15,2025-06-12 16:54:14,2025-06-12 16:54:15,867488060285201,15421,GTERI,0x09fe3fbf,0x00028102,802003,0x0a04,0x0a14,100,12712,0000,-,01,00,22,12,-,01,80.9,230,565,-23.144948,-50.59049,0724,0005,bff7,068fde04,124.7,1090.4,0:00:00,0:00:00,-,-,0,-,,,,,04,3,00000000,00,11
2025-06-12 16:54:36,,,867488060285201,15422,HBD
2025-06-12 16:54:42,2025-06-12 16:54:41,2025-06-12 16:54:41,867488060285201,15424,GTERI,0x09fe3fbf,0x00028102,802003,0x0a04,0x0a14,100,12171,0000,-,01,00,22,12,-,01,82.2,230,557,-23.14827,-50.594839,0724,0005,bff7,068fde00,125.3,1091.0,0:00:00,0:00:00,-,-,0,-,,,,,04,7,00000000,00,10
2025-06-12 16:54:45,2025-06-12 16:54:44,2025-06-12 16:54:45,867488060285201,15425,GTHBM,0x09fe7fbf,,802003,0x0a04,0x0a14,100,12331,0000,0000,01,00,22,12,-,01,83.1,230,557,-23.1488,-50.595534,0724,0005,bff7,068fde00,125.4,1091.1,0:00:00,0:00:00,-,-,0,-,,,,,,,,,05
2025-06-12 16:55:17,2025-06-12 16:55:16,2025-06-12 16:55:17,867488060285201,15426,GTHBM,0x09fe7fbf,,802003,0x0a04,0x0a14,100,12314,0000,0000,01,00,22,12,-,01,75.9,230,559,-23.152725,-50.600682,0724,0005,bff7,068fde04,126.0,1091.7,0:00:00,0:00:00,-,-,0,-,,,,,,,,,05
2025-06-12 16:55:42,2025-06-12 16:55:41,2025-06-12 16:55:41,867488060285201,15427,GTERI,0x09fe3fbf,0x00028102,802003,0x0a04,0x0a14,100,12277,0000,-,01,00,22,12,-,01,78.1,230,561,-23.155665,-50.604535,0724,0005,bff7,068fde00,126.6,1092.3,0:00:00,0:00:00,-,-,0,-,,,,,04,7,00000000,00,10
2025-06-12 16:55:49,2025-06-12 16:55:48,2025-06-12 16:55:49,867488060285201,15428,GTHBM,0x09fe7fbf,,802003,0x0a04,0x0a14,100,12199,0000,0000,01,00,22,12,-,01,78.6,230,561,-23.156669,-50.605846,0724,0005,bff7,068fde00,126.7,1092.4,0:00:00,0:00:00,-,-,0,-,,,,,,,,,05
2025-06-12 16:56:21,2025-06-12 16:56:20,2025-06-12 16:56:21,867488060285201,15429,GTHBM,0x09fe7fbf,,802003,0x0a04,0x0a14,100,12313,0000,0000,01,00,22,12,-,01,41.2,198,564,-23.160287,-50.608114,0724,0005,bff7,068fde00,127.2,1092.9,0:00:00,0:00:00,-,-,0,-,,,,,,,,,05
2025-06-12 16:56:37,,,867488060285201,15430,HBD
2025-06-12 16:56:42,2025-06-12 16:56:41,2025-06-12 16:56:41,867488060285201,15432,GTERI,0x09fe3fbf,0x00028102,802003,0x0a04,0x0a14,100,12251,0000,-,01,00,22,12,-,01,56.1,199,569,-23.162843,-50.609113,0724,0005,bff7,068fde00,127.5,1093.2,0:00:00,0:00:00,-,-,0,-,,,,,04,7,00000000,00,10
2025-06-12 16:56:53,2025-06-12 16:56:52,2025-06-12 16:56:53,867488060285201,15433,GTHBM,0x09fe7fbf,,802003,0x0a04,0x0a14,100,12339,0000,0000,01,00,22,12,-,01,67.7,200,576,-23.164625,-50.609816,0724,0005,bff7,068fde00,127.7,1093.4,0:00:00,0:00:00,-,-,0,-,,,,,,,,,05
2025-06-12 16:57:25,2025-06-12 16:57:24,2025-06-12 16:57:25,867488060285201,15434,GTHBM,0x09fe7fbf,,802003,0x0a04,0x0a14,100,12363,0000,0000,01,00,22,12,-,01,75.0,199,600,-23.169805,-50.613069,0724,0005,bff7,068fde00,128.4,1094.1,0:00:00,0:00:00,-,-,0,-,,,,,,,,,05
2025-06-12 16:57:42,2025-06-12 16:57:41,2025-06-12 16:57:40,867488060285201,15435,GTERI,0x09fe3fbf,0x00028102,802003,0x0a04,0x0a14,100,12287,0000,-,01,00,22,12,-,01,84.1,207,608,-23.172639,-50.613861,0724,0005,bff7,068fde00,128.7,1094.4,0:00:00,0:00:00,-,-,0,-,,,,,04,7,00000000,00,10
2025-06-12 16:58:08,2025-06-12 16:57:50,2025-06-12 16:57:51,867488060285201,15436,GTERI,0x09fe3fbf,0x00028102,802003,0x0a04,0x0a14,100,12228,0000,-,01,00,22,12,-,01,73.1,253,616,-23.174078,-50.61545,0724,0005,bff7,068fde00,129.0,1094.7,0:00:00,0:00:00,-,-,0,-,,,,,04,7,00000000,00,11
2025-06-12 16:58:08,2025-06-12 16:57:56,2025-06-12 16:57:57,867488060285201,15437,GTHBM,0x09fe7fbf,,802003,0x0a04,0x0a14,100,12176,0000,0000,01,00,22,12,-,01,76.8,285,620,-23.174071,-50.616647,0724,0005,bff7,068fde00,129.1,1094.8,0:00:00,0:00:00,-,-,0,-,,,,,,,,,05
2025-06-12 16:58:09,2025-06-12 16:57:58,2025-06-12 16:57:59,867488060285201,15438,GTERI,0x09fe3fbf,0x00028102,802003,0x0a04,0x0a14,100,12333,0000,-,01,00,22,12,-,01,81.9,299,622,-23.173902,-50.61704,0724,0005,bff7,068fde00,129.1,1094.8,0:00:00,0:00:00,-,-,0,-,,,,,04,7,00000000,00,11
2025-06-12 16:58:29,2025-06-12 16:58:28,2025-06-12 16:58:29,867488060285201,15439,GTHBM,0x09fe7fbf,,802003,0x0a04,0x0a14,100,12336,0000,0000,01,00,22,12,-,01,68.9,258,615,-23.173906,-50.622176,0724,0005,bff7,068fde00,129.7,1095.4,0:00:00,0:00:00,-,-,0,-,,,,,,,,,05
2025-06-12 16:58:32,2025-06-12 16:58:31,2025-06-12 16:58:32,867488060285201,15440,GTERI,0x09fe3fbf,0x00028102,802003,0x0a04,0x0a14,100,14016,0000,-,01,00,22,12,-,01,65.1,253,613,-23.174018,-50.622708,0724,0005,bff7,068fde00,129.7,1095.4,0:00:00,0:00:00,-,-,0,-,,,,,04,7,00000000,00,11
2025-06-12 16:58:36,,,867488060285201,15441,HBD
2025-06-12 16:58:39,2025-06-12 16:58:38,2025-06-12 16:58:39,867488060285201,15443,GTERI,0x09fe3fbf,0x00028102,802003,0x0a04,0x0a14,100,13780,0000,-,01,00,22,12,-,01,65.3,206,607,-23.174738,-50.623624,0724,0005,bff7,068fde00,129.9,1095.6,0:00:00,0:00:00,-,-,0,-,,,,,04,7,00000000,00,11
2025-06-12 16:58:42,2025-06-12 16:58:41,2025-06-12 16:58:40,867488060285201,15444,GTERI,0x09fe3fbf,0x00028102,802003,0x0a04,0x0a14,100,13780,0000,-,01,00,22,12,-,01,66.0,199,606,-23.174892,-50.623688,0724,0005,bff7,068fde00,129.9,1095.6,0:00:00,0:00:00,-,-,0,-,,,,,04,7,00000000,00,10
2025-06-12 16:59:20,2025-06-12 16:59:00,2025-06-12 16:59:01,867488060285201,15445,GTHBM,0x09fe7fbf,,802003,0x0a04,0x0a14,100,14088,0000,0000,01,00,22,12,-,01,81.3,199,590,-23.178846,-50.623295,0724,0005,bff7,068fde00,130.3,1096.0,0:00:00,0:00:00,-,-,0,-,,,,,,,,,05
2025-06-12 16:59:20,2025-06-12 16:59:07,2025-06-12 16:59:08,867488060285201,15446,GTERI,0x09fe3fbf,0x00028102,802003,0x0a04,0x0a14,100,14060,0000,-,01,00,22,12,-,01,80.4,246,582,-23.17985,-50.624314,0724,0005,bff7,068fde00,130.5,1096.2,0:00:00,0:00:00,-,-,0,-,,,,,04,7,00000000,00,11
2025-06-12 16:59:33,2025-06-12 16:59:32,2025-06-12 16:59:33,867488060285201,15447,GTHBM,0x09fe7fbf,,802003,0x0a04,0x0a14,100,12178,0000,0000,01,00,22,12,-,01,83.8,254,575,-23.180866,-50.629863,0724,0005,bff7,068fde01,131.1,1096.8,0:00:00,0:00:00,-,-,0,-,,,,,,,,,05
2025-06-12 16:59:42,2025-06-12 16:59:41,2025-06-12 16:59:41,867488060285201,15448,GTERI,0x09fe3fbf,0x00028102,802003,0x0a04,0x0a14,100,12307,0000,-,01,00,22,12,-,01,73.7,231,585,-23.181729,-50.631324,0724,0005,bff7,068fde01,131.2,1096.9,0:00:00,0:00:00,-,-,0,-,,,,,04,7,00000000,00,10
2025-06-12 17:00:05,2025-06-12 17:00:04,2025-06-12 17:00:05,867488060285201,15449,GTHBM,0x09fe7fbf,,802003,0x0a04,0x0a14,100,12236,0000,0000,01,00,22,12,-,01,69.3,274,611,-23.182749,-50.635306,0724,0005,bff7,068fde01,131.7,1097.4,0:00:00,0:00:00,-,-,0,-,,,,,,,,,05
2025-06-12 17:02:03,2025-06-12 17:00:34,2025-06-12 17:00:35,867488060285201,15450,GTERI,0x09fe3fbf,0x00028102,802003,0x0a04,0x0a14,100,12310,0000,-,01,00,22,12,-,01,60.3,184,646,-23.184683,-50.639712,0724,0005,bff7,068fde01,132.3,1098.0,0:00:00,0:00:00,-,-,0,-,,,,,04,7,00000000,00,11
2025-06-12 17:02:03,,,867488060285201,15451,HBD
2025-06-12 17:02:04,2025-06-12 17:00:36,2025-06-12 17:00:37,867488060285201,15453,GTHBM,0x09fe7fbf,,802003,0x0a04,0x0a14,100,12231,0000,0000,01,00,22,12,-,01,61.5,177,648,-23.18499,-50.639712,0724,0005,bff7,068fde01,132.3,1098.0,0:00:00,0:00:00,-,-,0,-,,,,,,,,,05
2025-06-12 17:02:04,2025-06-12 17:00:41,2025-06-12 17:00:40,867488060285201,15454,GTERI,0x09fe3fbf,0x00028102,802003,0x0a04,0x0a14,100,12285,0000,-,01,00,22,12,-,01,63.5,165,650,-23.185452,-50.639628,0724,0005,bff7,068fde01,132.4,1098.1,0:00:00,0:00:00,-,-,0,-,,,,,04,7,00000000,00,10
2025-06-12 17:02:04,2025-06-12 17:00:54,2025-06-12 17:00:55,867488060285201,15455,GTERI,0x09fe3fbf,0x00028102,802003,0x0a04,0x0a14,100,12346,0000,-,01,00,22,12,-,01,71.5,212,668,-23.187906,-50.639432,0724,0005,bff7,068fde01,132.6,1098.3,0:00:00,0:00:00,-,-,0,-,,,,,04,7,00000000,00,11
2025-06-12 17:02:05,2025-06-12 17:01:09,2025-06-12 17:01:10,867488060285201,15456,GTHBM,0x09fe7fbf,,802003,0x0a04,0x0a14,100,11934,0000,0000,01,00,22,12,-,01,72.2,253,685,-23.188913,-50.642079,0724,0005,bff7,068fde01,132.9,1098.6,0:00:00,0:00:00,-,-,0,-,,,,,,,,,05
2025-06-12 17:02:05,2025-06-12 17:01:41,2025-06-12 17:01:42,867488060285201,15457,GTHBM,0x09fe7fbf,,802003,0x0a04,0x0a14,100,12616,0000,0000,01,00,22,12,-,01,85.1,226,663,-23.19152,-50.648262,0724,0005,bff7,068fde01,133.6,1099.3,0:00:00,0:00:00,-,-,0,-,,,,,,,,,05
2025-06-12 17:02:06,2025-06-12 17:01:41,2025-06-12 17:01:41,867488060285201,15458,GTERI,0x09fe3fbf,0x00028102,802003,0x0a04,0x0a14,100,12616,0000,-,01,00,22,12,-,01,85.8,227,664,-23.191373,-50.648093,0724,0005,bff7,068fde01,133.6,1099.3,0:00:00,0:00:00,-,-,0,-,,,,,04,7,00000000,00,10
2025-06-12 17:02:06,2025-06-12 17:01:57,2025-06-12 17:01:58,867488060285201,15459,GTHBM,0x09fe7fbf,,802003,0x0a04,0x0a14,100,12201,0000,0000,01,00,22,12,-,01,37.4,229,646,-23.193379,-50.650475,0724,0005,bff7,068fde01,133.9,1099.6,0:00:00,0:00:00,-,-,0,-,,,,,,,,,00
2025-06-12 17:02:59,,,867488060285201,15465,HBD
2025-06-12 17:03:00,2025-06-12 17:02:27,2025-06-12 17:02:28,867488060285201,15462,GTPDP,0x09fe7fbf,,802003,0x0a04,0x0a14,100,12252,0000,0000,01,00,22,12,-,01,55.8,225,625,-23.196026,-50.653723,0724,0005,bff7,06905400,134.4,1100.1,0:00:00,0:00:00,-,-,0,-
2025-06-12 17:03:00,2025-06-12 17:02:07,2025-06-12 17:02:08,867488060285201,15460,GTHBM,0x09fe7fbf,,802003,0x0a04,0x0a14,100,12265,0000,0000,01,00,22,12,-,01,56.1,229,641,-23.193991,-50.651228,0724,0005,bff7,068fde01,134.0,1099.7,0:00:00,0:00:00,-,-,0,-,,,,,,,,,01
2025-06-12 17:03:01,2025-06-12 17:02:11,2025-06-12 17:02:12,867488060285201,15461,GTHBM,0x09fe7fbf,,802003,0x0a04,0x0a14,100,12373,0000,0000,01,00,22,12,-,01,64.0,228,637,-23.194398,-50.651736,0724,0005,bff7,06905400,134.1,1099.8,0:00:00,0:00:00,-,-,0,-,,,,,,,,,05
2025-06-12 17:03:01,2025-06-12 17:02:41,2025-06-12 17:02:40,867488060285201,15463,GTERI,0x09fe3fbf,0x00028102,802003,0x0a04,0x0a14,100,12334,0000,-,01,00,22,12,-,01,58.0,178,617,-23.197579,-50.65444,0724,0005,bff7,06905402,134.6,1100.3,0:00:00,0:00:00,-,-,0,-,,,,,04,7,00000000,00,10
2025-06-12 17:03:02,2025-06-12 17:02:43,2025-06-12 17:02:44,867488060285201,15464,GTHBM,0x09fe7fbf,,802003,0x0a04,0x0a14,100,12269,0000,0000,01,00,22,12,-,01,54.2,166,614,-23.198126,-50.654352,0724,0005,bff7,06905400,134.6,1100.3,0:00:00,0:00:00,-,-,0,-,,,,,,,,,05
2025-06-12 17:03:17,2025-06-12 17:03:16,2025-06-12 17:03:17,867488060285201,15467,GTHBM,0x09fe7fbf,,802003,0x0a04,0x0a14,100,14185,0000,0000,01,00,22,12,-,01,64.5,188,588,-23.202865,-50.655138,0724,0005,bff7,06905401,135.2,1100.9,0:00:00,0:00:00,-,-,0,-,,,,,,,,,05
2025-06-12 17:03:35,2025-06-12 17:03:34,2025-06-12 17:03:35,867488060285201,15468,GTERI,0x09fe3fbf,0x00028102,802003,0x0a04,0x0a14,100,13185,0000,-,01,00,22,12,-,01,80.7,223,563,-23.20584,-50.655898,0724,0005,bff7,06905401,135.6,1101.3,0:00:00,0:00:00,-,-,0,-,,,,,04,7,00000000,00,11
2025-06-12 17:03:42,2025-06-12 17:03:41,2025-06-12 17:03:41,867488060285201,15469,GTERI,0x09fe3fbf,0x00028102,802003,0x0a04,0x0a14,100,13991,0000,-,01,00,22,12,-,01,84.8,248,555,-23.206459,-50.65706,0724,0005,bff7,06905401,135.7,1101.4,0:00:00,0:00:00,-,-,0,-,,,,,04,7,00000000,00,10
2025-06-12 17:03:49,2025-06-12 17:03:48,2025-06-12 17:03:49,867488060285201,15470,GTHBM,0x09fe7fbf,,802003,0x0a04,0x0a14,100,12365,0000,0000,01,00,22,12,-,01,86.8,248,550,-23.207097,-50.658789,0724,0005,bff7,06905401,135.9,1101.6,0:00:00,0:00:00,-,-,0,-,,,,,,,,,05
2025-06-12 17:04:21,2025-06-12 17:04:20,2025-06-12 17:04:21,867488060285201,15471,GTHBM,0x09fe7fbf,,802003,0x0a04,0x0a14,100,12356,0000,0000,01,00,22,12,-,01,90.7,256,506,-23.210652,-50.665536,0724,0005,bff7,06905401,136.7,1102.4,0:00:00,0:00:00,-,-,0,-,,,,,,,,,05
2025-06-12 17:04:42,2025-06-12 17:04:41,2025-06-12 17:04:40,867488060285201,15472,GTERI,0x09fe3fbf,0x00028102,802003,0x0a04,0x0a14,100,12160,0000,-,01,00,22,12,-,01,87.5,203,507,-23.213374,-50.668829,0724,0005,bff7,06905401,137.2,1102.9,0:00:00,0:00:00,-,-,0,-,,,,,04,7,00000000,00,10
2025-06-12 17:04:53,2025-06-12 17:04:52,2025-06-12 17:04:53,867488060285201,15473,GTHBM,0x09fe7fbf,,802003,0x0a04,0x0a14,100,12276,0000,0000,01,00,22,12,-,01,90.6,195,515,-23.216196,-50.669757,0724,0005,bff7,06905401,137.5,1103.2,0:00:00,0:00:00,-,-,0,-,,,,,,,,,05
2025-06-12 17:04:59,,,867488060285201,15474,HBD
2025-06-12 17:05:24,2025-06-12 17:05:23,2025-06-12 17:05:24,867488060285201,15476,GTHBM,0x09fe7fbf,,802003,0x0a04,0x0a14,100,14038,0000,0000,01,00,22,12,-,01,92.1,202,501,-23.22303,-50.672005,0724,0005,bff7,068fe004,138.3,1104.0,0:00:00,0:00:00,-,-,0,-,,,,,,,,,05
2025-06-12 17:05:42,2025-06-12 17:05:41,2025-06-12 17:05:40,867488060285201,15477,GTERI,0x09fe3fbf,0x00028102,802003,0x0a04,0x0a14,100,12363,0000,-,01,00,22,12,-,01,104.5,224,486,-23.22603,-50.674948,0724,0005,bff7,068fe004,138.8,1104.5,0:00:00,0:00:00,-,-,0,-,,,,,04,3,00000000,00,10
2025-06-12 17:05:57,2025-06-12 17:05:56,2025-06-12 17:05:57,867488060285201,15478,GTHBM,0x09fe7fbf,,802003,0x0a04,0x0a14,100,12296,0000,0000,01,00,22,12,-,01,102.9,200,473,-23.2293,-50.677983,0724,0005,bff7,068fe004,139.2,1104.9,0:00:00,0:00:00,-,-,0,-,,,,,,,,,05
2025-06-12 17:06:28,2025-06-12 17:06:27,2025-06-12 17:06:28,867488060285201,15479,GTHBM,0x09fe7fbf,,802003,0x0a04,0x0a14,100,12325,0000,0000,01,00,22,12,-,01,90.8,247,448,-23.235072,-50.682423,0724,0005,bff7,068fe005,140.1,1105.8,0:00:00,0:00:00,-,-,0,-,,,,,,,,,05
2025-06-12 17:06:42,2025-06-12 17:06:41,2025-06-12 17:06:41,867488060285201,15480,GTERI,0x09fe3fbf,0x00028102,802003,0x0a04,0x0a14,100,13206,0000,-,01,00,22,12,-,01,92.3,262,451,-23.235762,-50.685456,0724,0005,bff7,068fe005,140.4,1106.1,0:00:00,0:00:00,-,-,0,-,,,,,04,3,00000000,00,10
2025-06-12 17:06:59,,,867488060285201,15481,HBD
2025-06-12 17:07:00,2025-06-12 17:06:59,2025-06-12 17:07:00,867488060285201,15483,GTHBM,0x09fe7fbf,,802003,0x0a04,0x0a14,100,13226,0000,0000,01,00,22,12,-,01,96.5,235,444,-23.237438,-50.689908,0724,0005,bff7,068fe005,140.9,1106.6,0:00:00,0:00:00,-,-,0,-,,,,,,,,,05
2025-06-12 17:07:32,2025-06-12 17:07:31,2025-06-12 17:07:32,867488060285201,15484,GTHBM,0x09fe7fbf,,802003,0x0a04,0x0a14,100,13511,0000,0000,01,00,22,12,-,01,97.9,254,434,-23.240664,-50.69761,0724,0005,bff7,068fe005,141.8,1107.5,0:00:00,0:00:00,-,-,0,-,,,,,,,,,05
2025-06-12 17:07:42,2025-06-12 17:07:41,2025-06-12 17:07:41,867488060285201,15485,GTERI,0x09fe3fbf,0x00028102,802003,0x0a04,0x0a14,100,13244,0000,-,01,00,22,12,-,01,99.7,254,433,-23.241278,-50.69994,0724,0005,bff7,068fe005,142.0,1107.7,0:00:00,0:00:00,-,-,0,-,,,,,04,3,00000000,00,10
2025-06-12 17:08:04,2025-06-12 17:08:03,2025-06-12 17:08:04,867488060285201,15486,GTHBM,0x09fe7fbf,,802003,0x0a04,0x0a14,100,13509,0000,0000,01,00,22,12,-,01,101.6,264,432,-23.241911,-50.706118,0724,0005,bff7,068fe005,142.6,1108.3,0:00:00,0:00:00,-,-,0,-,,,,,,,,,05
2025-06-12 17:08:20,2025-06-12 17:08:19,2025-06-12 17:08:20,867488060285201,15487,GTERI,0x09fe3fbf,0x00028102,802003,0x0a04,0x0a14,100,13472,0000,-,01,00,22,12,-,01,92.8,208,427,-23.243177,-50.709738,0724,0005,bff7,068fe005,143.1,1108.8,0:00:00,0:00:00,-,-,0,-,,,,,04,3,00000000,00,11
2025-06-12 17:09:07,,,867488060285201,15492,HBD
2025-06-12 17:09:07,2025-06-12 17:08:27,2025-06-12 17:08:28,867488060285201,15488,GTPDP,0x09fe7fbf,,802003,0x0a04,0x0a14,100,13352,0000,0000,01,00,22,12,-,01,91.6,238,415,-23.244613,-50.710952,0000,0000,0000,00000000,143.3,1109.0,0:00:00,0:00:00,-,-,0,-
2025-06-12 17:09:08,2025-06-12 17:08:35,2025-06-12 17:08:36,867488060285201,15490,GTHBM,0x09fe7fbf,,802003,0x0a04,0x0a14,100,13454,0000,0000,01,00,22,12,-,01,96.7,271,407,-23.244857,-50.712972,0000,0000,0000,00000000,143.5,1109.2,0:00:00,0:00:00,-,-,0,-,,,,,,,,,05
2025-06-12 17:09:08,2025-06-12 17:08:41,2025-06-12 17:08:40,867488060285201,15491,GTERI,0x09fe3fbf,0x00028102,802003,0x0a04,0x0a14,100,13454,0000,-,01,00,22,12,-,01,92.5,272,407,-23.244831,-50.713994,0000,0000,0000,00000000,143.6,1109.3,0:00:00,0:00:00,-,-,0,-,,,,,00,0,00000000,00,10
2025-06-12 17:09:08,2025-06-12 17:08:29,2025-06-12 17:08:30,867488060285201,15489,GTERI,0x09fe3fbf,0x00028102,802003,0x0a04,0x0a14,100,13352,0000,-,01,00,22,12,-,01,92.9,253,413,-23.244788,-50.711417,0000,0000,0000,00000000,143.3,1109.0,0:00:00,0:00:00,-,-,0,-,,,,,00,0,00000000,00,11
2025-06-12 17:09:09,2025-06-12 17:09:07,2025-06-12 17:09:08,867488060285201,15494,GTHBM,0x09fe7fbf,,802003,0x0a04,0x0a14,100,13303,0000,0000,01,00,22,12,-,01,92.6,234,414,-23.243555,-50.72017,0724,0005,bff7,068fe005,144.3,1110.0,0:00:00,0:00:00,-,-,0,-,,,,,,,,,05
2025-06-12 17:10:28,2025-06-12 17:09:39,2025-06-12 17:09:40,867488060285201,15495,GTHBM,0x09fe7fbf,,802003,0x0a04,0x0a14,100,13191,0000,0000,01,00,22,12,-,01,107.2,253,400,-23.246897,-50.727898,0724,0005,bff7,06903d05,145.2,1110.9,0:00:00,0:00:00,-,-,0,-,,,,,,,,,05
2025-06-12 17:10:29,2025-06-12 17:09:39,2025-06-12 17:09:40,867488060285201,15495,GTHBM,0x09fe7fbf,,802003,0x0a04,0x0a14,100,13191,0000,0000,01,00,22,12,-,01,107.2,253,400,-23.246897,-50.727898,0724,0005,bff7,06903d05,145.2,1110.9,0:00:00,0:00:00,-,-,0,-,,,,,,,,,05
2025-06-12 17:10:29,2025-06-12 17:09:39,2025-06-12 17:09:40,867488060285201,15495,GTHBM,0x09fe7fbf,,802003,0x0a04,0x0a14,100,13191,0000,0000,01,00,22,12,-,01,107.2,253,400,-23.246897,-50.727898,0724,0005,bff7,06903d05,145.2,1110.9,0:00:00,0:00:00,-,-,0,-,,,,,,,,,05
2025-06-12 17:10:29,2025-06-12 17:09:41,2025-06-12 17:09:41,867488060285201,15496,GTERI,0x09fe3fbf,0x00028102,802003,0x0a04,0x0a14,100,13357,0000,-,01,00,22,12,-,01,106.4,253,400,-23.246974,-50.728176,0724,0005,bff7,06903d05,145.2,1110.9,0:00:00,0:00:00,-,-,0,-,,,,,04,3,00000000,00,10
2025-06-12 17:10:30,2025-06-12 17:10:11,2025-06-12 17:10:12,867488060285201,15497,GTHBM,0x09fe7fbf,,802003,0x0a04,0x0a14,100,13438,0000,0000,01,00,22,12,-,01,85.0,272,443,-23.247576,-50.736236,0724,0005,bff7,06903d05,146.0,1111.7,0:00:00,0:00:00,-,-,0,-,,,,,,,,,05
2025-06-12 17:10:46,2025-06-12 17:10:41,2025-06-12 17:10:40,867488060285201,15498,GTERI,0x09fe3fbf,0x00028102,802003,0x0a04,0x0a14,100,13512,0000,-,01,00,22,12,-,01,86.9,273,481,-23.247301,-50.742668,0724,0005,bff7,068fe005,146.7,1112.4,0:00:00,0:00:00,-,-,0,-,,,,,04,3,00000000,00,10
2025-06-12 17:10:46,2025-06-12 17:10:43,2025-06-12 17:10:44,867488060285201,15499,GTHBM,0x09fe7fbf,,802003,0x0a04,0x0a14,100,13512,0000,0000,01,00,22,12,-,01,90.0,272,484,-23.247257,-50.743627,0724,0005,bff7,068fe005,146.8,1112.5,0:00:00,0:00:00,-,-,0,-,,,,,,,,,05
2025-06-12 17:11:06,,,867488060285201,15500,HBD
2025-06-12 17:11:16,2025-06-12 17:11:15,2025-06-12 17:11:16,867488060285201,15502,GTHBM,0x09fe7fbf,,802003,0x0a04,0x0a14,100,13434,0000,0000,01,00,22,12,-,01,88.4,240,514,-23.248207,-50.751205,0724,0005,bff7,068fdd02,147.6,1113.3,0:00:00,0:00:00,-,-,0,-,,,,,,,,,05
2025-06-12 17:11:44,2025-06-12 17:11:41,2025-06-12 17:11:41,867488060285201,15503,GTERI,0x09fe3fbf,0x00028102,802003,0x0a04,0x0a14,100,13461,0000,-,01,00,22,12,-,01,99.8,239,513,-23.251217,-50.756983,0724,0005,bff7,06903e04,148.3,1114.0,0:00:00,0:00:00,-,-,0,-,,,,,04,3,00000000,00,10
2025-06-12 17:11:48,2025-06-12 17:11:47,2025-06-12 17:11:48,867488060285201,15504,GTHBM,0x09fe7fbf,,802003,0x0a04,0x0a14,100,13461,0000,0000,01,00,22,12,-,01,95.9,240,521,-23.252065,-50.758587,0724,0005,bff7,06903d1d,148.5,1114.2,0:00:00,0:00:00,-,-,0,-,,,,,,,,,05
2025-06-12 17:12:20,2025-06-12 17:12:19,2025-06-12 17:12:20,867488060285201,15505,GTHBM,0x09fe7fbf,,802003,0x0a04,0x0a14,100,13287,0000,0000,01,00,22,12,-,01,103.8,240,509,-23.256127,-50.766288,0724,0005,bff7,06903d1d,149.4,1115.1,0:00:00,0:00:00,-,-,0,-,,,,,,,,,05
2025-06-12 17:12:42,2025-06-12 17:12:41,2025-06-12 17:12:41,867488060285201,15506,GTERI,0x09fe3fbf,0x00028102,802003,0x0a04,0x0a14,100,13365,0000,-,01,00,22,12,-,01,101.4,236,516,-23.25905,-50.77124,0724,0005,bff7,068fdd02,150.0,1115.7,0:00:00,0:00:00,-,-,0,-,,,,,04,7,00000000,00,10
2025-06-12 17:12:53,2025-06-12 17:12:51,2025-06-12 17:12:52,867488060285201,15507,GTHBM,0x09fe7fbf,,802003,0x0a04,0x0a14,100,13508,0000,0000,01,00,22,12,-,01,98.0,236,525,-23.260513,-50.773615,0724,0005,bff7,068fdd02,150.3,1116.0,0:00:00,0:00:00,-,-,0,-,,,,,,,,,05
2025-06-12 17:13:14,,,867488060285201,15508,HBD
2025-06-12 17:13:24,2025-06-12 17:13:23,2025-06-12 17:13:24,867488060285201,15510,GTHBM,0x09fe7fbf,,802003,0x0a04,0x0a14,100,13437,0000,0000,01,00,22,12,-,01,101.9,256,521,-23.263189,-50.781835,0724,0005,bff7,06903e04,151.2,1116.9,0:00:00,0:00:00,-,-,0,-,,,,,,,,,05
2025-06-12 17:13:44,2025-06-12 17:13:41,2025-06-12 17:13:41,867488060285201,15511,GTERI,0x09fe3fbf,0x00028102,802003,0x0a04,0x0a14,100,13336,0000,-,01,00,22,12,-,01,98.7,256,514,-23.264193,-50.786375,0724,0005,bff7,06903e04,151.7,1117.4,0:00:00,0:00:00,-,-,0,-,,,,,04,3,00000000,00,10
2025-06-12 17:13:56,2025-06-12 17:13:55,2025-06-12 17:13:56,867488060285201,15512,GTHBM,0x09fe7fbf,,802003,0x0a04,0x0a14,100,13405,0000,0000,01,00,22,12,-,01,97.8,256,519,-23.265029,-50.790137,0724,0005,bff7,06903e04,152.0,1117.8,0:00:00,0:00:00,-,-,0,-,,,,,,,,,05
2025-06-12 17:14:28,2025-06-12 17:14:27,2025-06-12 17:14:28,867488060285201,15513,GTHBM,0x09fe7fbf,,802003,0x0a04,0x0a14,100,13272,0000,0000,01,00,22,12,-,01,96.6,256,499,-23.266836,-50.798345,0724,0005,bff7,06903e04,152.9,1118.6,0:00:00,0:00:00,-,-,0,-,,,,,,,,,05
2025-06-12 17:14:42,2025-06-12 17:14:41,2025-06-12 17:14:41,867488060285201,15514,GTERI,0x09fe3fbf,0x00028102,802003,0x0a04,0x0a14,100,13352,0000,-,01,00,22,12,-,01,97.0,256,484,-23.267578,-50.801718,0724,0005,bff7,06903e04,153.3,1119.0,0:00:00,0:00:00,-,-,0,-,,,,,04,3,00000000,00,10
2025-06-12 17:14:59,2025-06-12 17:14:58,2025-06-12 17:14:59,867488060285201,15515,GTHBM,0x09fe7fbf,,802003,0x0a04,0x0a14,100,13337,0000,0000,01,00,22,12,-,01,99.4,251,486,-23.268613,-50.806246,0724,0005,bff7,06903e04,153.7,1119.4,0:00:00,0:00:00,-,-,0,-,,,,,,,,,05
2025-06-12 17:15:06,,,867488060285201,15516,HBD
2025-06-12 17:15:31,2025-06-12 17:15:30,2025-06-12 17:15:31,867488060285201,15518,GTHBM,0x09fe7fbf,,802003,0x0a04,0x0a14,100,13502,0000,0000,01,00,22,12,-,01,93.9,248,474,-23.27225,-50.813727,0724,0005,bff7,06903e04,154.6,1120.3,0:00:00,0:00:00,-,-,0,-,,,,,,,,,05
2025-06-12 17:15:42,2025-06-12 17:15:41,2025-06-12 17:15:41,867488060285201,15519,GTERI,0x09fe3fbf,0x00028102,802003,0x0a04,0x0a14,100,13419,0000,-,01,00,22,12,-,01,97.1,258,476,-23.27284,-50.816285,0724,0005,bff7,06903e04,154.9,1120.6,0:00:00,0:00:00,-,-,0,-,,,,,04,3,00000000,00,10
2025-06-12 17:16:03,2025-06-12 17:16:02,2025-06-12 17:16:03,867488060285201,15520,GTHBM,0x09fe7fbf,,802003,0x0a04,0x0a14,100,13505,0000,0000,01,00,22,12,-,01,96.8,262,491,-23.273898,-50.821901,0724,0005,bff7,06903e04,155.5,1121.2,0:00:00,0:00:00,-,-,0,-,,,,,,,,,05
2025-06-12 17:16:35,2025-06-12 17:16:34,2025-06-12 17:16:35,867488060285201,15521,GTHBM,0x09fe7fbf,,802003,0x0a04,0x0a14,100,13494,0000,0000,01,00,22,12,-,01,100.6,253,501,-23.275258,-50.830144,0724,0005,bff7,06903e04,156.3,1122.0,0:00:00,0:00:00,-,-,0,-,,,,,,,,,05
2025-06-12 17:16:42,2025-06-12 17:16:41,2025-06-12 17:16:40,867488060285201,15522,GTERI,0x09fe3fbf,0x00028102,802003,0x0a04,0x0a14,100,13525,0000,-,01,00,22,12,-,01,99.5,254,500,-23.275609,-50.83146,0724,0005,bff7,06903e04,156.5,1122.2,0:00:00,0:00:00,-,-,0,-,,,,,04,3,00000000,00,10
2025-06-12 17:17:12,,,867488060285201,15523,HBD
2025-06-12 17:17:12,2025-06-12 17:17:06,2025-06-12 17:17:07,867488060285201,15525,GTHBM,0x09fe7fbf,,802003,0x0a04,0x0a14,100,13508,0000,0000,01,00,22,12,-,01,94.1,246,532,-23.277843,-50.838155,0724,0005,bff7,06903e04,157.2,1122.9,0:00:00,0:00:00,-,-,0,-,,,,,,,,,05
2025-06-12 17:17:25,2025-06-12 17:17:24,2025-06-12 17:17:25,867488060285201,15526,GTERI,0x09fe3fbf,0x00028102,802003,0x0a04,0x0a14,100,13597,0000,-,01,00,22,12,-,01,85.3,300,558,-23.278777,-50.842174,0724,0005,bff7,06903e05,157.7,1123.4,0:00:00,0:00:00,-,-,0,-,,,,,04,3,00000000,00,11
2025-06-12 17:17:36,2025-06-12 17:17:35,2025-06-12 17:17:36,867488060285201,15527,GTERI,0x09fe3fbf,0x00028102,802003,0x0a04,0x0a14,100,13461,0000,-,01,00,22,12,-,01,86.1,252,563,-23.278441,-50.844511,0724,0005,bff7,06903e05,157.9,1123.6,0:00:00,0:00:00,-,-,0,-,,,,,04,3,00000000,00,11
2025-06-12 17:17:39,2025-06-12 17:17:38,2025-06-12 17:17:39,867488060285201,15528,GTHBM,0x09fe7fbf,,802003,0x0a04,0x0a14,100,13461,0000,0000,01,00,22,12,-,01,90.7,237,561,-23.27874,-50.845153,0724,0005,bff7,06903e05,158.0,1123.7,0:00:00,0:00:00,-,-,0,-,,,,,,,,,05
2025-06-12 17:17:42,2025-06-12 17:17:41,2025-06-12 17:17:41,867488060285201,15529,GTERI,0x09fe3fbf,0x00028102,802003,0x0a04,0x0a14,100,13245,0000,-,01,00,22,12,-,01,92.5,236,558,-23.278995,-50.845568,0724,0005,bff7,06903e05,158.1,1123.8,0:00:00,0:00:00,-,-,0,-,,,,,04,3,00000000,00,10
2025-06-12 17:18:05,2025-06-12 17:18:04,2025-06-12 17:18:05,867488060285201,15530,GTSPD,0x09fe7fbf,,802003,0x0a04,0x0a14,100,13568,0000,0000,01,00,22,12,-,01,111.0,268,541,-23.279618,-50.852376,0724,0005,bff7,06903e06,158.7,1124.4,0:00:00,0:00:00,-,-,0,-,,,,,,,,,00
2025-06-12 17:18:11,2025-06-12 17:18:10,2025-06-12 17:18:11,867488060285201,15531,GTHBM,0x09fe7fbf,,802003,0x0a04,0x0a14,100,13502,0000,0000,01,00,22,12,-,01,103.4,268,537,-23.279655,-50.854128,0724,0005,bff7,06903e06,158.9,1124.6,0:00:00,0:00:00,-,-,0,-,,,,,,,,,05
2025-06-12 17:18:16,2025-06-12 17:18:15,2025-06-12 17:18:16,867488060285201,15532,GTERI,0x09fe3fbf,0x00028102,802003,0x0a04,0x0a14,100,13451,0000,-,01,00,22,12,-,01,95.9,283,533,-23.279545,-50.855456,0724,0005,bff7,06903e06,159.1,1124.8,0:00:00,0:00:00,-,-,0,-,,,,,04,3,00000000,00,11
2025-06-12 17:18:38,2025-06-12 17:18:37,2025-06-12 17:18:38,867488060285201,15533,GTERI,0x09fe3fbf,0x00028102,802003,0x0a04,0x0a14,100,13281,0000,-,01,00,22,12,-,01,90.5,235,500,-23.27868,-50.860333,0724,0005,bff7,06903e06,159.6,1125.3,0:00:00,0:00:00,-,-,0,-,,,,,04,3,00000000,00,11
2025-06-12 17:18:42,2025-06-12 17:18:41,2025-06-12 17:18:41,867488060285201,15534,GTERI,0x09fe3fbf,0x00028102,802003,0x0a04,0x0a14,100,13523,0000,-,01,00,22,12,-,01,97.4,230,494,-23.279121,-50.860934,0724,0005,bff7,06903e06,159.7,1125.4,0:00:00,0:00:00,-,-,0,-,,,,,04,3,00000000,00,10
2025-06-12 17:18:43,2025-06-12 17:18:42,2025-06-12 17:18:43,867488060285201,15535,GTHBM,0x09fe7fbf,,802003,0x0a04,0x0a14,100,13414,0000,0000,01,00,22,12,-,01,101.4,229,490,-23.279445,-50.861349,0724,0005,bff7,06903e06,159.7,1125.4,0:00:00,0:00:00,-,-,0,-,,,,,,,,,05
2025-06-12 17:18:56,2025-06-12 17:18:55,2025-06-12 17:18:56,867488060285201,15536,GTSPD,0x09fe7fbf,,802003,0x0a04,0x0a14,100,13629,0000,0000,01,00,22,12,-,01,112.4,238,466,-23.281566,-50.864359,0724,0005,bff7,06903e06,160.1,1125.8,0:00:00,0:00:00,-,-,0,-,,,,,,,,,00
2025-06-12 17:19:06,,,867488060285201,15537,HBD
2025-06-12 17:19:15,2025-06-12 17:19:14,2025-06-12 17:19:15,867488060285201,15539,GTHBM,0x09fe7fbf,,802003,0x0a04,0x0a14,100,13354,0000,0000,01,00,22,12,-,01,107.2,249,471,-23.284251,-50.869475,0724,0005,bff7,06903e06,160.7,1126.4,0:00:00,0:00:00,-,-,0,-,,,,,,,,,05
2025-06-12 17:19:35,2025-06-12 17:19:32,2025-06-12 17:19:33,867488060285201,15540,GTSPD,0x09fe7fbf,,802003,0x0a04,0x0a14,100,13272,0000,0000,01,00,22,12,-,01,112.1,256,478,-23.285401,-50.874491,0724,0005,bff7,06903e06,161.3,1127.0,0:00:00,0:00:00,-,-,0,-,,,,,,,,,00
2025-06-12 17:19:42,2025-06-12 17:19:41,2025-06-12 17:19:41,867488060285201,15541,GTERI,0x09fe3fbf,0x00028102,802003,0x0a04,0x0a14,100,13382,0000,-,01,00,22,12,-,01,112.5,256,474,-23.285903,-50.876913,0724,0005,bff7,06903e06,161.5,1127.2,0:00:00,0:00:00,-,-,0,-,,,,,04,3,00000000,00,10
2025-06-12 17:19:47,2025-06-12 17:19:46,2025-06-12 17:19:47,867488060285201,15542,GTHBM,0x09fe7fbf,,802003,0x0a04,0x0a14,100,13428,0000,0000,01,00,22,12,-,01,109.4,259,473,-23.28627,-50.878662,0724,0005,bff7,06903e06,161.7,1127.4,0:00:00,0:00:00,-,-,0,-,,,,,,,,,05
2025-06-12 17:19:51,2025-06-12 17:19:50,2025-06-12 17:19:51,867488060285201,15543,GTSPD,0x09fe7fbf,,802003,0x0a04,0x0a14,100,13383,0000,0000,01,00,22,12,-,01,112.5,269,469,-23.286376,-50.879859,0724,0005,bff7,06903e06,161.8,1127.5,0:00:00,0:00:00,-,-,0,-,,,,,,,,,00
2025-06-12 17:20:23,2025-06-12 17:20:18,2025-06-12 17:20:19,867488060285201,15544,GTHBM,0x09fe7fbf,,802003,0x0a04,0x0a14,100,13614,0000,0000,01,00,22,12,-,01,119.5,276,430,-23.285571,-50.888599,0724,0005,bff7,06903e06,162.7,1128.4,0:00:00,0:00:00,-,-,0,-,,,,,,,,,05
2025-06-12 17:20:51,2025-06-12 17:20:41,2025-06-12 17:20:41,867488060285201,15545,GTERI,0x09fe3fbf,0x00028102,802003,0x0a04,0x0a14,100,13365,0000,-,01,00,22,12,-,01,118.1,276,402,-23.284877,-50.895605,0724,0005,bff7,06903e06,163.5,1129.2,0:00:00,0:00:00,-,-,0,-,,,,,04,3,00000000,00,10
2025-06-12 17:20:51,2025-06-12 17:20:50,2025-06-12 17:20:51,867488060285201,15546,GTHBM,0x09fe7fbf,,802003,0x0a04,0x0a14,100,13522,0000,0000,01,00,22,12,-,01,113.5,276,400,-23.284556,-50.898752,0724,0005,bff7,06903e06,163.8,1129.5,0:00:00,0:00:00,-,-,0,-,,,,,,,,,05
2025-06-12 17:21:07,,,867488060285201,15547,HBD
2025-06-12 17:21:47,2025-06-12 17:21:22,2025-06-12 17:21:23,867488060285201,15549,GTHBM,0x09fe7fbf,,802003,0x0a04,0x0a14,100,13534,0000,0000,01,00,22,12,-,01,96.6,271,410,-23.285879,-50.907229,0724,0005,bff7,06903e06,164.7,1130.4,0:00:00,0:00:00,-,-,0,-,,,,,,,,,05
2025-06-12 17:21:47,2025-06-12 17:21:22,2025-06-12 17:21:23,867488060285201,15549,GTHBM,0x09fe7fbf,,802003,0x0a04,0x0a14,100,13534,0000,0000,01,00,22,12,-,01,96.6,271,410,-23.285879,-50.907229,0724,0005,bff7,06903e06,164.7,1130.4,0:00:00,0:00:00,-,-,0,-,,,,,,,,,05
2025-06-12 17:21:47,2025-06-12 17:21:41,2025-06-12 17:21:41,867488060285201,15550,GTERI,0x09fe3fbf,0x00028102,802003,0x0a04,0x0a14,100,13458,0000,-,01,00,22,12,-,01,102.6,271,406,-23.28579,-50.912174,0724,0005,bff7,06903e06,165.2,1130.9,0:00:00,0:00:00,-,-,0,-,,,,,04,3,00000000,00,10
2025-06-12 17:21:55,2025-06-12 17:21:54,2025-06-12 17:21:55,867488060285201,15551,GTHBM,0x09fe7fbf,,802003,0x0a04,0x0a14,100,13592,0000,0000,01,00,22,12,-,01,100.4,272,401,-23.285701,-50.915973,0724,0005,bff7,06903e06,165.5,1131.2,0:00:00,0:00:00,-,-,0,-,,,,,,,,,05
2025-06-12 17:22:28,2025-06-12 17:22:26,2025-06-12 17:22:27,867488060285201,15552,GTHBM,0x09fe7fbf,,802003,0x0a04,0x0a14,100,13541,0000,0000,01,00,22,12,-,01,97.7,296,398,-23.284768,-50.92449,0724,0005,9fef,06904404,166.4,1132.1,0:00:00,0:00:00,-,-,0,-,,,,,,,,,05
2025-06-12 17:23:23,2025-06-12 17:22:41,2025-06-12 17:22:40,867488060285201,15553,GTERI,0x09fe3fbf,0x00028102,802003,0x0a04,0x0a14,100,13486,0000,-,01,00,22,12,-,01,108.9,265,382,-23.284038,-50.927923,0724,0005,9fef,06904404,166.8,1132.5,0:00:00,0:00:00,-,-,0,-,,,,,04,3,00000000,00,10
2025-06-12 17:23:26,2025-06-12 17:22:41,2025-06-12 17:22:40,867488060285201,15553,GTERI,0x09fe3fbf,0x00028102,802003,0x0a04,0x0a14,100,13486,0000,-,01,00,22,12,-,01,108.9,265,382,-23.284038,-50.927923,0724,0005,9fef,06904404,166.8,1132.5,0:00:00,0:00:00,-,-,0,-,,,,,04,3,00000000,00,10
2025-06-12 17:23:29,2025-06-12 17:22:41,2025-06-12 17:22:40,867488060285201,15553,GTERI,0x09fe3fbf,0x00028102,802003,0x0a04,0x0a14,100,13486,0000,-,01,00,22,12,-,01,108.9,265,382,-23.284038,-50.927923,0724,0005,9fef,06904404,166.8,1132.5,0:00:00,0:00:00,-,-,0,-,,,,,04,3,00000000,00,10
2025-06-12 17:23:30,,,867488060285201,15556,HBD
2025-06-12 17:23:38,2025-06-12 17:22:41,2025-06-12 17:22:40,867488060285201,15553,GTERI,0x09fe3fbf,0x00028102,802003,0x0a04,0x0a14,100,13486,0000,-,01,00,22,12,-,01,108.9,265,382,-23.284038,-50.927923,0724,0005,9fef,06904404,166.8,1132.5,0:00:00,0:00:00,-,-,0,-,,,,,04,3,00000000,00,10
2025-06-12 17:23:39,,,867488060285201,15556,HBD
2025-06-12 17:23:39,2025-06-12 17:22:45,2025-06-12 17:22:46,867488060285201,15554,GTSPD,0x09fe7fbf,,802003,0x0a04,0x0a14,100,13429,0000,0000,01,00,22,12,-,01,110.7,264,375,-23.284193,-50.929707,0724,0005,9fef,06904404,167.0,1132.7,0:00:00,0:00:00,-,-,0,-,,,,,,,,,00
2025-06-12 17:23:40,2025-06-12 17:22:58,2025-06-12 17:22:59,867488060285201,15555,GTHBM,0x09fe7fbf,,802003,0x0a04,0x0a14,100,13231,0000,0000,01,00,22,12,-,01,110.1,264,380,-23.28453,-50.933616,0724,0005,9fef,06904404,167.4,1133.1,0:00:00,0:00:00,-,-,0,-,,,,,,,,,05
2025-06-12 17:23:40,2025-06-12 17:23:30,2025-06-12 17:23:31,867488060285201,15558,GTHBM,0x09fe7fbf,,802003,0x0a04,0x0a14,100,13585,0000,0000,01,00,22,12,-,01,105.0,264,398,-23.285275,-50.942911,0724,0005,9fef,06904404,168.3,1134.0,0:00:00,0:00:00,-,-,0,-,,,,,,,,,05
2025-06-12 17:23:43,2025-06-12 17:23:41,2025-06-12 17:23:41,867488060285201,15559,GTERI,0x09fe3fbf,0x00028102,802003,0x0a04,0x0a14,100,13475,0000,-,01,00,22,12,-,01,98.4,273,411,-23.285407,-50.94566,0724,0005,0607,00004eab,168.6,1134.4,0:00:00,0:00:00,-,-,0,-,,,,,01,900,00000000,00,10
2025-06-12 17:24:03,2025-06-12 17:24:02,2025-06-12 17:24:03,867488060285201,15560,GTHBM,0x09fe7fbf,,802003,0x0a04,0x0a14,100,13602,0000,0000,01,00,22,12,-,01,97.4,289,411,-23.283735,-50.951345,0724,0005,0607,00004eab,169.2,1134.9,0:00:00,0:00:00,-,-,0,-,,,,,,,,,05
2025-06-12 17:24:22,2025-06-12 17:24:18,2025-06-12 17:24:19,867488060285201,15561,GTHBM,0x09fe7fbf,,802003,0x0a04,0x0a14,100,13652,0000,0000,01,00,22,12,-,01,86.7,281,409,-23.282913,-50.955507,0724,0005,0607,00004eab,169.7,1135.4,0:00:00,0:00:00,-,-,0,-,,,,,,,,,00
2025-06-12 17:24:27,2025-06-12 17:24:22,2025-06-12 17:24:23,867488060285201,15562,GTHBM,0x09fe7fbf,,802003,0x0a04,0x0a14,100,13482,0000,0000,01,00,22,12,-,01,87.4,299,407,-23.282608,-50.956369,0724,0005,0607,00004eab,169.8,1135.5,0:00:00,0:00:00,-,-,0,-,,,,,,,,,05
2025-06-12 17:24:30,2025-06-12 17:24:28,2025-06-12 17:24:29,867488060285201,15563,GTERI,0x09fe3fbf,0x00028102,802003,0x0a04,0x0a14,100,13207,0000,-,01,00,22,12,-,01,92.2,319,405,-23.281754,-50.957476,0724,0005,0607,0000c3c7,169.9,1135.6,0:00:00,0:00:00,-,-,0,-,,,,,01,1800,00000000,00,11
2025-06-12 17:25:13,,,867488060285201,15567,HBD
2025-06-12 17:25:14,2025-06-12 17:24:41,2025-06-12 17:24:42,867488060285201,15565,GTPDP,0x09fe7fbf,,802003,0x0a04,0x0a14,100,13533,0000,0000,01,00,22,12,-,01,87.0,324,401,-23.279456,-50.959434,0724,0005,bff7,068ff205,170.2,1135.9,0:00:00,0:00:00,-,-,0,-
2025-06-12 17:25:14,2025-06-12 17:24:41,2025-06-12 17:24:40,867488060285201,15564,GTERI,0x09fe3fbf,0x00028102,802003,0x0a04,0x0a14,100,13533,0000,-,01,00,22,12,-,01,88.6,324,402,-23.279813,-50.959154,0724,0005,bff7,068ff205,170.2,1135.9,0:00:00,0:00:00,-,-,0,-,,,,,04,3,00000000,00,10
2025-06-12 17:25:15,2025-06-12 17:24:54,2025-06-12 17:24:55,867488060285201,15566,GTHBM,0x09fe7fbf,,802003,0x0a04,0x0a14,100,13682,0000,0000,01,00,22,12,-,01,95.4,323,396,-23.27709,-50.961344,0724,0005,bff7,068ff205,170.6,1136.3,0:00:00,0:00:00,-,-,0,-,,,,,,,,,05
2025-06-12 17:25:27,2025-06-12 17:25:26,2025-06-12 17:25:27,867488060285201,15569,GTHBM,0x09fe7fbf,,802003,0x0a04,0x0a14,100,13553,0000,0000,01,00,22,12,-,01,104.8,322,381,-23.270577,-50.966654,0724,0005,bff7,068ff205,171.5,1137.2,0:00:00,0:00:00,-,-,0,-,,,,,,,,,05
2025-06-12 17:25:42,2025-06-12 17:25:41,2025-06-12 17:25:41,867488060285201,15570,GTERI,0x09fe3fbf,0x00028102,802003,0x0a04,0x0a14,100,13473,0000,-,01,00,22,12,-,01,96.3,323,379,-23.26773,-50.96896,0724,0005,bff7,068ff205,171.9,1137.6,0:00:00,0:00:00,-,-,0,-,,,,,04,3,00000000,00,10
2025-06-12 17:25:59,2025-06-12 17:25:58,2025-06-12 17:25:59,867488060285201,15571,GTHBM,0x09fe7fbf,,802003,0x0a04,0x0a14,100,13538,0000,0000,01,00,22,12,-,01,94.7,300,369,-23.264961,-50.972366,0724,0005,bff7,068ff205,172.3,1138.0,0:00:00,0:00:00,-,-,0,-,,,,,,,,,05
2025-06-12 17:26:27,2025-06-12 17:26:26,2025-06-12 17:26:27,867488060285201,15572,GTHBM,0x09fe7fbf,,802003,0x0a04,0x0a14,100,13356,0000,0000,01,00,22,12,-,01,55.7,300,380,-23.261925,-50.977898,0724,0005,bff7,068ff205,173.0,1138.7,0:00:00,0:00:00,-,-,0,-,,,,,,,,,00
2025-06-12 17:26:31,2025-06-12 17:26:30,2025-06-12 17:26:31,867488060285201,15573,GTHBM,0x09fe7fbf,,802003,0x0a04,0x0a14,100,13414,0000,0000,01,00,22,12,-,01,46.1,303,381,-23.261644,-50.978392,0724,0005,bff7,068ff205,173.1,1138.8,0:00:00,0:00:00,-,-,0,-,,,,,,,,,05
2025-06-12 17:26:35,2025-06-12 17:26:34,2025-06-12 17:26:35,867488060285201,15574,GTHBM,0x09fe7fbf,,802003,0x0a04,0x0a14,100,13426,0000,0000,01,00,22,12,-,01,23.8,309,381,-23.261456,-50.978664,0724,0005,bff7,068ff205,173.1,1138.8,0:00:00,0:00:00,-,-,0,-,,,,,,,,,00
2025-06-12 17:26:39,2025-06-12 17:26:38,2025-06-12 17:26:39,867488060285201,15575,GTHBM,0x09fe7fbf,,802003,0x0a04,0x0a14,100,13340,0000,0000,01,00,22,12,-,01,38.9,313,380,-23.261252,-50.978915,0724,0005,bff7,068ff205,173.1,1138.8,0:00:00,0:00:00,-,-,0,-,,,,,,,,,01
2025-06-12 17:26:42,2025-06-12 17:26:41,2025-06-12 17:26:41,867488060285201,15576,GTERI,0x09fe3fbf,0x00028102,802003,0x0a04,0x0a14,100,13584,0000,-,01,00,22,12,-,01,46.2,317,380,-23.261096,-50.97908,0724,0005,bff7,068ff205,173.2,1138.9,0:00:00,0:00:00,-,-,0,-,,,,,04,3,00000000,00,10
2025-06-12 17:26:47,2025-06-12 17:26:46,2025-06-12 17:26:47,867488060285201,15577,GTHBM,0x09fe7fbf,,802003,0x0a04,0x0a14,100,13398,0000,0000,01,00,22,12,-,01,49.9,324,377,-23.260503,-50.979582,0724,0005,bff7,068ff205,173.2,1138.9,0:00:00,0:00:00,-,-,0,-,,,,,,,,,05
2025-06-12 17:27:13,,,867488060285201,15578,HBD
2025-06-12 17:27:19,2025-06-12 17:27:18,2025-06-12 17:27:19,867488060285201,15580,GTHBM,0x09fe7fbf,,802003,0x0a04,0x0a14,100,13449,0000,0000,01,00,22,12,-,01,23.4,320,370,-23.25767,-50.981808,0724,0005,bff7,068ff205,173.6,1139.3,0:00:00,0:00:00,-,-,0,-,,,,,,,,,00
2025-06-12 17:27:23,2025-06-12 17:27:22,2025-06-12 17:27:23,867488060285201,15581,GTHBM,0x09fe7fbf,,802003,0x0a04,0x0a14,100,13572,0000,0000,01,00,22,12,-,01,43.3,308,369,-23.257434,-50.98208,0724,0005,bff7,068ff205,173.7,1139.4,0:00:00,0:00:00,-,-,0,-,,,,,,,,,01
2025-06-12 17:27:30,2025-06-12 17:27:29,2025-06-12 17:27:30,867488060285201,15582,GTERI,0x09fe3fbf,0x00028102,802003,0x0a04,0x0a14,100,13439,0000,-,01,00,22,12,-,01,57.5,272,365,-23.257083,-50.982975,0724,0005,bff7,068ff205,173.7,1139.5,0:00:00,0:00:00,-,-,0,-,,,,,04,3,00000000,00,11
2025-06-12 17:27:31,2025-06-12 17:27:30,2025-06-12 17:27:31,867488060285201,15583,GTHBM,0x09fe7fbf,,802003,0x0a04,0x0a14,100,13506,0000,0000,01,00,22,12,-,01,61.4,266,364,-23.257087,-50.983139,0724,0005,bff7,068ff205,173.8,1139.5,0:00:00,0:00:00,-,-,0,-,,,,,,,,,05
2025-06-12 17:27:42,2025-06-12 17:27:41,2025-06-12 17:27:41,867488060285201,15584,GTERI,0x09fe3fbf,0x00028102,802003,0x0a04,0x0a14,100,13539,0000,-,01,00,22,12,-,01,71.7,238,354,-23.2574,-50.984959,0724,0005,bff7,068ff20a,174.0,1139.7,0:00:00,0:00:00,-,-,0,-,,,,,04,28,00000000,00,10
2025-06-12 17:28:03,2025-06-12 17:28:02,2025-06-12 17:28:03,867488060285201,15585,GTHBM,0x09fe7fbf,,802003,0x0a04,0x0a14,100,13423,0000,0000,01,00,22,12,-,01,84.5,228,350,-23.26043,-50.988552,0724,0005,bff7,068ff206,174.5,1140.2,0:00:00,0:00:00,-,-,0,-,,,,,,,,,05
2025-06-12 17:28:19,2025-06-12 17:28:18,2025-06-12 17:28:19,867488060285201,15586,GTHBM,0x09fe7fbf,,802003,0x0a04,0x0a14,100,13482,0000,0000,01,00,22,12,-,01,66.2,265,353,-23.261881,-50.991793,0724,0005,bff7,068ff206,174.8,1140.5,0:00:00,0:00:00,-,-,0,-,,,,,,,,,00
2025-06-12 17:28:31,2025-06-12 17:28:30,2025-06-12 17:28:31,867488060285201,15587,GTHBM,0x09fe7fbf,,802003,0x0a04,0x0a14,100,13424,0000,0000,01,00,22,12,-,01,28.4,266,355,-23.261925,-50.99295,0724,0005,bff7,068ff206,175.0,1140.7,0:00:00,0:00:00,-,-,0,-,,,,,,,,,05
2025-06-12 17:28:42,2025-06-12 17:28:41,2025-06-12 17:28:41,867488060285201,15588,GTERI,0x09fe3fbf,0x00028102,802003,0x0a04,0x0a14,100,13497,0000,-,01,00,22,12,-,01,34.9,265,356,-23.262002,-50.993864,0724,0005,bff7,068ff206,175.1,1140.8,0:00:00,0:00:00,-,-,0,-,,,,,04,3,00000000,00,10
2025-06-12 17:28:51,2025-06-12 17:28:50,2025-06-12 17:28:51,867488060285201,15589,GTHBM,0x09fe7fbf,,802003,0x0a04,0x0a14,100,13362,0000,0000,01,00,22,12,-,01,66.3,281,355,-23.261948,-50.995243,0724,0005,bff7,068ff206,175.2,1140.9,0:00:00,0:00:00,-,-,0,-,,,,,,,,,01
2025-06-12 17:28:55,2025-06-12 17:28:54,2025-06-12 17:28:55,867488060285201,15590,GTHBM,0x09fe7fbf,,802003,0x0a04,0x0a14,100,13297,0000,0000,01,00,22,12,-,01,73.5,292,354,-23.261713,-50.995972,0724,0005,bff7,068ff206,175.3,1141.0,0:00:00,0:00:00,-,-,0,-,,,,,,,,,05
2025-06-12 17:29:13,,,867488060285201,15591,HBD
2025-06-12 17:29:27,2025-06-12 17:29:26,2025-06-12 17:29:27,867488060285201,15593,GTHBM,0x09fe7fbf,,802003,0x0a04,0x0a14,100,13389,0000,0000,01,00,22,12,-,01,90.5,269,376,-23.260072,-51.002981,0724,0005,bff7,068ff206,176.0,1141.7,0:00:00,0:00:00,-,-,0,-,,,,,,,,,05
2025-06-12 17:29:42,2025-06-12 17:29:41,2025-06-12 17:29:40,867488060285201,15594,GTERI,0x09fe3fbf,0x00028102,802003,0x0a04,0x0a14,100,13520,0000,-,01,00,22,12,-,01,90.9,270,380,-23.260034,-51.006235,0724,0005,bff7,068ff206,176.4,1142.1,0:00:00,0:00:00,-,-,0,-,,,,,04,3,00000000,00,10
2025-06-12 17:29:59,2025-06-12 17:29:58,2025-06-12 17:29:59,867488060285201,15595,GTHBM,0x09fe7fbf,,802003,0x0a04,0x0a14,100,13619,0000,0000,01,00,22,12,-,01,76.3,261,404,-23.260458,-51.01037,0724,0005,bff7,068ff206,176.8,1142.5,0:00:00,0:00:00,-,-,0,-,,,,,,,,,05
2025-06-12 17:30:16,2025-06-12 17:30:15,2025-06-12 17:30:16,867488060285201,15596,GTERI,0x09fe3fbf,0x00028102,802003,0x0a04,0x0a14,100,13426,0000,-,01,00,22,12,-,01,83.0,318,421,-23.259727,-51.013754,0724,0005,bff7,068ff206,177.2,1142.9,0:00:00,0:00:00,-,-,0,-,,,,,04,3,00000000,00,11
2025-06-12 17:30:31,2025-06-12 17:30:30,2025-06-12 17:30:31,867488060285201,15597,GTHBM,0x09fe7fbf,,802003,0x0a04,0x0a14,100,13535,0000,0000,01,00,22,12,-,01,95.1,313,433,-23.257287,-51.016228,0724,0005,bff7,068ff206,177.5,1143.2,0:00:00,0:00:00,-,-,0,-,,,,,,,,,05
2025-06-12 17:30:42,2025-06-12 17:30:41,2025-06-12 17:30:41,867488060285201,15598,GTERI,0x09fe3fbf,0x00028102,802003,0x0a04,0x0a14,100,13343,0000,-,01,00,22,12,-,01,101.9,322,438,-23.255406,-51.017989,0724,0005,bff7,068ff206,177.8,1143.5,0:00:00,0:00:00,-,-,0,-,,,,,04,3,00000000,00,10
2025-06-12 17:31:39,2025-06-12 17:31:02,2025-06-12 17:31:03,867488060285201,15599,GTHBM,0x09fe7fbf,,802003,0x0a04,0x0a14,100,13600,0000,0000,01,00,22,12,-,01,107.8,299,447,-23.25128,-51.022154,0724,0005,bff7,068ff206,178.4,1144.2,0:00:00,0:00:00,-,-,0,-,,,,,,,,,05
2025-06-12 17:31:39,2025-06-12 17:31:02,2025-06-12 17:31:03,867488060285201,15599,GTHBM,0x09fe7fbf,,802003,0x0a04,0x0a14,100,13600,0000,0000,01,00,22,12,-,01,107.8,299,447,-23.25128,-51.022154,0724,0005,bff7,068ff206,178.4,1144.2,0:00:00,0:00:00,-,-,0,-,,,,,,,,,05
2025-06-12 17:31:40,,,867488060285201,15601,HBD
2025-06-12 17:31:41,2025-06-12 17:31:10,2025-06-12 17:31:11,867488060285201,15600,GTSPD,0x09fe7fbf,,802003,0x0a04,0x0a14,100,13477,0000,0000,01,00,22,12,-,01,110.4,299,452,-23.250224,-51.024237,0724,0005,bff7,068ff206,178.7,1144.4,0:00:00,0:00:00,-,-,0,-,,,,,,,,,00
2025-06-12 17:31:41,2025-06-12 17:31:21,2025-06-12 17:31:22,867488060285201,15603,GTERI,0x09fe3fbf,0x00028102,802003,0x0a04,0x0a14,100,13217,0000,-,01,00,22,12,-,01,92.4,272,451,-23.249173,-51.026923,0724,0005,bff7,068ff206,179.0,1144.7,0:00:00,0:00:00,-,-,0,-,,,,,04,3,00000000,00,11
2025-06-12 17:31:42,2025-06-12 17:31:34,2025-06-12 17:31:35,867488060285201,15604,GTHBM,0x09fe7fbf,,802003,0x0a04,0x0a14,100,13255,0000,0000,01,00,22,12,-,01,96.0,272,429,-23.249411,-51.030369,0724,0005,bff7,068ff206,179.3,1145.1,0:00:00,0:00:00,-,-,0,-,,,,,,,,,05
2025-06-12 17:31:42,2025-06-12 17:31:41,2025-06-12 17:31:41,867488060285201,15605,GTERI,0x09fe3fbf,0x00028102,802003,0x0a04,0x0a14,100,13132,0000,-,01,00,22,12,-,01,98.4,252,417,-23.249577,-51.031931,0724,0005,9fef,0690900c,179.5,1145.2,0:00:00,0:00:00,-,-,0,-,,,,,04,3,00000000,00,10
2025-06-12 17:32:23,2025-06-12 17:32:06,2025-06-12 17:32:07,867488060285201,15606,GTHBM,0x09fe7fbf,,802003,0x0a04,0x0a14,100,13231,0000,0000,01,00,22,12,-,01,86.4,265,423,-23.252112,-51.03797,0724,0005,9fef,0690900c,180.2,1145.9,0:00:00,0:00:00,-,-,0,-,,,,,,,,,05
2025-06-12 17:33:40,2025-06-12 17:32:06,2025-06-12 17:32:07,867488060285201,15606,GTHBM,0x09fe7fbf,,802003,0x0a04,0x0a14,100,13231,0000,0000,01,00,22,12,-,01,86.4,265,423,-23.252112,-51.03797,0724,0005,9fef,0690900c,180.2,1145.9,0:00:00,0:00:00,-,-,0,-,,,,,,,,,05
2025-06-12 17:33:41,,,867488060285201,15615,HBD
2025-06-12 17:33:41,2025-06-12 17:32:22,2025-06-12 17:32:22,867488060285201,15607,GTPDP,0x09fe7fbf,,802003,0x0a04,0x0a14,100,13395,0000,0000,01,00,22,12,-,01,90.2,271,413,-23.25162,-51.041445,0000,0000,0000,00000000,180.6,1146.3,0:00:00,0:00:00,-,-,0,-
2025-06-12 17:33:41,2025-06-12 17:32:37,2025-06-12 17:32:38,867488060285201,15608,GTERI,0x09fe3fbf,0x00028102,802003,0x0a04,0x0a14,100,13551,0000,-,01,00,22,12,-,01,87.2,300,406,-23.251419,-51.045335,0724,0005,9fef,06904406,181.0,1146.7,0:00:00,0:00:00,-,-,0,-,,,,,04,3,00000000,00,11
2025-06-12 17:33:42,2025-06-12 17:32:38,2025-06-12 17:32:39,867488060285201,15609,GTHBM,0x09fe7fbf,,802003,0x0a04,0x0a14,100,13551,0000,0000,01,00,22,12,-,01,86.1,305,408,-23.251298,-51.045527,0724,0005,9fef,06904406,181.0,1146.7,0:00:00,0:00:00,-,-,0,-,,,,,,,,,05
2025-06-12 17:33:42,2025-06-12 17:32:41,2025-06-12 17:32:40,867488060285201,15610,GTERI,0x09fe3fbf,0x00028102,802003,0x0a04,0x0a14,100,13434,0000,-,01,00,22,12,-,01,85.2,307,409,-23.25117,-51.045712,0724,0005,9fef,06904406,181.0,1146.7,0:00:00,0:00:00,-,-,0,-,,,,,04,3,00000000,00,10
2025-06-12 17:33:43,2025-06-12 17:32:55,2025-06-12 17:32:56,867488060285201,15611,GTERI,0x09fe3fbf,0x00028102,802003,0x0a04,0x0a14,100,13606,0000,-,01,00,22,12,-,01,92.4,258,424,-23.249784,-51.048992,0724,0005,9fef,06904406,181.4,1147.1,0:00:00,0:00:00,-,-,0,-,,,,,04,3,00000000,00,11
2025-06-12 17:33:43,2025-06-12 17:33:10,2025-06-12 17:33:11,867488060285201,15612,GTHBM,0x09fe7fbf,,802003,0x0a04,0x0a14,100,13260,0000,0000,01,00,22,12,-,01,87.5,248,444,-23.250981,-51.052514,0000,0000,0000,00000000,181.8,1147.5,0:00:00,0:00:00,-,-,0,-,,,,,,,,,05
2025-06-12 17:33:43,2025-06-12 17:33:33,2025-06-12 17:33:34,867488060285201,15613,GTERI,0x09fe3fbf,0x00028102,802003,0x0a04,0x0a14,100,13355,0000,-,01,00,22,12,-,01,101.3,212,438,-23.253033,-51.057669,0724,0005,9fef,0690900e,182.4,1148.1,0:00:00,0:00:00,-,-,0,-,,,,,04,3,00000000,00,11
2025-06-12 17:33:44,2025-06-12 17:33:41,2025-06-12 17:33:40,867488060285201,15616,GTERI,0x09fe3fbf,0x00028102,802003,0x0a04,0x0a14,100,13244,0000,-,01,00,22,12,-,01,95.2,209,438,-23.254345,-51.058459,0724,0005,9fef,0690900e,182.6,1148.3,0:00:00,0:00:00,-,-,0,-,,,,,04,3,00000000,00,10
2025-06-12 17:33:44,2025-06-12 17:33:42,2025-06-12 17:33:42,867488060285201,15617,GTHBM,0x09fe7fbf,,802003,0x0a04,0x0a14,100,13244,0000,0000,01,00,22,12,-,01,90.8,215,438,-23.254734,-51.05873,0724,0005,9fef,0690900e,182.6,1148.3,0:00:00,0:00:00,-,-,0,-,,,,,,,,,05
2025-06-12 17:34:27,2025-06-12 17:33:48,2025-06-12 17:33:49,867488060285201,15618,GTERI,0x09fe3fbf,0x00028102,802003,0x0a04,0x0a14,100,13263,0000,-,01,00,22,12,-,01,90.1,255,437,-23.25553,-51.060124,0724,0005,9fef,0690900e,182.8,1148.5,0:00:00,0:00:00,-,-,0,-,,,,,04,3,00000000,00,11
2025-06-12 17:34:27,2025-06-12 17:33:48,2025-06-12 17:33:49,867488060285201,15618,GTERI,0x09fe3fbf,0x00028102,802003,0x0a04,0x0a14,100,13263,0000,-,01,00,22,12,-,01,90.1,255,437,-23.25553,-51.060124,0724,0005,9fef,0690900e,182.8,1148.5,0:00:00,0:00:00,-,-,0,-,,,,,04,3,00000000,00,11
2025-06-12 17:34:27,2025-06-12 17:34:12,2025-06-12 17:34:13,867488060285201,15619,GTHBM,0x09fe7fbf,,802003,0x0a04,0x0a14,100,13508,0000,0000,01,00,22,12,-,01,107.8,225,410,-23.258591,-51.065382,0724,0005,9fef,0690900e,183.4,1149.1,0:00:00,0:00:00,-,-,0,-,,,,,,,,,05
2025-06-12 17:34:42,2025-06-12 17:34:41,2025-06-12 17:34:41,867488060285201,15620,GTERI,0x09fe3fbf,0x00028102,802003,0x0a04,0x0a14,100,13517,0000,-,01,00,22,12,-,01,87.4,295,444,-23.259211,-51.071457,0724,0005,9fef,06936a00,184.2,1149.9,0:00:00,0:00:00,-,-,0,-,,,,,04,7,00000000,00,10
2025-06-12 17:34:46,2025-06-12 17:34:45,2025-06-12 17:34:46,867488060285201,15621,GTHBM,0x09fe7fbf,,802003,0x0a04,0x0a14,100,13367,0000,0000,01,00,22,12,-,01,86.8,294,450,-23.258747,-51.072523,0724,0005,9fef,06936a00,184.3,1150.0,0:00:00,0:00:00,-,-,0,-,,,,,,,,,05
2025-06-12 17:35:01,2025-06-12 17:35:00,2025-06-12 17:35:01,867488060285201,15622,GTERI,0x09fe3fbf,0x00028102,802003,0x0a04,0x0a14,100,13562,0000,-,01,00,22,12,-,01,92.7,250,453,-23.258153,-51.076003,0724,0005,9fef,06936a00,184.6,1150.3,0:00:00,0:00:00,-,-,0,-,,,,,04,7,00000000,00,11
2025-06-12 17:35:48,2025-06-12 17:35:17,2025-06-12 17:35:18,867488060285201,15623,GTHBM,0x09fe7fbf,,802003,0x0a04,0x0a14,100,13451,0000,0000,01,00,22,12,-,01,96.0,216,457,-23.260813,-51.079247,0724,0005,9fef,06936a00,185.1,1150.8,0:00:00,0:00:00,-,-,0,-,,,,,,,,,05
2025-06-12 17:35:48,2025-06-12 17:35:17,2025-06-12 17:35:18,867488060285201,15623,GTHBM,0x09fe7fbf,,802003,0x0a04,0x0a14,100,13451,0000,0000,01,00,22,12,-,01,96.0,216,457,-23.260813,-51.079247,0724,0005,9fef,06936a00,185.1,1150.8,0:00:00,0:00:00,-,-,0,-,,,,,,,,,05
2025-06-12 17:35:48,,,867488060285201,15624,HBD
2025-06-12 17:35:49,2025-06-12 17:35:41,2025-06-12 17:35:41,867488060285201,15626,GTERI,0x09fe3fbf,0x00028102,802003,0x0a04,0x0a14,100,13276,0000,-,01,00,22,12,-,01,97.8,248,471,-23.263338,-51.084479,0724,0005,9fef,06936a00,185.7,1151.4,0:00:00,0:00:00,-,-,0,-,,,,,04,7,00000000,00,10
2025-06-12 17:35:50,2025-06-12 17:35:49,2025-06-12 17:35:50,867488060285201,15627,GTHBM,0x09fe7fbf,,802003,0x0a04,0x0a14,100,13425,0000,0000,01,00,22,12,-,01,93.0,270,476,-23.26379,-51.086688,0724,0005,9fef,068fea00,185.9,1151.6,0:00:00,0:00:00,-,-,0,-,,,,,,,,,05
2025-06-12 17:36:14,2025-06-12 17:36:13,2025-06-12 17:36:14,867488060285201,15628,GTERI,0x09fe3fbf,0x00028102,802003,0x0a04,0x0a14,100,13166,0000,-,01,00,22,12,-,01,90.5,198,480,-23.26627,-51.091873,0724,0005,9fef,068fea04,186.6,1152.3,0:00:00,0:00:00,-,-,0,-,,,,,04,3,00000000,00,11
2025-06-12 17:36:22,2025-06-12 17:36:21,2025-06-12 17:36:22,867488060285201,15629,GTHBM,0x09fe7fbf,,802003,0x0a04,0x0a14,100,13389,0000,0000,01,00,22,12,-,01,91.0,173,484,-23.26809,-51.091868,0724,0005,9fef,068fea04,186.8,1152.5,0:00:00,0:00:00,-,-,0,-,,,,,,,,,05
2025-06-12 17:36:42,2025-06-12 17:36:41,2025-06-12 17:36:40,867488060285201,15630,GTERI,0x09fe3fbf,0x00028102,802003,0x0a04,0x0a14,100,13457,0000,-,01,00,22,12,-,01,91.9,173,469,-23.272234,-51.09136,0724,0005,9fef,068fea04,187.3,1153.0,0:00:00,0:00:00,-,-,0,-,,,,,04,3,00000000,00,10
2025-06-12 17:36:54,2025-06-12 17:36:53,2025-06-12 17:36:54,867488060285201,15631,GTHBM,0x09fe7fbf,,802003,0x0a04,0x0a14,100,13468,0000,0000,01,00,22,12,-,01,95.9,208,452,-23.275267,-51.092254,0724,0005,9fef,068fea04,187.6,1153.3,0:00:00,0:00:00,-,-,0,-,,,,,,,,,05
2025-06-12 17:37:26,2025-06-12 17:37:25,2025-06-12 17:37:26,867488060285201,15632,GTHBM,0x09fe7fbf,,802003,0x0a04,0x0a14,100,13573,0000,0000,01,00,22,12,-,01,96.9,195,460,-23.282805,-51.092237,0724,0005,a053,06933d00,188.4,1154.1,0:00:00,0:00:00,-,-,0,-,,,,,,,,,05
2025-06-12 17:37:31,2025-06-12 17:37:30,2025-06-12 17:37:31,867488060285201,15633,GTERI,0x09fe3fbf,0x00028102,802003,0x0a04,0x0a14,100,13123,0000,-,01,00,22,12,-,01,96.2,220,463,-23.283854,-51.09289,0724,0005,a053,06933d00,188.6,1154.3,0:00:00,0:00:00,-,-,0,-,,,,,04,7,00000000,00,11
2025-06-12 17:37:42,2025-06-12 17:37:41,2025-06-12 17:37:41,867488060285201,15634,GTERI,0x09fe3fbf,0x00028102,802003,0x0a04,0x0a14,100,13346,0000,-,01,00,22,12,-,01,87.6,205,469,-23.285723,-51.094323,0724,0005,a053,0692fc1c,188.9,1154.6,0:00:00,0:00:00,-,-,0,-,,,,,04,1,00000000,00,10
2025-06-12 17:37:48,,,867488060285201,15636,HBD
2025-06-12 17:37:58,2025-06-12 17:37:57,2025-06-12 17:37:58,867488060285201,15637,GTHBM,0x09fe7fbf,,802003,0x0a04,0x0a14,100,13375,0000,0000,01,00,22,12,-,01,62.0,180,484,-23.288912,-51.094837,0724,0005,9fef,068fea06,189.2,1154.9,0:00:00,0:00:00,-,-,0,-,,,,,,,,,05
2025-06-12 17:38:26,2025-06-12 17:38:25,2025-06-12 17:38:26,867488060285201,15638,GTERI,0x09fe3fbf,0x00028102,802003,0x0a04,0x0a14,100,13467,0000,-,01,00,22,12,-,01,69.5,252,497,-23.292685,-51.097014,0724,0005,9fef,068fea1e,189.7,1155.4,0:00:00,0:00:00,-,-,0,-,,,,,04,1,00000000,00,11
2025-06-12 17:38:30,2025-06-12 17:38:29,2025-06-12 17:38:30,867488060285201,15639,GTHBM,0x09fe7fbf,,802003,0x0a04,0x0a14,100,13422,0000,0000,01,00,22,12,-,01,70.7,263,493,-23.292812,-51.097758,0724,0005,a053,06933d05,189.8,1155.5,0:00:00,0:00:00,-,-,0,-,,,,,,,,,05
2025-06-12 17:38:42,2025-06-12 17:38:41,2025-06-12 17:38:40,867488060285201,15640,GTERI,0x09fe3fbf,0x00028102,802003,0x0a04,0x0a14,100,13425,0000,-,01,00,22,12,-,01,77.9,265,480,-23.292944,-51.09979,0724,0005,a053,06933d01,190.0,1155.7,0:00:00,0:00:00,-,-,0,-,,,,,04,7,00000000,00,10
2025-06-12 17:39:02,2025-06-12 17:39:01,2025-06-12 17:39:02,867488060285201,15641,GTHBM,0x09fe7fbf,,802003,0x0a04,0x0a14,100,13503,0000,0000,01,00,22,12,-,01,79.5,266,479,-23.293247,-51.104703,0724,0005,a053,06933d01,190.5,1156.2,0:00:00,0:00:00,-,-,0,-,,,,,,,,,05
2025-06-12 17:39:35,2025-06-12 17:39:32,2025-06-12 17:39:33,867488060285201,15642,GTHBM,0x09fe7fbf,,802003,0x0a04,0x0a14,100,13489,0000,0000,01,00,22,12,-,01,66.8,266,484,-23.293583,-51.11126,0724,0005,a053,06933d01,191.2,1156.9,0:00:00,0:00:00,-,-,0,-,,,,,,,,,05
2025-06-12 17:39:42,2025-06-12 17:39:41,2025-06-12 17:39:40,867488060285201,15643,GTERI,0x09fe3fbf,0x00028102,802003,0x0a04,0x0a14,100,13257,0000,-,01,00,22,12,-,01,71.3,267,477,-23.293648,-51.11257,0724,0005,a053,06933d1e,191.3,1157.0,0:00:00,0:00:00,-,-,0,-,,,,,04,1,00000000,00,10
2025-06-12 17:39:48,,,867488060285201,15645,HBD
2025-06-12 17:40:07,2025-06-12 17:40:06,2025-06-12 17:40:07,867488060285201,15646,GTHBM,0x09fe7fbf,,802003,0x0a04,0x0a14,100,13503,0000,0000,01,00,22,12,-,01,53.8,277,463,-23.293214,-51.117555,0724,0005,a053,06933d06,191.8,1157.5,0:00:00,0:00:00,-,-,0,-,,,,,,,,,05
2025-06-12 17:40:31,2025-06-12 17:40:30,2025-06-12 17:40:31,867488060285201,15647,GTHBM,0x09fe7fbf,,802003,0x0a04,0x0a14,100,13487,0000,0000,01,00,22,12,-,01,34.4,268,483,-23.293066,-51.120828,0724,0005,a053,06933d02,192.1,1157.8,0:00:00,0:00:00,-,-,0,-,,,,,,,,,00
2025-06-12 17:40:42,2025-06-12 17:40:41,2025-06-12 17:40:41,867488060285201,15648,GTERI,0x09fe3fbf,0x00028102,802003,0x0a04,0x0a14,100,13296,0000,-,01,00,22,12,-,01,2.7,270,486,-23.293072,-51.121298,0724,0005,a053,06933d02,192.2,1157.9,0:00:00,0:00:00,-,-,0,-,,,,,04,7,00000000,00,10
2025-06-12 17:40:43,2025-06-12 17:40:42,2025-06-12 17:40:43,867488060285201,15649,GTHBM,0x09fe7fbf,,802003,0x0a04,0x0a14,100,13412,0000,0000,01,00,22,12,-,01,1.6,269,487,-23.293073,-51.121308,0724,0005,a053,06933d02,192.2,1157.9,0:00:00,0:00:00,-,-,0,-,,,,,,,,,05
2025-06-12 17:41:03,2025-06-12 17:41:02,2025-06-12 17:41:03,867488060285201,15650,GTHBM,0x09fe7fbf,,802003,0x0a04,0x0a14,100,13403,0000,0000,01,00,22,12,-,01,24.8,270,489,-23.293054,-51.121565,0724,0005,a053,06933d02,192.2,1157.9,0:00:00,0:00:00,-,-,0,-,,,,,,,,,01
2025-06-12 17:41:08,2025-06-12 17:41:07,2025-06-12 17:41:08,867488060285201,15651,GTHBM,0x09fe7fbf,,802003,0x0a04,0x0a14,100,13353,0000,0000,01,00,22,12,-,01,37.2,267,491,-23.293064,-51.12201,0724,0005,a053,06933d02,192.2,1157.9,0:00:00,0:00:00,-,-,0,-,,,,,,,,,05
2025-06-12 17:41:40,2025-06-12 17:41:39,2025-06-12 17:41:40,867488060285201,15652,GTHBM,0x09fe7fbf,,802003,0x0a04,0x0a14,100,13328,0000,0000,01,00,22,12,-,01,48.6,270,517,-23.293095,-51.126586,0724,0005,a053,06933d02,192.7,1158.4,0:00:00,0:00:00,-,-,0,-,,,,,,,,,05
2025-06-12 17:41:42,2025-06-12 17:41:41,2025-06-12 17:41:41,867488060285201,15653,GTERI,0x09fe3fbf,0x00028102,802003,0x0a04,0x0a14,100,13328,0000,-,01,00,22,12,-,01,47.7,270,517,-23.293094,-51.126717,0724,0005,a053,06933d02,192.7,1158.5,0:00:00,0:00:00,-,-,0,-,,,,,04,7,00000000,00,10
2025-06-12 17:41:48,,,867488060285201,15655,HBD
2025-06-12 17:42:12,2025-06-12 17:42:11,2025-06-12 17:42:12,867488060285201,15656,GTHBM,0x09fe7fbf,,802003,0x0a04,0x0a14,100,13455,0000,0000,01,00,22,12,-,01,41.0,269,514,-23.293077,-51.130185,0724,0005,a053,06901101,193.1,1158.8,0:00:00,0:00:00,-,-,0,-,,,,,,,,,05
2025-06-12 17:42:42,2025-06-12 17:42:41,2025-06-12 17:42:40,867488060285201,15657,GTERI,0x09fe3fbf,0x00028102,802003,0x0a04,0x0a14,100,13497,0000,-,01,00,22,12,-,01,8.6,270,507,-23.293063,-51.132176,0724,0005,a053,06901109,193.3,1159.0,0:00:00,0:00:00,-,-,0,-,,,,,04,28,00000000,00,10
2025-06-12 17:42:44,2025-06-12 17:42:43,2025-06-12 17:42:44,867488060285201,15658,GTHBM,0x09fe7fbf,,802003,0x0a04,0x0a14,100,13434,0000,0000,01,00,22,12,-,01,6.0,271,507,-23.293063,-51.132255,0724,0005,a053,06901109,193.3,1159.0,0:00:00,0:00:00,-,-,0,-,,,,,,,,,05
2025-06-12 17:43:16,2025-06-12 17:43:15,2025-06-12 17:43:16,867488060285201,15659,GTHBM,0x09fe7fbf,,802003,0x0a04,0x0a14,100,13454,0000,0000,01,00,22,12,-,01,0.0,270,508,-23.293063,-51.1323,0724,0005,a053,06901105,193.3,1159.0,0:00:00,0:00:00,-,-,0,-,,,,,,,,,05
2025-06-12 17:43:42,2025-06-12 17:43:41,2025-06-12 17:43:41,867488060285201,15660,GTERI,0x09fe3fbf,0x00028102,802003,0x0a04,0x0a14,100,13462,0000,-,01,00,22,12,-,01,0.0,268,509,-23.293061,-51.132578,0724,0005,a053,06901105,193.3,1159.0,0:00:00,0:00:00,-,-,0,-,,,,,04,3,00000000,00,10
2025-06-12 17:43:48,2025-06-12 17:43:47,2025-06-12 17:43:48,867488060285201,15661,GTHBM,0x09fe7fbf,,802003,0x0a04,0x0a14,100,13452,0000,0000,01,00,22,12,-,01,0.0,268,509,-23.293061,-51.132578,0724,0005,a053,06901105,193.3,1159.0,0:00:00,0:00:00,-,-,0,-,,,,,,,,,05
2025-06-12 17:43:48,,,867488060285201,15663,HBD
2025-06-12 17:44:20,2025-06-12 17:44:19,2025-06-12 17:44:20,867488060285201,15664,GTHBM,0x09fe7fbf,,802003,0x0a04,0x0a14,100,13357,0000,0000,01,00,22,12,-,01,0.0,270,511,-23.293051,-51.133105,0724,0005,a053,06901105,193.4,1159.1,0:00:00,0:00:00,-,-,0,-,,,,,,,,,05
2025-06-12 17:44:42,2025-06-12 17:44:41,2025-06-12 17:44:41,867488060285201,15665,GTERI,0x09fe3fbf,0x00028102,802003,0x0a04,0x0a14,100,13373,0000,-,01,00,22,12,-,01,0.0,268,511,-23.293048,-51.13334,0724,0005,a053,06901105,193.4,1159.1,0:00:00,0:00:00,-,-,0,-,,,,,04,3,00000000,00,10
2025-06-12 17:44:52,2025-06-12 17:44:51,2025-06-12 17:44:52,867488060285201,15666,GTHBM,0x09fe7fbf,,802003,0x0a04,0x0a14,100,13172,0000,0000,01,00,22,12,-,01,0.0,268,511,-23.293048,-51.13334,0724,0005,a053,06901105,193.4,1159.1,0:00:00,0:00:00,-,-,0,-,,,,,,,,,05
2025-06-12 17:45:02,2025-06-12 17:45:01,2025-06-12 17:45:01,867488060285201,15667,GTSTT,0x09fe7fbf,,802003,0x0a04,0x0a14,100,13351,0000,0000,01,00,21,12,-,01,0.0,268,511,-23.293048,-51.13334,0724,0005,a053,06901101,193.4,1159.1,0:00:00,0:00:00,-,-,0,-
2025-06-12 17:45:28,2025-06-12 17:45:27,2025-06-12 17:45:27,867488060285201,15668,GTSTT,0x09fe7fbf,,802003,0x0a04,0x0a14,100,13291,0000,0000,01,00,22,12,-,01,0.0,268,511,-23.293048,-51.13334,0724,0005,a053,06901101,193.4,1159.1,0:00:00,0:00:00,-,-,0,-
2025-06-12 17:45:42,2025-06-12 17:45:41,2025-06-12 17:45:41,867488060285201,15669,GTERI,0x09fe3fbf,0x00028102,802003,0x0a04,0x0a14,100,13421,0000,-,01,00,22,12,-,01,12.6,270,513,-23.293052,-51.133744,0724,0005,a053,06901101,193.4,1159.1,0:00:00,0:00:00,-,-,0,-,,,,,04,7,00000000,00,10
2025-06-12 17:45:48,,,867488060285201,15671,HBD
2025-06-12 17:46:42,2025-06-12 17:46:41,2025-06-12 17:46:41,867488060285201,15672,GTERI,0x09fe3fbf,0x00028102,802003,0x0a04,0x0a14,100,13454,0000,-,01,00,22,12,-,01,5.2,269,522,-23.293034,-51.135281,0724,0005,a053,06901101,193.6,1159.3,0:00:00,0:00:00,-,-,0,-,,,,,04,7,00000000,00,10
2025-06-12 17:47:42,2025-06-12 17:47:41,2025-06-12 17:47:41,867488060285201,15673,GTERI,0x09fe3fbf,0x00028102,802003,0x0a04,0x0a14,100,13372,0000,-,01,00,22,12,-,01,10.1,270,523,-23.293032,-51.136684,0724,0005,a053,06901100,193.7,1159.4,0:00:00,0:00:00,-,-,0,-,,,,,04,7,00000000,00,10
2025-06-12 17:47:48,,,867488060285201,15675,HBD
2025-06-12 17:48:42,2025-06-12 17:48:41,2025-06-12 17:48:41,867488060285201,15676,GTERI,0x09fe3fbf,0x00028102,802003,0x0a04,0x0a14,100,13503,0000,-,01,00,22,12,-,01,9.5,269,528,-23.293016,-51.137857,0724,0005,a053,06901100,193.8,1159.5,0:00:00,0:00:00,-,-,0,-,,,,,04,7,00000000,00,10
2025-06-12 17:49:42,2025-06-12 17:49:41,2025-06-12 17:49:40,867488060285201,15677,GTERI,0x09fe3fbf,0x00028102,802003,0x0a04,0x0a14,100,13508,0000,-,01,00,22,12,-,01,7.5,271,528,-23.293018,-51.138423,0724,0005,a053,06901100,193.9,1159.6,0:00:00,0:00:00,-,-,0,-,,,,,04,7,00000000,00,10
2025-06-12 17:49:49,,,867488060285201,15679,HBD
2025-06-12 17:50:42,2025-06-12 17:50:41,2025-06-12 17:50:40,867488060285201,15680,GTERI,0x09fe3fbf,0x00028102,802003,0x0a04,0x0a14,100,13442,0000,-,01,00,22,12,-,01,0.0,273,529,-23.293007,-51.138791,0724,0005,a053,06901100,193.9,1159.6,0:00:00,0:00:00,-,-,0,-,,,,,04,7,00000000,00,10
2025-06-12 17:51:42,2025-06-12 17:51:41,2025-06-12 17:51:41,867488060285201,15681,GTERI,0x09fe3fbf,0x00028102,802003,0x0a04,0x0a14,100,13377,0000,-,01,00,22,12,-,01,13.6,271,534,-23.292952,-51.140111,0724,0005,a053,06901100,194.1,1159.8,0:00:00,0:00:00,-,-,0,-,,,,,04,7,00000000,00,10
2025-06-12 17:51:49,,,867488060285201,15683,HBD
2025-06-12 17:52:20,2025-06-12 17:52:19,2025-06-12 17:52:20,867488060285201,15684,GTHBM,0x09fe7fbf,,802003,0x0a04,0x0a14,100,13243,0000,0000,01,00,22,12,-,01,16.4,270,535,-23.292941,-51.140918,0724,0005,a053,06901106,194.1,1159.8,0:00:00,0:00:00,-,-,0,-,,,,,,,,,01
2025-06-12 17:52:24,2025-06-12 17:52:23,2025-06-12 17:52:24,867488060285201,15685,GTHBM,0x09fe7fbf,,802003,0x0a04,0x0a14,100,13461,0000,0000,01,00,22,12,-,01,25.0,270,534,-23.292937,-51.141169,0724,0005,a053,06901106,194.2,1159.9,0:00:00,0:00:00,-,-,0,-,,,,,,,,,05
2025-06-12 17:52:42,2025-06-12 17:52:41,2025-06-12 17:52:41,867488060285201,15686,GTERI,0x09fe3fbf,0x00028102,802003,0x0a04,0x0a14,100,13261,0000,-,01,00,22,12,-,01,27.4,270,533,-23.292924,-51.142463,0724,0005,a053,06901106,194.3,1160.0,0:00:00,0:00:00,-,-,0,-,,,,,04,3,00000000,00,10
2025-06-12 17:52:45,2025-06-12 17:52:44,2025-06-12 17:52:45,867488060285201,15687,GTHBM,0x09fe7fbf,,802003,0x0a04,0x0a14,100,13321,0000,0000,01,00,22,12,-,01,15.3,269,532,-23.292923,-51.142682,0724,0005,a053,06901106,194.3,1160.0,0:00:00,0:00:00,-,-,0,-,,,,,,,,,00
2025-06-12 17:52:49,2025-06-12 17:52:48,2025-06-12 17:52:49,867488060285201,15688,GTHBM,0x09fe7fbf,,802003,0x0a04,0x0a14,100,13202,0000,0000,01,00,22,12,-,01,3.7,270,532,-23.292923,-51.142772,0724,0005,a053,06901106,194.3,1160.0,0:00:00,0:00:00,-,-,0,-,,,,,,,,,05
2025-06-12 17:53:22,2025-06-12 17:53:20,2025-06-12 17:53:21,867488060285201,15689,GTHBM,0x09fe7fbf,,802003,0x0a04,0x0a14,100,13364,0000,0000,01,00,22,12,-,01,0.0,270,532,-23.292922,-51.142787,0724,0005,9c6b,0692f908,194.3,1160.0,0:00:00,0:00:00,-,-,0,-,,,,,,,,,05
2025-06-12 17:53:37,2025-06-12 17:53:36,2025-06-12 17:53:37,867488060285201,15690,GTHBM,0x09fe7fbf,,802003,0x0a04,0x0a14,100,13264,0000,0000,01,00,22,12,-,01,17.3,269,531,-23.29292,-51.142923,0724,0005,9c6b,0692f91c,194.3,1160.0,0:00:00,0:00:00,-,-,0,-,,,,,,,,,01
2025-06-12 17:53:41,2025-06-12 17:53:40,2025-06-12 17:53:41,867488060285201,15691,GTHBM,0x09fe7fbf,,802003,0x0a04,0x0a14,100,13369,0000,0000,01,00,22,12,-,01,29.0,269,531,-23.292919,-51.143195,0724,0005,9c6b,0692f91c,194.4,1160.1,0:00:00,0:00:00,-,-,0,-,,,,,,,,,05
2025-06-12 17:53:42,2025-06-12 17:53:41,2025-06-12 17:53:41,867488060285201,15692,GTERI,0x09fe3fbf,0x00028102,802003,0x0a04,0x0a14,100,13369,0000,-,01,00,22,12,-,01,29.0,269,531,-23.292919,-51.143195,0724,0005,9c6b,0692f91c,194.4,1160.1,0:00:00,0:00:00,-,-,0,-,,,,,04,1,00000000,00,10
2025-06-12 17:53:49,,,867488060285201,15694,HBD
2025-06-12 17:54:13,2025-06-12 17:54:12,2025-06-12 17:54:13,867488060285201,15695,GTHBM,0x09fe7fbf,,802003,0x0a04,0x0a14,100,13469,0000,0000,01,00,22,12,-,01,62.6,265,515,-23.292865,-51.147667,0724,0005,9c6b,0692f91c,194.8,1160.5,0:00:00,0:00:00,-,-,0,-,,,,,,,,,05
2025-06-12 17:54:26,2025-06-12 17:54:24,2025-06-12 17:54:25,867488060285201,15696,GTHBM,0x09fe7fbf,,802003,0x0a04,0x0a14,100,13291,0000,0000,01,00,22,12,-,01,47.5,272,505,-23.292841,-51.149658,0724,0005,9c6b,0692f91c,195.0,1160.7,0:00:00,0:00:00,-,-,0,-,,,,,,,,,00
2025-06-12 17:54:30,2025-06-12 17:54:28,2025-06-12 17:54:29,867488060285201,15697,GTERI,0x09fe3fbf,0x00028102,802003,0x0a04,0x0a14,100,13291,0000,-,01,00,22,12,-,01,40.8,325,503,-23.292664,-51.150047,0724,0005,9c6b,0692f91c,195.1,1160.8,0:00:00,0:00:00,-,-,0,-,,,,,04,1,00000000,00,11
2025-06-12 17:54:30,2025-06-12 17:54:28,2025-06-12 17:54:29,867488060285201,15698,GTHBM,0x09fe7fbf,,802003,0x0a04,0x0a14,100,13291,0000,0000,01,00,22,12,-,01,40.8,325,503,-23.292664,-51.150047,0724,0005,9c6b,0692f91c,195.1,1160.8,0:00:00,0:00:00,-,-,0,-,,,,,,,,,05
2025-06-12 17:54:33,2025-06-12 17:54:32,2025-06-12 17:54:33,867488060285201,15699,GTERI,0x09fe3fbf,0x00028102,802003,0x0a04,0x0a14,100,13124,0000,-,01,00,22,12,-,01,53.1,18,502,-23.292213,-51.150079,0724,0005,a053,06908909,195.1,1160.8,0:00:00,0:00:00,-,-,0,-,,,,,04,28,00000000,00,11
2025-06-12 17:54:33,2025-06-12 17:54:32,2025-06-12 17:54:33,867488060285201,15700,GTHBM,0x09fe7fbf,,802003,0x0a04,0x0a14,100,13124,0000,0000,01,00,22,12,-,01,53.1,18,502,-23.292213,-51.150079,0724,0005,a053,06908909,195.1,1160.8,0:00:00,0:00:00,-,-,0,-,,,,,,,,,02
2025-06-12 17:54:37,2025-06-12 17:54:36,2025-06-12 17:54:37,867488060285201,15701,GTHBM,0x09fe7fbf,,802003,0x0a04,0x0a14,100,13069,0000,0000,01,00,22,12,-,01,60.4,19,501,-23.29167,-51.149875,0724,0005,a053,06908909,195.2,1160.9,0:00:00,0:00:00,-,-,0,-,,,,,,,,,05
2025-06-12 17:54:57,2025-06-12 17:54:36,2025-06-12 17:54:37,867488060285201,15701,GTHBM,0x09fe7fbf,,802003,0x0a04,0x0a14,100,13069,0000,0000,01,00,22,12,-,01,60.4,19,501,-23.29167,-51.149875,0724,0005,a053,06908909,195.2,1160.9,0:00:00,0:00:00,-,-,0,-,,,,,,,,,05
2025-06-12 17:54:57,2025-06-12 17:54:41,2025-06-12 17:54:41,867488060285201,15702,GTERI,0x09fe3fbf,0x00028102,802003,0x0a04,0x0a14,100,13270,0000,-,01,00,22,12,-,01,58.7,21,501,-23.291095,-51.149659,0724,0005,a053,06908905,195.3,1161.0,0:00:00,0:00:00,-,-,0,-,,,,,04,3,00000000,00,10
2025-06-12 17:54:58,2025-06-12 17:54:48,2025-06-12 17:54:49,867488060285201,15703,GTERI,0x09fe3fbf,0x00028102,802003,0x0a04,0x0a14,100,13268,0000,-,01,00,22,12,-,01,55.7,73,502,-23.290335,-51.14884,0724,0005,a053,06908905,195.4,1161.1,0:00:00,0:00:00,-,-,0,-,,,,,04,3,00000000,00,11
2025-06-12 17:54:58,2025-06-12 17:54:54,2025-06-12 17:54:55,867488060285201,15704,GTERI,0x09fe3fbf,0x00028102,802003,0x0a04,0x0a14,100,13392,0000,-,01,00,22,12,-,01,37.6,120,503,-23.290355,-51.14809,0724,0005,a053,06908905,195.5,1161.2,0:00:00,0:00:00,-,-,0,-,,,,,04,3,00000000,00,11
2025-06-12 17:54:58,2025-06-12 17:54:56,2025-06-12 17:54:57,867488060285201,15705,GTHBM,0x09fe7fbf,,802003,0x0a04,0x0a14,100,13454,0000,0000,01,00,22,12,-,01,35.1,149,503,-23.29049,-51.147961,0724,0005,9c6b,0692f900,195.5,1161.2,0:00:00,0:00:00,-,-,0,-,,,,,,,,,02
2025-06-12 17:54:59,2025-06-12 17:54:57,2025-06-12 17:54:58,867488060285201,15706,GTERI,0x09fe3fbf,0x00028102,802003,0x0a04,0x0a14,100,13454,0000,-,01,00,22,12,-,01,38.6,167,502,-23.290582,-51.147932,0724,0005,9c6b,0692f900,195.5,1161.2,0:00:00,0:00:00,-,-,0,-,,,,,04,7,00000000,00,11
2025-06-12 17:55:01,2025-06-12 17:55:00,2025-06-12 17:55:01,867488060285201,15707,GTHBM,0x09fe7fbf,,802003,0x0a04,0x0a14,100,13457,0000,0000,01,00,22,12,-,01,43.8,172,503,-23.290895,-51.147873,0724,0005,9c6b,0692f900,195.5,1161.2,0:00:00,0:00:00,-,-,0,-,,,,,,,,,05
2025-06-12 17:55:34,2025-06-12 17:55:33,2025-06-12 17:55:34,867488060285201,15708,GTHBM,0x09fe7fbf,,802003,0x0a04,0x0a14,100,13512,0000,0000,01,00,22,12,-,01,52.4,168,527,-23.294982,-51.145918,0724,0005,9c6b,0692f900,196.0,1161.7,0:00:00,0:00:00,-,-,0,-,,,,,,,,,05
2025-06-12 17:55:42,2025-06-12 17:55:41,2025-06-12 17:55:41,867488060285201,15709,GTERI,0x09fe3fbf,0x00028102,802003,0x0a04,0x0a14,100,13373,0000,-,01,00,22,12,-,01,52.4,174,535,-23.295893,-51.145771,0724,0005,9c6b,0692f90a,196.2,1161.9,0:00:00,0:00:00,-,-,0,-,,,,,04,28,00000000,00,10
2025-06-12 17:55:49,,,867488060285201,15711,HBD
2025-06-12 17:55:51,2025-06-12 17:55:50,2025-06-12 17:55:51,867488060285201,15712,GTHBM,0x09fe7fbf,,802003,0x0a04,0x0a14,100,13396,0000,0000,01,00,22,12,-,01,18.0,176,538,-23.29691,-51.145704,0724,0005,9c6b,0692f91e,196.2,1162.0,0:00:00,0:00:00,-,-,0,-,,,,,,,,,00
2025-06-12 17:55:59,2025-06-12 17:55:58,2025-06-12 17:55:59,867488060285201,15713,GTHBM,0x09fe7fbf,,802003,0x0a04,0x0a14,100,13228,0000,0000,01,00,22,12,-,01,0.0,174,538,-23.296966,-51.145697,0724,0005,9c6b,0692f902,196.2,1162.0,0:00:00,0:00:00,-,-,0,-,,,,,,,,,05
2025-06-12 17:56:04,2025-06-12 17:56:03,2025-06-12 17:56:04,867488060285201,15714,GTHBM,0x09fe7fbf,,802003,0x0a04,0x0a14,100,13246,0000,0000,01,00,22,12,-,01,16.7,177,538,-23.297052,-51.14569,0724,0005,9c6b,0692f902,196.2,1162.0,0:00:00,0:00:00,-,-,0,-,,,,,,,,,01
2025-06-12 17:56:08,2025-06-12 17:56:07,2025-06-12 17:56:08,867488060285201,15715,GTHBM,0x09fe7fbf,,802003,0x0a04,0x0a14,100,13326,0000,0000,01,00,22,12,-,01,18.0,177,538,-23.29723,-51.145679,0724,0005,9c6b,0692f902,196.3,1162.0,0:00:00,0:00:00,-,-,0,-,,,,,,,,,05
2025-06-12 17:56:16,2025-06-12 17:56:15,2025-06-12 17:56:16,867488060285201,15716,GTHBM,0x09fe7fbf,,802003,0x0a04,0x0a14,100,13321,0000,0000,01,00,22,12,-,01,0.0,174,538,-23.297445,-51.145664,0724,0005,9c6b,0692f902,196.3,1162.0,0:00:00,0:00:00,-,-,0,-,,,,,,,,,00
2025-06-12 17:56:30,2025-06-12 17:56:29,2025-06-12 17:56:30,867488060285201,15717,GTHBM,0x09fe7fbf,,802003,0x0a04,0x0a14,100,13413,0000,0000,01,00,22,12,-,01,15.8,177,539,-23.297517,-51.145661,0724,0005,9c6b,0692f902,196.3,1162.0,0:00:00,0:00:00,-,-,0,-,,,,,,,,,01
2025-06-12 17:56:34,2025-06-12 17:56:33,2025-06-12 17:56:34,867488060285201,15718,GTHBM,0x09fe7fbf,,802003,0x0a04,0x0a14,100,13431,0000,0000,01,00,22,12,-,01,21.4,177,539,-23.297702,-51.145652,0724,0005,9c6b,0692f902,196.3,1162.0,0:00:00,0:00:00,-,-,0,-,,,,,,,,,05
2025-06-12 17:56:42,2025-06-12 17:56:41,2025-06-12 17:56:40,867488060285201,15719,GTERI,0x09fe3fbf,0x00028102,802003,0x0a04,0x0a14,100,13460,0000,-,01,00,22,12,-,01,27.0,176,539,-23.298076,-51.14563,0724,0005,9c6b,0692f902,196.4,1162.1,0:00:00,0:00:00,-,-,0,-,,,,,04,7,00000000,00,10
2025-06-12 17:57:09,2025-06-12 17:57:08,2025-06-12 17:57:09,867488060285201,15720,GTHBM,0x09fe7fbf,,802003,0x0a04,0x0a14,100,13288,0000,0000,01,00,22,12,-,01,0.0,176,540,-23.298948,-51.145577,0724,0005,9c6b,0692f91e,196.5,1162.2,0:00:00,0:00:00,-,-,0,-,,,,,,,,,05
2025-06-12 17:57:23,2025-06-12 17:57:22,2025-06-12 17:57:22,867488060285201,15721,GTSTT,0x09fe7fbf,,802003,0x0a04,0x0a14,100,13166,0000,0000,01,00,21,12,-,01,0.0,176,540,-23.298948,-51.145577,0724,0005,9c6b,0692f91e,196.5,1162.2,0:00:00,0:00:00,-,-,0,-
2025-06-12 17:57:42,2025-06-12 17:57:41,2025-06-12 17:57:42,867488060285201,15722,GTSTT,0x09fe7fbf,,802003,0x0a04,0x0a14,100,13363,0000,0000,01,00,22,12,-,01,0.0,177,540,-23.298948,-51.145577,0724,0005,9c6b,0692f91e,196.5,1162.2,0:00:00,0:00:00,-,-,0,-
2025-06-12 17:57:42,2025-06-12 17:57:41,2025-06-12 17:57:40,867488060285201,15723,GTERI,0x09fe3fbf,0x00028102,802003,0x0a04,0x0a14,100,13363,0000,-,01,00,22,12,-,01,0.0,176,540,-23.298948,-51.145577,0724,0005,9c6b,0692f91e,196.5,1162.2,0:00:00,0:00:00,-,-,0,-,,,,,04,1,00000000,00,10
2025-06-12 17:57:47,2025-06-12 17:57:46,2025-06-12 17:57:47,867488060285201,15724,GTHBM,0x09fe7fbf,,802003,0x0a04,0x0a14,100,13577,0000,0000,01,00,22,12,-,01,15.6,177,542,-23.299079,-51.145568,0724,0005,9c6b,0692f91e,196.5,1162.2,0:00:00,0:00:00,-,-,0,-,,,,,,,,,01
2025-06-12 17:57:49,,,867488060285201,15726,HBD
2025-06-12 17:57:56,2025-06-12 17:57:55,2025-06-12 17:57:56,867488060285201,15727,GTHBM,0x09fe7fbf,,802003,0x0a04,0x0a14,100,12797,0000,0000,01,00,22,12,-,01,24.4,178,544,-23.299568,-51.145543,0724,0005,9c6b,0692f91e,196.5,1162.2,0:00:00,0:00:00,-,-,0,-,,,,,,,,,05
2025-06-12 17:59:50,2025-06-12 17:58:29,2025-06-12 17:58:30,867488060285201,15728,GTHBM,0x09fe7fbf,,802003,0x0a04,0x0a14,100,13399,0000,0000,01,00,22,12,-,01,22.8,184,544,-23.302386,-51.145423,0724,0005,9c6b,0692f91d,196.8,1162.5,0:00:00,0:00:00,-,-,0,-,,,,,,,,,05
2025-06-12 17:59:50,,,867488060285201,15737,HBD
2025-06-12 17:59:51,2025-06-12 17:58:41,2025-06-12 17:58:41,867488060285201,15729,GTERI,0x09fe3fbf,0x00028102,802003,0x0a04,0x0a14,100,13257,0000,-,01,00,22,12,-,01,9.1,200,543,-23.302799,-51.145513,0724,0005,9c6b,0692f91d,196.9,1162.6,0:00:00,0:00:00,-,-,0,-,,,,,04,1,00000000,00,10
2025-06-12 17:59:51,2025-06-12 17:59:01,2025-06-12 17:59:02,867488060285201,15730,GTHBM,0x09fe7fbf,,802003,0x0a04,0x0a14,100,13278,0000,0000,01,00,22,12,-,01,18.2,205,543,-23.303214,-51.145676,0724,0005,9c6b,0692f91d,196.9,1162.6,0:00:00,0:00:00,-,-,0,-,,,,,,,,,05
2025-06-12 17:59:52,2025-06-12 17:59:17,2025-06-12 17:59:18,867488060285201,15731,GTHBM,0x09fe7fbf,,802003,0x0a04,0x0a14,100,13278,0000,0000,01,00,22,12,-,01,41.6,223,543,-23.304079,-51.146431,0724,0005,9c6b,0692f91d,197.1,1162.8,0:00:00,0:00:00,-,-,0,-,,,,,,,,,01
2025-06-12 17:59:52,2025-06-12 17:59:21,2025-06-12 17:59:22,867488060285201,15732,GTHBM,0x09fe7fbf,,802003,0x0a04,0x0a14,100,13417,0000,0000,01,00,22,12,-,01,45.8,225,542,-23.304394,-51.146779,0724,0005,9c6b,0692f91d,197.1,1162.8,0:00:00,0:00:00,-,-,0,-,,,,,,,,,05
2025-06-12 17:59:53,2025-06-12 17:59:33,2025-06-12 17:59:34,867488060285201,15733,GTHBM,0x09fe7fbf,,802003,0x0a04,0x0a14,100,13369,0000,0000,01,00,22,12,-,01,8.7,206,539,-23.305084,-51.147334,0724,0005,9c6b,0692f91d,197.2,1162.9,0:00:00,0:00:00,-,-,0,-,,,,,,,,,00
2025-06-12 17:59:53,2025-06-12 17:59:37,2025-06-12 17:59:38,867488060285201,15734,GTHBM,0x09fe7fbf,,802003,0x0a04,0x0a14,100,13179,0000,0000,01,00,22,12,-,01,0.0,200,539,-23.305103,-51.147343,0724,0005,9c6b,0692f91d,197.2,1162.9,0:00:00,0:00:00,-,-,0,-,,,,,,,,,05
2025-06-12 17:59:54,2025-06-12 17:59:41,2025-06-12 17:59:41,867488060285201,15735,GTERI,0x09fe3fbf,0x00028102,802003,0x0a04,0x0a14,100,13372,0000,-,01,00,22,12,-,01,0.0,200,539,-23.305103,-51.147343,0724,0005,9c6b,0692f91d,197.2,1162.9,0:00:00,0:00:00,-,-,0,-,,,,,01,1800,00000000,00,10
2025-06-12 18:00:10,2025-06-12 18:00:09,2025-06-12 18:00:10,867488060285201,15738,GTHBM,0x09fe7fbf,,802003,0x0a04,0x0a14,100,13434,0000,0000,01,00,22,12,-,01,14.9,204,538,-23.305182,-51.147374,0724,0005,9c6b,068ffc05,197.2,1162.9,0:00:00,0:00:00,-,-,0,-,,,,,,,,,05
2025-06-12 18:00:38,2025-06-12 18:00:37,2025-06-12 18:00:38,867488060285201,15739,GTHBM,0x09fe7fbf,,802003,0x0a04,0x0a14,100,13365,0000,0000,01,00,22,12,-,01,3.5,194,538,-23.306473,-51.1478,0724,0005,9c6b,068ffc1d,197.3,1163.0,0:00:00,0:00:00,-,-,0,-,,,,,,,,,00
2025-06-12 18:00:42,2025-06-12 18:00:41,2025-06-12 18:00:42,867488060285201,15740,GTHBM,0x09fe7fbf,,802003,0x0a04,0x0a14,100,13222,0000,0000,01,00,22,12,-,01,0.0,200,538,-23.306479,-51.147801,0724,0005,9c6b,068ffc1d,197.4,1163.1,0:00:00,0:00:00,-,-,0,-,,,,,,,,,05
2025-06-12 18:00:42,2025-06-12 18:00:41,2025-06-12 18:00:41,867488060285201,15741,GTERI,0x09fe3fbf,0x00028102,802003,0x0a04,0x0a14,100,13222,0000,-,01,00,22,12,-,01,0.1,200,538,-23.306479,-51.147801,0724,0005,9c6b,068ffc1d,197.4,1163.1,0:00:00,0:00:00,-,-,0,-,,,,,04,1,00000000,00,10
2025-06-12 18:01:06,2025-06-12 18:01:05,2025-06-12 18:01:06,867488060285201,15742,GTHBM,0x09fe7fbf,,802003,0x0a04,0x0a14,100,13511,0000,0000,01,00,22,12,-,01,16.7,194,538,-23.306601,-51.147827,0724,0005,9c6b,068ffc1d,197.4,1163.1,0:00:00,0:00:00,-,-,0,-,,,,,,,,,01
2025-06-12 18:01:10,2025-06-12 18:01:09,2025-06-12 18:01:10,867488060285201,15743,GTHBM,0x09fe7fbf,,802003,0x0a04,0x0a14,100,13438,0000,0000,01,00,22,12,-,01,29.4,194,538,-23.30684,-51.147898,0724,0005,9c6b,068ffc1d,197.4,1163.1,0:00:00,0:00:00,-,-,0,-,,,,,,,,,05
2025-06-12 18:02:10,2025-06-12 18:01:41,2025-06-12 18:01:42,867488060285201,15744,GTHBM,0x09fe7fbf,,802003,0x0a04,0x0a14,100,13382,0000,0000,01,00,22,12,-,01,58.4,194,553,-23.310313,-51.148924,0724,0005,9c6b,068ffc1d,197.8,1163.5,0:00:00,0:00:00,-,-,0,-,,,,,,,,,05
2025-06-12 18:02:11,2025-06-12 18:01:41,2025-06-12 18:01:42,867488060285201,15744,GTHBM,0x09fe7fbf,,802003,0x0a04,0x0a14,100,13382,0000,0000,01,00,22,12,-,01,58.4,194,553,-23.310313,-51.148924,0724,0005,9c6b,068ffc1d,197.8,1163.5,0:00:00,0:00:00,-,-,0,-,,,,,,,,,05
2025-06-12 18:02:11,,,867488060285201,15746,HBD
2025-06-12 18:02:12,2025-06-12 18:01:41,2025-06-12 18:01:41,867488060285201,15745,GTERI,0x09fe3fbf,0x00028102,802003,0x0a04,0x0a14,100,13382,0000,-,01,00,22,12,-,01,58.5,197,551,-23.310172,-51.148881,0724,0005,9c6b,068ffc1d,197.8,1163.5,0:00:00,0:00:00,-,-,0,-,,,,,04,1,00000000,00,10
2025-06-12 18:02:14,2025-06-12 18:02:13,2025-06-12 18:02:14,867488060285201,15748,GTHBM,0x09fe7fbf,,802003,0x0a04,0x0a14,100,13408,0000,0000,01,00,22,12,-,01,55.1,196,556,-23.314959,-51.150212,0724,0005,9c6b,0692e41c,198.3,1164.0,0:00:00,0:00:00,-,-,0,-,,,,,,,,,05
2025-06-12 18:02:26,2025-06-12 18:02:25,2025-06-12 18:02:26,867488060285201,15749,GTHBM,0x09fe7fbf,,802003,0x0a04,0x0a14,100,13340,0000,0000,01,00,22,12,-,01,65.3,181,554,-23.316697,-51.150598,0724,0005,9c6b,0692e41c,198.5,1164.2,0:00:00,0:00:00,-,-,0,-,,,,,,,,,01
2025-06-12 18:02:30,2025-06-12 18:02:29,2025-06-12 18:02:30,867488060285201,15750,GTHBM,0x09fe7fbf,,802003,0x0a04,0x0a14,100,13340,0000,0000,01,00,22,12,-,01,66.6,174,554,-23.31736,-51.150576,0724,0005,9c6b,0692e41c,198.6,1164.3,0:00:00,0:00:00,-,-,0,-,,,,,,,,,05
2025-06-12 18:02:42,2025-06-12 18:02:41,2025-06-12 18:02:41,867488060285201,15751,GTERI,0x09fe3fbf,0x00028102,802003,0x0a04,0x0a14,100,13184,0000,-,01,00,22,12,-,01,64.4,153,547,-23.319065,-51.150012,0724,0005,9c6b,0692e41d,198.8,1164.5,0:00:00,0:00:00,-,-,0,-,,,,,04,1,00000000,00,10
2025-06-12 18:03:02,2025-06-12 18:03:01,2025-06-12 18:03:02,867488060285201,15752,GTHBM,0x09fe7fbf,,802003,0x0a04,0x0a14,100,13358,0000,0000,01,00,22,12,-,01,90.9,156,536,-23.322772,-51.148058,0724,0005,9c6b,068ffa0a,199.3,1165.0,0:00:00,0:00:00,-,-,0,-,,,,,,,,,05
2025-06-12 18:03:34,2025-06-12 18:03:33,2025-06-12 18:03:34,867488060285201,15753,GTHBM,0x09fe7fbf,,802003,0x0a04,0x0a14,100,13450,0000,0000,01,00,22,12,-,01,76.5,184,527,-23.329495,-51.145912,0724,0005,9c6b,0690b008,200.1,1165.8,0:00:00,0:00:00,-,-,0,-,,,,,,,,,05
2025-06-12 18:03:38,2025-06-12 18:03:37,2025-06-12 18:03:38,867488060285201,15754,GTHBM,0x09fe7fbf,,802003,0x0a04,0x0a14,100,13395,0000,0000,01,00,22,12,-,01,63.7,187,527,-23.330192,-51.145995,0724,0005,9c6b,0690b008,200.1,1165.8,0:00:00,0:00:00,-,-,0,-,,,,,,,,,00
2025-06-12 18:03:42,2025-06-12 18:03:41,2025-06-12 18:03:40,867488060285201,15755,GTERI,0x09fe3fbf,0x00028102,802003,0x0a04,0x0a14,100,13429,0000,-,01,00,22,12,-,01,56.1,187,527,-23.330488,-51.146033,0724,0005,9c6b,0690b008,200.2,1165.9,0:00:00,0:00:00,-,-,0,-,,,,,04,28,00000000,00,10
2025-06-12 18:03:46,2025-06-12 18:03:45,2025-06-12 18:03:46,867488060285201,15756,GTHBM,0x09fe7fbf,,802003,0x0a04,0x0a14,100,13280,0000,0000,01,00,22,12,-,01,47.6,187,527,-23.331242,-51.146132,0724,0005,9c6b,0690b008,200.2,1165.9,0:00:00,0:00:00,-,-,0,-,,,,,,,,,05
2025-06-12 18:04:11,,,867488060285201,15758,HBD
2025-06-12 18:04:21,2025-06-12 18:04:17,2025-06-12 18:04:18,867488060285201,15759,GTHBM,0x09fe7fbf,,802003,0x0a04,0x0a14,100,13516,0000,0000,01,00,22,12,-,01,64.5,170,519,-23.335682,-51.146409,0724,0005,9c6b,0690b008,200.7,1166.4,0:00:00,0:00:00,-,-,0,-,,,,,,,,,05
2025-06-12 18:04:42,2025-06-12 18:04:41,2025-06-12 18:04:41,867488060285201,15760,GTERI,0x09fe3fbf,0x00028102,802003,0x0a04,0x0a14,100,13477,0000,-,01,00,22,12,-,01,38.0,145,516,-23.338587,-51.144961,0724,0005,a053,06900405,201.1,1166.8,0:00:00,0:00:00,-,-,0,-,,,,,04,3,00000000,00,10
2025-06-12 18:04:50,2025-06-12 18:04:49,2025-06-12 18:04:50,867488060285201,15761,GTHBM,0x09fe7fbf,,802003,0x0a04,0x0a14,100,13394,0000,0000,01,00,22,12,-,01,19.7,146,518,-23.33916,-51.144535,0724,0005,a053,06900405,201.2,1166.9,0:00:00,0:00:00,-,-,0,-,,,,,,,,,05
2025-06-12 18:04:54,2025-06-12 18:04:53,2025-06-12 18:04:54,867488060285201,15762,GTHBM,0x09fe7fbf,,802003,0x0a04,0x0a14,100,13394,0000,0000,01,00,22,12,-,01,3.1,145,519,-23.339231,-51.144482,0724,0005,a053,06900405,201.2,1166.9,0:00:00,0:00:00,-,-,0,-,,,,,,,,,00
2025-06-12 18:04:58,2025-06-12 18:04:57,2025-06-12 18:04:58,867488060285201,15763,GTHBM,0x09fe7fbf,,802003,0x0a04,0x0a14,100,13455,0000,0000,01,00,22,12,-,01,0.0,145,519,-23.339234,-51.144481,0724,0005,a053,06900405,201.2,1166.9,0:00:00,0:00:00,-,-,0,-,,,,,,,,,05
2025-06-12 18:05:49,2025-06-12 18:05:29,2025-06-12 18:05:30,867488060285201,15764,GTHBM,0x09fe7fbf,,802003,0x0a04,0x0a14,100,13270,0000,0000,01,00,22,12,-,01,0.0,145,519,-23.339234,-51.144481,0724,0005,a053,06900405,201.2,1166.9,0:00:00,0:00:00,-,-,0,-,,,,,,,,,05
2025-06-12 18:05:50,2025-06-12 18:05:41,2025-06-12 18:05:41,867488060285201,15765,GTERI,0x09fe3fbf,0x00028102,802003,0x0a04,0x0a14,100,13272,0000,-,01,00,22,12,-,01,0.0,145,519,-23.339234,-51.144481,0724,0005,a053,06900405,201.2,1166.9,0:00:00,0:00:00,-,-,0,-,,,,,04,3,00000000,00,10
2025-06-12 18:06:07,2025-06-12 18:06:01,2025-06-12 18:06:02,867488060285201,15766,GTHBM,0x09fe7fbf,,802003,0x0a04,0x0a14,100,13364,0000,0000,01,00,22,12,-,01,26.5,145,521,-23.339635,-51.144203,0724,0005,a053,06900405,201.2,1166.9,0:00:00,0:00:00,-,-,0,-,,,,,,,,,05
2025-06-12 18:06:11,,,867488060285201,15768,HBD
2025-06-12 18:06:36,2025-06-12 18:06:35,2025-06-12 18:06:36,867488060285201,15769,GTHBM,0x09fe7fbf,,802003,0x0a04,0x0a14,100,13412,0000,0000,01,00,22,12,-,01,53.8,179,528,-23.34315,-51.1428,0724,0005,a053,06900409,201.6,1167.3,0:00:00,0:00:00,-,-,0,-,,,,,,,,,05
2025-06-12 18:06:39,2025-06-12 18:06:38,2025-06-12 18:06:39,867488060285201,15770,GTERI,0x09fe3fbf,0x00028102,802003,0x0a04,0x0a14,100,13420,0000,-,01,00,22,12,-,01,50.6,190,530,-23.343534,-51.142839,0724,0005,a053,06900409,201.7,1167.4,0:00:00,0:00:00,-,-,0,-,,,,,04,28,00000000,00,11
2025-06-12 18:06:42,2025-06-12 18:06:41,2025-06-12 18:06:40,867488060285201,15771,GTERI,0x09fe3fbf,0x00028102,802003,0x0a04,0x0a14,100,13420,0000,-,01,00,22,12,-,01,49.9,193,531,-23.343657,-51.142868,0724,0005,a053,06900409,201.7,1167.4,0:00:00,0:00:00,-,-,0,-,,,,,04,28,00000000,00,10
2025-06-12 18:07:09,2025-06-12 18:07:08,2025-06-12 18:07:09,867488060285201,15772,GTHBM,0x09fe7fbf,,802003,0x0a04,0x0a14,100,13585,0000,0000,01,00,22,12,-,01,49.9,208,541,-23.346984,-51.144716,0724,0005,a053,06901601,202.1,1167.8,0:00:00,0:00:00,-,-,0,-,,,,,,,,,05
2025-06-12 18:07:13,2025-06-12 18:07:12,2025-06-12 18:07:13,867488060285201,15773,GTHBM,0x09fe7fbf,,802003,0x0a04,0x0a14,100,13353,0000,0000,01,00,22,12,-,01,28.1,209,542,-23.347326,-51.144917,0724,0005,a053,06901601,202.2,1167.9,0:00:00,0:00:00,-,-,0,-,,,,,,,,,00
2025-06-12 18:07:21,2025-06-12 18:07:20,2025-06-12 18:07:21,867488060285201,15774,GTHBM,0x09fe7fbf,,802003,0x0a04,0x0a14,100,13493,0000,0000,01,00,22,12,-,01,0.0,210,543,-23.347476,-51.145012,0724,0005,a053,06901601,202.2,1167.9,0:00:00,0:00:00,-,-,0,-,,,,,,,,,05
2025-06-12 18:07:25,2025-06-12 18:07:24,2025-06-12 18:07:25,867488060285201,15775,GTHBM,0x09fe7fbf,,802003,0x0a04,0x0a14,100,13562,0000,0000,01,00,22,12,-,01,16.0,207,544,-23.34759,-51.145076,0724,0005,a053,06901601,202.2,1167.9,0:00:00,0:00:00,-,-,0,-,,,,,,,,,01
2025-06-12 18:07:37,2025-06-12 18:07:36,2025-06-12 18:07:37,867488060285201,15776,GTHBM,0x09fe7fbf,,802003,0x0a04,0x0a14,100,13474,0000,0000,01,00,22,12,-,01,32.4,207,548,-23.348283,-51.145481,0724,0005,a053,06901601,202.3,1168.0,0:00:00,0:00:00,-,-,0,-,,,,,,,,,05
2025-06-12 18:07:42,2025-06-12 18:07:41,2025-06-12 18:07:41,867488060285201,15777,GTERI,0x09fe3fbf,0x00028102,802003,0x0a04,0x0a14,100,13582,0000,-,01,00,22,12,-,01,36.4,208,550,-23.34859,-51.145662,0724,0005,a053,06901601,202.3,1168.0,0:00:00,0:00:00,-,-,0,-,,,,,04,7,00000000,00,10
2025-06-12 18:07:56,2025-06-12 18:07:55,2025-06-12 18:07:56,867488060285201,15778,GTHBM,0x09fe7fbf,,802003,0x0a04,0x0a14,100,13525,0000,0000,01,00,22,12,-,01,14.6,208,557,-23.349632,-51.146272,0724,0005,a053,06901601,202.4,1168.1,0:00:00,0:00:00,-,-,0,-,,,,,,,,,00
2025-06-12 18:08:00,2025-06-12 18:07:59,2025-06-12 18:08:00,867488060285201,15779,GTHBM,0x09fe7fbf,,802003,0x0a04,0x0a14,100,13596,0000,0000,01,00,22,12,-,01,15.4,208,557,-23.349774,-51.146354,0724,0005,a053,06901601,202.5,1168.2,0:00:00,0:00:00,-,-,0,-,,,,,,,,,05
2025-06-12 18:08:11,,,867488060285201,15781,HBD
2025-06-12 18:08:13,2025-06-12 18:08:12,2025-06-12 18:08:13,867488060285201,15782,GTHBM,0x09fe7fbf,,802003,0x0a04,0x0a14,100,13530,0000,0000,01,00,22,12,-,01,15.7,208,557,-23.350008,-51.146485,0724,0005,a053,06901601,202.5,1168.2,0:00:00,0:00:00,-,-,0,-,,,,,,,,,01
2025-06-12 18:08:17,2025-06-12 18:08:16,2025-06-12 18:08:17,867488060285201,15783,GTHBM,0x09fe7fbf,,802003,0x0a04,0x0a14,100,13480,0000,0000,01,00,22,12,-,01,21.5,208,558,-23.350169,-51.146574,0724,0005,a053,06901601,202.5,1168.2,0:00:00,0:00:00,-,-,0,-,,,,,,,,,05
2025-06-12 18:08:42,2025-06-12 18:08:41,2025-06-12 18:08:41,867488060285201,15784,GTERI,0x09fe3fbf,0x00028102,802003,0x0a04,0x0a14,100,13454,0000,-,01,00,22,12,-,01,35.0,208,566,-23.352087,-51.147703,0724,0005,a053,0690161d,202.7,1168.4,0:00:00,0:00:00,-,-,0,-,,,,,04,1,00000000,00,10
2025-06-12 18:08:52,2025-06-12 18:08:51,2025-06-12 18:08:52,867488060285201,15785,GTHBM,0x09fe7fbf,,802003,0x0a04,0x0a14,100,13288,0000,0000,01,00,22,12,-,01,41.1,208,569,-23.352917,-51.148189,0724,0005,a053,0690161d,202.8,1168.5,0:00:00,0:00:00,-,-,0,-,,,,,,,,,05
2025-06-12 18:09:24,2025-06-12 18:09:23,2025-06-12 18:09:24,867488060285201,15786,GTHBM,0x09fe7fbf,,802003,0x0a04,0x0a14,100,13527,0000,0000,01,00,22,12,-,01,27.7,203,569,-23.355459,-51.149547,0724,0005,a053,0690161d,203.2,1168.9,0:00:00,0:00:00,-,-,0,-,,,,,,,,,05
2025-06-12 18:11:15,,,867488060285201,15791,HBD
2025-06-12 18:11:15,2025-06-12 18:10:36,2025-06-12 18:10:36,867488060285201,15793,GTPDP,0x09fe7fbf,,802003,0x0a04,0x0a14,100,13317,0000,0000,01,00,22,12,-,01,10.7,202,575,-23.356318,-51.14992,0000,0000,0000,00000000,203.3,1169.0,0:00:00,0:00:00,-,-,0,-
2025-06-12 18:11:16,2025-06-12 18:09:41,2025-06-12 18:09:40,867488060285201,15787,GTERI,0x09fe3fbf,0x00028102,802003,0x0a04,0x0a14,100,13497,0000,-,01,00,22,12,-,01,7.8,202,574,-23.356224,-51.149887,0724,0005,9c6b,0693630c,203.3,1169.0,0:00:00,0:00:00,-,-,0,-,,,,,04,3,00000000,00,10
2025-06-12 18:11:16,2025-06-12 18:09:55,2025-06-12 18:09:56,867488060285201,15789,GTHBM,0x09fe7fbf,,802003,0x0a04,0x0a14,100,13449,0000,0000,01,00,22,12,-,01,0.0,201,574,-23.356274,-51.149908,0000,0000,0000,00000000,203.3,1169.0,0:00:00,0:00:00,-,-,0,-,,,,,,,,,05
2025-06-12 18:11:17,2025-06-12 18:10:27,2025-06-12 18:10:28,867488060285201,15792,GTHBM,0x09fe7fbf,,802003,0x0a04,0x0a14,100,13319,0000,0000,01,00,22,12,-,01,0.0,201,574,-23.356274,-51.149908,0724,0005,9c6b,0693630c,203.3,1169.0,0:00:00,0:00:00,-,-,0,-,,,,,,,,,05
2025-06-12 18:11:17,2025-06-12 18:10:41,2025-06-12 18:10:42,867488060285201,15794,GTHBM,0x09fe7fbf,,802003,0x0a04,0x0a14,100,13342,0000,0000,01,00,22,12,-,01,25.8,200,576,-23.356585,-51.150028,0000,0000,0000,00000000,203.3,1169.0,0:00:00,0:00:00,-,-,0,-,,,,,,,,,01
2025-06-12 18:11:17,2025-06-12 18:10:43,2025-06-12 18:10:43,867488060285201,15795,GTERI,0x09fe3fbf,0x00028102,802003,0x0a04,0x0a14,100,13342,0000,-,01,00,22,12,-,01,27.3,201,576,-23.35665,-51.150056,0724,0005,9c6b,0693630c,203.3,1169.0,0:00:00,0:00:00,-,-,0,-,,,,,04,3,00000000,00,10
2025-06-12 18:11:18,2025-06-12 18:10:45,2025-06-12 18:10:46,867488060285201,15796,GTHBM,0x09fe7fbf,,802003,0x0a04,0x0a14,100,13548,0000,0000,01,00,22,12,-,01,21.4,202,576,-23.356828,-51.150138,0724,0005,9c6b,0693630c,203.3,1169.0,0:00:00,0:00:00,-,-,0,-,,,,,,,,,05
2025-06-12 18:11:18,2025-06-12 18:10:49,2025-06-12 18:10:50,867488060285201,15797,GTHBM,0x09fe7fbf,,802003,0x0a04,0x0a14,100,13412,0000,0000,01,00,22,12,-,01,2.3,202,576,-23.356925,-51.150184,0724,0005,9c6b,0693630c,203.3,1169.0,0:00:00,0:00:00,-,-,0,-,,,,,,,,,00
2025-06-12 18:11:19,2025-06-12 18:10:53,2025-06-12 18:10:54,867488060285201,15798,GTHBM,0x09fe7fbf,,802003,0x0a04,0x0a14,100,13412,0000,0000,01,00,22,12,-,01,0.0,201,576,-23.356929,-51.150189,0724,0005,9c6b,0693630c,203.3,1169.0,0:00:00,0:00:00,-,-,0,-,,,,,,,,,05
2025-06-12 18:11:22,2025-06-12 18:11:21,2025-06-12 18:11:21,867488060285201,15799,GTSTT,0x09fe7fbf,,802003,0x0a04,0x0a14,100,13345,0000,0000,01,00,21,12,-,01,0.0,201,576,-23.356929,-51.150189,0724,0005,a053,0690a108,203.3,1169.0,0:00:00,0:00:00,-,-,0,-
2025-06-12 18:11:46,2025-06-12 18:11:45,2025-06-12 18:11:45,867488060285201,15800,GTERI,0x09fe3fbf,0x00028102,802003,0x0a04,0x0a14,100,13294,0000,-,01,00,21,12,-,01,0.0,201,576,-23.356929,-51.150189,0724,0005,a053,0690a108,203.3,1169.0,0:00:00,0:00:00,-,-,0,-,,,,,04,28,00000000,00,10
2025-06-12 18:11:51,2025-06-12 18:11:51,2025-06-12 18:11:51,867488060285201,15801,GTSTT,0x09fe7fbf,,802003,0x0a04,0x0a14,100,13435,0000,0000,01,00,22,12,-,01,0.0,201,576,-23.356929,-51.150189,0724,0005,a053,0690a108,203.3,1169.0,0:00:00,0:00:00,-,-,0,-
2025-06-12 18:11:57,2025-06-12 18:11:56,2025-06-12 18:11:57,867488060285201,15802,GTHBM,0x09fe7fbf,,802003,0x0a04,0x0a14,100,13329,0000,0000,01,00,22,12,-,01,17.8,200,575,-23.357062,-51.150243,0724,0005,a053,0690a108,203.3,1169.0,0:00:00,0:00:00,-,-,0,-,,,,,,,,,01
2025-06-12 18:12:01,2025-06-12 18:12:00,2025-06-12 18:12:01,867488060285201,15803,GTHBM,0x09fe7fbf,,802003,0x0a04,0x0a14,100,13520,0000,0000,01,00,22,12,-,01,30.4,202,575,-23.357312,-51.150351,0724,0005,a053,0690a108,203.4,1169.1,0:00:00,0:00:00,-,-,0,-,,,,,,,,,05
2025-06-12 18:12:28,2025-06-12 18:12:27,2025-06-12 18:12:28,867488060285201,15804,GTHBM,0x09fe7fbf,,802003,0x0a04,0x0a14,100,13404,0000,0000,01,00,22,12,-,01,13.5,201,568,-23.359317,-51.151276,0724,0005,a053,06900706,203.6,1169.3,0:00:00,0:00:00,-,-,0,-,,,,,,,,,00
2025-06-12 18:12:32,2025-06-12 18:12:31,2025-06-12 18:12:32,867488060285201,15805,GTHBM,0x09fe7fbf,,802003,0x0a04,0x0a14,100,13339,0000,0000,01,00,22,12,-,01,10.5,202,567,-23.359409,-51.151319,0724,0005,a053,06900706,203.6,1169.3,0:00:00,0:00:00,-,-,0,-,,,,,,,,,05
2025-06-12 18:12:46,2025-06-12 18:12:45,2025-06-12 18:12:44,867488060285201,15806,GTERI,0x09fe3fbf,0x00028102,802003,0x0a04,0x0a14,100,13328,0000,-,01,00,22,12,-,01,24.5,204,563,-23.359974,-51.15157,0724,0005,a053,06900706,203.7,1169.4,0:00:00,0:00:00,-,-,0,-,,,,,04,3,00000000,00,10
2025-06-12 18:12:49,2025-06-12 18:12:48,2025-06-12 18:12:49,867488060285201,15807,GTERI,0x09fe3fbf,0x00028102,802003,0x0a04,0x0a14,100,13243,0000,-,01,00,22,12,-,01,26.6,262,562,-23.36017,-51.151815,0724,0005,a053,06900706,203.7,1169.4,0:00:00,0:00:00,-,-,0,-,,,,,04,3,00000000,00,11
2025-06-12 18:12:53,2025-06-12 18:12:52,2025-06-12 18:12:53,867488060285201,15808,GTHBM,0x09fe7fbf,,802003,0x0a04,0x0a14,100,13436,0000,0000,01,00,22,12,-,01,41.6,289,561,-23.360062,-51.152173,0724,0005,a053,06900706,203.7,1169.5,0:00:00,0:00:00,-,-,0,-,,,,,,,,,01
2025-06-12 18:12:57,2025-06-12 18:12:56,2025-06-12 18:12:57,867488060285201,15809,GTHBM,0x09fe7fbf,,802003,0x0a04,0x0a14,100,13436,0000,0000,01,00,22,12,-,01,51.4,292,562,-23.359885,-51.152653,0724,0005,a053,06900706,203.8,1169.5,0:00:00,0:00:00,-,-,0,-,,,,,,,,,05
2025-06-12 18:13:15,,,867488060285201,15811,HBD
2025-06-12 18:13:21,2025-06-12 18:13:20,2025-06-12 18:13:21,867488060285201,15812,GTERI,0x09fe3fbf,0x00028102,802003,0x0a04,0x0a14,100,13383,0000,-,01,00,22,12,-,01,52.5,307,568,-23.358596,-51.15575,0724,0005,a053,06900706,204.1,1169.9,0:00:00,0:00:00,-,-,0,-,,,,,04,3,00000000,00,11
2025-06-12 18:13:30,2025-06-12 18:13:29,2025-06-12 18:13:30,867488060285201,15813,GTHBM,0x09fe7fbf,,802003,0x0a04,0x0a14,100,13378,0000,0000,01,00,22,12,-,01,56.8,311,569,-23.357823,-51.156733,0724,0005,a053,0692f61d,204.3,1170.0,0:00:00,0:00:00,-,-,0,-,,,,,,,,,05
2025-06-12 18:13:46,2025-06-12 18:13:45,2025-06-12 18:13:44,867488060285201,15814,GTERI,0x09fe3fbf,0x00028102,802003,0x0a04,0x0a14,100,13556,0000,-,01,00,22,12,-,01,66.1,311,563,-23.356423,-51.158427,0724,0005,a053,0692f61d,204.5,1170.2,0:00:00,0:00:00,-,-,0,-,,,,,04,1,00000000,00,10
2025-06-12 18:14:02,2025-06-12 18:14:01,2025-06-12 18:14:02,867488060285201,15815,GTHBM,0x09fe7fbf,,802003,0x0a04,0x0a14,100,13357,0000,0000,01,00,22,12,-,01,68.6,311,555,-23.354412,-51.160861,0724,0005,a053,0692f602,204.9,1170.6,0:00:00,0:00:00,-,-,0,-,,,,,,,,,05
2025-06-12 18:14:34,2025-06-12 18:14:33,2025-06-12 18:14:34,867488060285201,15816,GTHBM,0x09fe7fbf,,802003,0x0a04,0x0a14,100,13619,0000,0000,01,00,22,12,-,01,67.5,310,578,-23.350968,-51.165315,0724,0005,a053,0690021d,205.4,1171.1,0:00:00,0:00:00,-,-,0,-,,,,,,,,,05
2025-06-12 18:14:46,2025-06-12 18:14:45,2025-06-12 18:14:44,867488060285201,15817,GTERI,0x09fe3fbf,0x00028102,802003,0x0a04,0x0a14,100,13489,0000,-,01,00,22,12,-,01,75.0,305,580,-23.349856,-51.16681,0724,0005,a053,0690021e,205.7,1171.4,0:00:00,0:00:00,-,-,0,-,,,,,04,1,00000000,00,10
2025-06-12 18:15:07,2025-06-12 18:15:06,2025-06-12 18:15:07,867488060285201,15818,GTHBM,0x09fe7fbf,,802003,0x0a04,0x0a14,100,13362,0000,0000,01,00,22,12,-,01,96.8,296,592,-23.347557,-51.171525,0724,0005,9c6b,06909e0a,206.2,1171.9,0:00:00,0:00:00,-,-,0,-,,,,,,,,,05
2025-06-12 18:15:15,,,867488060285201,15820,HBD
2025-06-12 18:15:27,2025-06-12 18:15:26,2025-06-12 18:15:27,867488060285201,15821,GTHBM,0x09fe7fbf,,802003,0x0a04,0x0a14,100,13573,0000,0000,01,00,22,12,-,01,82.0,296,576,-23.345255,-51.176539,0724,0005,9c6b,0693630c,206.8,1172.5,0:00:00,0:00:00,-,-,0,-,,,,,,,,,00
2025-06-12 18:15:50,2025-06-12 18:15:34,2025-06-12 18:15:35,867488060285201,15822,GTHBM,0x09fe7fbf,,802003,0x0a04,0x0a14,100,13391,0000,0000,01,00,22,12,-,01,73.6,301,578,-23.34458,-51.177904,0724,0005,9c6b,0693630c,206.9,1172.6,0:00:00,0:00:00,-,-,0,-,,,,,,,,,05
2025-06-12 18:15:50,2025-06-12 18:15:45,2025-06-12 18:15:44,867488060285201,15823,GTERI,0x09fe3fbf,0x00028102,802003,0x0a04,0x0a14,100,13279,0000,-,01,00,22,12,-,01,79.9,311,581,-23.34353,-51.179411,0724,0005,9c6b,0693630c,207.1,1172.8,0:00:00,0:00:00,-,-,0,-,,,,,04,3,00000000,00,10
2025-06-12 18:16:07,2025-06-12 18:16:06,2025-06-12 18:16:07,867488060285201,15824,GTHBM,0x09fe7fbf,,802003,0x0a04,0x0a14,100,13607,0000,0000,01,00,22,12,-,01,80.1,332,583,-23.340151,-51.18259,0724,0005,9c6b,06900505,207.6,1173.3,0:00:00,0:00:00,-,-,0,-,,,,,,,,,05
2025-06-12 18:16:31,2025-06-12 18:16:30,2025-06-12 18:16:31,867488060285201,15825,GTHBM,0x09fe7fbf,,802003,0x0a04,0x0a14,100,13347,0000,0000,01,00,22,12,-,01,46.3,341,596,-23.335805,-51.184235,0724,0005,9c6b,06900500,208.1,1173.8,0:00:00,0:00:00,-,-,0,-,,,,,,,,,00
2025-06-12 18:16:35,2025-06-12 18:16:34,2025-06-12 18:16:35,867488060285201,15826,GTHBM,0x09fe7fbf,,802003,0x0a04,0x0a14,100,13283,0000,0000,01,00,22,12,-,01,42.0,341,597,-23.335403,-51.184377,0724,0005,9c6b,06900500,208.2,1173.9,0:00:00,0:00:00,-,-,0,-,,,,,,,,,05
2025-06-12 18:16:46,2025-06-12 18:16:45,2025-06-12 18:16:44,867488060285201,15827,GTERI,0x09fe3fbf,0x00028102,802003,0x0a04,0x0a14,100,13559,0000,-,01,00,22,12,-,01,60.2,341,598,-23.334263,-51.184756,0724,0005,9c6b,06900500,208.3,1174.0,0:00:00,0:00:00,-,-,0,-,,,,,04,7,00000000,00,10
2025-06-12 18:17:07,2025-06-12 18:17:06,2025-06-12 18:17:07,867488060285201,15828,GTHBM,0x09fe7fbf,,802003,0x0a04,0x0a14,100,13475,0000,0000,01,00,22,12,-,01,23.0,332,586,-23.331733,-51.185865,0724,0005,9c6b,06901301,208.6,1174.3,0:00:00,0:00:00,-,-,0,-,,,,,,,,,00
2025-06-12 18:17:11,2025-06-12 18:17:10,2025-06-12 18:17:11,867488060285201,15829,GTHBM,0x09fe7fbf,,802003,0x0a04,0x0a14,100,13525,0000,0000,01,00,22,12,-,01,34.4,330,585,-23.331503,-51.186002,0724,0005,9c6b,06901301,208.7,1174.4,0:00:00,0:00:00,-,-,0,-,,,,,,,,,05
2025-06-12 18:17:15,2025-06-12 18:17:14,2025-06-12 18:17:15,867488060285201,15831,GTHBM,0x09fe7fbf,,802003,0x0a04,0x0a14,100,13417,0000,0000,01,00,22,12,-,01,46.7,330,583,-23.33113,-51.186233,0724,0005,9c6b,06901301,208.7,1174.4,0:00:00,0:00:00,-,-,0,-,,,,,,,,,01
2025-06-12 18:17:15,,,867488060285201,15832,HBD
2025-06-12 18:17:19,2025-06-12 18:17:18,2025-06-12 18:17:19,867488060285201,15833,GTHBM,0x09fe7fbf,,802003,0x0a04,0x0a14,100,13579,0000,0000,01,00,22,12,-,01,56.1,328,583,-23.33069,-51.186518,0724,0005,9c6b,06901301,208.8,1174.5,0:00:00,0:00:00,-,-,0,-,,,,,,,,,05
2025-06-12 18:17:46,2025-06-12 18:17:45,2025-06-12 18:17:44,867488060285201,15834,GTERI,0x09fe3fbf,0x00028102,802003,0x0a04,0x0a14,100,13353,0000,-,01,00,22,12,-,01,40.9,323,592,-23.327779,-51.188745,0724,0005,9c6b,06901301,209.2,1174.9,0:00:00,0:00:00,-,-,0,-,,,,,04,7,00000000,00,10
2025-06-12 18:17:47,2025-06-12 18:17:46,2025-06-12 18:17:47,867488060285201,15835,GTHBM,0x09fe7fbf,,802003,0x0a04,0x0a14,100,13353,0000,0000,01,00,22,12,-,01,30.5,323,591,-23.327574,-51.188911,0724,0005,9c6b,06901301,209.2,1174.9,0:00:00,0:00:00,-,-,0,-,,,,,,,,,00
2025-06-12 18:17:51,2025-06-12 18:17:50,2025-06-12 18:17:51,867488060285201,15836,GTHBM,0x09fe7fbf,,802003,0x0a04,0x0a14,100,13406,0000,0000,01,00,22,12,-,01,25.2,323,590,-23.327363,-51.18908,0724,0005,9c6b,06901305,209.2,1174.9,0:00:00,0:00:00,-,-,0,-,,,,,,,,,05
2025-06-12 18:18:23,2025-06-12 18:18:22,2025-06-12 18:18:23,867488060285201,15837,GTHBM,0x09fe7fbf,,802003,0x0a04,0x0a14,100,13504,0000,0000,01,00,22,12,-,01,0.0,323,582,-23.325911,-51.18962,0724,0005,9c6b,06901305,209.4,1175.1,0:00:00,0:00:00,-,-,0,-,,,,,,,,,05
2025-06-12 18:18:46,2025-06-12 18:18:45,2025-06-12 18:18:44,867488060285201,15838,GTERI,0x09fe3fbf,0x00028102,802003,0x0a04,0x0a14,100,13265,0000,-,01,00,22,12,-,01,0.0,323,582,-23.325911,-51.18962,0724,0005,9c6b,0690131d,209.4,1175.1,0:00:00,0:00:00,-,-,0,-,,,,,04,1,00000000,00,10
2025-06-12 18:18:55,2025-06-12 18:18:54,2025-06-12 18:18:55,867488060285201,15839,GTHBM,0x09fe7fbf,,802003,0x0a04,0x0a14,100,13474,0000,0000,01,00,22,12,-,01,0.0,323,582,-23.325911,-51.18962,0724,0005,9c6b,0690131d,209.4,1175.1,0:00:00,0:00:00,-,-,0,-,,,,,,,,,05
2025-06-12 18:19:15,2025-06-12 18:19:14,2025-06-12 18:19:15,867488060285201,15841,GTHBM,0x09fe7fbf,,802003,0x0a04,0x0a14,100,13609,0000,0000,01,00,22,12,-,01,25.5,350,588,-23.32575,-51.189656,0724,0005,9c6b,0690131d,209.4,1175.1,0:00:00,0:00:00,-,-,0,-,,,,,,,,,01
2025-06-12 18:19:15,,,867488060285201,15842,HBD
2025-06-12 18:19:25,2025-06-12 18:19:22,2025-06-12 18:19:23,867488060285201,15843,GTHBM,0x09fe7fbf,,802003,0x0a04,0x0a14,100,13321,0000,0000,01,00,22,12,-,01,44.6,350,590,-23.324982,-51.189813,0724,0005,9c6b,0690131d,209.5,1175.2,0:00:00,0:00:00,-,-,0,-,,,,,,,,,05
2025-06-12 18:19:47,2025-06-12 18:19:45,2025-06-12 18:19:44,867488060285201,15844,GTERI,0x09fe3fbf,0x00028102,802003,0x0a04,0x0a14,100,13534,0000,-,01,00,22,12,-,01,38.1,351,594,-23.323179,-51.19009,0724,0005,9c6b,06901305,209.7,1175.4,0:00:00,0:00:00,-,-,0,-,,,,,04,3,00000000,00,10
2025-06-12 18:19:51,2025-06-12 18:19:50,2025-06-12 18:19:51,867488060285201,15845,GTHBM,0x09fe7fbf,,802003,0x0a04,0x0a14,100,13394,0000,0000,01,00,22,12,-,01,13.9,353,595,-23.322668,-51.190175,0724,0005,9c6b,06901304,209.7,1175.4,0:00:00,0:00:00,-,-,0,-,,,,,,,,,00
2025-06-12 18:19:55,2025-06-12 18:19:54,2025-06-12 18:19:55,867488060285201,15846,GTHBM,0x09fe7fbf,,802003,0x0a04,0x0a14,100,13372,0000,0000,01,00,22,12,-,01,26.1,351,594,-23.322491,-51.190199,0724,0005,9c6b,06901304,209.8,1175.5,0:00:00,0:00:00,-,-,0,-,,,,,,,,,05
2025-06-12 18:19:59,2025-06-12 18:19:58,2025-06-12 18:19:59,867488060285201,15847,GTHBM,0x09fe7fbf,,802003,0x0a04,0x0a14,100,13613,0000,0000,01,00,22,12,-,01,40.7,353,591,-23.322137,-51.190246,0724,0005,9c6b,06901304,209.8,1175.5,0:00:00,0:00:00,-,-,0,-,,,,,,,,,01
2025-06-12 18:20:03,2025-06-12 18:20:02,2025-06-12 18:20:03,867488060285201,15848,GTHBM,0x09fe7fbf,,802003,0x0a04,0x0a14,100,13480,0000,0000,01,00,22,12,-,01,30.5,353,589,-23.321794,-51.19029,0724,0005,9c6b,06901304,209.8,1175.5,0:00:00,0:00:00,-,-,0,-,,,,,,,,,05
2025-06-12 18:20:12,2025-06-12 18:20:11,2025-06-12 18:20:12,867488060285201,15849,GTERI,0x09fe3fbf,0x00028102,802003,0x0a04,0x0a14,100,13317,0000,-,01,00,22,12,-,01,20.6,56,584,-23.321291,-51.190224,0724,0005,9c6b,06901300,209.9,1175.6,0:00:00,0:00:00,-,-,0,-,,,,,04,7,00000000,00,11
2025-06-12 18:20:15,2025-06-12 18:20:14,2025-06-12 18:20:15,867488060285201,15850,GTHBM,0x09fe7fbf,,802003,0x0a04,0x0a14,100,13259,0000,0000,01,00,22,12,-,01,33.0,92,585,-23.321278,-51.189991,0724,0005,9c6b,06901300,209.9,1175.6,0:00:00,0:00:00,-,-,0,-,,,,,,,,,04
2025-06-12 18:20:19,2025-06-12 18:20:18,2025-06-12 18:20:19,867488060285201,15851,GTHBM,0x09fe7fbf,,802003,0x0a04,0x0a14,100,13375,0000,0000,01,00,22,12,-,01,44.0,91,586,-23.321288,-51.189543,0724,0005,9c6b,06901300,210.0,1175.7,0:00:00,0:00:00,-,-,0,-,,,,,,,,,01
2025-06-12 18:20:23,2025-06-12 18:20:22,2025-06-12 18:20:23,867488060285201,15852,GTHBM,0x09fe7fbf,,802003,0x0a04,0x0a14,100,13375,0000,0000,01,00,22,12,-,01,26.7,93,585,-23.321307,-51.18915,0724,0005,9c6b,06901300,210.0,1175.7,0:00:00,0:00:00,-,-,0,-,,,,,,,,,00
2025-06-12 18:20:27,2025-06-12 18:20:26,2025-06-12 18:20:27,867488060285201,15853,GTHBM,0x09fe7fbf,,802003,0x0a04,0x0a14,100,13435,0000,0000,01,00,22,12,-,01,27.7,92,584,-23.321318,-51.188899,0724,0005,9c6b,06909d0a,210.0,1175.7,0:00:00,0:00:00,-,-,0,-,,,,,,,,,05
2025-06-12 18:20:31,2025-06-12 18:20:30,2025-06-12 18:20:31,867488060285201,15854,GTHBM,0x09fe7fbf,,802003,0x0a04,0x0a14,100,13273,0000,0000,01,00,22,12,-,01,39.2,91,581,-23.321328,-51.18851,0724,0005,9c6b,06909d0a,210.1,1175.8,0:00:00,0:00:00,-,-,0,-,,,,,,,,,01
2025-06-12 18:20:35,2025-06-12 18:20:34,2025-06-12 18:20:35,867488060285201,15855,GTHBM,0x09fe7fbf,,802003,0x0a04,0x0a14,100,13441,0000,0000,01,00,22,12,-,01,44.6,93,578,-23.321351,-51.188046,0724,0005,9c6b,06909d0a,210.1,1175.8,0:00:00,0:00:00,-,-,0,-,,,,,,,,,05
2025-06-12 18:20:47,2025-06-12 18:20:45,2025-06-12 18:20:44,867488060285201,15856,GTERI,0x09fe3fbf,0x00028102,802003,0x0a04,0x0a14,100,13461,0000,-,01,00,22,12,-,01,46.8,91,570,-23.321386,-51.186885,0724,0005,9c6b,06909d0a,210.2,1175.9,0:00:00,0:00:00,-,-,0,-,,,,,04,28,00000000,00,10
2025-06-12 18:21:07,2025-06-12 18:21:06,2025-06-12 18:21:07,867488060285201,15857,GTHBM,0x09fe7fbf,,802003,0x0a04,0x0a14,100,13424,0000,0000,01,00,22,12,-,01,36.1,92,548,-23.321479,-51.184149,0724,0005,9c6b,068ffd02,210.5,1176.2,0:00:00,0:00:00,-,-,0,-,,,,,,,,,05
2025-06-12 18:21:16,,,867488060285201,15859,HBD
2025-06-12 18:21:24,2025-06-12 18:21:23,2025-06-12 18:21:24,867488060285201,15860,GTERI,0x09fe3fbf,0x00028102,802003,0x0a04,0x0a14,100,13328,0000,-,01,00,22,12,-,01,31.7,140,536,-23.321706,-51.182717,0724,0005,9c6b,0690a809,210.7,1176.4,0:00:00,0:00:00,-,-,0,-,,,,,04,28,00000000,00,11
2025-06-12 18:21:59,2025-06-12 18:21:37,2025-06-12 18:21:38,867488060285201,15861,GTHBM,0x09fe7fbf,,802003,0x0a04,0x0a14,100,13486,0000,0000,01,00,22,12,-,01,31.6,143,534,-23.32269,-51.181941,0724,0005,9c6b,0690a809,210.8,1176.5,0:00:00,0:00:00,-,-,0,-,,,,,,,,,05
2025-06-12 18:21:59,2025-06-12 18:21:37,2025-06-12 18:21:38,867488060285201,15861,GTHBM,0x09fe7fbf,,802003,0x0a04,0x0a14,100,13486,0000,0000,01,00,22,12,-,01,31.6,143,534,-23.32269,-51.181941,0724,0005,9c6b,0690a809,210.8,1176.5,0:00:00,0:00:00,-,-,0,-,,,,,,,,,05
2025-06-12 18:21:59,2025-06-12 18:21:45,2025-06-12 18:21:45,867488060285201,15862,GTERI,0x09fe3fbf,0x00028102,802003,0x0a04,0x0a14,100,13603,0000,-,01,00,22,12,-,01,35.2,145,533,-23.323167,-51.181568,0724,0005,9c6b,0690a809,210.9,1176.6,0:00:00,0:00:00,-,-,0,-,,,,,04,28,00000000,00,10
2025-06-12 18:22:12,2025-06-12 18:22:11,2025-06-12 18:22:12,867488060285201,15863,GTHBM,0x09fe7fbf,,802003,0x0a04,0x0a14,100,13554,0000,0000,01,00,22,12,-,01,30.8,108,536,-23.324996,-51.180031,0724,0005,9c6b,068ff906,211.1,1176.8,0:00:00,0:00:00,-,-,0,-,,,,,,,,,05
2025-06-12 18:22:19,2025-06-12 18:22:18,2025-06-12 18:22:19,867488060285201,15864,GTERI,0x09fe3fbf,0x00028102,802003,0x0a04,0x0a14,100,13440,0000,-,01,00,22,12,-,01,37.2,99,539,-23.325123,-51.179441,0724,0005,9c6b,068ff906,211.2,1176.9,0:00:00,0:00:00,-,-,0,-,,,,,04,3,00000000,00,11
2025-06-12 18:22:28,2025-06-12 18:22:27,2025-06-12 18:22:28,867488060285201,15865,GTHBM,0x09fe7fbf,,802003,0x0a04,0x0a14,100,13411,0000,0000,01,00,22,12,-,01,9.8,99,540,-23.325217,-51.178786,0724,0005,9c6b,068fca02,211.3,1177.0,0:00:00,0:00:00,-,-,0,-,,,,,,,,,00
2025-06-12 18:22:32,2025-06-12 18:22:31,2025-06-12 18:22:32,867488060285201,15866,GTHBM,0x09fe7fbf,,802003,0x0a04,0x0a14,100,13348,0000,0000,01,00,22,12,-,01,0.1,99,541,-23.325217,-51.178761,0724,0005,9c6b,068fca0a,211.3,1177.0,0:00:00,0:00:00,-,-,0,-,,,,,,,,,05
2025-06-12 18:22:46,2025-06-12 18:22:45,2025-06-12 18:22:44,867488060285201,15867,GTERI,0x09fe3fbf,0x00028102,802003,0x0a04,0x0a14,100,13510,0000,-,01,00,22,12,-,01,0.0,99,541,-23.325217,-51.178761,0724,0005,9c6b,068fca1e,211.3,1177.0,0:00:00,0:00:00,-,-,0,-,,,,,04,1,00000000,00,10
2025-06-12 18:27:46,,,867488060285201,15891,HBD
2025-06-12 18:27:46,2025-06-12 18:24:44,2025-06-12 18:24:44,867488060285201,15877,GTPDP,0x09fe7fbf,,802003,0x0a04,0x0a14,100,13157,0000,0000,01,00,21,12,-,00,0.0,97,543,-23.325325,-51.178342,0724,0005,9c6b,068fca1e,211.3,1177.0,0:00:00,0:00:00,-,-,0,-
2025-06-12 18:27:47,2025-06-12 18:23:03,2025-06-12 18:23:04,867488060285201,15868,GTHBM,0x09fe7fbf,,802003,0x0a04,0x0a14,100,13504,0000,0000,01,00,22,12,-,01,0.0,99,541,-23.325217,-51.178761,0724,0005,9c6b,068fca1e,211.3,1177.0,0:00:00,0:00:00,-,-,0,-,,,,,,,,,05
2025-06-12 18:27:47,2025-06-12 18:23:29,2025-06-12 18:23:30,867488060285201,15871,GTSTT,0x09fe7fbf,,802003,0x0a04,0x0a14,100,13325,0000,0000,01,00,21,12,-,01,0.0,99,541,-23.325217,-51.178761,0724,0005,9c6b,068fca1e,211.3,1177.0,0:00:00,0:00:00,-,-,0,-
2025-06-12 18:27:48,2025-06-12 18:23:37,2025-06-12 18:23:37,867488060285201,15872,GTSTT,0x09fe7fbf,,802003,0x0a04,0x0a14,100,13311,0000,0000,01,00,22,12,-,01,0.0,97,541,-23.325217,-51.178761,0724,0005,9c6b,068fca1e,211.3,1177.0,0:00:00,0:00:00,-,-,0,-
2025-06-12 18:27:49,2025-06-12 18:23:45,2025-06-12 18:23:45,867488060285201,15873,GTERI,0x09fe3fbf,0x00028102,802003,0x0a04,0x0a14,100,13489,0000,-,01,00,22,12,-,01,0.0,97,541,-23.325217,-51.178761,0724,0005,9c6b,068fca1e,211.3,1177.0,0:00:00,0:00:00,-,-,0,-,,,,,04,1,00000000,00,10
2025-06-12 18:27:49,2025-06-12 18:23:54,2025-06-12 18:23:55,867488060285201,15874,GTHBM,0x09fe7fbf,,802003,0x0a04,0x0a14,100,13525,0000,0000,01,00,22,12,-,01,2.0,110,542,-23.325325,-51.178351,0724,0005,9c6b,068fca1e,211.3,1177.0,0:00:00,0:00:00,-,-,0,-,,,,,,,,,00
2025-06-12 18:27:49,2025-06-12 18:23:58,2025-06-12 18:23:59,867488060285201,15875,GTHBM,0x09fe7fbf,,802003,0x0a04,0x0a14,100,13365,0000,0000,01,00,22,12,-,01,0.0,97,543,-23.325325,-51.178342,0724,0005,9c6b,068fca1e,211.3,1177.0,0:00:00,0:00:00,-,-,0,-,,,,,,,,,05
2025-06-12 18:27:50,2025-06-12 18:24:25,2025-06-12 18:24:25,867488060285201,15876,GTSTT,0x09fe7fbf,,802003,0x0a04,0x0a14,100,13545,0000,0000,01,00,21,12,-,01,0.0,97,543,-23.325325,-51.178342,0724,0005,9c6b,068fca1e,211.3,1177.0,0:00:00,0:00:00,-,-,0,-
2025-06-12 18:27:50,2025-06-12 18:24:45,2025-06-12 18:24:44,867488060285201,15878,GTERI,0x09fe3fbf,0x00028102,802003,0x0a04,0x0a14,100,13157,0000,-,01,00,21,12,-,01,0.0,97,543,-23.325325,-51.178342,0724,0005,9c6b,068fca1e,211.3,1177.0,0:00:00,0:00:00,-,-,0,-,,,,,01,1800,00000000,00,10
2025-06-12 18:27:53,2025-06-12 18:24:59,2025-06-12 18:24:59,867488060285201,15879,GTSTT,0x09fe7fbf,,802003,0x0a04,0x0a14,100,13363,0000,0000,01,00,22,12,-,01,0.0,97,543,-23.325325,-51.178342,0724,0005,9c6b,068fca1e,211.3,1177.0,0:00:00,0:00:00,-,-,0,-
2025-06-12 18:27:53,2025-06-12 18:25:04,2025-06-12 18:25:05,867488060285201,15880,GTHBM,0x09fe7fbf,,802003,0x0a04,0x0a14,100,13363,0000,0000,01,00,22,12,-,01,23.7,114,542,-23.325414,-51.1781,0724,0005,9c6b,068fca1e,211.3,1177.0,0:00:00,0:00:00,-,-,0,-,,,,,,,,,01
2025-06-12 18:27:54,2025-06-12 18:25:08,2025-06-12 18:25:09,867488060285201,15881,GTHBM,0x09fe7fbf,,802003,0x0a04,0x0a14,100,13363,0000,0000,01,00,22,12,-,01,19.0,119,541,-23.325514,-51.177885,0724,0005,9c6b,068fca1e,211.4,1177.1,0:00:00,0:00:00,-,-,0,-,,,,,,,,,05
2025-06-12 18:27:54,2025-06-12 18:25:40,2025-06-12 18:25:41,867488060285201,15882,GTHBM,0x09fe7fbf,,802003,0x0a04,0x0a14,100,13372,0000,0000,01,00,22,12,-,01,0.0,97,541,-23.32566,-51.177636,0724,0005,9c6b,068fca1e,211.4,1177.1,0:00:00,0:00:00,-,-,0,-,,,,,,,,,05
2025-06-12 18:27:55,2025-06-12 18:25:46,2025-06-12 18:25:46,867488060285201,15883,GTSTT,0x09fe7fbf,,802003,0x0a04,0x0a14,100,13280,0000,0000,01,00,21,12,-,01,0.0,97,541,-23.32566,-51.177636,0724,0005,9c6b,068fca1e,211.4,1177.1,0:00:00,0:00:00,-,-,0,-
2025-06-12 18:27:55,2025-06-12 18:25:46,2025-06-12 18:25:45,867488060285201,15884,GTERI,0x09fe3fbf,0x00028102,802003,0x0a04,0x0a14,100,13280,0000,-,01,00,21,12,-,01,0.0,97,541,-23.32566,-51.177636,0724,0005,9c6b,068fca1e,211.4,1177.1,0:00:00,0:00:00,-,-,0,-,,,,,04,1,00000000,00,10
2025-06-12 18:27:56,2025-06-12 18:26:22,2025-06-12 18:26:23,867488060285201,15885,GTSTT,0x09fe7fbf,,802003,0x0a04,0x0a14,100,13427,0000,0000,01,00,22,12,-,01,0.0,97,541,-23.32566,-51.177636,0724,0005,9c6b,068fca1e,211.4,1177.1,0:00:00,0:00:00,-,-,0,-
2025-06-12 18:27:56,2025-06-12 18:26:23,2025-06-12 18:26:24,867488060285201,15886,GTERI,0x09fe3fbf,0x00028102,802003,0x0a04,0x0a14,100,13427,0000,-,01,00,22,12,-,01,14.8,144,540,-23.32573,-51.177564,0724,0005,9c6b,068fca1e,211.4,1177.1,0:00:00,0:00:00,-,-,0,-,,,,,04,1,00000000,00,11
2025-06-12 18:27:57,2025-06-12 18:26:36,2025-06-12 18:26:37,867488060285201,15887,GTERI,0x09fe3fbf,0x00028102,802003,0x0a04,0x0a14,100,13451,0000,-,01,00,22,12,-,01,22.2,93,539,-23.326232,-51.177183,0724,0005,9c6b,068fca1e,211.5,1177.2,0:00:00,0:00:00,-,-,0,-,,,,,04,1,00000000,00,11
2025-06-12 18:27:57,2025-06-12 18:26:46,2025-06-12 18:26:45,867488060285201,15888,GTERI,0x09fe3fbf,0x00028102,802003,0x0a04,0x0a14,100,13566,0000,-,01,00,22,12,-,01,39.0,135,536,-23.326568,-51.176626,0724,0005,9c6b,068fca1e,211.5,1177.3,0:00:00,0:00:00,-,-,0,-,,,,,04,1,00000000,00,10
2025-06-12 18:27:58,2025-06-12 18:27:36,2025-06-12 18:27:37,867488060285201,15889,GTHBM,0x09fe7fbf,,802003,0x0a04,0x0a14,100,13454,0000,0000,01,00,22,12,-,01,9.3,130,537,-23.329434,-51.17352,0724,0005,9c6b,068fca1e,212.0,1177.7,0:00:00,0:00:00,-,-,0,-,,,,,,,,,00
2025-06-12 18:27:58,2025-06-12 18:27:40,2025-06-12 18:27:41,867488060285201,15890,GTHBM,0x09fe7fbf,,802003,0x0a04,0x0a14,100,13454,0000,0000,01,00,22,12,-,01,2.5,132,539,-23.329466,-51.173481,0724,0005,9c6b,068fca1e,212.0,1177.7,0:00:00,0:00:00,-,-,0,-,,,,,,,,,05
2025-06-12 18:27:59,2025-06-12 18:27:47,2025-06-12 18:27:46,867488060285201,15893,GTERI,0x09fe3fbf,0x00028102,802003,0x0a04,0x0a14,100,13439,0000,-,01,00,22,12,-,01,14.5,128,541,-23.329545,-51.173377,0724,0005,9c6b,068fca1e,212.0,1177.7,0:00:00,0:00:00,-,-,0,-,,,,,04,1,00000000,00,10
2025-06-12 18:28:16,2025-06-12 18:28:15,2025-06-12 18:28:16,867488060285201,15894,GTHBM,0x09fe7fbf,,802003,0x0a04,0x0a14,100,13411,0000,0000,01,00,22,12,-,01,18.0,112,547,-23.33033,-51.171926,0724,0005,9c6b,068fca1e,212.2,1177.9,0:00:00,0:00:00,-,-,0,-,,,,,,,,,05
2025-06-12 18:28:47,2025-06-12 18:28:46,2025-06-12 18:28:47,867488060285201,15895,GTHBM,0x09fe7fbf,,802003,0x0a04,0x0a14,100,13355,0000,0000,01,00,22,12,-,01,23.4,97,543,-23.330724,-51.170099,0724,0005,9c6b,068fca1e,212.4,1178.1,0:00:00,0:00:00,-,-,0,-,,,,,,,,,05
2025-06-12 18:28:49,2025-06-12 18:28:48,2025-06-12 18:28:47,867488060285201,15896,GTERI,0x09fe3fbf,0x00028102,802003,0x0a04,0x0a14,100,13355,0000,-,01,00,22,12,-,01,23.4,97,543,-23.330724,-51.170099,0724,0005,9c6b,068fca1e,212.4,1178.1,0:00:00,0:00:00,-,-,0,-,,,,,04,1,00000000,00,10
2025-06-12 18:28:56,2025-06-12 18:28:55,2025-06-12 18:28:56,867488060285201,15897,GTHBM,0x09fe7fbf,,802003,0x0a04,0x0a14,100,13156,0000,0000,01,00,22,12,-,01,0.5,97,543,-23.330726,-51.169816,0724,0005,9c6b,068fca1e,212.4,1178.1,0:00:00,0:00:00,-,-,0,-,,,,,,,,,00
2025-06-12 18:29:00,2025-06-12 18:28:59,2025-06-12 18:29:00,867488060285201,15898,GTHBM,0x09fe7fbf,,802003,0x0a04,0x0a14,100,12962,0000,0000,01,00,22,12,-,01,0.0,97,543,-23.330726,-51.169816,0724,0005,9c6b,068fca1e,212.4,1178.1,0:00:00,0:00:00,-,-,0,-,,,,,,,,,05
2025-06-12 18:29:16,2025-06-12 18:29:15,2025-06-12 18:29:16,867488060285201,15899,GTHBM,0x09fe7fbf,,802003,0x0a04,0x0a14,100,13185,0000,0000,01,00,22,12,-,01,19.9,90,543,-23.330729,-51.169655,0724,0005,9c6b,068fca1c,212.4,1178.1,0:00:00,0:00:00,-,-,0,-,,,,,,,,,01
2025-06-12 18:29:20,2025-06-12 18:29:19,2025-06-12 18:29:20,867488060285201,15900,GTHBM,0x09fe7fbf,,802003,0x0a04,0x0a14,100,13231,0000,0000,01,00,22,12,-,01,29.7,90,543,-23.330725,-51.169367,0724,0005,9c6b,068fca1c,212.4,1178.1,0:00:00,0:00:00,-,-,0,-,,,,,,,,,05
2025-06-12 18:29:28,2025-06-12 18:29:27,2025-06-12 18:29:28,867488060285201,15901,GTHBM,0x09fe7fbf,,802003,0x0a04,0x0a14,100,13149,0000,0000,01,00,22,12,-,01,12.7,90,543,-23.330749,-51.168831,0724,0005,9c6b,068fca1c,212.5,1178.2,0:00:00,0:00:00,-,-,0,-,,,,,,,,,00
2025-06-12 18:29:32,2025-06-12 18:29:31,2025-06-12 18:29:32,867488060285201,15902,GTHBM,0x09fe7fbf,,802003,0x0a04,0x0a14,100,13149,0000,0000,01,00,22,12,-,01,1.8,89,543,-23.330748,-51.16875,0724,0005,9c6b,068fca1c,212.5,1178.2,0:00:00,0:00:00,-,-,0,-,,,,,,,,,05
2025-06-12 18:29:46,,,867488060285201,15903,HBD
2025-06-12 18:29:49,2025-06-12 18:29:48,2025-06-12 18:29:48,867488060285201,15905,GTERI,0x09fe3fbf,0x00028102,802003,0x0a04,0x0a14,100,12999,0000,-,01,00,22,12,-,01,0.0,97,543,-23.330747,-51.168739,0724,0005,9c6b,068fca1c,212.5,1178.2,0:00:00,0:00:00,-,-,0,-,,,,,04,1,00000000,00,10
2025-06-12 18:30:04,2025-06-12 18:30:03,2025-06-12 18:30:04,867488060285201,15906,GTHBM,0x09fe7fbf,,802003,0x0a04,0x0a14,100,12930,0000,0000,01,00,22,12,-,01,0.0,97,543,-23.330747,-51.168739,0724,0005,9c6b,068fca1c,212.5,1178.2,0:00:00,0:00:00,-,-,0,-,,,,,,,,,05
2025-06-12 18:30:27,2025-06-12 18:30:26,2025-06-12 18:30:27,867488060285201,15907,GTHBM,0x09fe7fbf,,802003,0x0a04,0x0a14,100,13465,0000,0000,01,00,22,12,-,01,16.5,90,541,-23.330747,-51.168672,0724,0005,9c6b,068fca1c,212.5,1178.2,0:00:00,0:00:00,-,-,0,-,,,,,,,,,01
2025-06-12 18:30:31,2025-06-12 18:30:30,2025-06-12 18:30:31,867488060285201,15908,GTHBM,0x09fe7fbf,,802003,0x0a04,0x0a14,100,13283,0000,0000,01,00,22,12,-,01,23.7,89,541,-23.330747,-51.168436,0724,0005,9c6b,068fca1c,212.5,1178.2,0:00:00,0:00:00,-,-,0,-,,,,,,,,,05
2025-06-12 18:30:39,2025-06-12 18:30:38,2025-06-12 18:30:39,867488060285201,15909,GTHBM,0x09fe7fbf,,802003,0x0a04,0x0a14,100,13335,0000,0000,01,00,22,12,-,01,0.8,97,542,-23.330748,-51.168148,0724,0005,9c6b,068fca00,212.5,1178.2,0:00:00,0:00:00,-,-,0,-,,,,,,,,,00
2025-06-12 18:30:49,2025-06-12 18:30:48,2025-06-12 18:30:47,867488060285201,15910,GTERI,0x09fe3fbf,0x00028102,802003,0x0a04,0x0a14,100,13227,0000,-,01,00,22,12,-,01,0.0,97,543,-23.330747,-51.168145,0724,0005,9c6b,068fca1c,212.5,1178.2,0:00:00,0:00:00,-,-,0,-,,,,,04,1,00000000,00,10
2025-06-12 18:31:09,2025-06-12 18:31:09,2025-06-12 18:31:09,867488060285201,15911,GTSTT,0x09fe7fbf,,802003,0x0a04,0x0a14,100,13312,0000,0000,01,00,21,12,-,01,0.0,97,543,-23.330747,-51.168145,0724,0005,9c6b,068fca1c,212.5,1178.2,0:00:00,0:00:00,-,-,0,-
2025-06-12 18:31:29,2025-06-12 18:31:28,2025-06-12 18:31:28,867488060285201,15912,GTSTT,0x09fe7fbf,,802003,0x0a04,0x0a14,100,13288,0000,0000,01,00,22,12,-,01,0.0,97,543,-23.330747,-51.168145,0724,0005,9c6b,068fca1c,212.5,1178.2,0:00:00,0:00:00,-,-,0,-
2025-06-12 18:31:46,,,867488060285201,15913,HBD
2025-06-12 18:31:49,2025-06-12 18:31:48,2025-06-12 18:31:47,867488060285201,15915,GTERI,0x09fe3fbf,0x00028102,802003,0x0a04,0x0a14,100,13316,0000,-,01,00,22,12,-,01,0.0,97,543,-23.330747,-51.168145,0724,0005,9c6b,068fca1c,212.5,1178.2,0:00:00,0:00:00,-,-,0,-,,,,,04,1,00000000,00,10
2025-06-12 18:32:00,2025-06-12 18:31:59,2025-06-12 18:32:00,867488060285201,15916,GTHBM,0x09fe7fbf,,802003,0x0a04,0x0a14,100,13451,0000,0000,01,00,22,12,-,01,20.4,90,544,-23.330752,-51.167979,0724,0005,9c6b,068fca00,212.5,1178.2,0:00:00,0:00:00,-,-,0,-,,,,,,,,,01
2025-06-12 18:32:04,2025-06-12 18:32:03,2025-06-12 18:32:04,867488060285201,15917,GTERI,0x09fe3fbf,0x00028102,802003,0x0a04,0x0a14,100,13452,0000,-,01,00,22,12,-,01,21.9,152,544,-23.330843,-51.167771,0724,0005,9c6b,068fca00,212.6,1178.3,0:00:00,0:00:00,-,-,0,-,,,,,04,7,00000000,00,11
2025-06-12 18:32:04,2025-06-12 18:32:03,2025-06-12 18:32:04,867488060285201,15918,GTHBM,0x09fe7fbf,,802003,0x0a04,0x0a14,100,13452,0000,0000,01,00,22,12,-,01,21.9,152,544,-23.330843,-51.167771,0724,0005,9c6b,068fca00,212.6,1178.3,0:00:00,0:00:00,-,-,0,-,,,,,,,,,02
2025-06-12 18:32:08,2025-06-12 18:32:07,2025-06-12 18:32:08,867488060285201,15919,GTHBM,0x09fe7fbf,,802003,0x0a04,0x0a14,100,13452,0000,0000,01,00,22,12,-,01,6.0,177,544,-23.331007,-51.16773,0724,0005,9c6b,068fca00,212.6,1178.3,0:00:00,0:00:00,-,-,0,-,,,,,,,,,00
2025-06-12 18:32:12,2025-06-12 18:32:11,2025-06-12 18:32:12,867488060285201,15920,GTHBM,0x09fe7fbf,,802003,0x0a04,0x0a14,100,13452,0000,0000,01,00,22,12,-,01,0.1,152,544,-23.331008,-51.167731,0724,0005,9c6b,068fca00,212.6,1178.3,0:00:00,0:00:00,-,-,0,-,,,,,,,,,05
2025-06-12 18:32:44,2025-06-12 18:32:43,2025-06-12 18:32:44,867488060285201,15921,GTHBM,0x09fe7fbf,,802003,0x0a04,0x0a14,100,13099,0000,0000,01,00,22,12,-,01,12.8,180,543,-23.331175,-51.167712,0724,0005,9c6b,068fca00,212.6,1178.3,0:00:00,0:00:00,-,-,0,-,,,,,,,,,05
2025-06-12 18:32:49,2025-06-12 18:32:48,2025-06-12 18:32:48,867488060285201,15922,GTERI,0x09fe3fbf,0x00028102,802003,0x0a04,0x0a14,100,13022,0000,-,01,00,22,12,-,01,10.4,181,544,-23.331281,-51.16771,0724,0005,9c6b,068fca00,212.6,1178.3,0:00:00,0:00:00,-,-,0,-,,,,,04,7,00000000,00,10
2025-06-12 18:33:16,2025-06-12 18:33:15,2025-06-12 18:33:16,867488060285201,15923,GTHBM,0x09fe7fbf,,802003,0x0a04,0x0a14,100,13051,0000,0000,01,00,22,12,-,01,39.2,180,554,-23.333552,-51.167732,0724,0005,9c6b,068fca00,212.9,1178.6,0:00:00,0:00:00,-,-,0,-,,,,,,,,,05
2025-06-12 18:33:31,2025-06-12 18:33:27,2025-06-12 18:33:28,867488060285201,15924,GTHBM,0x09fe7fbf,,802003,0x0a04,0x0a14,100,13161,0000,0000,01,00,22,12,-,01,23.4,181,560,-23.334688,-51.167738,0724,0005,9c6b,068fca00,213.0,1178.7,0:00:00,0:00:00,-,-,0,-,,,,,,,,,00
2025-06-12 18:33:32,2025-06-12 18:33:31,2025-06-12 18:33:32,867488060285201,15925,GTHBM,0x09fe7fbf,,802003,0x0a04,0x0a14,100,13018,0000,0000,01,00,22,12,-,01,24.5,204,561,-23.334918,-51.167789,0724,0005,9c6b,068fca01,213.0,1178.7,0:00:00,0:00:00,-,-,0,-,,,,,,,,,05
2025-06-12 18:33:36,2025-06-12 18:33:35,2025-06-12 18:33:36,867488060285201,15926,GTERI,0x09fe3fbf,0x00028102,802003,0x0a04,0x0a14,100,13312,0000,-,01,00,22,12,-,01,22.8,119,561,-23.335114,-51.167731,0724,0005,9c6b,068fca01,213.0,1178.7,0:00:00,0:00:00,-,-,0,-,,,,,04,7,00000000,00,11
2025-06-12 18:33:36,2025-06-12 18:33:35,2025-06-12 18:33:36,867488060285201,15927,GTHBM,0x09fe7fbf,,802003,0x0a04,0x0a14,100,13312,0000,0000,01,00,22,12,-,01,22.8,119,561,-23.335114,-51.167731,0724,0005,9c6b,068fca01,213.0,1178.7,0:00:00,0:00:00,-,-,0,-,,,,,,,,,02
2025-06-12 18:33:38,2025-06-12 18:33:37,2025-06-12 18:33:38,867488060285201,15928,GTERI,0x09fe3fbf,0x00028102,802003,0x0a04,0x0a14,100,12902,0000,-,01,00,22,12,-,01,27.0,74,562,-23.335112,-51.167596,0724,0005,9c6b,068fca01,213.0,1178.7,0:00:00,0:00:00,-,-,0,-,,,,,04,7,00000000,00,11
2025-06-12 18:33:44,2025-06-12 18:33:43,2025-06-12 18:33:44,867488060285201,15929,GTHBM,0x09fe7fbf,,802003,0x0a04,0x0a14,100,12891,0000,0000,01,00,22,12,-,01,33.0,92,562,-23.335039,-51.167142,0724,0005,9c6b,068fca01,213.1,1178.8,0:00:00,0:00:00,-,-,0,-,,,,,,,,,05
2025-06-12 18:33:47,,,867488060285201,15930,HBD
2025-06-12 18:33:49,2025-06-12 18:33:48,2025-06-12 18:33:47,867488060285201,15932,GTERI,0x09fe3fbf,0x00028102,802003,0x0a04,0x0a14,100,12627,0000,-,01,00,22,12,-,01,36.9,92,562,-23.335053,-51.166849,0724,0005,9c6b,06900100,213.1,1178.8,0:00:00,0:00:00,-,-,0,-,,,,,04,7,00000000,00,10
2025-06-12 18:33:56,2025-06-12 18:33:55,2025-06-12 18:33:56,867488060285201,15933,GTERI,0x09fe3fbf,0x00028102,802003,0x0a04,0x0a14,100,12627,0000,-,01,00,22,12,-,01,26.0,161,561,-23.335189,-51.166249,0724,0005,9c6b,068fca01,213.2,1178.9,0:00:00,0:00:00,-,-,0,-,,,,,04,7,00000000,00,11
2025-06-12 18:33:56,2025-06-12 18:33:55,2025-06-12 18:33:56,867488060285201,15934,GTHBM,0x09fe7fbf,,802003,0x0a04,0x0a14,100,12627,0000,0000,01,00,22,12,-,01,26.0,161,561,-23.335189,-51.166249,0724,0005,9c6b,068fca01,213.2,1178.9,0:00:00,0:00:00,-,-,0,-,,,,,,,,,02
2025-06-12 18:34:00,2025-06-12 18:33:59,2025-06-12 18:34:00,867488060285201,15935,GTHBM,0x09fe7fbf,,802003,0x0a04,0x0a14,100,13244,0000,0000,01,00,22,12,-,01,35.0,178,563,-23.335494,-51.166231,0724,0005,9c6b,068fca01,213.2,1178.9,0:00:00,0:00:00,-,-,0,-,,,,,,,,,05
2025-06-12 18:34:08,2025-06-12 18:34:07,2025-06-12 18:34:08,867488060285201,15936,GTHBM,0x09fe7fbf,,802003,0x0a04,0x0a14,100,13374,0000,0000,01,00,22,12,-,01,15.4,181,565,-23.335948,-51.166231,0724,0005,9c6b,068fca01,213.3,1179.0,0:00:00,0:00:00,-,-,0,-,,,,,,,,,00
2025-06-12 18:34:12,2025-06-12 18:34:11,2025-06-12 18:34:12,867488060285201,15937,GTHBM,0x09fe7fbf,,802003,0x0a04,0x0a14,100,13190,0000,0000,01,00,22,12,-,01,29.4,180,566,-23.336191,-51.166235,0724,0005,9c6b,068fca01,213.3,1179.0,0:00:00,0:00:00,-,-,0,-,,,,,,,,,01
2025-06-12 18:34:16,2025-06-12 18:34:15,2025-06-12 18:34:16,867488060285201,15938,GTHBM,0x09fe7fbf,,802003,0x0a04,0x0a14,100,13128,0000,0000,01,00,22,12,-,01,40.6,179,567,-23.336553,-51.166236,0724,0005,9c6b,068fca01,213.3,1179.0,0:00:00,0:00:00,-,-,0,-,,,,,,,,,05
2025-06-12 18:34:28,2025-06-12 18:34:27,2025-06-12 18:34:28,867488060285201,15939,GTHBM,0x09fe7fbf,,802003,0x0a04,0x0a14,100,13350,0000,0000,01,00,22,12,-,01,14.3,179,562,-23.337781,-51.166247,0724,0005,9c6b,068fca1d,213.5,1179.2,0:00:00,0:00:00,-,-,0,-,,,,,,,,,00
2025-06-12 18:34:32,2025-06-12 18:34:31,2025-06-12 18:34:32,867488060285201,15940,GTHBM,0x09fe7fbf,,802003,0x0a04,0x0a14,100,13113,0000,0000,01,00,22,12,-,01,24.8,179,560,-23.337939,-51.166246,0724,0005,9c6b,06909e08,213.5,1179.2,0:00:00,0:00:00,-,-,0,-,,,,,,,,,05
2025-06-12 18:34:36,2025-06-12 18:34:35,2025-06-12 18:34:36,867488060285201,15941,GTHBM,0x09fe7fbf,,802003,0x0a04,0x0a14,100,13113,0000,0000,01,00,22,12,-,01,42.7,180,557,-23.338301,-51.166241,0724,0005,9c6b,06909e08,213.5,1179.2,0:00:00,0:00:00,-,-,0,-,,,,,,,,,01
2025-06-12 18:34:40,2025-06-12 18:34:39,2025-06-12 18:34:40,867488060285201,15942,GTHBM,0x09fe7fbf,,802003,0x0a04,0x0a14,100,13328,0000,0000,01,00,22,12,-,01,41.2,180,552,-23.338744,-51.166242,0724,0005,a053,06900204,213.6,1179.3,0:00:00,0:00:00,-,-,0,-,,,,,,,,,05
2025-06-12 18:34:44,2025-06-12 18:34:43,2025-06-12 18:34:44,867488060285201,15943,GTHBM,0x09fe7fbf,,802003,0x0a04,0x0a14,100,13259,0000,0000,01,00,22,12,-,01,23.6,177,548,-23.339059,-51.16624,0724,0005,a053,06900204,213.6,1179.3,0:00:00,0:00:00,-,-,0,-,,,,,,,,,00
2025-06-12 18:34:48,2025-06-12 18:34:47,2025-06-12 18:34:48,867488060285201,15944,GTHBM,0x09fe7fbf,,802003,0x0a04,0x0a14,100,13040,0000,0000,01,00,22,12,-,01,21.2,135,546,-23.339254,-51.166186,0724,0005,a053,06900204,213.7,1179.4,0:00:00,0:00:00,-,-,0,-,,,,,,,,,05
2025-06-12 18:34:49,2025-06-12 18:34:48,2025-06-12 18:34:47,867488060285201,15945,GTERI,0x09fe3fbf,0x00028102,802003,0x0a04,0x0a14,100,13107,0000,-,01,00,22,12,-,01,21.3,164,546,-23.339215,-51.166222,0724,0005,9c6b,068fca0d,213.7,1179.4,0:00:00,0:00:00,-,-,0,-,,,,,04,3,00000000,00,10
2025-06-12 18:34:49,2025-06-12 18:34:48,2025-06-12 18:34:49,867488060285201,15946,GTERI,0x09fe3fbf,0x00028102,802003,0x0a04,0x0a14,100,13107,0000,-,01,00,22,12,-,01,25.4,106,546,-23.339275,-51.166126,0724,0005,9c6b,068fca0d,213.7,1179.4,0:00:00,0:00:00,-,-,0,-,,,,,04,3,00000000,00,11
2025-06-12 18:34:52,2025-06-12 18:34:51,2025-06-12 18:34:52,867488060285201,15947,GTHBM,0x09fe7fbf,,802003,0x0a04,0x0a14,100,13107,0000,0000,01,00,22,12,-,01,35.8,87,545,-23.339283,-51.165871,0724,0005,9c6b,068fca0d,213.7,1179.4,0:00:00,0:00:00,-,-,0,-,,,,,,,,,02
2025-06-12 18:34:56,2025-06-12 18:34:55,2025-06-12 18:34:56,867488060285201,15948,GTHBM,0x09fe7fbf,,802003,0x0a04,0x0a14,100,13158,0000,0000,01,00,22,12,-,01,50.1,83,546,-23.339256,-51.165388,0724,0005,9c6b,068fca0d,213.7,1179.4,0:00:00,0:00:00,-,-,0,-,,,,,,,,,01
2025-06-12 18:35:00,2025-06-12 18:34:59,2025-06-12 18:35:00,867488060285201,15949,GTHBM,0x09fe7fbf,,802003,0x0a04,0x0a14,100,13183,0000,0000,01,00,22,12,-,01,53.9,70,546,-23.339121,-51.164824,0724,0005,9c6b,068fca0d,213.8,1179.5,0:00:00,0:00:00,-,-,0,-,,,,,,,,,05
2025-06-12 18:35:04,2025-06-12 18:35:03,2025-06-12 18:35:04,867488060285201,15950,GTHBM,0x09fe7fbf,,802003,0x0a04,0x0a14,100,13213,0000,0000,01,00,22,12,-,01,30.7,89,546,-23.33899,-51.164388,0724,0005,9c6b,068fca0d,213.8,1179.5,0:00:00,0:00:00,-,-,0,-,,,,,,,,,00
2025-06-12 18:35:12,2025-06-12 18:35:11,2025-06-12 18:35:12,867488060285201,15951,GTHBM,0x09fe7fbf,,802003,0x0a04,0x0a14,100,13357,0000,0000,01,00,22,12,-,01,0.0,106,546,-23.339052,-51.164231,0724,0005,9c6b,068ffb06,213.9,1179.6,0:00:00,0:00:00,-,-,0,-,,,,,,,,,05
2025-06-12 18:35:28,2025-06-12 18:35:27,2025-06-12 18:35:28,867488060285201,15952,GTERI,0x09fe3fbf,0x00028102,802003,0x0a04,0x0a14,100,13182,0000,-,01,00,22,12,-,01,3.7,151,546,-23.339114,-51.164197,0724,0005,9c6b,06909e08,213.9,1179.6,0:00:00,0:00:00,-,-,0,-,,,,,04,28,00000000,00,11
2025-06-12 18:35:42,2025-06-12 18:35:41,2025-06-12 18:35:42,867488060285201,15953,GTERI,0x09fe3fbf,0x00028102,802003,0x0a04,0x0a14,100,13221,0000,-,01,00,22,12,-,01,28.1,198,544,-23.339268,-51.164207,0724,0005,9c6b,06909e08,213.9,1179.6,0:00:00,0:00:00,-,-,0,-,,,,,04,28,00000000,00,11
2025-06-12 18:35:44,2025-06-12 18:35:43,2025-06-12 18:35:44,867488060285201,15954,GTHBM,0x09fe7fbf,,802003,0x0a04,0x0a14,100,13221,0000,0000,01,00,22,12,-,01,39.4,199,543,-23.33945,-51.164261,0724,0005,9c6b,06909e08,213.9,1179.6,0:00:00,0:00:00,-,-,0,-,,,,,,,,,01
2025-06-12 18:35:47,,,867488060285201,15955,HBD
2025-06-12 18:36:22,2025-06-12 18:35:48,2025-06-12 18:35:47,867488060285201,15957,GTERI,0x09fe3fbf,0x00028102,802003,0x0a04,0x0a14,100,13289,0000,-,01,00,22,12,-,01,52.5,196,540,-23.339801,-51.164376,0724,0005,9c6b,06909e08,213.9,1179.6,0:00:00,0:00:00,-,-,0,-,,,,,04,28,00000000,00,10
2025-06-12 18:36:22,2025-06-12 18:35:48,2025-06-12 18:35:47,867488060285201,15957,GTERI,0x09fe3fbf,0x00028102,802003,0x0a04,0x0a14,100,13289,0000,-,01,00,22,12,-,01,52.5,196,540,-23.339801,-51.164376,0724,0005,9c6b,06909e08,213.9,1179.6,0:00:00,0:00:00,-,-,0,-,,,,,04,28,00000000,00,10
2025-06-12 18:36:22,2025-06-12 18:35:51,2025-06-12 18:35:52,867488060285201,15958,GTHBM,0x09fe7fbf,,802003,0x0a04,0x0a14,100,13207,0000,0000,01,00,22,12,-,01,51.0,187,544,-23.340464,-51.164521,0724,0005,9c6b,06909e08,214.0,1179.7,0:00:00,0:00:00,-,-,0,-,,,,,,,,,05
2025-06-12 18:36:23,2025-06-12 18:36:03,2025-06-12 18:36:04,867488060285201,15959,GTHBM,0x09fe7fbf,,802003,0x0a04,0x0a14,100,13348,0000,0000,01,00,22,12,-,01,2.0,174,550,-23.34132,-51.164517,0724,0005,9c6b,06909e08,214.1,1179.8,0:00:00,0:00:00,-,-,0,-,,,,,,,,,00
2025-06-12 18:36:24,2025-06-12 18:36:07,2025-06-12 18:36:08,867488060285201,15960,GTHBM,0x09fe7fbf,,802003,0x0a04,0x0a14,100,13145,0000,0000,01,00,22,12,-,01,0.0,196,549,-23.341321,-51.164516,0724,0005,9c6b,06909e08,214.1,1179.8,0:00:00,0:00:00,-,-,0,-,,,,,,,,,05
2025-06-12 18:36:42,2025-06-12 18:36:41,2025-06-12 18:36:42,867488060285201,15961,GTHBM,0x09fe7fbf,,802003,0x0a04,0x0a14,100,13473,0000,0000,01,00,22,12,-,01,17.0,167,551,-23.341766,-51.164436,0724,0005,9c6b,068fca01,214.1,1179.8,0:00:00,0:00:00,-,-,0,-,,,,,,,,,05
2025-06-12 18:36:49,2025-06-12 18:36:48,2025-06-12 18:36:48,867488060285201,15962,GTERI,0x09fe3fbf,0x00028102,802003,0x0a04,0x0a14,100,13105,0000,-,01,00,22,12,-,01,8.9,165,553,-23.341973,-51.164379,0724,0005,9c6b,068fca01,214.1,1179.8,0:00:00,0:00:00,-,-,0,-,,,,,04,7,00000000,00,10
2025-06-12 18:37:14,2025-06-12 18:37:13,2025-06-12 18:37:14,867488060285201,15963,GTHBM,0x09fe7fbf,,802003,0x0a04,0x0a14,100,13337,0000,0000,01,00,22,12,-,01,0.0,165,554,-23.342018,-51.164364,0724,0005,9c6b,068fca01,214.1,1179.8,0:00:00,0:00:00,-,-,0,-,,,,,,,,,05
2025-06-12 18:37:26,2025-06-12 18:37:25,2025-06-12 18:37:26,867488060285201,15964,GTHBM,0x09fe7fbf,,802003,0x0a04,0x0a14,100,13543,0000,0000,01,00,22,12,-,01,22.2,159,557,-23.342261,-51.1643,0724,0005,9c6b,068fca01,214.2,1179.9,0:00:00,0:00:00,-,-,0,-,,,,,,,,,01
2025-06-12 18:37:30,2025-06-12 18:37:29,2025-06-12 18:37:30,867488060285201,15965,GTHBM,0x09fe7fbf,,802003,0x0a04,0x0a14,100,13330,0000,0000,01,00,22,12,-,01,14.8,162,559,-23.342471,-51.164228,0724,0005,9c6b,068fca01,214.2,1179.9,0:00:00,0:00:00,-,-,0,-,,,,,,,,,05
2025-06-12 18:37:47,,,867488060285201,15966,HBD
2025-06-12 18:37:49,2025-06-12 18:37:48,2025-06-12 18:37:47,867488060285201,15968,GTERI,0x09fe3fbf,0x00028102,802003,0x0a04,0x0a14,100,13336,0000,-,01,00,22,12,-,01,5.6,161,562,-23.342754,-51.164125,0724,0005,9c6b,068fca1d,214.2,1179.9,0:00:00,0:00:00,-,-,0,-,,,,,04,1,00000000,00,10
2025-06-12 18:38:01,2025-06-12 18:38:00,2025-06-12 18:38:01,867488060285201,15969,GTHBM,0x09fe7fbf,,802003,0x0a04,0x0a14,100,13252,0000,0000,01,00,22,12,-,01,0.0,161,563,-23.34278,-51.164125,0724,0005,9c6b,068fca1d,214.2,1179.9,0:00:00,0:00:00,-,-,0,-,,,,,,,,,05
2025-06-12 18:38:34,2025-06-12 18:38:33,2025-06-12 18:38:34,867488060285201,15970,GTHBM,0x09fe7fbf,,802003,0x0a04,0x0a14,100,13361,0000,0000,01,00,22,12,-,01,0.0,161,566,-23.343319,-51.163962,0724,0005,a053,0690021c,214.3,1180.0,0:00:00,0:00:00,-,-,0,-,,,,,,,,,05
2025-06-12 18:38:49,2025-06-12 18:38:48,2025-06-12 18:38:48,867488060285201,15971,GTERI,0x09fe3fbf,0x00028102,802003,0x0a04,0x0a14,100,13286,0000,-,01,00,22,12,-,01,0.0,161,566,-23.343319,-51.163962,0724,0005,a053,0690021c,214.3,1180.0,0:00:00,0:00:00,-,-,0,-,,,,,04,1,00000000,00,10
2025-06-12 18:39:04,2025-06-12 18:39:03,2025-06-12 18:39:04,867488060285201,15972,GTHBM,0x09fe7fbf,,802003,0x0a04,0x0a14,100,13226,0000,0000,01,00,22,12,-,01,16.7,164,567,-23.343451,-51.16391,0724,0005,a053,06900200,214.3,1180.0,0:00:00,0:00:00,-,-,0,-,,,,,,,,,01
2025-06-12 18:39:08,2025-06-12 18:39:07,2025-06-12 18:39:08,867488060285201,15973,GTHBM,0x09fe7fbf,,802003,0x0a04,0x0a14,100,13348,0000,0000,01,00,22,12,-,01,24.4,162,567,-23.343657,-51.163851,0724,0005,a053,06900200,214.3,1180.0,0:00:00,0:00:00,-,-,0,-,,,,,,,,,05
2025-06-12 18:39:16,2025-06-12 18:39:15,2025-06-12 18:39:16,867488060285201,15974,GTHBM,0x09fe7fbf,,802003,0x0a04,0x0a14,100,13243,0000,0000,01,00,22,12,-,01,0.1,161,566,-23.343934,-51.163757,0724,0005,a053,06900200,214.3,1180.1,0:00:00,0:00:00,-,-,0,-,,,,,,,,,00
2025-06-12 18:39:20,2025-06-12 18:39:19,2025-06-12 18:39:20,867488060285201,15975,GTHBM,0x09fe7fbf,,802003,0x0a04,0x0a14,100,13362,0000,0000,01,00,22,12,-,01,0.0,161,566,-23.343932,-51.163756,0724,0005,a053,06900200,214.3,1180.1,0:00:00,0:00:00,-,-,0,-,,,,,,,,,05
2025-06-12 18:39:47,,,867488060285201,15976,HBD
2025-06-12 18:39:47,2025-06-12 18:39:47,2025-06-12 18:39:47,867488060285201,15978,GTSTT,0x09fe7fbf,,802003,0x0a04,0x0a14,100,13255,0000,0000,01,00,21,12,-,01,0.0,161,566,-23.343932,-51.163756,0724,0005,a053,06900200,214.3,1180.1,0:00:00,0:00:00,-,-,0,-
2025-06-12 18:39:49,2025-06-12 18:39:48,2025-06-12 18:39:48,867488060285201,15979,GTERI,0x09fe3fbf,0x00028102,802003,0x0a04,0x0a14,100,13255,0000,-,01,00,21,12,-,01,0.0,161,566,-23.343932,-51.163756,0724,0005,a053,06900200,214.3,1180.1,0:00:00,0:00:00,-,-,0,-,,,,,04,7,00000000,00,10
2025-06-12 18:39:56,2025-06-12 18:39:56,2025-06-12 18:39:56,867488060285201,15980,GTSTT,0x09fe7fbf,,802003,0x0a04,0x0a14,100,13223,0000,0000,01,00,22,12,-,01,0.0,161,566,-23.343932,-51.163756,0724,0005,a053,06900200,214.3,1180.1,0:00:00,0:00:00,-,-,0,-
2025-06-12 18:40:02,2025-06-12 18:40:01,2025-06-12 18:40:02,867488060285201,15981,GTHBM,0x09fe7fbf,,802003,0x0a04,0x0a14,100,13418,0000,0000,01,00,22,12,-,01,21.3,162,565,-23.344077,-51.163694,0724,0005,a053,06900200,214.3,1180.1,0:00:00,0:00:00,-,-,0,-,,,,,,,,,01
2025-06-12 18:40:10,2025-06-12 18:40:09,2025-06-12 18:40:10,867488060285201,15982,GTHBM,0x09fe7fbf,,802003,0x0a04,0x0a14,100,13266,0000,0000,01,00,22,12,-,01,30.5,162,565,-23.344669,-51.163499,0724,0005,a053,06900200,214.4,1180.1,0:00:00,0:00:00,-,-,0,-,,,,,,,,,05
2025-06-12 18:40:14,2025-06-12 18:40:13,2025-06-12 18:40:14,867488060285201,15983,GTHBM,0x09fe7fbf,,802003,0x0a04,0x0a14,100,13159,0000,0000,01,00,22,12,-,01,14.9,163,564,-23.344894,-51.163425,0724,0005,a053,06900200,214.5,1180.2,0:00:00,0:00:00,-,-,0,-,,,,,,,,,00
2025-06-12 18:40:19,2025-06-12 18:40:18,2025-06-12 18:40:19,867488060285201,15984,GTHBM,0x09fe7fbf,,802003,0x0a04,0x0a14,100,13242,0000,0000,01,00,22,12,-,01,10.2,162,564,-23.345044,-51.163378,0724,0005,a053,06900200,214.5,1180.2,0:00:00,0:00:00,-,-,0,-,,,,,,,,,05
2025-06-12 18:40:42,2025-06-12 18:40:41,2025-06-12 18:40:42,867488060285201,15985,GTHBM,0x09fe7fbf,,802003,0x0a04,0x0a14,100,13512,0000,0000,01,00,22,12,-,01,16.7,200,558,-23.345314,-51.163356,0724,0005,a053,06900200,214.5,1180.2,0:00:00,0:00:00,-,-,0,-,,,,,,,,,01
2025-06-12 18:40:43,2025-06-12 18:40:42,2025-06-12 18:40:43,867488060285201,15986,GTERI,0x09fe3fbf,0x00028102,802003,0x0a04,0x0a14,100,13512,0000,-,01,00,22,12,-,01,17.4,207,558,-23.345358,-51.163375,0724,0005,a053,06900200,214.5,1180.2,0:00:00,0:00:00,-,-,0,-,,,,,04,7,00000000,00,11
2025-06-12 18:40:46,2025-06-12 18:40:45,2025-06-12 18:40:46,867488060285201,15987,GTHBM,0x09fe7fbf,,802003,0x0a04,0x0a14,100,13363,0000,0000,01,00,22,12,-,01,26.3,193,559,-23.345534,-51.163453,0724,0005,a053,06900200,214.5,1180.2,0:00:00,0:00:00,-,-,0,-,,,,,,,,,05
2025-06-12 18:40:49,2025-06-12 18:40:48,2025-06-12 18:40:47,867488060285201,15988,GTERI,0x09fe3fbf,0x00028102,802003,0x0a04,0x0a14,100,13172,0000,-,01,00,22,12,-,01,27.9,184,559,-23.345604,-51.16346,0724,0005,a053,06900200,214.5,1180.2,0:00:00,0:00:00,-,-,0,-,,,,,04,7,00000000,00,10
2025-06-12 18:41:14,2025-06-12 18:41:13,2025-06-12 18:41:14,867488060285201,15989,GTHBM,0x09fe7fbf,,802003,0x0a04,0x0a14,100,13439,0000,0000,01,00,22,12,-,01,29.9,225,575,-23.347848,-51.1655,0724,0005,a053,06900200,214.9,1180.6,0:00:00,0:00:00,-,-,0,-,,,,,,,,,00
2025-06-12 18:41:22,2025-06-12 18:41:21,2025-06-12 18:41:22,867488060285201,15990,GTHBM,0x09fe7fbf,,802003,0x0a04,0x0a14,100,13311,0000,0000,01,00,22,12,-,01,4.6,179,576,-23.347991,-51.165616,0724,0005,a053,06900200,214.9,1180.6,0:00:00,0:00:00,-,-,0,-,,,,,,,,,05
2025-06-12 18:41:25,2025-06-12 18:41:24,2025-06-12 18:41:25,867488060285201,15991,GTERI,0x09fe3fbf,0x00028102,802003,0x0a04,0x0a14,100,13276,0000,-,01,00,22,12,-,01,16.6,129,576,-23.34806,-51.165553,0724,0005,a053,06900200,214.9,1180.6,0:00:00,0:00:00,-,-,0,-,,,,,04,7,00000000,00,11
2025-06-12 18:41:26,2025-06-12 18:41:25,2025-06-12 18:41:26,867488060285201,15992,GTHBM,0x09fe7fbf,,802003,0x0a04,0x0a14,100,13276,0000,0000,01,00,22,12,-,01,20.4,126,576,-23.348089,-51.165511,0724,0005,a053,06900200,214.9,1180.6,0:00:00,0:00:00,-,-,0,-,,,,,,,,,04
2025-06-12 18:41:30,2025-06-12 18:41:29,2025-06-12 18:41:30,867488060285201,15993,GTHBM,0x09fe7fbf,,802003,0x0a04,0x0a14,100,13254,0000,0000,01,00,22,12,-,01,32.7,130,577,-23.348265,-51.165272,0724,0005,a053,06900200,214.9,1180.6,0:00:00,0:00:00,-,-,0,-,,,,,,,,,01
2025-06-12 18:41:34,2025-06-12 18:41:33,2025-06-12 18:41:34,867488060285201,15994,GTHBM,0x09fe7fbf,,802003,0x0a04,0x0a14,100,13403,0000,0000,01,00,22,12,-,01,42.1,128,577,-23.348502,-51.164958,0724,0005,a053,06900200,215.0,1180.7,0:00:00,0:00:00,-,-,0,-,,,,,,,,,05
2025-06-12 18:41:47,,,867488060285201,15995,HBD
2025-06-12 18:41:49,2025-06-12 18:41:48,2025-06-12 18:41:47,867488060285201,15997,GTERI,0x09fe3fbf,0x00028102,802003,0x0a04,0x0a14,100,13286,0000,-,01,00,22,12,-,01,55.0,129,577,-23.34959,-51.163528,0724,0005,a053,0690021c,215.2,1180.9,0:00:00,0:00:00,-,-,0,-,,,,,04,1,00000000,00,10
2025-06-12 18:41:54,2025-06-12 18:41:53,2025-06-12 18:41:54,867488060285201,15998,GTHBM,0x09fe7fbf,,802003,0x0a04,0x0a14,100,13420,0000,0000,01,00,22,12,-,01,28.2,143,575,-23.350104,-51.1629,0724,0005,a053,0690021d,215.2,1180.9,0:00:00,0:00:00,-,-,0,-,,,,,,,,,00
2025-06-12 18:41:56,2025-06-12 18:41:55,2025-06-12 18:41:56,867488060285201,15999,GTERI,0x09fe3fbf,0x00028102,802003,0x0a04,0x0a14,100,13145,0000,-,01,00,22,12,-,01,23.2,198,575,-23.350217,-51.162889,0724,0005,a053,0690021c,215.2,1180.9,0:00:00,0:00:00,-,-,0,-,,,,,04,1,00000000,00,11
2025-06-12 18:41:58,2025-06-12 18:41:57,2025-06-12 18:41:58,867488060285201,16000,GTHBM,0x09fe7fbf,,802003,0x0a04,0x0a14,100,13197,0000,0000,01,00,22,12,-,01,30.7,220,575,-23.350328,-51.16298,0724,0005,a053,0690021c,215.3,1181.0,0:00:00,0:00:00,-,-,0,-,,,,,,,,,02
2025-06-12 18:42:02,2025-06-12 18:42:01,2025-06-12 18:42:02,867488060285201,16001,GTHBM,0x09fe7fbf,,802003,0x0a04,0x0a14,100,13283,0000,0000,01,00,22,12,-,01,28.9,211,576,-23.35059,-51.163206,0724,0005,a053,0690021d,215.3,1181.0,0:00:00,0:00:00,-,-,0,-,,,,,,,,,05
2025-06-12 18:42:04,2025-06-12 18:42:03,2025-06-12 18:42:04,867488060285201,16002,GTERI,0x09fe3fbf,0x00028102,802003,0x0a04,0x0a14,100,12979,0000,-,01,00,22,12,-,01,28.3,151,576,-23.350717,-51.163192,0724,0005,a053,0690021d,215.3,1181.0,0:00:00,0:00:00,-,-,0,-,,,,,04,1,00000000,00,11
2025-06-12 18:42:06,2025-06-12 18:42:05,2025-06-12 18:42:06,867488060285201,16003,GTHBM,0x09fe7fbf,,802003,0x0a04,0x0a14,100,13072,0000,0000,01,00,22,12,-,01,38.4,129,575,-23.350834,-51.163057,0724,0005,a053,0690021d,215.3,1181.0,0:00:00,0:00:00,-,-,0,-,,,,,,,,,02
2025-06-12 18:42:11,2025-06-12 18:42:10,2025-06-12 18:42:11,867488060285201,16004,GTHBM,0x09fe7fbf,,802003,0x0a04,0x0a14,100,13072,0000,0000,01,00,22,12,-,01,37.7,124,573,-23.351141,-51.162625,0724,0005,a053,0692f61c,215.4,1181.1,0:00:00,0:00:00,-,-,0,-,,,,,,,,,05
2025-06-12 18:42:15,2025-06-12 18:42:14,2025-06-12 18:42:15,867488060285201,16005,GTHBM,0x09fe7fbf,,802003,0x0a04,0x0a14,100,13245,0000,0000,01,00,22,12,-,01,15.9,128,572,-23.351289,-51.162407,0724,0005,a053,0692f61c,215.4,1181.1,0:00:00,0:00:00,-,-,0,-,,,,,,,,,00
2025-06-12 18:42:20,2025-06-12 18:42:19,2025-06-12 18:42:19,867488060285201,16006,GTIGF,0x09fe7fbf,,802003,0x0a04,0x0a14,100,13082,0000,0000,00,00,12,12,12056,01,0.1,151,572,-23.351322,-51.162353,0724,0005,a053,0692f61c,215.4,1181.1,0:00:00,0:00:00,-,-,0,-
2025-06-12 18:42:20,2025-06-12 18:42:19,2025-06-12 18:42:19,867488060285201,16007,GTSTT,0x09fe7fbf,,802003,0x0a04,0x0a14,100,13082,0000,0000,00,00,12,12,-,01,0.1,151,572,-23.351322,-51.162353,0724,0005,a053,0692f61c,215.4,1181.1,0:00:00,0:00:00,-,-,0,-
2025-06-12 18:42:21,2025-06-12 18:42:19,2025-06-12 18:42:20,867488060285201,16008,GTERI,0x09fe3fbf,0x00028102,802003,0x0a04,0x0a14,100,13082,0000,-,00,00,12,12,-,01,0.0,151,572,-23.351321,-51.162353,0724,0005,a053,0692f61c,215.4,1181.1,0:00:00,0:00:00,-,-,0,-,,,,,04,1,00000000,00,10
2025-06-12 18:42:21,2025-06-12 18:42:19,2025-06-12 18:42:20,867488060285201,16009,GTIGL,0x09fe7fbf,,802003,0x0a04,0x0a14,100,13082,0000,0000,00,00,12,12,-,01,0.0,151,572,-23.351321,-51.162353,0724,0005,a053,0692f61c,215.4,1181.1,0:00:00,0:00:00,-,-,0,-,,,,,,,,,01
2025-06-12 18:42:22,2025-06-12 18:42:22,2025-06-12 18:42:22,867488060285201,16010,GTMPF,0x09fe7fbf,,802003,0x0a04,0x0a14,100,0,0000,0000,00,00,12,12,-,01,0.0,151,572,-23.35132,-51.162353,0724,0005,a053,0692f61c,215.4,1181.1,0:00:00,0:00:00,-,-,0,-
2025-06-12 18:43:47,,,867488060285201,16011,HBD
2025-06-12 18:44:36,2025-06-12 18:44:36,2025-06-12 18:44:36,867488060285201,16013,GTSTT,0x09fe7fbf,,802003,0x0a04,0x0a14,100,0,0000,0000,00,00,11,12,-,01,0.0,151,572,-23.35132,-51.162353,0724,0005,a053,0692f61c,215.4,1181.1,0:00:00,0:00:00,-,-,0,-
2025-06-12 18:45:47,,,867488060285201,16014,HBD
2025-06-12 18:47:47,,,867488060285201,16016,HBD
2025-06-12 18:49:47,,,867488060285201,16018,HBD
2025-06-12 18:51:48,,,867488060285201,16020,HBD
2025-06-12 18:53:48,,,867488060285201,16022,HBD
2025-06-12 18:55:48,,,867488060285201,16024,HBD
2025-06-12 18:57:48,,,867488060285201,16026,HBD
2025-06-12 18:59:48,,,867488060285201,16028,HBD
2025-06-12 19:01:49,,,867488060285201,16030,HBD
2025-06-12 19:03:49,,,867488060285201,16032,HBD
2025-06-12 19:05:49,,,867488060285201,16034,HBD
2025-06-12 19:07:49,,,867488060285201,16036,HBD
2025-06-12 19:09:49,,,867488060285201,16038,HBD
2025-06-12 19:11:49,,,867488060285201,16040,HBD
2025-06-12 19:13:51,,,867488060285201,16042,HBD
2025-06-12 19:15:49,,,867488060285201,16044,HBD
2025-06-12 19:17:49,,,867488060285201,16046,HBD
2025-06-12 19:19:49,,,867488060285201,16048,HBD
2025-06-12 19:21:49,,,867488060285201,16050,HBD
2025-06-12 19:23:50,,,867488060285201,16052,HBD
2025-06-12 19:25:50,,,867488060285201,16054,HBD
2025-06-12 19:27:50,,,867488060285201,16056,HBD
2025-06-12 19:29:50,,,867488060285201,16058,HBD
2025-06-12 19:31:50,,,867488060285201,16060,HBD
2025-06-12 19:33:50,,,867488060285201,16062,HBD
2025-06-12 19:35:50,,,867488060285201,16064,HBD
2025-06-12 19:37:51,,,867488060285201,16066,HBD
2025-06-12 19:39:50,,,867488060285201,16068,HBD
2025-06-12 19:41:51,,,867488060285201,16070,HBD
2025-06-12 19:42:15,2025-06-12 19:42:14,2025-06-12 19:39:59,867488060285201,16072,GTERI,0x09fe3fbf,0x00028102,802003,0x0a04,0x0a14,100,0,0000,-,00,00,11,12,-,01,0.0,151,579,-23.351349,-51.162367,0724,0005,a053,06900205,215.4,1181.1,0:00:00,0:00:00,-,-,0,-,,,,,04,3,00000000,00,10
2025-06-12 19:43:51,,,867488060285201,16073,HBD
2025-06-12 19:45:51,,,867488060285201,16075,HBD
2025-06-12 19:47:51,,,867488060285201,16077,HBD
2025-06-12 19:49:51,,,867488060285201,16079,HBD
2025-06-12 19:51:51,,,867488060285201,16081,HBD
2025-06-12 19:53:51,,,867488060285201,16083,HBD
2025-06-12 19:55:52,,,867488060285201,16085,HBD
2025-06-12 19:57:52,,,867488060285201,16087,HBD
2025-06-12 19:59:52,,,867488060285201,16089,HBD
2025-06-12 20:01:52,,,867488060285201,16091,HBD
2025-06-12 20:03:52,,,867488060285201,16093,HBD
2025-06-12 20:05:52,,,867488060285201,16095,HBD
2025-06-12 20:07:52,,,867488060285201,16097,HBD
2025-06-12 20:09:52,,,867488060285201,16099,HBD
2025-06-12 20:11:52,,,867488060285201,16101,HBD
2025-06-12 20:13:53,,,867488060285201,16103,HBD
2025-06-12 20:15:53,,,867488060285201,16105,HBD
2025-06-12 20:17:53,,,867488060285201,16107,HBD
2025-06-12 20:19:53,,,867488060285201,16109,HBD
2025-06-12 20:21:53,,,867488060285201,16111,HBD
2025-06-12 20:23:53,,,867488060285201,16113,HBD
2025-06-12 20:25:53,,,867488060285201,16115,HBD
2025-06-12 20:27:54,,,867488060285201,16117,HBD
2025-06-12 20:29:54,,,867488060285201,16119,HBD
2025-06-12 20:31:54,,,867488060285201,16121,HBD
2025-06-12 20:33:54,,,867488060285201,16123,HBD
2025-06-12 20:35:54,,,867488060285201,16125,HBD
2025-06-12 20:37:54,,,867488060285201,16127,HBD
2025-06-12 20:39:54,,,867488060285201,16129,HBD
2025-06-12 20:41:54,,,867488060285201,16131,HBD
2025-06-12 20:42:15,2025-06-12 20:42:14,2025-06-12 20:39:55,867488060285201,16133,GTERI,0x09fe3fbf,0x00028102,802003,0x0a04,0x0a14,96,0,0000,-,00,00,11,10,-,01,0.0,151,579,-23.351349,-51.162367,0724,0005,a053,06900205,215.4,1181.1,0:00:00,0:00:00,-,-,0,-,,,,,04,3,00000000,00,10
2025-06-12 20:43:54,,,867488060285201,16134,HBD
2025-06-12 20:45:55,,,867488060285201,16136,HBD
2025-06-12 20:47:55,,,867488060285201,16138,HBD
2025-06-12 20:49:59,,,867488060285201,16140,HBD
2025-06-12 20:51:55,,,867488060285201,16142,HBD
2025-06-12 20:53:55,,,867488060285201,16144,HBD
2025-06-12 20:55:55,,,867488060285201,16146,HBD
2025-06-12 20:57:55,,,867488060285201,16148,HBD
2025-06-12 20:59:55,,,867488060285201,16150,HBD
2025-06-12 21:01:55,,,867488060285201,16152,HBD
2025-06-12 21:03:56,,,867488060285201,16154,HBD
2025-06-12 21:05:56,,,867488060285201,16156,HBD
2025-06-12 21:07:56,,,867488060285201,16158,HBD
2025-06-12 21:09:56,,,867488060285201,16160,HBD
2025-06-12 21:11:56,,,867488060285201,16162,HBD
2025-06-12 21:13:56,,,867488060285201,16164,HBD
2025-06-12 21:15:56,,,867488060285201,16166,HBD
2025-06-12 21:17:56,,,867488060285201,16168,HBD
2025-06-12 21:19:57,,,867488060285201,16170,HBD
2025-06-12 21:21:57,,,867488060285201,16172,HBD
2025-06-12 21:23:57,,,867488060285201,16174,HBD
2025-06-12 21:25:57,,,867488060285201,16176,HBD
2025-06-12 21:27:57,,,867488060285201,16178,HBD
2025-06-12 21:29:57,,,867488060285201,16180,HBD
2025-06-12 21:31:57,,,867488060285201,16182,HBD
2025-06-12 21:33:57,,,867488060285201,16184,HBD
2025-06-12 21:35:57,,,867488060285201,16186,HBD
2025-06-12 21:37:57,,,867488060285201,16188,HBD
2025-06-12 21:39:58,,,867488060285201,16190,HBD
2025-06-12 21:41:58,,,867488060285201,16192,HBD
2025-06-12 21:42:15,2025-06-12 21:42:14,2025-06-12 21:40:45,867488060285201,16194,GTERI,0x09fe3fbf,0x00028102,802003,0x0a04,0x0a14,82,0,0000,-,00,00,11,6,-,01,0.0,151,579,-23.351349,-51.162367,0724,0005,a053,06900205,215.4,1181.1,0:00:00,0:00:00,-,-,0,-,,,,,04,3,00000000,00,10
2025-06-12 21:43:58,,,867488060285201,16195,HBD
2025-06-12 21:45:58,,,867488060285201,16197,HBD
2025-06-12 21:47:58,,,867488060285201,16199,HBD
2025-06-12 21:49:58,,,867488060285201,16201,HBD
2025-06-12 21:51:58,,,867488060285201,16203,HBD
2025-06-12 21:53:58,,,867488060285201,16205,HBD
2025-06-12 21:55:58,,,867488060285201,16207,HBD
2025-06-12 21:57:58,,,867488060285201,16209,HBD
2025-06-12 21:59:59,,,867488060285201,16211,HBD
2025-06-12 22:01:59,,,867488060285201,16213,HBD
2025-06-12 22:03:59,,,867488060285201,16215,HBD
2025-06-12 22:05:59,,,867488060285201,16217,HBD
2025-06-12 22:07:59,,,867488060285201,16219,HBD
2025-06-12 22:09:59,,,867488060285201,16221,HBD
2025-06-12 22:11:59,,,867488060285201,16223,HBD
2025-06-12 22:13:59,,,867488060285201,16225,HBD
2025-06-12 22:16:00,,,867488060285201,16227,HBD
2025-06-12 22:18:00,,,867488060285201,16229,HBD
2025-06-12 22:20:00,,,867488060285201,16231,HBD
2025-06-12 22:22:00,,,867488060285201,16233,HBD
2025-06-12 22:24:00,,,867488060285201,16235,HBD
2025-06-12 22:26:00,,,867488060285201,16237,HBD
2025-06-12 22:28:00,,,867488060285201,16239,HBD
2025-06-12 22:30:00,,,867488060285201,16241,HBD
2025-06-12 22:32:00,,,867488060285201,16243,HBD
2025-06-12 22:34:00,,,867488060285201,16245,HBD
2025-06-12 22:36:01,,,867488060285201,16247,HBD
2025-06-12 22:38:01,,,867488060285201,16249,HBD
2025-06-12 22:40:02,,,867488060285201,16251,HBD
2025-06-12 22:42:02,,,867488060285201,16253,HBD
2025-06-12 22:42:15,2025-06-12 22:42:14,2025-06-12 22:40:18,867488060285201,16255,GTERI,0x09fe3fbf,0x00028102,802003,0x0a04,0x0a14,77,0,0000,-,00,00,11,6,-,01,0.0,151,579,-23.351349,-51.162367,0724,0005,a053,0690021c,215.4,1181.1,0:00:00,0:00:00,-,-,0,-,,,,,04,1,00000000,00,10
2025-06-12 22:44:02,,,867488060285201,16256,HBD
2025-06-12 22:46:02,,,867488060285201,16258,HBD
2025-06-12 22:48:02,,,867488060285201,16260,HBD
2025-06-12 22:50:03,,,867488060285201,16262,HBD
2025-06-12 22:52:03,,,867488060285201,16264,HBD
2025-06-12 22:54:03,,,867488060285201,16266,HBD
2025-06-12 22:56:03,,,867488060285201,16268,HBD
2025-06-12 22:58:03,,,867488060285201,16270,HBD
2025-06-12 23:00:03,,,867488060285201,16272,HBD
2025-06-12 23:02:03,,,867488060285201,16274,HBD
2025-06-12 23:04:03,,,867488060285201,16276,HBD
2025-06-12 23:06:03,,,867488060285201,16278,HBD
2025-06-12 23:08:04,,,867488060285201,16280,HBD
2025-06-12 23:10:04,,,867488060285201,16282,HBD
2025-06-12 23:12:04,,,867488060285201,16284,HBD
2025-06-12 23:14:04,,,867488060285201,16286,HBD
2025-06-12 23:16:04,,,867488060285201,16288,HBD
2025-06-12 23:18:04,,,867488060285201,16290,HBD
2025-06-12 23:20:04,,,867488060285201,16292,HBD
2025-06-12 23:22:04,,,867488060285201,16294,HBD
2025-06-12 23:24:04,,,867488060285201,16296,HBD
2025-06-12 23:26:04,,,867488060285201,16298,HBD
2025-06-12 23:28:05,,,867488060285201,16300,HBD
2025-06-12 23:30:05,,,867488060285201,16302,HBD
2025-06-12 23:32:05,,,867488060285201,16304,HBD
2025-06-12 23:34:05,,,867488060285201,16306,HBD
2025-06-12 23:36:05,,,867488060285201,16308,HBD
2025-06-12 23:38:05,,,867488060285201,16310,HBD
2025-06-12 23:40:05,,,867488060285201,16312,HBD
2025-06-12 23:42:05,,,867488060285201,16314,HBD
2025-06-12 23:42:15,2025-06-12 23:42:14,2025-06-12 23:40:18,867488060285201,16316,GTERI,0x09fe3fbf,0x00028102,802003,0x0a04,0x0a14,67,0,0000,-,00,00,11,7,-,01,0.0,151,579,-23.351349,-51.162367,0724,0005,a053,0690021c,215.4,1181.1,0:00:00,0:00:00,-,-,0,-,,,,,04,1,00000000,00,10
2025-06-12 23:44:05,,,867488060285201,16317,HBD
2025-06-12 23:46:06,,,867488060285201,16319,HBD
2025-06-12 23:48:06,,,867488060285201,16321,HBD
2025-06-12 23:50:06,,,867488060285201,16323,HBD
2025-06-12 23:52:06,,,867488060285201,16325,HBD
2025-06-12 23:54:06,,,867488060285201,16327,HBD
2025-06-12 23:56:06,,,867488060285201,16329,HBD
2025-06-12 23:58:06,,,867488060285201,16331,HBD
2025-06-13 00:00:06,,,867488060285201,16333,HBD
2025-06-13 00:02:06,,,867488060285201,16335,HBD
2025-06-13 00:04:07,,,867488060285201,16337,HBD
2025-06-13 00:06:07,,,867488060285201,16339,HBD
2025-06-13 00:08:07,,,867488060285201,16341,HBD
2025-06-13 00:10:07,,,867488060285201,16343,HBD
2025-06-13 00:12:07,,,867488060285201,16345,HBD
2025-06-13 00:14:07,,,867488060285201,16347,HBD
2025-06-13 00:16:07,,,867488060285201,16349,HBD
2025-06-13 00:18:07,,,867488060285201,16351,HBD
2025-06-13 00:20:07,,,867488060285201,16353,HBD
2025-06-13 00:22:07,,,867488060285201,16355,HBD
2025-06-13 00:24:08,,,867488060285201,16357,HBD
2025-06-13 00:26:08,,,867488060285201,16359,HBD
2025-06-13 00:28:08,,,867488060285201,16361,HBD
2025-06-13 00:30:08,,,867488060285201,16363,HBD
2025-06-13 00:32:08,,,867488060285201,16365,HBD
2025-06-13 00:34:08,,,867488060285201,16367,HBD
2025-06-13 00:36:08,,,867488060285201,16369,HBD
2025-06-13 00:38:08,,,867488060285201,16371,HBD
2025-06-13 00:40:08,,,867488060285201,16373,HBD
2025-06-13 00:42:09,,,867488060285201,16375,HBD
2025-06-13 00:42:15,2025-06-13 00:42:14,2025-06-13 00:40:07,867488060285201,16377,GTERI,0x09fe3fbf,0x00028102,802003,0x0a04,0x0a14,58,0,0000,-,00,00,11,7,-,01,0.0,151,579,-23.351349,-51.162367,0724,0005,a053,0690021c,215.4,1181.1,0:00:00,0:00:00,-,-,0,-,,,,,04,1,00000000,00,10
2025-06-13 00:44:09,,,867488060285201,16378,HBD
2025-06-13 00:46:09,,,867488060285201,16380,HBD
2025-06-13 00:48:09,,,867488060285201,16382,HBD
2025-06-13 00:50:09,,,867488060285201,16384,HBD
2025-06-13 00:52:09,,,867488060285201,16386,HBD
2025-06-13 00:54:09,,,867488060285201,16388,HBD
2025-06-13 00:56:09,,,867488060285201,16390,HBD
2025-06-13 00:58:10,,,867488060285201,16392,HBD
2025-06-13 01:00:10,,,867488060285201,16394,HBD
2025-06-13 01:02:10,,,867488060285201,16396,HBD
2025-06-13 01:04:10,,,867488060285201,16398,HBD
2025-06-13 01:06:10,,,867488060285201,16400,HBD
2025-06-13 01:08:10,,,867488060285201,16402,HBD
2025-06-13 01:10:10,,,867488060285201,16404,HBD
2025-06-13 01:12:10,,,867488060285201,16406,HBD
2025-06-13 01:14:10,,,867488060285201,16408,HBD
2025-06-13 01:16:11,,,867488060285201,16410,HBD
2025-06-13 01:18:11,,,867488060285201,16412,HBD
2025-06-13 01:20:11,,,867488060285201,16414,HBD
2025-06-13 01:22:11,,,867488060285201,16416,HBD
2025-06-13 01:24:11,,,867488060285201,16418,HBD
2025-06-13 01:26:11,,,867488060285201,16420,HBD
2025-06-13 01:28:11,,,867488060285201,16422,HBD
2025-06-13 01:30:11,,,867488060285201,16424,HBD
2025-06-13 01:32:11,,,867488060285201,16426,HBD
2025-06-13 01:34:11,,,867488060285201,16428,HBD
2025-06-13 01:36:11,,,867488060285201,16430,HBD
2025-06-13 01:38:12,,,867488060285201,16432,HBD
2025-06-13 01:40:12,,,867488060285201,16434,HBD
2025-06-13 01:42:12,,,867488060285201,16437,HBD
2025-06-13 01:42:15,2025-06-13 01:42:14,2025-06-13 01:40:24,867488060285201,16439,GTERI,0x09fe3fbf,0x00028102,802003,0x0a04,0x0a14,48,0,0000,-,00,00,11,6,-,01,0.0,151,579,-23.351349,-51.162367,0724,0005,a053,06900205,215.4,1181.1,0:00:00,0:00:00,-,-,0,-,,,,,04,3,00000000,00,10
2025-06-13 01:44:12,,,867488060285201,16440,HBD
2025-06-13 01:46:12,,,867488060285201,16442,HBD
2025-06-13 01:48:12,,,867488060285201,16444,HBD
2025-06-13 01:50:12,,,867488060285201,16446,HBD
2025-06-13 01:52:12,,,867488060285201,16448,HBD
2025-06-13 01:54:12,,,867488060285201,16450,HBD
2025-06-13 01:56:12,,,867488060285201,16452,HBD
2025-06-13 01:58:13,,,867488060285201,16454,HBD
2025-06-13 02:00:13,,,867488060285201,16456,HBD
2025-06-13 02:02:13,,,867488060285201,16458,HBD
2025-06-13 02:04:13,,,867488060285201,16460,HBD
2025-06-13 02:06:13,,,867488060285201,16462,HBD
2025-06-13 02:08:13,,,867488060285201,16464,HBD
2025-06-13 02:10:13,,,867488060285201,16466,HBD
2025-06-13 02:12:13,,,867488060285201,16468,HBD
2025-06-13 02:14:14,,,867488060285201,16470,HBD
2025-06-13 02:16:14,,,867488060285201,16472,HBD
2025-06-13 02:18:14,,,867488060285201,16474,HBD
2025-06-13 02:20:14,,,867488060285201,16476,HBD
2025-06-13 02:22:14,,,867488060285201,16478,HBD
2025-06-13 02:24:14,,,867488060285201,16480,HBD
2025-06-13 02:26:14,,,867488060285201,16482,HBD
2025-06-13 02:28:14,,,867488060285201,16484,HBD
2025-06-13 02:30:14,,,867488060285201,16486,HBD
2025-06-13 02:32:14,,,867488060285201,16488,HBD
2025-06-13 02:34:15,,,867488060285201,16490,HBD
2025-06-13 02:36:15,,,867488060285201,16492,HBD
2025-06-13 02:38:15,,,867488060285201,16494,HBD
