linha_original,linha_proxima_original,sequencia_anterior,sequencia_atual,data_anterior,data_atual,tipo_mensagem_anterior,tipo_mensagem_atual,tipo_problema,diferenca,posicao_no_ordenado,linha_repetida_original,valor_anterior,valor_repetido,mensagem_atual,mensagem_repetida,data_repetida,data_anterior_inclusao,data_repetida_inclusao,posicao_repetida_no_ordenado
4,35.0,37030.0,37091.0,2025-06-11 16:28:26,2025-06-11 17:28:26,GTERI,GTERI,salto_na_sequencia,61,0,,,,,,,,,
35,66.0,37091.0,37152.0,2025-06-11 17:28:26,2025-06-11 18:28:26,GTERI,GTERI,salto_na_sequencia,61,1,,,,,,,,,
66,97.0,37152.0,37213.0,2025-06-11 18:28:26,2025-06-11 19:28:26,GTERI,GTERI,salto_na_sequencia,61,2,,,,,,,,,
97,128.0,37213.0,37274.0,2025-06-11 19:28:26,2025-06-11 20:28:26,GTERI,GTERI,salto_na_sequencia,61,3,,,,,,,,,
128,159.0,37274.0,37335.0,2025-06-11 20:28:26,2025-06-11 21:28:26,GTERI,GTERI,salto_na_sequencia,61,4,,,,,,,,,
159,190.0,37335.0,37396.0,2025-06-11 21:28:26,2025-06-11 22:28:26,GTERI,GTERI,salto_na_sequencia,61,5,,,,,,,,,
190,221.0,37396.0,37457.0,2025-06-11 22:28:26,2025-06-11 23:28:26,GTERI,GTERI,salto_na_sequencia,61,6,,,,,,,,,
221,252.0,37457.0,37518.0,2025-06-11 23:28:26,2025-06-12 00:28:26,GTERI,GTERI,salto_na_sequencia,61,7,,,,,,,,,
252,283.0,37518.0,37579.0,2025-06-12 00:28:26,2025-06-12 01:28:26,GTERI,GTERI,salto_na_sequencia,61,8,,,,,,,,,
283,314.0,37579.0,37640.0,2025-06-12 01:28:26,2025-06-12 02:28:26,GTERI,GTERI,salto_na_sequencia,61,9,,,,,,,,,
314,336.0,37640.0,37684.0,2025-06-12 02:28:26,2025-06-12 03:13:11,GTERI,GTPDP,salto_na_sequencia,44,10,,,,,,,,,
336,337.0,37684.0,37686.0,2025-06-12 03:13:11,2025-06-12 03:28:26,GTPDP,GTERI,salto_na_sequencia,2,11,,,,,,,,,
337,,,,2025-06-12 03:28:26,,,,valor_repetido_igual,0,12,338.0,37686.0,37686.0,GTERI,GTERI,2025-06-12 03:28:26,2025-06-12 03:49:00,2025-06-12 03:49:46,13.0
338,343.0,37686.0,37703.0,2025-06-12 03:28:26,2025-06-12 04:28:26,GTERI,GTERI,salto_na_sequencia,17,13,,,,,,,,,
343,345.0,37703.0,37720.0,2025-06-12 04:28:26,2025-06-12 05:05:26,GTERI,GTPDP,salto_na_sequencia,17,14,,,,,,,,,
345,347.0,37720.0,37723.0,2025-06-12 05:05:26,2025-06-12 05:07:55,GTPDP,GTPDP,salto_na_sequencia,3,15,,,,,,,,,
347,357.0,37723.0,37744.0,2025-06-12 05:07:55,2025-06-12 05:28:26,GTPDP,GTERI,salto_na_sequencia,21,16,,,,,,,,,
357,388.0,37744.0,37805.0,2025-06-12 05:28:26,2025-06-12 06:28:26,GTERI,GTERI,salto_na_sequencia,61,17,,,,,,,,,
388,410.0,37805.0,37848.0,2025-06-12 06:28:26,2025-06-12 07:09:33,GTERI,GTPDP,salto_na_sequencia,43,18,,,,,,,,,
410,420.0,37848.0,37867.0,2025-06-12 07:09:33,2025-06-12 07:28:26,GTPDP,GTERI,salto_na_sequencia,19,19,,,,,,,,,
420,451.0,37867.0,37928.0,2025-06-12 07:28:26,2025-06-12 08:28:26,GTERI,GTERI,salto_na_sequencia,61,20,,,,,,,,,
451,459.0,37928.0,37943.0,2025-06-12 08:28:26,2025-06-12 08:43:13,GTERI,GTSTT,salto_na_sequencia,15,21,,,,,,,,,
459,461.0,37943.0,37946.0,2025-06-12 08:43:13,2025-06-12 08:44:10,GTSTT,GTSTT,salto_na_sequencia,3,22,,,,,,,,,
461,466.0,37946.0,37955.0,2025-06-12 08:44:10,2025-06-12 08:53:36,GTSTT,GTSTT,salto_na_sequencia,9,23,,,,,,,,,
467,470.0,37956.0,37961.0,2025-06-12 08:53:50,2025-06-12 08:56:32,GTSTT,GTSTT,salto_na_sequencia,5,25,,,,,,,,,
471,474.0,37962.0,37967.0,2025-06-12 08:56:35,2025-06-12 09:00:19,GTSTT,GTSTT,salto_na_sequencia,5,27,,,,,,,,,
475,490.0,37968.0,37997.0,2025-06-12 09:00:22,2025-06-12 09:28:26,GTSTT,GTERI,salto_na_sequencia,29,29,,,,,,,,,
490,521.0,37997.0,38058.0,2025-06-12 09:28:26,2025-06-12 10:28:26,GTERI,GTERI,salto_na_sequencia,61,30,,,,,,,,,
521,552.0,38058.0,38119.0,2025-06-12 10:28:26,2025-06-12 11:28:26,GTERI,GTERI,salto_na_sequencia,61,31,,,,,,,,,
552,569.0,38119.0,38152.0,2025-06-12 11:28:26,2025-06-12 12:02:11,GTERI,GTIGN,salto_na_sequencia,33,32,,,,,,,,,
583,584.0,38165.0,38168.0,2025-06-12 12:02:17,2025-06-12 12:02:28,GTSTT,GTERI,salto_na_sequencia,3,46,,,,,,,,,
591,593.0,38175.0,38177.0,2025-06-12 12:02:28,2025-06-12 12:04:18,GTIGL,GTERI,salto_na_sequencia,2,54,,,,,,,,,
593,594.0,38177.0,38179.0,2025-06-12 12:04:18,2025-06-12 12:04:20,GTERI,GTERI,salto_na_sequencia,2,55,,,,,,,,,
599,601.0,38184.0,38187.0,2025-06-12 12:05:27,2025-06-12 12:06:29,GTERI,GTERI,salto_na_sequencia,3,61,,,,,,,,,
607,609.0,38193.0,38196.0,2025-06-12 12:07:46,2025-06-12 12:08:23,GTERI,GTIGF,salto_na_sequencia,3,68,,,,,,,,,
613,618.0,38200.0,38209.0,2025-06-12 12:09:04,2025-06-12 12:17:06,GTSTT,GTIGN,salto_na_sequencia,9,73,,,,,,,,,
631,633.0,38222.0,38225.0,2025-06-12 12:17:45,2025-06-12 12:18:25,GTERI,GTERI,salto_na_sequencia,3,87,,,,,,,,,
638,640.0,38230.0,38233.0,2025-06-12 12:20:14,2025-06-12 12:20:28,GTERI,GTERI,salto_na_sequencia,3,93,,,,,,,,,
644,646.0,38237.0,38240.0,2025-06-12 12:21:51,2025-06-12 12:22:32,GTERI,GTERI,salto_na_sequencia,3,98,,,,,,,,,
656,659.0,38250.0,38255.0,2025-06-12 12:24:09,2025-06-12 12:27:41,GTSTT,GTIGN,salto_na_sequencia,5,109,,,,,,,,,
668,670.0,38264.0,38267.0,2025-06-12 12:27:47,2025-06-12 12:29:39,GTERI,GTERI,salto_na_sequencia,3,119,,,,,,,,,
671,673.0,38268.0,38271.0,2025-06-12 12:29:41,2025-06-12 12:30:27,GTERI,GTERI,salto_na_sequencia,3,121,,,,,,,,,
683,685.0,38281.0,38284.0,2025-06-12 12:32:11,2025-06-12 12:32:28,GTERI,GTERI,salto_na_sequencia,3,132,,,,,,,,,
695,697.0,38294.0,38297.0,2025-06-12 12:33:58,2025-06-12 12:34:38,GTIGL,GTSTT,salto_na_sequencia,3,143,,,,,,,,,
697,699.0,38297.0,38300.0,2025-06-12 12:34:38,2025-06-12 12:37:52,GTSTT,GTIGN,salto_na_sequencia,3,144,,,,,,,,,
708,710.0,38309.0,38312.0,2025-06-12 12:37:58,2025-06-12 12:38:31,GTERI,GTERI,salto_na_sequencia,3,154,,,,,,,,,
713,715.0,38315.0,38318.0,2025-06-12 12:39:28,2025-06-12 12:41:00,GTERI,GTERI,salto_na_sequencia,3,158,,,,,,,,,
715,717.0,38318.0,38321.0,2025-06-12 12:41:00,2025-06-12 12:42:31,GTERI,GTERI,salto_na_sequencia,3,159,,,,,,,,,
723,725.0,38327.0,38330.0,2025-06-12 12:44:01,2025-06-12 12:45:45,GTERI,GTERI,salto_na_sequencia,3,166,,,,,,,,,
726,728.0,38331.0,38334.0,2025-06-12 12:46:20,2025-06-12 12:46:45,GTERI,GTERI,salto_na_sequencia,3,168,,,,,,,,,
733,735.0,38339.0,38342.0,2025-06-12 12:47:21,2025-06-12 12:48:41,GTERI,GTIGF,salto_na_sequencia,3,174,,,,,,,,,
739,770.0,38346.0,38407.0,2025-06-12 12:49:30,2025-06-12 13:48:37,GTSTT,GTERI,salto_na_sequencia,61,179,,,,,,,,,
770,801.0,38407.0,38468.0,2025-06-12 13:48:37,2025-06-12 14:48:37,GTERI,GTERI,salto_na_sequencia,61,180,,,,,,,,,
801,814.0,38468.0,38493.0,2025-06-12 14:48:37,2025-06-12 15:12:51,GTERI,GTSTT,salto_na_sequencia,25,181,,,,,,,,,
815,834.0,38494.0,38531.0,2025-06-12 15:13:04,2025-06-12 15:48:37,GTSTT,GTERI,salto_na_sequencia,37,183,,,,,,,,,
834,866.0,38531.0,38592.0,2025-06-12 15:48:37,2025-06-12 16:48:37,GTERI,GTERI,salto_na_sequencia,61,184,,,,,,,,,
866,897.0,38592.0,38653.0,2025-06-12 16:48:37,2025-06-12 17:48:37,GTERI,GTERI,salto_na_sequencia,61,185,,,,,,,,,
897,928.0,38653.0,38712.0,2025-06-12 17:48:37,2025-06-12 18:48:37,GTERI,GTERI,salto_na_sequencia,59,186,,,,,,,,,
928,959.0,38712.0,38773.0,2025-06-12 18:48:37,2025-06-12 19:48:37,GTERI,GTERI,salto_na_sequencia,61,187,,,,,,,,,
959,990.0,38773.0,38834.0,2025-06-12 19:48:37,2025-06-12 20:48:37,GTERI,GTERI,salto_na_sequencia,61,188,,,,,,,,,
990,1021.0,38834.0,38895.0,2025-06-12 20:48:37,2025-06-12 21:48:37,GTERI,GTERI,salto_na_sequencia,61,189,,,,,,,,,
1021,1052.0,38895.0,38956.0,2025-06-12 21:48:37,2025-06-12 22:48:37,GTERI,GTERI,salto_na_sequencia,61,190,,,,,,,,,
1052,1083.0,38956.0,39017.0,2025-06-12 22:48:37,2025-06-12 23:48:37,GTERI,GTERI,salto_na_sequencia,61,191,,,,,,,,,
1083,1114.0,39017.0,39078.0,2025-06-12 23:48:37,2025-06-13 00:48:37,GTERI,GTERI,salto_na_sequencia,61,192,,,,,,,,,
1114,1145.0,39078.0,39139.0,2025-06-13 00:48:37,2025-06-13 01:48:37,GTERI,GTERI,salto_na_sequencia,61,193,,,,,,,,,
1145,1176.0,39139.0,39200.0,2025-06-13 01:48:37,2025-06-13 02:48:37,GTERI,GTERI,salto_na_sequencia,61,194,,,,,,,,,
1176,1207.0,39200.0,39261.0,2025-06-13 02:48:37,2025-06-13 03:48:37,GTERI,GTERI,salto_na_sequencia,61,195,,,,,,,,,
1207,1239.0,39261.0,39322.0,2025-06-13 03:48:37,2025-06-13 04:48:37,GTERI,GTERI,salto_na_sequencia,61,196,,,,,,,,,
1239,1271.0,39322.0,39383.0,2025-06-13 04:48:37,2025-06-13 05:48:37,GTERI,GTERI,salto_na_sequencia,61,197,,,,,,,,,
1271,1302.0,39383.0,39444.0,2025-06-13 05:48:37,2025-06-13 06:48:37,GTERI,GTERI,salto_na_sequencia,61,198,,,,,,,,,
1302,1333.0,39444.0,39505.0,2025-06-13 06:48:37,2025-06-13 07:48:37,GTERI,GTERI,salto_na_sequencia,61,199,,,,,,,,,
1333,1364.0,39505.0,39566.0,2025-06-13 07:48:37,2025-06-13 08:48:37,GTERI,GTERI,salto_na_sequencia,61,200,,,,,,,,,
1364,1395.0,39566.0,39627.0,2025-06-13 08:48:37,2025-06-13 09:48:37,GTERI,GTERI,salto_na_sequencia,61,201,,,,,,,,,
1395,1404.0,39627.0,39644.0,2025-06-13 09:48:37,2025-06-13 10:04:37,GTERI,GTIGN,salto_na_sequencia,17,202,,,,,,,,,
1418,1420.0,39658.0,39661.0,2025-06-13 10:05:27,2025-06-13 10:06:07,GTIGL,GTSTT,salto_na_sequencia,3,217,,,,,,,,,
1420,1450.0,39661.0,39720.0,2025-06-13 10:06:07,2025-06-13 11:05:21,GTSTT,GTERI,salto_na_sequencia,59,218,,,,,,,,,
1450,1481.0,39720.0,39781.0,2025-06-13 11:05:21,2025-06-13 12:05:21,GTERI,GTERI,salto_na_sequencia,61,219,,,,,,,,,
1481,1512.0,39781.0,39842.0,2025-06-13 12:05:21,2025-06-13 13:05:21,GTERI,GTERI,salto_na_sequencia,61,220,,,,,,,,,
1512,1543.0,39842.0,39903.0,2025-06-13 13:05:21,2025-06-13 14:04:31,GTERI,GTIGN,salto_na_sequencia,61,221,,,,,,,,,
1552,1554.0,39912.0,39915.0,2025-06-13 14:04:47,2025-06-13 14:07:26,GTERI,GTERI,salto_na_sequencia,3,231,,,,,,,,,
1557,1559.0,39918.0,39921.0,2025-06-13 14:07:38,2025-06-13 14:07:48,GTERI,GTERI,salto_na_sequencia,3,235,,,,,,,,,
1561,1563.0,39923.0,39926.0,2025-06-13 14:08:32,2025-06-13 14:10:15,GTERI,GTERI,salto_na_sequencia,3,238,,,,,,,,,
1563,,,,2025-06-13 14:10:15,,,,valor_repetido_igual,0,239,1564.0,39926.0,39926.0,GTERI,GTERI,2025-06-13 14:10:15,2025-06-13 14:10:15,2025-06-13 14:10:35,240.0
1568,1570.0,39930.0,39933.0,2025-06-13 14:11:31,2025-06-13 14:11:55,GTERI,GTERI,salto_na_sequencia,3,244,,,,,,,,,
1574,1576.0,39937.0,39940.0,2025-06-13 14:13:07,2025-06-13 14:13:48,GTERI,GTERI,salto_na_sequencia,3,249,,,,,,,,,
1577,1579.0,39941.0,39944.0,2025-06-13 14:15:41,2025-06-13 14:15:52,GTERI,GTERI,salto_na_sequencia,3,251,,,,,,,,,
1584,1587.0,39949.0,39954.0,2025-06-13 14:17:39,2025-06-13 14:19:48,GTERI,GTERI,salto_na_sequencia,5,257,,,,,,,,,
1590,1592.0,39957.0,39960.0,2025-06-13 14:20:53,2025-06-13 14:22:18,GTERI,GTERI,salto_na_sequencia,3,261,,,,,,,,,
1599,1601.0,39967.0,39970.0,2025-06-13 14:23:43,2025-06-13 14:23:53,GTERI,GTERI,salto_na_sequencia,3,269,,,,,,,,,
1603,1605.0,39972.0,39975.0,2025-06-13 14:25:24,2025-06-13 14:25:48,GTERI,GTERI,salto_na_sequencia,3,272,,,,,,,,,
1607,1609.0,39977.0,39980.0,2025-06-13 14:27:24,2025-06-13 14:27:53,GTERI,GTIGF,salto_na_sequencia,3,275,,,,,,,,,
1612,1614.0,39983.0,39986.0,2025-06-13 14:27:54,2025-06-13 14:30:10,GTIGL,GTSTT,salto_na_sequencia,3,279,,,,,,,,,
1614,1619.0,39986.0,39995.0,2025-06-13 14:30:10,2025-06-13 14:39:13,GTSTT,GTSTT,salto_na_sequencia,9,280,,,,,,,,,
1620,1643.0,39996.0,40041.0,2025-06-13 14:39:38,2025-06-13 15:22:25,GTSTT,GTIGN,salto_na_sequencia,45,282,,,,,,,,,
1652,1654.0,40050.0,40053.0,2025-06-13 15:22:43,2025-06-13 15:23:52,GTIGL,GTIGF,salto_na_sequencia,3,292,,,,,,,,,
1658,1692.0,40057.0,40117.0,2025-06-13 15:24:32,2025-06-13 16:23:47,GTSTT,GTERI,salto_na_sequencia,60,297,,,,,,,,,
1692,1723.0,40117.0,40178.0,2025-06-13 16:23:47,2025-06-13 17:23:47,GTERI,GTERI,salto_na_sequencia,61,298,,,,,,,,,
1723,1754.0,40178.0,40239.0,2025-06-13 17:23:47,2025-06-13 18:23:47,GTERI,GTERI,salto_na_sequencia,61,299,,,,,,,,,
1754,1785.0,40239.0,40300.0,2025-06-13 18:23:47,2025-06-13 19:23:47,GTERI,GTERI,salto_na_sequencia,61,300,,,,,,,,,
1785,1816.0,40300.0,40361.0,2025-06-13 19:23:47,2025-06-13 20:23:47,GTERI,GTERI,salto_na_sequencia,61,301,,,,,,,,,
1816,1847.0,40361.0,40422.0,2025-06-13 20:23:47,2025-06-13 21:23:47,GTERI,GTERI,salto_na_sequencia,61,302,,,,,,,,,
1847,1867.0,40422.0,40461.0,2025-06-13 21:23:47,2025-06-13 22:01:29,GTERI,GTIGN,salto_na_sequencia,39,303,,,,,,,,,
1881,1883.0,40475.0,40478.0,2025-06-13 22:02:49,2025-06-13 22:02:55,GTERI,GTERI,salto_na_sequencia,3,318,,,,,,,,,
1888,1890.0,40483.0,40486.0,2025-06-13 22:04:15,2025-06-13 22:06:38,GTSTT,GTSTT,salto_na_sequencia,3,324,,,,,,,,,
1890,1892.0,40486.0,40489.0,2025-06-13 22:06:38,2025-06-13 22:07:48,GTSTT,GTSTT,salto_na_sequencia,3,325,,,,,,,,,
1904,1905.0,40500.0,40503.0,2025-06-13 22:08:53,2025-06-13 22:08:57,GTIGL,GTERI,salto_na_sequencia,3,337,,,,,,,,,
1907,1909.0,40505.0,40508.0,2025-06-13 22:10:05,2025-06-13 22:11:51,GTERI,GTERI,salto_na_sequencia,3,340,,,,,,,,,
1911,1913.0,40510.0,40513.0,2025-06-13 22:12:26,2025-06-13 22:13:03,GTERI,GTERI,salto_na_sequencia,3,343,,,,,,,,,
1916,1918.0,40516.0,40519.0,2025-06-13 22:14:47,2025-06-13 22:14:58,GTERI,GTERI,salto_na_sequencia,3,347,,,,,,,,,
1921,1923.0,40522.0,40525.0,2025-06-13 22:16:53,2025-06-13 22:17:02,GTERI,GTERI,salto_na_sequencia,3,351,,,,,,,,,
1928,1930.0,40530.0,40533.0,2025-06-13 22:18:05,2025-06-13 22:18:57,GTERI,GTERI,salto_na_sequencia,3,357,,,,,,,,,
1939,1941.0,40542.0,40545.0,2025-06-13 22:20:38,2025-06-13 22:20:58,GTERI,GTERI,salto_na_sequencia,3,367,,,,,,,,,
1944,1946.0,40548.0,40551.0,2025-06-13 22:21:43,2025-06-13 22:22:59,GTERI,GTERI,salto_na_sequencia,3,371,,,,,,,,,
1957,1959.0,40562.0,40565.0,2025-06-13 22:24:27,2025-06-13 22:25:13,GTERI,GTIGF,salto_na_sequencia,3,383,,,,,,,,,
1963,1965.0,40569.0,40572.0,2025-06-13 22:26:17,2025-06-13 22:28:03,GTSTT,GTIGN,salto_na_sequencia,3,388,,,,,,,,,
1981,1983.0,40588.0,40591.0,2025-06-13 22:28:32,2025-06-13 22:29:30,GTIGL,GTSTT,salto_na_sequencia,3,405,,,,,,,,,
1983,2013.0,40591.0,40650.0,2025-06-13 22:29:30,2025-06-13 23:28:27,GTSTT,GTERI,salto_na_sequencia,59,406,,,,,,,,,
2013,2044.0,40650.0,40711.0,2025-06-13 23:28:27,2025-06-14 00:28:27,GTERI,GTERI,salto_na_sequencia,61,407,,,,,,,,,
2044,2076.0,40711.0,40772.0,2025-06-14 00:28:27,2025-06-14 01:28:27,GTERI,GTERI,salto_na_sequencia,61,408,,,,,,,,,
2076,2107.0,40772.0,40833.0,2025-06-14 01:28:27,2025-06-14 02:28:27,GTERI,GTERI,salto_na_sequencia,61,409,,,,,,,,,
2107,2138.0,40833.0,40894.0,2025-06-14 02:28:27,2025-06-14 03:28:27,GTERI,GTERI,salto_na_sequencia,61,410,,,,,,,,,
2138,2170.0,40894.0,40955.0,2025-06-14 03:28:27,2025-06-14 04:28:27,GTERI,GTERI,salto_na_sequencia,61,411,,,,,,,,,
2170,2201.0,40955.0,41016.0,2025-06-14 04:28:27,2025-06-14 05:28:27,GTERI,GTERI,salto_na_sequencia,61,412,,,,,,,,,
2201,2232.0,41016.0,41077.0,2025-06-14 05:28:27,2025-06-14 06:28:27,GTERI,GTERI,salto_na_sequencia,61,413,,,,,,,,,
2232,2263.0,41077.0,41138.0,2025-06-14 06:28:27,2025-06-14 07:28:27,GTERI,GTERI,salto_na_sequencia,61,414,,,,,,,,,
2263,2294.0,41138.0,41199.0,2025-06-14 07:28:27,2025-06-14 08:28:27,GTERI,GTERI,salto_na_sequencia,61,415,,,,,,,,,
2294,2325.0,41199.0,41260.0,2025-06-14 08:28:27,2025-06-14 09:28:27,GTERI,GTERI,salto_na_sequencia,61,416,,,,,,,,,
2325,2356.0,41260.0,41321.0,2025-06-14 09:28:27,2025-06-14 10:28:27,GTERI,GTERI,salto_na_sequencia,61,417,,,,,,,,,
2357,2359.0,41322.0,41325.0,2025-06-14 10:28:36,2025-06-14 10:30:45,GTSTT,GTSTT,salto_na_sequencia,3,419,,,,,,,,,
2359,2389.0,41325.0,41384.0,2025-06-14 10:30:45,2025-06-14 11:28:27,GTSTT,GTERI,salto_na_sequencia,59,420,,,,,,,,,
2389,2420.0,41384.0,41445.0,2025-06-14 11:28:27,2025-06-14 12:28:27,GTERI,GTERI,salto_na_sequencia,61,421,,,,,,,,,
2420,2451.0,41445.0,41506.0,2025-06-14 12:28:27,2025-06-14 13:28:27,GTERI,GTERI,salto_na_sequencia,61,422,,,,,,,,,
2451,2469.0,41506.0,41541.0,2025-06-14 13:28:27,2025-06-14 14:03:29,GTERI,GTIGN,salto_na_sequencia,35,423,,,,,,,,,
2470,2472.0,41542.0,41545.0,2025-06-14 14:03:29,2025-06-14 14:03:56,GTSTT,GTIGF,salto_na_sequencia,3,425,,,,,,,,,
2481,2483.0,41554.0,41557.0,2025-06-14 14:05:44,2025-06-14 14:05:48,GTERI,GTERI,salto_na_sequencia,3,435,,,,,,,,,
2493,2495.0,41567.0,41570.0,2025-06-14 14:07:03,2025-06-14 14:08:43,GTERI,GTIGF,salto_na_sequencia,3,446,,,,,,,,,
2504,2510.0,41579.0,41590.0,2025-06-14 14:09:28,2025-06-14 14:18:02,GTSTT,GTSTT,salto_na_sequencia,11,456,,,,,,,,,
2520,2522.0,41600.0,41603.0,2025-06-14 14:18:46,2025-06-14 14:21:44,GTIGL,GTERI,salto_na_sequencia,3,467,,,,,,,,,
2522,2524.0,41603.0,41606.0,2025-06-14 14:21:44,2025-06-14 14:23:27,GTERI,GTERI,salto_na_sequencia,3,468,,,,,,,,,
2527,2529.0,41609.0,41612.0,2025-06-14 14:23:39,2025-06-14 14:23:58,GTERI,GTERI,salto_na_sequencia,3,472,,,,,,,,,
2535,2537.0,41618.0,41621.0,2025-06-14 14:24:44,2025-06-14 14:26:34,GTERI,GTERI,salto_na_sequencia,3,479,,,,,,,,,
2542,2544.0,41626.0,41629.0,2025-06-14 14:27:44,2025-06-14 14:28:40,GTERI,GTERI,salto_na_sequencia,3,485,,,,,,,,,
2546,2548.0,41631.0,41634.0,2025-06-14 14:29:39,2025-06-14 14:30:44,GTERI,GTERI,salto_na_sequencia,3,488,,,,,,,,,
2548,2550.0,41634.0,41637.0,2025-06-14 14:30:44,2025-06-14 14:33:44,GTERI,GTERI,salto_na_sequencia,3,489,,,,,,,,,
2550,2553.0,41637.0,41642.0,2025-06-14 14:33:44,2025-06-14 14:36:44,GTERI,GTERI,salto_na_sequencia,5,490,,,,,,,,,
2553,2555.0,41642.0,41645.0,2025-06-14 14:36:44,2025-06-14 14:39:44,GTERI,GTERI,salto_na_sequencia,3,491,,,,,,,,,
2555,2558.0,41645.0,41650.0,2025-06-14 14:39:44,2025-06-14 14:42:44,GTERI,GTERI,salto_na_sequencia,5,492,,,,,,,,,
2558,2560.0,41650.0,41653.0,2025-06-14 14:42:44,2025-06-14 14:45:44,GTERI,GTERI,salto_na_sequencia,3,493,,,,,,,,,
2560,2563.0,41653.0,41658.0,2025-06-14 14:45:44,2025-06-14 14:48:21,GTERI,GTERI,salto_na_sequencia,5,494,,,,,,,,,
2564,2566.0,41659.0,41662.0,2025-06-14 14:48:44,2025-06-14 14:51:26,GTERI,GTERI,salto_na_sequencia,3,496,,,,,,,,,
2567,2570.0,41663.0,41668.0,2025-06-14 14:51:44,2025-06-14 14:54:44,GTERI,GTERI,salto_na_sequencia,5,498,,,,,,,,,
2570,2572.0,41668.0,41671.0,2025-06-14 14:54:44,2025-06-14 14:56:10,GTERI,GTERI,salto_na_sequencia,3,499,,,,,,,,,
2573,2575.0,41672.0,41675.0,2025-06-14 14:57:44,2025-06-14 14:59:18,GTERI,GTERI,salto_na_sequencia,3,501,,,,,,,,,
2575,2577.0,41675.0,41678.0,2025-06-14 14:59:18,2025-06-14 15:00:44,GTERI,GTERI,salto_na_sequencia,3,502,,,,,,,,,
2577,2579.0,41678.0,41681.0,2025-06-14 15:00:44,2025-06-14 15:03:44,GTERI,GTERI,salto_na_sequencia,3,503,,,,,,,,,
2579,2582.0,41681.0,41686.0,2025-06-14 15:03:44,2025-06-14 15:06:44,GTERI,GTERI,salto_na_sequencia,5,504,,,,,,,,,
2582,2584.0,41686.0,41689.0,2025-06-14 15:06:44,2025-06-14 15:09:44,GTERI,GTERI,salto_na_sequencia,3,505,,,,,,,,,
2584,2587.0,41689.0,41694.0,2025-06-14 15:09:44,2025-06-14 15:12:44,GTERI,GTERI,salto_na_sequencia,5,506,,,,,,,,,
2587,2589.0,41694.0,41697.0,2025-06-14 15:12:44,2025-06-14 15:14:52,GTERI,GTERI,salto_na_sequencia,3,507,,,,,,,,,
2598,2602.0,41706.0,41711.0,2025-06-14 15:15:44,2025-06-14 15:18:44,GTERI,GTERI,salto_na_sequencia,5,517,,,,,,,,,
2602,2604.0,41711.0,41714.0,2025-06-14 15:18:44,2025-06-14 15:21:44,GTERI,GTERI,salto_na_sequencia,3,518,,,,,,,,,
2604,2607.0,41714.0,41719.0,2025-06-14 15:21:44,2025-06-14 15:24:44,GTERI,GTERI,salto_na_sequencia,5,519,,,,,,,,,
2607,2609.0,41719.0,41722.0,2025-06-14 15:24:44,2025-06-14 15:26:51,GTERI,GTERI,salto_na_sequencia,3,520,,,,,,,,,
2610,2612.0,41723.0,41726.0,2025-06-14 15:27:44,2025-06-14 15:28:27,GTERI,GTERI,salto_na_sequencia,3,522,,,,,,,,,
2618,2620.0,41732.0,41735.0,2025-06-14 15:29:48,2025-06-14 15:29:51,GTERI,GTERI,salto_na_sequencia,3,529,,,,,,,,,
2622,2624.0,41737.0,41740.0,2025-06-14 15:31:16,2025-06-14 15:31:51,GTERI,GTERI,salto_na_sequencia,3,532,,,,,,,,,
2626,2628.0,41742.0,41745.0,2025-06-14 15:33:44,2025-06-14 15:34:34,GTERI,GTIGF,salto_na_sequencia,3,535,,,,,,,,,
2632,2634.0,41749.0,41752.0,2025-06-14 15:35:50,2025-06-14 15:36:59,GTSTT,GTIGN,salto_na_sequencia,3,540,,,,,,,,,
2643,2645.0,41761.0,41764.0,2025-06-14 15:37:05,2025-06-14 15:37:52,GTERI,GTERI,salto_na_sequencia,3,550,,,,,,,,,
2651,2657.0,41770.0,41781.0,2025-06-14 15:39:37,2025-06-14 15:48:34,GTSTT,GTSTT,salto_na_sequencia,11,557,,,,,,,,,
2658,2671.0,41782.0,41807.0,2025-06-14 15:48:48,2025-06-14 16:13:23,GTSTT,GTSTT,salto_na_sequencia,25,559,,,,,,,,,
2672,2674.0,41808.0,41811.0,2025-06-14 16:13:38,2025-06-14 16:14:42,GTSTT,GTSTT,salto_na_sequencia,3,561,,,,,,,,,
2675,2679.0,41812.0,41819.0,2025-06-14 16:14:50,2025-06-14 16:20:35,GTSTT,GTIGN,salto_na_sequencia,7,563,,,,,,,,,
2688,2690.0,41828.0,41831.0,2025-06-14 16:20:45,2025-06-14 16:21:59,GTIGL,GTERI,salto_na_sequencia,3,573,,,,,,,,,
2693,2695.0,41834.0,41837.0,2025-06-14 16:23:43,2025-06-14 16:24:06,GTERI,GTERI,salto_na_sequencia,3,577,,,,,,,,,
2699,2701.0,41841.0,41844.0,2025-06-14 16:25:36,2025-06-14 16:26:43,GTERI,GTERI,salto_na_sequencia,3,582,,,,,,,,,
2701,2703.0,41844.0,41847.0,2025-06-14 16:26:43,2025-06-14 16:28:00,GTERI,GTERI,salto_na_sequencia,3,583,,,,,,,,,
2707,2709.0,41851.0,41854.0,2025-06-14 16:29:43,2025-06-14 16:31:22,GTERI,GTERI,salto_na_sequencia,3,588,,,,,,,,,
2710,2712.0,41855.0,41858.0,2025-06-14 16:31:39,2025-06-14 16:32:14,GTERI,GTERI,salto_na_sequencia,3,590,,,,,,,,,
2720,2722.0,41866.0,41869.0,2025-06-14 16:32:43,2025-06-14 16:35:00,GTERI,GTERI,salto_na_sequencia,3,599,,,,,,,,,
2723,2726.0,41870.0,41875.0,2025-06-14 16:35:43,2025-06-14 16:38:43,GTERI,GTERI,salto_na_sequencia,5,601,,,,,,,,,
2726,2728.0,41875.0,41878.0,2025-06-14 16:38:43,2025-06-14 16:41:43,GTERI,GTERI,salto_na_sequencia,3,602,,,,,,,,,
2728,2731.0,41878.0,41883.0,2025-06-14 16:41:43,2025-06-14 16:44:43,GTERI,GTERI,salto_na_sequencia,5,603,,,,,,,,,
2731,2733.0,41883.0,41886.0,2025-06-14 16:44:43,2025-06-14 16:47:35,GTERI,GTERI,salto_na_sequencia,3,604,,,,,,,,,
2734,2736.0,41887.0,41890.0,2025-06-14 16:47:43,2025-06-14 16:48:22,GTERI,GTERI,salto_na_sequencia,3,606,,,,,,,,,
2736,2738.0,41890.0,41893.0,2025-06-14 16:48:22,2025-06-14 16:50:43,GTERI,GTERI,salto_na_sequencia,3,607,,,,,,,,,
2738,2740.0,41893.0,41896.0,2025-06-14 16:50:43,2025-06-14 16:53:36,GTERI,GTERI,salto_na_sequencia,3,608,,,,,,,,,
2741,2744.0,41897.0,41902.0,2025-06-14 16:53:43,2025-06-14 16:56:43,GTERI,GTERI,salto_na_sequencia,5,610,,,,,,,,,
2745,2747.0,41903.0,41906.0,2025-06-14 16:56:59,2025-06-14 16:59:43,GTERI,GTERI,salto_na_sequencia,3,612,,,,,,,,,
2747,2750.0,41906.0,41911.0,2025-06-14 16:59:43,2025-06-14 17:02:43,GTERI,GTERI,salto_na_sequencia,5,613,,,,,,,,,
2751,2753.0,41912.0,41915.0,2025-06-14 17:03:10,2025-06-14 17:04:37,GTERI,GTERI,salto_na_sequencia,3,615,,,,,,,,,
2754,2757.0,41916.0,41921.0,2025-06-14 17:05:43,2025-06-14 17:08:43,GTERI,GTERI,salto_na_sequencia,5,617,,,,,,,,,
2757,2759.0,41921.0,41924.0,2025-06-14 17:08:43,2025-06-14 17:11:43,GTERI,GTERI,salto_na_sequencia,3,618,,,,,,,,,
2759,2762.0,41924.0,41929.0,2025-06-14 17:11:43,2025-06-14 17:14:43,GTERI,GTERI,salto_na_sequencia,5,619,,,,,,,,,
2762,2764.0,41929.0,41932.0,2025-06-14 17:14:43,2025-06-14 17:16:35,GTERI,GTERI,salto_na_sequencia,3,620,,,,,,,,,
2765,2768.0,41933.0,41938.0,2025-06-14 17:17:43,2025-06-14 17:20:43,GTERI,GTERI,salto_na_sequencia,5,622,,,,,,,,,
2768,2770.0,41938.0,41941.0,2025-06-14 17:20:43,2025-06-14 17:23:43,GTERI,GTERI,salto_na_sequencia,3,623,,,,,,,,,
2770,2772.0,41941.0,41944.0,2025-06-14 17:23:43,2025-06-14 17:24:51,GTERI,GTERI,salto_na_sequencia,3,624,,,,,,,,,
2772,2774.0,41944.0,41947.0,2025-06-14 17:24:51,2025-06-14 17:26:43,GTERI,GTERI,salto_na_sequencia,3,625,,,,,,,,,
2774,2776.0,41947.0,41950.0,2025-06-14 17:26:43,2025-06-14 17:29:43,GTERI,GTERI,salto_na_sequencia,3,626,,,,,,,,,
2776,2778.0,41950.0,41953.0,2025-06-14 17:29:43,2025-06-14 17:30:24,GTERI,GTERI,salto_na_sequencia,3,627,,,,,,,,,
2778,2780.0,41953.0,41956.0,2025-06-14 17:30:24,2025-06-14 17:32:43,GTERI,GTERI,salto_na_sequencia,3,628,,,,,,,,,
2781,2783.0,41957.0,41960.0,2025-06-14 17:33:05,2025-06-14 17:35:43,GTERI,GTERI,salto_na_sequencia,3,630,,,,,,,,,
2787,2788.0,41964.0,41966.0,2025-06-14 17:35:56,2025-06-14 17:35:59,GTERI,GTERI,salto_na_sequencia,2,635,,,,,,,,,
2789,2791.0,41967.0,41969.0,2025-06-14 17:36:01,2025-06-14 17:36:56,GTERI,GTERI,salto_na_sequencia,2,637,,,,,,,,,
2791,2793.0,41969.0,41972.0,2025-06-14 17:36:56,2025-06-14 17:38:17,GTERI,GTERI,salto_na_sequencia,3,638,,,,,,,,,
2794,2796.0,41973.0,41976.0,2025-06-14 17:38:43,2025-06-14 17:41:21,GTERI,GTERI,salto_na_sequencia,3,640,,,,,,,,,
2797,2799.0,41977.0,41980.0,2025-06-14 17:41:43,2025-06-14 17:42:46,GTERI,GTERI,salto_na_sequencia,3,642,,,,,,,,,
2807,2809.0,41988.0,41991.0,2025-06-14 17:43:30,2025-06-14 17:44:43,GTERI,GTERI,salto_na_sequencia,3,651,,,,,,,,,
2809,2811.0,41991.0,41994.0,2025-06-14 17:44:43,2025-06-14 17:46:15,GTERI,GTERI,salto_na_sequencia,3,652,,,,,,,,,
2815,2817.0,41998.0,42001.0,2025-06-14 17:47:43,2025-06-14 17:49:19,GTERI,GTIGF,salto_na_sequencia,3,657,,,,,,,,,
2820,2822.0,42004.0,42007.0,2025-06-14 17:49:20,2025-06-14 17:50:48,GTIGL,GTSTT,salto_na_sequencia,3,661,,,,,,,,,
2822,2825.0,42007.0,42012.0,2025-06-14 17:50:48,2025-06-14 17:55:44,GTSTT,GTIGN,salto_na_sequencia,5,662,,,,,,,,,
2828,,,,2025-06-14 17:55:53,,,,valor_repetido_igual,0,666,2829.0,42015.0,42015.0,GTSTT,GTSTT,2025-06-14 17:55:53,2025-06-14 17:56:04,2025-06-14 17:56:15,667.0
2832,2833.0,42017.0,42020.0,2025-06-14 17:55:54,2025-06-14 17:56:12,GTSTT,GTERI,salto_na_sequencia,3,669,,,,,,,,,
2837,2839.0,42024.0,42027.0,2025-06-14 17:57:41,2025-06-14 17:58:59,GTERI,GTERI,salto_na_sequencia,3,674,,,,,,,,,
2843,2845.0,42031.0,42034.0,2025-06-14 18:00:11,2025-06-14 18:01:13,GTIGL,GTSTT,salto_na_sequencia,3,679,,,,,,,,,
2845,2875.0,42034.0,42093.0,2025-06-14 18:01:13,2025-06-14 19:00:06,GTSTT,GTERI,salto_na_sequencia,59,680,,,,,,,,,
2875,2906.0,42093.0,42154.0,2025-06-14 19:00:06,2025-06-14 20:00:06,GTERI,GTERI,salto_na_sequencia,61,681,,,,,,,,,
2906,2937.0,42154.0,42215.0,2025-06-14 20:00:06,2025-06-14 21:00:06,GTERI,GTERI,salto_na_sequencia,61,682,,,,,,,,,
2937,2968.0,42215.0,42276.0,2025-06-14 21:00:06,2025-06-14 22:00:06,GTERI,GTERI,salto_na_sequencia,61,683,,,,,,,,,
2968,2999.0,42276.0,42337.0,2025-06-14 22:00:06,2025-06-14 23:00:06,GTERI,GTERI,salto_na_sequencia,61,684,,,,,,,,,
2999,3030.0,42337.0,42398.0,2025-06-14 23:00:06,2025-06-15 00:00:06,GTERI,GTERI,salto_na_sequencia,61,685,,,,,,,,,
3030,3061.0,42398.0,42459.0,2025-06-15 00:00:06,2025-06-15 01:00:06,GTERI,GTERI,salto_na_sequencia,61,686,,,,,,,,,
3061,3092.0,42459.0,42520.0,2025-06-15 01:00:06,2025-06-15 02:00:06,GTERI,GTERI,salto_na_sequencia,61,687,,,,,,,,,
3092,3123.0,42520.0,42581.0,2025-06-15 02:00:06,2025-06-15 03:00:06,GTERI,GTERI,salto_na_sequencia,61,688,,,,,,,,,
3123,3155.0,42581.0,42642.0,2025-06-15 03:00:06,2025-06-15 04:00:06,GTERI,GTERI,salto_na_sequencia,61,689,,,,,,,,,
3155,3186.0,42642.0,42703.0,2025-06-15 04:00:06,2025-06-15 05:00:06,GTERI,GTERI,salto_na_sequencia,61,690,,,,,,,,,
3186,3217.0,42703.0,42764.0,2025-06-15 05:00:06,2025-06-15 06:00:06,GTERI,GTERI,salto_na_sequencia,61,691,,,,,,,,,
3217,3248.0,42764.0,42825.0,2025-06-15 06:00:06,2025-06-15 07:00:06,GTERI,GTERI,salto_na_sequencia,61,692,,,,,,,,,
3248,3279.0,42825.0,42886.0,2025-06-15 07:00:06,2025-06-15 08:00:06,GTERI,GTERI,salto_na_sequencia,61,693,,,,,,,,,
3279,3310.0,42886.0,42947.0,2025-06-15 08:00:06,2025-06-15 09:00:06,GTERI,GTERI,salto_na_sequencia,61,694,,,,,,,,,
3310,3341.0,42947.0,43008.0,2025-06-15 09:00:06,2025-06-15 10:00:06,GTERI,GTERI,salto_na_sequencia,61,695,,,,,,,,,
3341,3372.0,43008.0,43069.0,2025-06-15 10:00:06,2025-06-15 11:00:06,GTERI,GTERI,salto_na_sequencia,61,696,,,,,,,,,
3372,3403.0,43069.0,43130.0,2025-06-15 11:00:06,2025-06-15 12:00:06,GTERI,GTERI,salto_na_sequencia,61,697,,,,,,,,,
3403,3431.0,43130.0,43185.0,2025-06-15 12:00:06,2025-06-15 12:53:54,GTERI,GTIGN,salto_na_sequencia,55,698,,,,,,,,,
3444,3475.0,43198.0,43259.0,2025-06-15 12:55:06,2025-06-15 13:54:18,GTSTT,GTERI,salto_na_sequencia,61,712,,,,,,,,,
3475,3506.0,43259.0,43320.0,2025-06-15 13:54:18,2025-06-15 14:54:18,GTERI,GTERI,salto_na_sequencia,61,713,,,,,,,,,
3506,3528.0,43320.0,43363.0,2025-06-15 14:54:18,2025-06-15 15:35:47,GTERI,GTPDP,salto_na_sequencia,43,714,,,,,,,,,
3528,3538.0,43363.0,43382.0,2025-06-15 15:35:47,2025-06-15 15:54:18,GTPDP,GTERI,salto_na_sequencia,19,715,,,,,,,,,
3538,3569.0,43382.0,43443.0,2025-06-15 15:54:18,2025-06-15 16:54:18,GTERI,GTERI,salto_na_sequencia,61,716,,,,,,,,,
3569,3600.0,43443.0,43504.0,2025-06-15 16:54:18,2025-06-15 17:54:18,GTERI,GTERI,salto_na_sequencia,61,717,,,,,,,,,
3600,3631.0,43504.0,43565.0,2025-06-15 17:54:18,2025-06-15 18:54:18,GTERI,GTERI,salto_na_sequencia,61,718,,,,,,,,,
3631,3662.0,43565.0,43626.0,2025-06-15 18:54:18,2025-06-15 19:54:18,GTERI,GTERI,salto_na_sequencia,61,719,,,,,,,,,
3662,3693.0,43626.0,43687.0,2025-06-15 19:54:18,2025-06-15 20:54:18,GTERI,GTERI,salto_na_sequencia,61,720,,,,,,,,,
3693,3724.0,43687.0,43748.0,2025-06-15 20:54:18,2025-06-15 21:54:18,GTERI,GTERI,salto_na_sequencia,61,721,,,,,,,,,
3724,3754.0,43748.0,43807.0,2025-06-15 21:54:18,2025-06-15 22:54:18,GTERI,GTERI,salto_na_sequencia,59,722,,,,,,,,,
3754,3786.0,43807.0,43868.0,2025-06-15 22:54:18,2025-06-15 23:54:18,GTERI,GTERI,salto_na_sequencia,61,723,,,,,,,,,
3786,3817.0,43868.0,43929.0,2025-06-15 23:54:18,2025-06-16 00:54:18,GTERI,GTERI,salto_na_sequencia,61,724,,,,,,,,,
3817,3848.0,43929.0,43990.0,2025-06-16 00:54:18,2025-06-16 01:54:18,GTERI,GTERI,salto_na_sequencia,61,725,,,,,,,,,
3848,3879.0,43990.0,44051.0,2025-06-16 01:54:18,2025-06-16 02:54:18,GTERI,GTERI,salto_na_sequencia,61,726,,,,,,,,,
3879,3889.0,44051.0,44070.0,2025-06-16 02:54:18,2025-06-16 03:10:35,GTERI,GTPDP,salto_na_sequencia,19,727,,,,,,,,,
3889,3911.0,44070.0,44113.0,2025-06-16 03:10:35,2025-06-16 03:54:18,GTPDP,GTERI,salto_na_sequencia,43,728,,,,,,,,,
3911,3942.0,44113.0,44174.0,2025-06-16 03:54:18,2025-06-16 04:54:18,GTERI,GTERI,salto_na_sequencia,61,729,,,,,,,,,
3942,3973.0,44174.0,44235.0,2025-06-16 04:54:18,2025-06-16 05:54:18,GTERI,GTERI,salto_na_sequencia,61,730,,,,,,,,,
3973,4004.0,44235.0,44296.0,2025-06-16 05:54:18,2025-06-16 06:54:18,GTERI,GTERI,salto_na_sequencia,61,731,,,,,,,,,
4004,4035.0,44296.0,44357.0,2025-06-16 06:54:18,2025-06-16 07:54:18,GTERI,GTERI,salto_na_sequencia,61,732,,,,,,,,,
4035,4059.0,44357.0,44404.0,2025-06-16 07:54:18,2025-06-16 08:39:28,GTERI,GTIGN,salto_na_sequencia,47,733,,,,,,,,,
4072,4081.0,44417.0,44434.0,2025-06-16 08:40:32,2025-06-16 08:55:48,GTSTT,GTIGN,salto_na_sequencia,17,747,,,,,,,,,
4096,4127.0,44449.0,44510.0,2025-06-16 08:57:03,2025-06-16 09:56:16,GTSTT,GTERI,salto_na_sequencia,61,763,,,,,,,,,
4127,4151.0,44510.0,44557.0,2025-06-16 09:56:16,2025-06-16 10:42:14,GTERI,GTIGN,salto_na_sequencia,47,764,,,,,,,,,
4162,4164.0,44568.0,44571.0,2025-06-16 10:43:27,2025-06-16 10:43:30,GTERI,GTERI,salto_na_sequencia,3,776,,,,,,,,,
4167,,,,2025-06-16 10:43:41,,,,valor_repetido_igual,0,780,4168.0,44574.0,44574.0,GTERI,GTERI,2025-06-16 10:43:41,2025-06-16 10:43:41,2025-06-16 10:44:01,781.0
4174,4176.0,44580.0,44583.0,2025-06-16 10:45:29,2025-06-16 10:45:40,GTERI,GTERI,salto_na_sequencia,3,787,,,,,,,,,
4183,4185.0,44590.0,44593.0,2025-06-16 10:47:29,2025-06-16 10:47:37,GTERI,GTERI,salto_na_sequencia,3,795,,,,,,,,,
4194,4196.0,44602.0,44605.0,2025-06-16 10:49:24,2025-06-16 10:49:32,GTERI,GTERI,salto_na_sequencia,3,805,,,,,,,,,
4198,4200.0,44607.0,44612.0,2025-06-16 10:51:22,2025-06-16 10:51:56,GTERI,GTERI,salto_na_sequencia,5,808,,,,,,,,,
4206,4208.0,44618.0,44621.0,2025-06-16 10:53:17,2025-06-16 10:54:22,GTERI,GTERI,salto_na_sequencia,3,815,,,,,,,,,
4210,4212.0,44623.0,44626.0,2025-06-16 10:55:02,2025-06-16 10:55:31,GTERI,GTERI,salto_na_sequencia,3,818,,,,,,,,,
4215,4217.0,44629.0,44632.0,2025-06-16 10:57:22,2025-06-16 10:57:58,GTERI,GTERI,salto_na_sequencia,3,822,,,,,,,,,
4220,4222.0,44635.0,44638.0,2025-06-16 10:59:29,2025-06-16 11:00:22,GTERI,GTERI,salto_na_sequencia,3,826,,,,,,,,,
4223,4225.0,44639.0,44642.0,2025-06-16 11:01:06,2025-06-16 11:02:38,GTERI,GTERI,salto_na_sequencia,3,828,,,,,,,,,
4230,4232.0,44647.0,44650.0,2025-06-16 11:03:25,2025-06-16 11:04:20,GTERI,GTERI,salto_na_sequencia,3,834,,,,,,,,,
4237,4239.0,44655.0,44658.0,2025-06-16 11:05:28,2025-06-16 11:06:04,GTERI,GTERI,salto_na_sequencia,3,840,,,,,,,,,
4248,4250.0,44667.0,44670.0,2025-06-16 11:07:19,2025-06-16 11:08:12,GTERI,GTERI,salto_na_sequencia,3,850,,,,,,,,,
4257,4259.0,44677.0,44680.0,2025-06-16 11:09:22,2025-06-16 11:09:35,GTERI,GTERI,salto_na_sequencia,3,858,,,,,,,,,
4263,4265.0,44684.0,44687.0,2025-06-16 11:11:01,2025-06-16 11:12:05,GTERI,GTERI,salto_na_sequencia,3,863,,,,,,,,,
4281,4283.0,44703.0,44706.0,2025-06-16 11:13:23,2025-06-16 11:14:15,GTIGL,GTSTT,salto_na_sequencia,3,880,,,,,,,,,
4283,4313.0,44706.0,44765.0,2025-06-16 11:14:15,2025-06-16 12:13:19,GTSTT,GTERI,salto_na_sequencia,59,881,,,,,,,,,
4313,4342.0,44765.0,44822.0,2025-06-16 12:13:19,2025-06-16 13:08:28,GTERI,GTIGN,salto_na_sequencia,57,882,,,,,,,,,
4352,4354.0,44832.0,44835.0,2025-06-16 13:08:56,2025-06-16 13:09:56,GTERI,GTERI,salto_na_sequencia,3,893,,,,,,,,,
4360,4362.0,44841.0,44844.0,2025-06-16 13:11:37,2025-06-16 13:11:39,GTERI,GTERI,salto_na_sequencia,3,900,,,,,,,,,
4370,,,,2025-06-16 13:13:22,,,,valor_repetido_igual,0,909,4371.0,44852.0,44852.0,GTERI,GTERI,2025-06-16 13:13:22,2025-06-16 13:13:23,2025-06-16 13:13:43,910.0
4371,4373.0,44852.0,44855.0,2025-06-16 13:13:22,2025-06-16 13:13:39,GTERI,GTERI,salto_na_sequencia,3,910,,,,,,,,,
4377,4379.0,44859.0,44862.0,2025-06-16 13:14:35,2025-06-16 13:17:35,GTERI,GTERI,salto_na_sequencia,3,915,,,,,,,,,
4379,4381.0,44862.0,44865.0,2025-06-16 13:17:35,2025-06-16 13:19:09,GTERI,GTERI,salto_na_sequencia,3,916,,,,,,,,,
4383,4385.0,44867.0,44870.0,2025-06-16 13:19:31,2025-06-16 13:19:50,GTERI,GTERI,salto_na_sequencia,3,919,,,,,,,,,
4389,4391.0,44874.0,44877.0,2025-06-16 13:21:22,2025-06-16 13:21:44,GTERI,GTERI,salto_na_sequencia,3,924,,,,,,,,,
4398,4400.0,44884.0,44887.0,2025-06-16 13:23:35,2025-06-16 13:24:43,GTERI,GTERI,salto_na_sequencia,3,932,,,,,,,,,
4409,4410.0,44895.0,44898.0,2025-06-16 13:25:32,2025-06-16 13:26:01,GTERI,GTERI,salto_na_sequencia,3,941,,,,,,,,,
4412,4414.0,44900.0,44903.0,2025-06-16 13:26:35,2025-06-16 13:27:58,GTERI,GTERI,salto_na_sequencia,3,944,,,,,,,,,
4424,4426.0,44913.0,44916.0,2025-06-16 13:29:25,2025-06-16 13:30:18,GTIGL,GTSTT,salto_na_sequencia,3,955,,,,,,,,,
4426,4456.0,44916.0,44975.0,2025-06-16 13:30:18,2025-06-16 14:29:20,GTSTT,GTERI,salto_na_sequencia,59,956,,,,,,,,,
4456,4487.0,44975.0,45036.0,2025-06-16 14:29:20,2025-06-16 15:29:20,GTERI,GTERI,salto_na_sequencia,61,957,,,,,,,,,
4487,4519.0,45036.0,45097.0,2025-06-16 15:29:20,2025-06-16 16:29:20,GTERI,GTERI,salto_na_sequencia,61,958,,,,,,,,,
4519,4550.0,45097.0,45158.0,2025-06-16 16:29:20,2025-06-16 17:29:20,GTERI,GTERI,salto_na_sequencia,61,959,,,,,,,,,
4550,4581.0,45158.0,45219.0,2025-06-16 17:29:20,2025-06-16 18:29:20,GTERI,GTERI,salto_na_sequencia,61,960,,,,,,,,,
4581,4612.0,45219.0,45280.0,2025-06-16 18:29:20,2025-06-16 19:29:20,GTERI,GTERI,salto_na_sequencia,61,961,,,,,,,,,
4612,4643.0,45280.0,45341.0,2025-06-16 19:29:20,2025-06-16 20:29:20,GTERI,GTERI,salto_na_sequencia,61,962,,,,,,,,,
4643,4674.0,45341.0,45402.0,2025-06-16 20:29:20,2025-06-16 21:29:20,GTERI,GTERI,salto_na_sequencia,61,963,,,,,,,,,
4674,4705.0,45402.0,45463.0,2025-06-16 21:29:20,2025-06-16 22:29:20,GTERI,GTERI,salto_na_sequencia,61,964,,,,,,,,,
4705,4736.0,45463.0,45524.0,2025-06-16 22:29:20,2025-06-16 23:29:20,GTERI,GTERI,salto_na_sequencia,61,965,,,,,,,,,
4736,4767.0,45524.0,45585.0,2025-06-16 23:29:20,2025-06-17 00:29:20,GTERI,GTERI,salto_na_sequencia,61,966,,,,,,,,,
4767,4798.0,45585.0,45646.0,2025-06-17 00:29:20,2025-06-17 01:29:20,GTERI,GTERI,salto_na_sequencia,61,967,,,,,,,,,
4798,4829.0,45646.0,45707.0,2025-06-17 01:29:20,2025-06-17 02:29:20,GTERI,GTERI,salto_na_sequencia,61,968,,,,,,,,,
4829,4860.0,45707.0,45768.0,2025-06-17 02:29:20,2025-06-17 03:29:20,GTERI,GTERI,salto_na_sequencia,61,969,,,,,,,,,
4860,4891.0,45768.0,45829.0,2025-06-17 03:29:20,2025-06-17 04:29:20,GTERI,GTERI,salto_na_sequencia,61,970,,,,,,,,,
4891,4922.0,45829.0,45890.0,2025-06-17 04:29:20,2025-06-17 05:29:20,GTERI,GTERI,salto_na_sequencia,61,971,,,,,,,,,
4922,4953.0,45890.0,45951.0,2025-06-17 05:29:20,2025-06-17 06:29:20,GTERI,GTERI,salto_na_sequencia,61,972,,,,,,,,,
4953,4984.0,45951.0,46012.0,2025-06-17 06:29:20,2025-06-17 07:29:20,GTERI,GTERI,salto_na_sequencia,61,973,,,,,,,,,
4984,5015.0,46012.0,46073.0,2025-06-17 07:29:20,2025-06-17 08:29:20,GTERI,GTERI,salto_na_sequencia,61,974,,,,,,,,,
5015,5046.0,46073.0,46134.0,2025-06-17 08:29:20,2025-06-17 09:29:20,GTERI,GTERI,salto_na_sequencia,61,975,,,,,,,,,
5046,5077.0,46134.0,46195.0,2025-06-17 09:29:20,2025-06-17 10:29:20,GTERI,GTERI,salto_na_sequencia,61,976,,,,,,,,,
5077,5108.0,46195.0,46256.0,2025-06-17 10:29:20,2025-06-17 11:29:20,GTERI,GTERI,salto_na_sequencia,61,977,,,,,,,,,
5108,5139.0,46256.0,46317.0,2025-06-17 11:29:20,2025-06-17 12:29:20,GTERI,GTERI,salto_na_sequencia,61,978,,,,,,,,,
5139,5170.0,46317.0,46378.0,2025-06-17 12:29:20,2025-06-17 13:29:20,GTERI,GTERI,salto_na_sequencia,61,979,,,,,,,,,
5170,5201.0,46378.0,46439.0,2025-06-17 13:29:20,2025-06-17 14:29:20,GTERI,GTERI,salto_na_sequencia,61,980,,,,,,,,,
5201,5232.0,46439.0,46500.0,2025-06-17 14:29:20,2025-06-17 15:29:20,GTERI,GTERI,salto_na_sequencia,61,981,,,,,,,,,
5232,5263.0,46500.0,46560.0,2025-06-17 15:29:20,2025-06-17 16:29:20,GTERI,GTERI,salto_na_sequencia,60,982,,,,,,,,,
5263,5293.0,46560.0,46620.0,2025-06-17 16:29:20,2025-06-17 17:29:20,GTERI,GTERI,salto_na_sequencia,60,983,,,,,,,,,
5293,5324.0,46620.0,46681.0,2025-06-17 17:29:20,2025-06-17 18:29:20,GTERI,GTERI,salto_na_sequencia,61,984,,,,,,,,,
5324,5355.0,46681.0,46742.0,2025-06-17 18:29:20,2025-06-17 19:29:20,GTERI,GTERI,salto_na_sequencia,61,985,,,,,,,,,
5355,5386.0,46742.0,46803.0,2025-06-17 19:29:20,2025-06-17 20:29:20,GTERI,GTERI,salto_na_sequencia,61,986,,,,,,,,,
5386,5418.0,46803.0,46864.0,2025-06-17 20:29:20,2025-06-17 21:29:20,GTERI,GTERI,salto_na_sequencia,61,987,,,,,,,,,
5418,5449.0,46864.0,46925.0,2025-06-17 21:29:20,2025-06-17 22:29:20,GTERI,GTERI,salto_na_sequencia,61,988,,,,,,,,,
5449,5480.0,46925.0,46986.0,2025-06-17 22:29:20,2025-06-17 23:29:20,GTERI,GTERI,salto_na_sequencia,61,989,,,,,,,,,
5480,5511.0,46986.0,47047.0,2025-06-17 23:29:20,2025-06-18 00:29:20,GTERI,GTERI,salto_na_sequencia,61,990,,,,,,,,,
5511,5542.0,47047.0,47108.0,2025-06-18 00:29:20,2025-06-18 01:29:20,GTERI,GTERI,salto_na_sequencia,61,991,,,,,,,,,
5542,5573.0,47108.0,47169.0,2025-06-18 01:29:20,2025-06-18 02:29:20,GTERI,GTERI,salto_na_sequencia,61,992,,,,,,,,,
5573,5596.0,47169.0,47214.0,2025-06-18 02:29:20,2025-06-18 03:11:56,GTERI,GTPDP,salto_na_sequencia,45,993,,,,,,,,,
5596,5605.0,47214.0,47231.0,2025-06-18 03:11:56,2025-06-18 03:29:20,GTPDP,GTERI,salto_na_sequencia,17,994,,,,,,,,,
5605,5636.0,47231.0,47292.0,2025-06-18 03:29:20,2025-06-18 04:29:20,GTERI,GTERI,salto_na_sequencia,61,995,,,,,,,,,
5636,5667.0,47292.0,47353.0,2025-06-18 04:29:20,2025-06-18 05:29:20,GTERI,GTERI,salto_na_sequencia,61,996,,,,,,,,,
5667,5698.0,47353.0,47414.0,2025-06-18 05:29:20,2025-06-18 06:29:20,GTERI,GTERI,salto_na_sequencia,61,997,,,,,,,,,
5698,5729.0,47414.0,47475.0,2025-06-18 06:29:20,2025-06-18 07:29:20,GTERI,GTERI,salto_na_sequencia,61,998,,,,,,,,,
5729,5760.0,47475.0,47536.0,2025-06-18 07:29:20,2025-06-18 08:29:20,GTERI,GTERI,salto_na_sequencia,61,999,,,,,,,,,
5760,5791.0,47536.0,47597.0,2025-06-18 08:29:20,2025-06-18 09:29:20,GTERI,GTERI,salto_na_sequencia,61,1000,,,,,,,,,
5791,5822.0,47597.0,47658.0,2025-06-18 09:29:20,2025-06-18 10:29:20,GTERI,GTERI,salto_na_sequencia,61,1001,,,,,,,,,
5822,5853.0,47658.0,47719.0,2025-06-18 10:29:20,2025-06-18 11:29:20,GTERI,GTERI,salto_na_sequencia,61,1002,,,,,,,,,
5853,5884.0,47719.0,47780.0,2025-06-18 11:29:20,2025-06-18 12:29:20,GTERI,GTERI,salto_na_sequencia,61,1003,,,,,,,,,
5884,5915.0,47780.0,47841.0,2025-06-18 12:29:20,2025-06-18 13:29:20,GTERI,GTERI,salto_na_sequencia,61,1004,,,,,,,,,
5915,5946.0,47841.0,47902.0,2025-06-18 13:29:20,2025-06-18 14:29:20,GTERI,GTERI,salto_na_sequencia,61,1005,,,,,,,,,
5946,5977.0,47902.0,47963.0,2025-06-18 14:29:20,2025-06-18 15:29:20,GTERI,GTERI,salto_na_sequencia,61,1006,,,,,,,,,
5977,6008.0,47963.0,48024.0,2025-06-18 15:29:20,2025-06-18 16:29:20,GTERI,GTERI,salto_na_sequencia,61,1007,,,,,,,,,
6008,6039.0,48024.0,48085.0,2025-06-18 16:29:20,2025-06-18 17:29:20,GTERI,GTERI,salto_na_sequencia,61,1008,,,,,,,,,
6039,6070.0,48085.0,48146.0,2025-06-18 17:29:20,2025-06-18 18:29:20,GTERI,GTERI,salto_na_sequencia,61,1009,,,,,,,,,
6070,6101.0,48146.0,48207.0,2025-06-18 18:29:20,2025-06-18 19:29:20,GTERI,GTERI,salto_na_sequencia,61,1010,,,,,,,,,
6101,6132.0,48207.0,48268.0,2025-06-18 19:29:20,2025-06-18 20:29:20,GTERI,GTERI,salto_na_sequencia,61,1011,,,,,,,,,
6132,6162.0,48268.0,48327.0,2025-06-18 20:29:20,2025-06-18 21:29:20,GTERI,GTERI,salto_na_sequencia,59,1012,,,,,,,,,
6162,6193.0,48327.0,48388.0,2025-06-18 21:29:20,2025-06-18 22:29:20,GTERI,GTERI,salto_na_sequencia,61,1013,,,,,,,,,
6193,6224.0,48388.0,48449.0,2025-06-18 22:29:20,2025-06-18 23:29:20,GTERI,GTERI,salto_na_sequencia,61,1014,,,,,,,,,
6224,6255.0,48449.0,48510.0,2025-06-18 23:29:20,2025-06-19 00:29:20,GTERI,GTERI,salto_na_sequencia,61,1015,,,,,,,,,
6255,6286.0,48510.0,48571.0,2025-06-19 00:29:20,2025-06-19 01:29:20,GTERI,GTERI,salto_na_sequencia,61,1016,,,,,,,,,
6286,6317.0,48571.0,48632.0,2025-06-19 01:29:20,2025-06-19 02:29:20,GTERI,GTERI,salto_na_sequencia,61,1017,,,,,,,,,
6317,6348.0,48632.0,48693.0,2025-06-19 02:29:20,2025-06-19 03:29:20,GTERI,GTERI,salto_na_sequencia,61,1018,,,,,,,,,
6348,6379.0,48693.0,48754.0,2025-06-19 03:29:20,2025-06-19 04:29:20,GTERI,GTERI,salto_na_sequencia,61,1019,,,,,,,,,
6379,6410.0,48754.0,48815.0,2025-06-19 04:29:20,2025-06-19 05:29:20,GTERI,GTERI,salto_na_sequencia,61,1020,,,,,,,,,
6410,6441.0,48815.0,48876.0,2025-06-19 05:29:20,2025-06-19 06:29:20,GTERI,GTERI,salto_na_sequencia,61,1021,,,,,,,,,
6441,6472.0,48876.0,48937.0,2025-06-19 06:29:20,2025-06-19 07:29:20,GTERI,GTERI,salto_na_sequencia,61,1022,,,,,,,,,
6472,6503.0,48937.0,48998.0,2025-06-19 07:29:20,2025-06-19 08:29:20,GTERI,GTERI,salto_na_sequencia,61,1023,,,,,,,,,
6503,6534.0,48998.0,49059.0,2025-06-19 08:29:20,2025-06-19 09:29:20,GTERI,GTERI,salto_na_sequencia,61,1024,,,,,,,,,
6534,6565.0,49059.0,49120.0,2025-06-19 09:29:20,2025-06-19 10:29:20,GTERI,GTERI,salto_na_sequencia,61,1025,,,,,,,,,
6565,6596.0,49120.0,49181.0,2025-06-19 10:29:20,2025-06-19 11:29:20,GTERI,GTERI,salto_na_sequencia,61,1026,,,,,,,,,
6596,6627.0,49181.0,49242.0,2025-06-19 11:29:20,2025-06-19 12:29:23,GTERI,GTERI,salto_na_sequencia,61,1027,,,,,,,,,
6627,6658.0,49242.0,49303.0,2025-06-19 12:29:23,2025-06-19 13:29:21,GTERI,GTERI,salto_na_sequencia,61,1028,,,,,,,,,
6658,6690.0,49303.0,49364.0,2025-06-19 13:29:21,2025-06-19 14:29:21,GTERI,GTERI,salto_na_sequencia,61,1029,,,,,,,,,
6690,6721.0,49364.0,49425.0,2025-06-19 14:29:21,2025-06-19 15:29:21,GTERI,GTERI,salto_na_sequencia,61,1030,,,,,,,,,
6721,6752.0,49425.0,49486.0,2025-06-19 15:29:21,2025-06-19 16:29:21,GTERI,GTERI,salto_na_sequencia,61,1031,,,,,,,,,
6752,6783.0,49486.0,49547.0,2025-06-19 16:29:21,2025-06-19 17:29:21,GTERI,GTERI,salto_na_sequencia,61,1032,,,,,,,,,
6783,6814.0,49547.0,49608.0,2025-06-19 17:29:21,2025-06-19 18:29:21,GTERI,GTERI,salto_na_sequencia,61,1033,,,,,,,,,
6814,6845.0,49608.0,49669.0,2025-06-19 18:29:21,2025-06-19 19:29:21,GTERI,GTERI,salto_na_sequencia,61,1034,,,,,,,,,
6845,6876.0,49669.0,49730.0,2025-06-19 19:29:21,2025-06-19 20:29:21,GTERI,GTERI,salto_na_sequencia,61,1035,,,,,,,,,
6876,6907.0,49730.0,49791.0,2025-06-19 20:29:21,2025-06-19 21:29:21,GTERI,GTERI,salto_na_sequencia,61,1036,,,,,,,,,
6907,6938.0,49791.0,49852.0,2025-06-19 21:29:21,2025-06-19 22:29:21,GTERI,GTERI,salto_na_sequencia,61,1037,,,,,,,,,
6938,6969.0,49852.0,49913.0,2025-06-19 22:29:21,2025-06-19 23:29:21,GTERI,GTERI,salto_na_sequencia,61,1038,,,,,,,,,
6969,7000.0,49913.0,49974.0,2025-06-19 23:29:21,2025-06-20 00:29:21,GTERI,GTERI,salto_na_sequencia,61,1039,,,,,,,,,
7000,7031.0,49974.0,50035.0,2025-06-20 00:29:21,2025-06-20 01:29:21,GTERI,GTERI,salto_na_sequencia,61,1040,,,,,,,,,
7031,7062.0,50035.0,50096.0,2025-06-20 01:29:21,2025-06-20 02:29:21,GTERI,GTERI,salto_na_sequencia,61,1041,,,,,,,,,
7062,7084.0,50096.0,50139.0,2025-06-20 02:29:21,2025-06-20 03:11:01,GTERI,GTPDP,salto_na_sequencia,43,1042,,,,,,,,,
7084,7093.0,50139.0,50156.0,2025-06-20 03:11:01,2025-06-20 03:29:21,GTPDP,GTERI,salto_na_sequencia,17,1043,,,,,,,,,
7093,7124.0,50156.0,50217.0,2025-06-20 03:29:21,2025-06-20 04:29:21,GTERI,GTERI,salto_na_sequencia,61,1044,,,,,,,,,
7124,7155.0,50217.0,50278.0,2025-06-20 04:29:21,2025-06-20 05:29:21,GTERI,GTERI,salto_na_sequencia,61,1045,,,,,,,,,
7155,7186.0,50278.0,50339.0,2025-06-20 05:29:21,2025-06-20 06:29:21,GTERI,GTERI,salto_na_sequencia,61,1046,,,,,,,,,
7186,7217.0,50339.0,50400.0,2025-06-20 06:29:21,2025-06-20 07:29:21,GTERI,GTERI,salto_na_sequencia,61,1047,,,,,,,,,
7217,7248.0,50400.0,50461.0,2025-06-20 07:29:21,2025-06-20 08:29:21,GTERI,GTERI,salto_na_sequencia,61,1048,,,,,,,,,
7248,7279.0,50461.0,50522.0,2025-06-20 08:29:21,2025-06-20 09:29:21,GTERI,GTERI,salto_na_sequencia,61,1049,,,,,,,,,
7279,7310.0,50522.0,50583.0,2025-06-20 09:29:21,2025-06-20 10:29:21,GTERI,GTERI,salto_na_sequencia,61,1050,,,,,,,,,
7310,7341.0,50583.0,50644.0,2025-06-20 10:29:21,2025-06-20 11:29:21,GTERI,GTERI,salto_na_sequencia,61,1051,,,,,,,,,
7341,7372.0,50644.0,50705.0,2025-06-20 11:29:21,2025-06-20 12:29:21,GTERI,GTERI,salto_na_sequencia,61,1052,,,,,,,,,
7372,7403.0,50705.0,50766.0,2025-06-20 12:29:21,2025-06-20 13:29:21,GTERI,GTERI,salto_na_sequencia,61,1053,,,,,,,,,
7403,7434.0,50766.0,50827.0,2025-06-20 13:29:21,2025-06-20 14:29:21,GTERI,GTERI,salto_na_sequencia,61,1054,,,,,,,,,
7434,7465.0,50827.0,50888.0,2025-06-20 14:29:21,2025-06-20 15:29:21,GTERI,GTERI,salto_na_sequencia,61,1055,,,,,,,,,
7465,7496.0,50888.0,50949.0,2025-06-20 15:29:21,2025-06-20 16:29:21,GTERI,GTERI,salto_na_sequencia,61,1056,,,,,,,,,
7496,7527.0,50949.0,51010.0,2025-06-20 16:29:21,2025-06-20 17:29:21,GTERI,GTERI,salto_na_sequencia,61,1057,,,,,,,,,
7527,7558.0,51010.0,51071.0,2025-06-20 17:29:21,2025-06-20 18:29:21,GTERI,GTERI,salto_na_sequencia,61,1058,,,,,,,,,
7558,7589.0,51071.0,51132.0,2025-06-20 18:29:21,2025-06-20 19:29:21,GTERI,GTERI,salto_na_sequencia,61,1059,,,,,,,,,
7589,7620.0,51132.0,51193.0,2025-06-20 19:29:21,2025-06-20 20:29:21,GTERI,GTERI,salto_na_sequencia,61,1060,,,,,,,,,
7620,7651.0,51193.0,51254.0,2025-06-20 20:29:21,2025-06-20 21:29:21,GTERI,GTERI,salto_na_sequencia,61,1061,,,,,,,,,
7651,7682.0,51254.0,51315.0,2025-06-20 21:29:21,2025-06-20 22:29:21,GTERI,GTERI,salto_na_sequencia,61,1062,,,,,,,,,
7682,7713.0,51315.0,51376.0,2025-06-20 22:29:21,2025-06-20 23:29:21,GTERI,GTERI,salto_na_sequencia,61,1063,,,,,,,,,
7713,7744.0,51376.0,51437.0,2025-06-20 23:29:21,2025-06-21 00:29:21,GTERI,GTERI,salto_na_sequencia,61,1064,,,,,,,,,
7744,7775.0,51437.0,51498.0,2025-06-21 00:29:21,2025-06-21 01:29:21,GTERI,GTERI,salto_na_sequencia,61,1065,,,,,,,,,
7775,7806.0,51498.0,51559.0,2025-06-21 01:29:21,2025-06-21 02:29:21,GTERI,GTERI,salto_na_sequencia,61,1066,,,,,,,,,
7806,7837.0,51559.0,51620.0,2025-06-21 02:29:21,2025-06-21 03:29:21,GTERI,GTERI,salto_na_sequencia,61,1067,,,,,,,,,
7837,7868.0,51620.0,51681.0,2025-06-21 03:29:21,2025-06-21 04:29:21,GTERI,GTERI,salto_na_sequencia,61,1068,,,,,,,,,
7868,7899.0,51681.0,51742.0,2025-06-21 04:29:21,2025-06-21 05:29:21,GTERI,GTERI,salto_na_sequencia,61,1069,,,,,,,,,
7899,7930.0,51742.0,51803.0,2025-06-21 05:29:21,2025-06-21 06:29:21,GTERI,GTERI,salto_na_sequencia,61,1070,,,,,,,,,
7930,7961.0,51803.0,51864.0,2025-06-21 06:29:21,2025-06-21 07:29:21,GTERI,GTERI,salto_na_sequencia,61,1071,,,,,,,,,
7961,7992.0,51864.0,51925.0,2025-06-21 07:29:21,2025-06-21 08:29:21,GTERI,GTERI,salto_na_sequencia,61,1072,,,,,,,,,
7992,8023.0,51925.0,51986.0,2025-06-21 08:29:21,2025-06-21 09:29:21,GTERI,GTERI,salto_na_sequencia,61,1073,,,,,,,,,
8023,8054.0,51986.0,52047.0,2025-06-21 09:29:21,2025-06-21 10:29:21,GTERI,GTERI,salto_na_sequencia,61,1074,,,,,,,,,
8054,8085.0,52047.0,52108.0,2025-06-21 10:29:21,2025-06-21 11:29:21,GTERI,GTERI,salto_na_sequencia,61,1075,,,,,,,,,
8085,8116.0,52108.0,52169.0,2025-06-21 11:29:21,2025-06-21 12:29:21,GTERI,GTERI,salto_na_sequencia,61,1076,,,,,,,,,
8116,8146.0,52169.0,52228.0,2025-06-21 12:29:21,2025-06-21 13:29:21,GTERI,GTERI,salto_na_sequencia,59,1077,,,,,,,,,
8146,8177.0,52228.0,52289.0,2025-06-21 13:29:21,2025-06-21 14:29:21,GTERI,GTERI,salto_na_sequencia,61,1078,,,,,,,,,
8177,8208.0,52289.0,52350.0,2025-06-21 14:29:21,2025-06-21 15:29:21,GTERI,GTERI,salto_na_sequencia,61,1079,,,,,,,,,
8208,8239.0,52350.0,52411.0,2025-06-21 15:29:21,2025-06-21 16:29:21,GTERI,GTERI,salto_na_sequencia,61,1080,,,,,,,,,
8239,8270.0,52411.0,52472.0,2025-06-21 16:29:21,2025-06-21 17:29:21,GTERI,GTERI,salto_na_sequencia,61,1081,,,,,,,,,
8270,8301.0,52472.0,52533.0,2025-06-21 17:29:21,2025-06-21 18:29:21,GTERI,GTERI,salto_na_sequencia,61,1082,,,,,,,,,
8301,8332.0,52533.0,52594.0,2025-06-21 18:29:21,2025-06-21 19:29:21,GTERI,GTERI,salto_na_sequencia,61,1083,,,,,,,,,
8332,8363.0,52594.0,52655.0,2025-06-21 19:29:21,2025-06-21 20:29:21,GTERI,GTERI,salto_na_sequencia,61,1084,,,,,,,,,
8363,8394.0,52655.0,52716.0,2025-06-21 20:29:21,2025-06-21 21:29:21,GTERI,GTERI,salto_na_sequencia,61,1085,,,,,,,,,
8394,8425.0,52716.0,52777.0,2025-06-21 21:29:21,2025-06-21 22:29:21,GTERI,GTERI,salto_na_sequencia,61,1086,,,,,,,,,
8425,8456.0,52777.0,52838.0,2025-06-21 22:29:21,2025-06-21 23:29:21,GTERI,GTERI,salto_na_sequencia,61,1087,,,,,,,,,
8456,8487.0,52838.0,52899.0,2025-06-21 23:29:21,2025-06-22 00:29:21,GTERI,GTERI,salto_na_sequencia,61,1088,,,,,,,,,
8487,8518.0,52899.0,52960.0,2025-06-22 00:29:21,2025-06-22 01:29:21,GTERI,GTERI,salto_na_sequencia,61,1089,,,,,,,,,
8518,8549.0,52960.0,53021.0,2025-06-22 01:29:21,2025-06-22 02:29:21,GTERI,GTERI,salto_na_sequencia,61,1090,,,,,,,,,
8549,8572.0,53021.0,53066.0,2025-06-22 02:29:21,2025-06-22 03:12:08,GTERI,GTPDP,salto_na_sequencia,45,1091,,,,,,,,,
8572,8581.0,53066.0,53083.0,2025-06-22 03:12:08,2025-06-22 03:29:21,GTPDP,GTERI,salto_na_sequencia,17,1092,,,,,,,,,
8581,8612.0,53083.0,53144.0,2025-06-22 03:29:21,2025-06-22 04:29:21,GTERI,GTERI,salto_na_sequencia,61,1093,,,,,,,,,
8612,8643.0,53144.0,53205.0,2025-06-22 04:29:21,2025-06-22 05:29:21,GTERI,GTERI,salto_na_sequencia,61,1094,,,,,,,,,
8643,8675.0,53205.0,53266.0,2025-06-22 05:29:21,2025-06-22 06:29:21,GTERI,GTERI,salto_na_sequencia,61,1095,,,,,,,,,
8675,8706.0,53266.0,53327.0,2025-06-22 06:29:21,2025-06-22 07:29:21,GTERI,GTERI,salto_na_sequencia,61,1096,,,,,,,,,
8706,8737.0,53327.0,53388.0,2025-06-22 07:29:21,2025-06-22 08:29:21,GTERI,GTERI,salto_na_sequencia,61,1097,,,,,,,,,
8737,8768.0,53388.0,53449.0,2025-06-22 08:29:21,2025-06-22 09:29:21,GTERI,GTERI,salto_na_sequencia,61,1098,,,,,,,,,
8768,8799.0,53449.0,53510.0,2025-06-22 09:29:21,2025-06-22 10:29:21,GTERI,GTERI,salto_na_sequencia,61,1099,,,,,,,,,
8799,8830.0,53510.0,53571.0,2025-06-22 10:29:21,2025-06-22 11:29:21,GTERI,GTERI,salto_na_sequencia,61,1100,,,,,,,,,
8830,8861.0,53571.0,53632.0,2025-06-22 11:29:21,2025-06-22 12:29:21,GTERI,GTERI,salto_na_sequencia,61,1101,,,,,,,,,
8861,8892.0,53632.0,53693.0,2025-06-22 12:29:21,2025-06-22 13:29:21,GTERI,GTERI,salto_na_sequencia,61,1102,,,,,,,,,
8892,8923.0,53693.0,53754.0,2025-06-22 13:29:21,2025-06-22 14:29:21,GTERI,GTERI,salto_na_sequencia,61,1103,,,,,,,,,
8923,8954.0,53754.0,53815.0,2025-06-22 14:29:21,2025-06-22 15:29:21,GTERI,GTERI,salto_na_sequencia,61,1104,,,,,,,,,
8954,8984.0,53815.0,53874.0,2025-06-22 15:29:21,2025-06-22 16:29:21,GTERI,GTERI,salto_na_sequencia,59,1105,,,,,,,,,
8984,9015.0,53874.0,53935.0,2025-06-22 16:29:21,2025-06-22 17:29:21,GTERI,GTERI,salto_na_sequencia,61,1106,,,,,,,,,
9015,9046.0,53935.0,53996.0,2025-06-22 17:29:21,2025-06-22 18:29:21,GTERI,GTERI,salto_na_sequencia,61,1107,,,,,,,,,
9046,9077.0,53996.0,54057.0,2025-06-22 18:29:21,2025-06-22 19:29:21,GTERI,GTERI,salto_na_sequencia,61,1108,,,,,,,,,
9077,9108.0,54057.0,54118.0,2025-06-22 19:29:21,2025-06-22 20:29:21,GTERI,GTERI,salto_na_sequencia,61,1109,,,,,,,,,
9108,9139.0,54118.0,54179.0,2025-06-22 20:29:21,2025-06-22 21:29:21,GTERI,GTERI,salto_na_sequencia,61,1110,,,,,,,,,
9139,9170.0,54179.0,54240.0,2025-06-22 21:29:21,2025-06-22 22:29:21,GTERI,GTERI,salto_na_sequencia,61,1111,,,,,,,,,
9170,9201.0,54240.0,54301.0,2025-06-22 22:29:21,2025-06-22 23:29:21,GTERI,GTERI,salto_na_sequencia,61,1112,,,,,,,,,
9201,9232.0,54301.0,54362.0,2025-06-22 23:29:21,2025-06-23 00:29:21,GTERI,GTERI,salto_na_sequencia,61,1113,,,,,,,,,
9232,9263.0,54362.0,54423.0,2025-06-23 00:29:21,2025-06-23 01:29:21,GTERI,GTERI,salto_na_sequencia,61,1114,,,,,,,,,
9263,9294.0,54423.0,54484.0,2025-06-23 01:29:21,2025-06-23 02:29:21,GTERI,GTERI,salto_na_sequencia,61,1115,,,,,,,,,
9294,9316.0,54484.0,54527.0,2025-06-23 02:29:21,2025-06-23 03:09:55,GTERI,GTPDP,salto_na_sequencia,43,1116,,,,,,,,,
9316,9326.0,54527.0,54546.0,2025-06-23 03:09:55,2025-06-23 03:29:21,GTPDP,GTERI,salto_na_sequencia,19,1117,,,,,,,,,
9326,9357.0,54546.0,54607.0,2025-06-23 03:29:21,2025-06-23 04:29:21,GTERI,GTERI,salto_na_sequencia,61,1118,,,,,,,,,
9357,9388.0,54607.0,54668.0,2025-06-23 04:29:21,2025-06-23 05:29:21,GTERI,GTERI,salto_na_sequencia,61,1119,,,,,,,,,
9388,9419.0,54668.0,54729.0,2025-06-23 05:29:21,2025-06-23 06:29:21,GTERI,GTERI,salto_na_sequencia,61,1120,,,,,,,,,
9419,9450.0,54729.0,54790.0,2025-06-23 06:29:21,2025-06-23 07:29:21,GTERI,GTERI,salto_na_sequencia,61,1121,,,,,,,,,
9450,9481.0,54790.0,54851.0,2025-06-23 07:29:21,2025-06-23 08:29:21,GTERI,GTERI,salto_na_sequencia,61,1122,,,,,,,,,
9481,9512.0,54851.0,54912.0,2025-06-23 08:29:21,2025-06-23 09:29:21,GTERI,GTERI,salto_na_sequencia,61,1123,,,,,,,,,
9512,9527.0,54912.0,54941.0,2025-06-23 09:29:21,2025-06-23 09:58:26,GTERI,GTIGN,salto_na_sequencia,29,1124,,,,,,,,,
9537,9538.0,54950.0,54953.0,2025-06-23 09:58:49,2025-06-23 09:59:52,GTIGL,GTERI,salto_na_sequencia,3,1134,,,,,,,,,
9545,9547.0,54960.0,54963.0,2025-06-23 10:00:35,2025-06-23 10:01:39,GTERI,GTERI,salto_na_sequencia,3,1142,,,,,,,,,
9547,9549.0,54963.0,54966.0,2025-06-23 10:01:39,2025-06-23 10:04:39,GTERI,GTERI,salto_na_sequencia,3,1143,,,,,,,,,
9549,9551.0,54966.0,54969.0,2025-06-23 10:04:39,2025-06-23 10:06:11,GTERI,GTERI,salto_na_sequencia,3,1144,,,,,,,,,
9555,9557.0,54973.0,54976.0,2025-06-23 10:06:41,2025-06-23 10:07:27,GTIGL,GTSTT,salto_na_sequencia,3,1149,,,,,,,,,
9557,9560.0,54976.0,54981.0,2025-06-23 10:07:27,2025-06-23 10:11:36,GTSTT,GTSTT,salto_na_sequencia,5,1150,,,,,,,,,
9561,9564.0,54982.0,54987.0,2025-06-23 10:12:38,2025-06-23 10:15:06,GTSTT,GTIGN,salto_na_sequencia,5,1152,,,,,,,,,
9578,9580.0,55001.0,55004.0,2025-06-23 10:16:47,2025-06-23 10:17:30,GTERI,GTIGF,salto_na_sequencia,3,1167,,,,,,,,,
9584,9586.0,55008.0,55011.0,2025-06-23 10:18:22,2025-06-23 10:20:02,GTSTT,GTIGN,salto_na_sequencia,3,1172,,,,,,,,,
9599,9601.0,55024.0,55027.0,2025-06-23 10:20:36,2025-06-23 10:20:51,GTERI,GTIGF,salto_na_sequencia,3,1186,,,,,,,,,
9605,9607.0,55031.0,55034.0,2025-06-23 10:21:41,2025-06-23 10:23:12,GTSTT,GTIGN,salto_na_sequencia,3,1191,,,,,,,,,
9624,9626.0,55051.0,55054.0,2025-06-23 10:24:43,2025-06-23 10:24:50,GTERI,GTERI,salto_na_sequencia,3,1209,,,,,,,,,
9633,9635.0,55061.0,55064.0,2025-06-23 10:25:59,2025-06-23 10:27:03,GTSTT,GTIGN,salto_na_sequencia,3,1217,,,,,,,,,
9643,,,,2025-06-23 10:27:07,,,,valor_repetido_igual,0,1226,9644.0,55072.0,55072.0,GTIGL,GTIGL,2025-06-23 10:27:07,2025-06-23 10:27:10,2025-06-23 10:27:30,1227.0
9650,9652.0,55078.0,55081.0,2025-06-23 10:28:22,2025-06-23 10:28:51,GTERI,GTIGF,salto_na_sequencia,3,1233,,,,,,,,,
9656,9686.0,55085.0,55144.0,2025-06-23 10:29:35,2025-06-23 11:28:47,GTSTT,GTERI,salto_na_sequencia,59,1238,,,,,,,,,
9686,9717.0,55144.0,55205.0,2025-06-23 11:28:47,2025-06-23 12:28:47,GTERI,GTERI,salto_na_sequencia,61,1239,,,,,,,,,
9717,9748.0,55205.0,55266.0,2025-06-23 12:28:47,2025-06-23 13:28:47,GTERI,GTERI,salto_na_sequencia,61,1240,,,,,,,,,
9748,9779.0,55266.0,55327.0,2025-06-23 13:28:47,2025-06-23 14:28:47,GTERI,GTERI,salto_na_sequencia,61,1241,,,,,,,,,
9779,9804.0,55327.0,55376.0,2025-06-23 14:28:47,2025-06-23 15:17:02,GTERI,GTIGN,salto_na_sequencia,49,1242,,,,,,,,,
9809,9811.0,55381.0,55384.0,2025-06-23 15:17:03,2025-06-23 15:17:13,GTSTT,GTIGF,salto_na_sequencia,3,1248,,,,,,,,,
9814,,,,2025-06-23 15:17:25,,,,valor_repetido_igual,0,1252,9815.0,55387.0,55387.0,GTIGL,GTIGL,2025-06-23 15:17:25,2025-06-23 15:17:24,2025-06-23 15:17:44,1253.0
9819,9849.0,55391.0,55450.0,2025-06-23 15:17:57,2025-06-23 16:17:08,GTSTT,GTERI,salto_na_sequencia,59,1257,,,,,,,,,
9849,9880.0,55450.0,55511.0,2025-06-23 16:17:08,2025-06-23 17:17:08,GTERI,GTERI,salto_na_sequencia,61,1258,,,,,,,,,
9880,9911.0,55511.0,55572.0,2025-06-23 17:17:08,2025-06-23 18:17:08,GTERI,GTERI,salto_na_sequencia,61,1259,,,,,,,,,
9911,9942.0,55572.0,55633.0,2025-06-23 18:17:08,2025-06-23 19:17:08,GTERI,GTERI,salto_na_sequencia,61,1260,,,,,,,,,
9942,9973.0,55633.0,55694.0,2025-06-23 19:17:08,2025-06-23 20:17:08,GTERI,GTERI,salto_na_sequencia,61,1261,,,,,,,,,
9973,10004.0,55694.0,55755.0,2025-06-23 20:17:08,2025-06-23 21:17:08,GTERI,GTERI,salto_na_sequencia,61,1262,,,,,,,,,
10004,10035.0,55755.0,55816.0,2025-06-23 21:17:08,2025-06-23 22:17:08,GTERI,GTERI,salto_na_sequencia,61,1263,,,,,,,,,
10035,10066.0,55816.0,55877.0,2025-06-23 22:17:08,2025-06-23 23:17:08,GTERI,GTERI,salto_na_sequencia,61,1264,,,,,,,,,
10066,10097.0,55877.0,55938.0,2025-06-23 23:17:08,2025-06-24 00:17:08,GTERI,GTERI,salto_na_sequencia,61,1265,,,,,,,,,
10097,10108.0,55938.0,55962.0,2025-06-24 00:17:08,2025-06-24 00:39:14,GTERI,GTPDP,salto_na_sequencia,24,1266,,,,,,,,,
10108,10111.0,55962.0,55965.0,2025-06-24 00:39:14,2025-06-24 00:51:57,GTPDP,GTPDP,salto_na_sequencia,3,1267,,,,,,,,,
10111,10113.0,55965.0,55968.0,2025-06-24 00:51:57,2025-06-24 01:17:08,GTPDP,GTERI,salto_na_sequencia,3,1268,,,,,,,,,
10113,10129.0,55968.0,55990.0,2025-06-24 01:17:08,2025-06-24 01:37:18,GTERI,GTPDP,salto_na_sequencia,22,1269,,,,,,,,,
10129,10149.0,55990.0,56029.0,2025-06-24 01:37:18,2025-06-24 02:17:08,GTPDP,GTERI,salto_na_sequencia,39,1270,,,,,,,,,
10149,10180.0,56029.0,56090.0,2025-06-24 02:17:08,2025-06-24 03:17:08,GTERI,GTERI,salto_na_sequencia,61,1271,,,,,,,,,
10180,10211.0,56090.0,56151.0,2025-06-24 03:17:08,2025-06-24 04:17:08,GTERI,GTERI,salto_na_sequencia,61,1272,,,,,,,,,
10211,10242.0,56151.0,56212.0,2025-06-24 04:17:08,2025-06-24 05:17:08,GTERI,GTERI,salto_na_sequencia,61,1273,,,,,,,,,
10242,10274.0,56212.0,56273.0,2025-06-24 05:17:08,2025-06-24 06:17:08,GTERI,GTERI,salto_na_sequencia,61,1274,,,,,,,,,
10274,10290.0,56273.0,56304.0,2025-06-24 06:17:08,2025-06-24 06:46:05,GTERI,GTPDP,salto_na_sequencia,31,1275,,,,,,,,,
10290,10306.0,56304.0,56335.0,2025-06-24 06:46:05,2025-06-24 07:17:08,GTPDP,GTERI,salto_na_sequencia,31,1276,,,,,,,,,
10306,10337.0,56335.0,56396.0,2025-06-24 07:17:08,2025-06-24 08:17:08,GTERI,GTERI,salto_na_sequencia,61,1277,,,,,,,,,
10337,10368.0,56396.0,56457.0,2025-06-24 08:17:08,2025-06-24 09:17:08,GTERI,GTERI,salto_na_sequencia,61,1278,,,,,,,,,
10368,10372.0,56457.0,56464.0,2025-06-24 09:17:08,2025-06-24 09:22:47,GTERI,GTIGN,salto_na_sequencia,7,1279,,,,,,,,,
10389,10391.0,56481.0,56484.0,2025-06-24 09:24:18,2025-06-24 09:25:54,GTERI,GTERI,salto_na_sequencia,3,1297,,,,,,,,,
10391,10394.0,56484.0,56489.0,2025-06-24 09:25:54,2025-06-24 09:28:54,GTERI,GTERI,salto_na_sequencia,5,1298,,,,,,,,,
10398,10400.0,56493.0,56496.0,2025-06-24 09:29:52,2025-06-24 09:30:53,GTERI,GTERI,salto_na_sequencia,3,1303,,,,,,,,,
10407,10409.0,56503.0,56506.0,2025-06-24 09:32:06,2025-06-24 09:32:46,GTIGL,GTSTT,salto_na_sequencia,3,1311,,,,,,,,,
10409,10412.0,56506.0,56511.0,2025-06-24 09:32:46,2025-06-24 09:37:25,GTSTT,GTIGN,salto_na_sequencia,5,1312,,,,,,,,,
10427,10429.0,56526.0,56529.0,2025-06-24 09:37:53,2025-06-24 09:39:23,GTERI,GTERI,salto_na_sequencia,3,1328,,,,,,,,,
10435,10437.0,56535.0,56538.0,2025-06-24 09:40:27,2025-06-24 09:40:56,GTERI,GTERI,salto_na_sequencia,3,1335,,,,,,,,,
10437,10439.0,56538.0,56541.0,2025-06-24 09:40:56,2025-06-24 09:43:56,GTERI,GTERI,salto_na_sequencia,3,1336,,,,,,,,,
10439,10441.0,56541.0,56544.0,2025-06-24 09:43:56,2025-06-24 09:45:03,GTERI,GTERI,salto_na_sequencia,3,1337,,,,,,,,,
10449,10451.0,56552.0,56555.0,2025-06-24 09:46:08,2025-06-24 09:46:56,GTERI,GTERI,salto_na_sequencia,3,1346,,,,,,,,,
10456,10464.0,56560.0,56575.0,2025-06-24 09:48:25,2025-06-24 10:00:53,GTSTT,GTIGN,salto_na_sequencia,15,1352,,,,,,,,,
10473,10475.0,56584.0,56587.0,2025-06-24 10:01:06,2025-06-24 10:04:05,GTIGL,GTERI,salto_na_sequencia,3,1362,,,,,,,,,
10475,10478.0,56587.0,56592.0,2025-06-24 10:04:05,2025-06-24 10:07:05,GTERI,GTERI,salto_na_sequencia,5,1363,,,,,,,,,
10478,10480.0,56592.0,56595.0,2025-06-24 10:07:05,2025-06-24 10:09:46,GTERI,GTSTT,salto_na_sequencia,3,1364,,,,,,,,,
10482,10484.0,56597.0,56600.0,2025-06-24 10:10:20,2025-06-24 10:10:56,GTSTT,GTSTT,salto_na_sequencia,3,1367,,,,,,,,,
10487,10489.0,56603.0,56606.0,2025-06-24 10:12:46,2025-06-24 10:13:05,GTSTT,GTERI,salto_na_sequencia,3,1371,,,,,,,,,
10491,10493.0,56608.0,56611.0,2025-06-24 10:13:54,2025-06-24 10:16:05,GTSTT,GTERI,salto_na_sequencia,3,1374,,,,,,,,,
10498,10500.0,56616.0,56618.0,2025-06-24 10:16:44,2025-06-24 10:16:47,GTERI,GTERI,salto_na_sequencia,2,1380,,,,,,,,,
10500,10501.0,56618.0,56620.0,2025-06-24 10:16:47,2025-06-24 10:17:07,GTERI,GTERI,salto_na_sequencia,2,1381,,,,,,,,,
10506,10508.0,56625.0,56628.0,2025-06-24 10:17:58,2025-06-24 10:19:05,GTERI,GTERI,salto_na_sequencia,3,1387,,,,,,,,,
10515,10517.0,56635.0,56638.0,2025-06-24 10:20:31,2025-06-24 10:22:05,GTERI,GTERI,salto_na_sequencia,3,1395,,,,,,,,,
10518,10520.0,56639.0,56642.0,2025-06-24 10:22:17,2025-06-24 10:24:27,GTERI,GTERI,salto_na_sequencia,3,1397,,,,,,,,,
10520,10522.0,56642.0,56645.0,2025-06-24 10:24:27,2025-06-24 10:24:55,GTERI,GTERI,salto_na_sequencia,3,1398,,,,,,,,,
10523,10525.0,56646.0,56649.0,2025-06-24 10:25:05,2025-06-24 10:28:05,GTERI,GTERI,salto_na_sequencia,3,1400,,,,,,,,,
10526,10528.0,56650.0,56653.0,2025-06-24 10:28:25,2025-06-24 10:29:08,GTERI,GTERI,salto_na_sequencia,3,1402,,,,,,,,,
10528,10530.0,56653.0,56656.0,2025-06-24 10:29:08,2025-06-24 10:31:05,GTERI,GTERI,salto_na_sequencia,3,1403,,,,,,,,,
10534,10536.0,56660.0,56663.0,2025-06-24 10:32:17,2025-06-24 10:34:05,GTERI,GTERI,salto_na_sequencia,3,1408,,,,,,,,,
10536,10538.0,56663.0,56666.0,2025-06-24 10:34:05,2025-06-24 10:36:07,GTERI,GTERI,salto_na_sequencia,3,1409,,,,,,,,,
10538,10540.0,56666.0,56669.0,2025-06-24 10:36:07,2025-06-24 10:37:05,GTERI,GTERI,salto_na_sequencia,3,1410,,,,,,,,,
10545,10547.0,56674.0,56677.0,2025-06-24 10:38:48,2025-06-24 10:38:58,GTERI,GTERI,salto_na_sequencia,3,1416,,,,,,,,,
10554,10556.0,56684.0,56687.0,2025-06-24 10:40:05,2025-06-24 10:40:49,GTERI,GTERI,salto_na_sequencia,3,1424,,,,,,,,,
10562,10564.0,56693.0,56696.0,2025-06-24 10:42:02,2025-06-24 10:43:05,GTERI,GTERI,salto_na_sequencia,3,1431,,,,,,,,,
10571,10573.0,56703.0,56706.0,2025-06-24 10:44:47,2025-06-24 10:45:53,GTERI,GTSTT,salto_na_sequencia,3,1439,,,,,,,,,
10574,10577.0,56707.0,56712.0,2025-06-24 10:46:05,2025-06-24 10:49:05,GTERI,GTERI,salto_na_sequencia,5,1441,,,,,,,,,
10577,10579.0,56712.0,56715.0,2025-06-24 10:49:05,2025-06-24 10:52:05,GTERI,GTERI,salto_na_sequencia,3,1442,,,,,,,,,
10580,10582.0,56716.0,56719.0,2025-06-24 10:52:27,2025-06-24 10:53:02,GTSTT,GTSTT,salto_na_sequencia,3,1444,,,,,,,,,
10582,10584.0,56719.0,56722.0,2025-06-24 10:53:02,2025-06-24 10:55:05,GTSTT,GTERI,salto_na_sequencia,3,1445,,,,,,,,,
10586,10588.0,56724.0,56727.0,2025-06-24 10:55:53,2025-06-24 10:58:05,GTSTT,GTERI,salto_na_sequencia,3,1448,,,,,,,,,
10597,10599.0,56736.0,56739.0,2025-06-24 10:58:34,2025-06-24 10:59:47,GTERI,GTERI,salto_na_sequencia,3,1458,,,,,,,,,
10603,10605.0,56743.0,56746.0,2025-06-24 11:00:04,2025-06-24 11:01:00,GTERI,GTERI,salto_na_sequencia,3,1463,,,,,,,,,
10612,10614.0,56753.0,56756.0,2025-06-24 11:02:47,2025-06-24 11:03:14,GTERI,GTERI,salto_na_sequencia,3,1471,,,,,,,,,
10620,10621.0,56761.0,56764.0,2025-06-24 11:04:49,2025-06-24 11:04:55,GTERI,GTERI,salto_na_sequencia,3,1477,,,,,,,,,
10624,10626.0,56767.0,56770.0,2025-06-24 11:06:03,2025-06-24 11:07:10,GTERI,GTPDP,salto_na_sequencia,3,1481,,,,,,,,,
10628,10630.0,56772.0,56775.0,2025-06-24 11:09:09,2025-06-24 11:09:57,GTERI,GTERI,salto_na_sequencia,3,1484,,,,,,,,,
10638,10640.0,56783.0,56786.0,2025-06-24 11:10:35,2025-06-24 11:13:35,GTERI,GTERI,salto_na_sequencia,3,1493,,,,,,,,,
10640,10643.0,56786.0,56791.0,2025-06-24 11:13:35,2025-06-24 11:16:35,GTERI,GTERI,salto_na_sequencia,5,1494,,,,,,,,,
10643,10645.0,56791.0,56794.0,2025-06-24 11:16:35,2025-06-24 11:17:52,GTERI,GTERI,salto_na_sequencia,3,1495,,,,,,,,,
10646,10649.0,56795.0,56800.0,2025-06-24 11:19:35,2025-06-24 11:21:49,GTERI,GTERI,salto_na_sequencia,5,1497,,,,,,,,,
10655,10657.0,56806.0,56809.0,2025-06-24 11:23:37,2025-06-24 11:24:20,GTERI,GTERI,salto_na_sequencia,3,1504,,,,,,,,,
10660,10662.0,56812.0,56815.0,2025-06-24 11:25:35,2025-06-24 11:25:45,GTERI,GTERI,salto_na_sequencia,3,1508,,,,,,,,,
10668,10683.0,56821.0,56850.0,2025-06-24 11:27:19,2025-06-24 11:54:40,GTSTT,GTIGN,salto_na_sequencia,29,1515,,,,,,,,,
10694,10696.0,56861.0,56864.0,2025-06-24 11:55:27,2025-06-24 11:56:49,GTERI,GTERI,salto_na_sequencia,3,1527,,,,,,,,,
10698,10700.0,56866.0,56869.0,2025-06-24 11:57:36,2025-06-24 11:57:54,GTERI,GTERI,salto_na_sequencia,3,1530,,,,,,,,,
10703,10705.0,56872.0,56875.0,2025-06-24 11:59:27,2025-06-24 12:00:38,GTERI,GTERI,salto_na_sequencia,3,1534,,,,,,,,,
10708,10710.0,56878.0,56881.0,2025-06-24 12:00:54,2025-06-24 12:02:09,GTERI,GTERI,salto_na_sequencia,3,1538,,,,,,,,,
10710,10712.0,56881.0,56884.0,2025-06-24 12:02:09,2025-06-24 12:03:54,GTERI,GTERI,salto_na_sequencia,3,1539,,,,,,,,,
10718,10720.0,56890.0,56893.0,2025-06-24 12:05:31,2025-06-24 12:05:43,GTERI,GTERI,salto_na_sequencia,3,1546,,,,,,,,,
10721,10723.0,56894.0,56897.0,2025-06-24 12:06:54,2025-06-24 12:07:56,GTERI,GTERI,salto_na_sequencia,3,1548,,,,,,,,,
10734,10736.0,56908.0,56911.0,2025-06-24 12:09:28,2025-06-24 12:09:54,GTERI,GTERI,salto_na_sequencia,3,1560,,,,,,,,,
10739,10741.0,56914.0,56917.0,2025-06-24 12:11:29,2025-06-24 12:12:24,GTERI,GTERI,salto_na_sequencia,3,1564,,,,,,,,,
10746,10777.0,56922.0,56983.0,2025-06-24 12:13:25,2025-06-24 13:12:39,GTSTT,GTERI,salto_na_sequencia,61,1570,,,,,,,,,
10777,10808.0,56983.0,57044.0,2025-06-24 13:12:39,2025-06-24 14:12:39,GTERI,GTERI,salto_na_sequencia,61,1571,,,,,,,,,
10808,10823.0,57044.0,57073.0,2025-06-24 14:12:39,2025-06-24 14:40:46,GTERI,GTIGN,salto_na_sequencia,29,1572,,,,,,,,,
10833,10835.0,57083.0,57086.0,2025-06-24 14:41:11,2025-06-24 14:42:25,GTERI,GTERI,salto_na_sequencia,3,1583,,,,,,,,,
10846,10848.0,57097.0,57100.0,2025-06-24 14:43:43,2025-06-24 14:43:55,GTERI,GTERI,salto_na_sequencia,3,1595,,,,,,,,,
10856,10858.0,57108.0,57111.0,2025-06-24 14:45:49,2025-06-24 14:46:33,GTERI,GTERI,salto_na_sequencia,3,1604,,,,,,,,,
10865,10868.0,57118.0,57123.0,2025-06-24 14:47:20,2025-06-24 14:49:55,GTERI,GTERI,salto_na_sequencia,5,1612,,,,,,,,,
10873,10875.0,57128.0,57131.0,2025-06-24 14:51:07,2025-06-24 14:51:55,GTERI,GTERI,salto_na_sequencia,3,1618,,,,,,,,,
10890,10892.0,57146.0,57149.0,2025-06-24 14:53:43,2025-06-24 14:54:02,GTERI,GTERI,salto_na_sequencia,3,1634,,,,,,,,,
10897,10899.0,57154.0,57157.0,2025-06-24 14:55:45,2025-06-24 14:55:55,GTERI,GTERI,salto_na_sequencia,3,1640,,,,,,,,,
10903,10905.0,57161.0,57164.0,2025-06-24 14:57:47,2025-06-24 14:58:25,GTERI,GTERI,salto_na_sequencia,3,1645,,,,,,,,,
10912,10914.0,57171.0,57174.0,2025-06-24 14:59:24,2025-06-24 15:00:09,GTERI,GTERI,salto_na_sequencia,3,1653,,,,,,,,,
10920,10922.0,57180.0,57183.0,2025-06-24 15:01:31,2025-06-24 15:01:55,GTERI,GTERI,salto_na_sequencia,3,1660,,,,,,,,,
10927,10958.0,57188.0,57249.0,2025-06-24 15:03:30,2025-06-24 16:02:38,GTSTT,GTERI,salto_na_sequencia,61,1666,,,,,,,,,
10958,10989.0,57249.0,57310.0,2025-06-24 16:02:38,2025-06-24 17:02:38,GTERI,GTERI,salto_na_sequencia,61,1667,,,,,,,,,
10989,11020.0,57310.0,57371.0,2025-06-24 17:02:38,2025-06-24 18:02:38,GTERI,GTERI,salto_na_sequencia,61,1668,,,,,,,,,
11020,11051.0,57371.0,57432.0,2025-06-24 18:02:38,2025-06-24 19:02:38,GTERI,GTERI,salto_na_sequencia,61,1669,,,,,,,,,
11051,11082.0,57432.0,57493.0,2025-06-24 19:02:38,2025-06-24 20:02:38,GTERI,GTERI,salto_na_sequencia,61,1670,,,,,,,,,
11082,11113.0,57493.0,57554.0,2025-06-24 20:02:38,2025-06-24 21:02:38,GTERI,GTERI,salto_na_sequencia,61,1671,,,,,,,,,
11113,11144.0,57554.0,57615.0,2025-06-24 21:02:38,2025-06-24 22:02:38,GTERI,GTERI,salto_na_sequencia,61,1672,,,,,,,,,
11144,11175.0,57615.0,57676.0,2025-06-24 22:02:38,2025-06-24 23:02:38,GTERI,GTERI,salto_na_sequencia,61,1673,,,,,,,,,
11175,11206.0,57676.0,57737.0,2025-06-24 23:02:38,2025-06-25 00:02:38,GTERI,GTERI,salto_na_sequencia,61,1674,,,,,,,,,
11206,11237.0,57737.0,57798.0,2025-06-25 00:02:38,2025-06-25 01:02:38,GTERI,GTERI,salto_na_sequencia,61,1675,,,,,,,,,
11237,11268.0,57798.0,57859.0,2025-06-25 01:02:38,2025-06-25 02:02:38,GTERI,GTERI,salto_na_sequencia,61,1676,,,,,,,,,
11268,11299.0,57859.0,57920.0,2025-06-25 02:02:38,2025-06-25 03:02:38,GTERI,GTERI,salto_na_sequencia,61,1677,,,,,,,,,
11299,11330.0,57920.0,57981.0,2025-06-25 03:02:38,2025-06-25 04:02:38,GTERI,GTERI,salto_na_sequencia,61,1678,,,,,,,,,
11330,11361.0,57981.0,58041.0,2025-06-25 04:02:38,2025-06-25 05:02:38,GTERI,GTERI,salto_na_sequencia,60,1679,,,,,,,,,
11361,11391.0,58041.0,58101.0,2025-06-25 05:02:38,2025-06-25 06:02:38,GTERI,GTERI,salto_na_sequencia,60,1680,,,,,,,,,
11391,11422.0,58101.0,58162.0,2025-06-25 06:02:38,2025-06-25 07:02:38,GTERI,GTERI,salto_na_sequencia,61,1681,,,,,,,,,
11422,11452.0,58162.0,58221.0,2025-06-25 07:02:38,2025-06-25 08:00:33,GTERI,GTIGN,salto_na_sequencia,59,1682,,,,,,,,,
11462,11464.0,58231.0,58234.0,2025-06-25 08:00:46,2025-06-25 08:01:43,GTIGL,GTERI,salto_na_sequencia,3,1693,,,,,,,,,
11471,11473.0,58241.0,58244.0,2025-06-25 08:02:27,2025-06-25 08:02:51,GTERI,GTERI,salto_na_sequencia,3,1701,,,,,,,,,
11481,11512.0,58252.0,58313.0,2025-06-25 08:04:41,2025-06-25 09:03:48,GTSTT,GTERI,salto_na_sequencia,61,1710,,,,,,,,,
11512,11543.0,58313.0,58374.0,2025-06-25 09:03:48,2025-06-25 10:03:48,GTERI,GTERI,salto_na_sequencia,61,1711,,,,,,,,,
11543,11571.0,58374.0,58423.0,2025-06-25 10:03:48,2025-06-25 10:49:07,GTERI,GTRTL,salto_na_sequencia,49,1712,,,,,,,,,
11571,11579.0,58423.0,58438.0,2025-06-25 10:49:07,2025-06-25 11:03:48,GTRTL,GTERI,salto_na_sequencia,15,1713,,,,,,,,,
11579,11610.0,58438.0,58499.0,2025-06-25 11:03:48,2025-06-25 12:03:48,GTERI,GTERI,salto_na_sequencia,61,1714,,,,,,,,,
11610,11619.0,58499.0,58516.0,2025-06-25 12:03:48,2025-06-25 12:20:29,GTERI,GTIGN,salto_na_sequencia,17,1715,,,,,,,,,
11641,11643.0,58538.0,58541.0,2025-06-25 12:20:59,2025-06-25 12:23:01,GTERI,GTERI,salto_na_sequencia,3,1738,,,,,,,,,
11643,11645.0,58541.0,58544.0,2025-06-25 12:23:01,2025-06-25 12:23:04,GTERI,GTERI,salto_na_sequencia,3,1739,,,,,,,,,
11646,11648.0,58545.0,58548.0,2025-06-25 12:24:03,2025-06-25 12:26:26,GTERI,GTERI,salto_na_sequencia,3,1741,,,,,,,,,
11655,11657.0,58555.0,58558.0,2025-06-25 12:27:03,2025-06-25 12:27:49,GTERI,GTSTT,salto_na_sequencia,3,1749,,,,,,,,,
11657,11659.0,58558.0,58561.0,2025-06-25 12:27:49,2025-06-25 12:29:42,GTSTT,GTSTT,salto_na_sequencia,3,1750,,,,,,,,,
11662,11664.0,58564.0,58567.0,2025-06-25 12:30:02,2025-06-25 12:31:18,GTERI,GTERI,salto_na_sequencia,3,1754,,,,,,,,,
11667,11669.0,58570.0,58573.0,2025-06-25 12:33:03,2025-06-25 12:33:09,GTERI,GTERI,salto_na_sequencia,3,1758,,,,,,,,,
11670,11672.0,58574.0,58577.0,2025-06-25 12:33:44,2025-06-25 12:36:03,GTERI,GTERI,salto_na_sequencia,3,1760,,,,,,,,,
11675,11677.0,58580.0,58583.0,2025-06-25 12:37:01,2025-06-25 12:38:15,GTERI,GTERI,salto_na_sequencia,3,1764,,,,,,,,,
11682,11684.0,58588.0,58591.0,2025-06-25 12:39:03,2025-06-25 12:39:12,GTERI,GTIGF,salto_na_sequencia,3,1770,,,,,,,,,
11688,11693.0,58595.0,58604.0,2025-06-25 12:39:55,2025-06-25 12:48:03,GTSTT,GTIGN,salto_na_sequencia,9,1775,,,,,,,,,
11703,11705.0,58614.0,58617.0,2025-06-25 12:49:01,2025-06-25 12:49:10,GTERI,GTERI,salto_na_sequencia,3,1786,,,,,,,,,
11717,11719.0,58629.0,58632.0,2025-06-25 12:50:47,2025-06-25 12:51:13,GTERI,GTERI,salto_na_sequencia,3,1799,,,,,,,,,
11721,11723.0,58634.0,58637.0,2025-06-25 12:51:25,2025-06-25 12:53:19,GTERI,GTERI,salto_na_sequencia,3,1802,,,,,,,,,
11724,11726.0,58638.0,58641.0,2025-06-25 12:54:13,2025-06-25 12:56:55,GTERI,GTERI,salto_na_sequencia,3,1804,,,,,,,,,
11726,11728.0,58641.0,58644.0,2025-06-25 12:56:55,2025-06-25 12:57:13,GTERI,GTERI,salto_na_sequencia,3,1805,,,,,,,,,
11733,11735.0,58649.0,58652.0,2025-06-25 12:58:30,2025-06-25 12:59:16,GTIGL,GTSTT,salto_na_sequencia,3,1811,,,,,,,,,
11735,11740.0,58652.0,58661.0,2025-06-25 12:59:16,2025-06-25 13:07:33,GTSTT,GTIGN,salto_na_sequencia,9,1812,,,,,,,,,
11754,11756.0,58675.0,58678.0,2025-06-25 13:08:35,2025-06-25 13:09:29,GTERI,GTERI,salto_na_sequencia,3,1827,,,,,,,,,
11765,11767.0,58687.0,58690.0,2025-06-25 13:10:41,2025-06-25 13:12:00,GTERI,GTERI,salto_na_sequencia,3,1837,,,,,,,,,
11771,11773.0,58694.0,58697.0,2025-06-25 13:12:26,2025-06-25 13:13:41,GTERI,GTERI,salto_na_sequencia,3,1842,,,,,,,,,
11773,11775.0,58697.0,58700.0,2025-06-25 13:13:41,2025-06-25 13:16:41,GTERI,GTERI,salto_na_sequencia,3,1843,,,,,,,,,
11775,11777.0,58700.0,58703.0,2025-06-25 13:16:41,2025-06-25 13:18:36,GTERI,GTERI,salto_na_sequencia,3,1844,,,,,,,,,
11780,11782.0,58706.0,58709.0,2025-06-25 13:19:00,2025-06-25 13:19:07,GTERI,GTERI,salto_na_sequencia,3,1848,,,,,,,,,
11786,,,,2025-06-25 13:20:50,,,,valor_repetido_igual,0,1853,11787.0,58713.0,58713.0,GTERI,GTERI,2025-06-25 13:20:50,2025-06-25 13:20:50,2025-06-25 13:21:10,1854.0
11789,11790.0,58714.0,58717.0,2025-06-25 13:20:59,2025-06-25 13:21:07,GTERI,GTERI,salto_na_sequencia,3,1855,,,,,,,,,
11791,,,,2025-06-25 13:22:41,,,,valor_repetido_igual,0,1857,11792.0,58718.0,58718.0,GTERI,GTERI,2025-06-25 13:22:41,2025-06-25 13:22:41,2025-06-25 13:23:01,1858.0
11793,11795.0,58719.0,58722.0,2025-06-25 13:22:56,2025-06-25 13:23:43,GTERI,GTERI,salto_na_sequencia,3,1859,,,,,,,,,
11797,11799.0,58724.0,58727.0,2025-06-25 13:24:57,2025-06-25 13:25:41,GTERI,GTERI,salto_na_sequencia,3,1862,,,,,,,,,
11800,11802.0,58728.0,58731.0,2025-06-25 13:25:48,2025-06-25 13:27:17,GTERI,GTERI,salto_na_sequencia,3,1864,,,,,,,,,
11818,11820.0,58747.0,58750.0,2025-06-25 13:28:41,2025-06-25 13:29:32,GTERI,GTSTT,salto_na_sequencia,3,1881,,,,,,,,,
11821,11823.0,58751.0,58754.0,2025-06-25 13:30:27,2025-06-25 13:31:24,GTSTT,GTSTT,salto_na_sequencia,3,1883,,,,,,,,,
11826,11828.0,58757.0,58760.0,2025-06-25 13:32:17,2025-06-25 13:34:41,GTERI,GTERI,salto_na_sequencia,3,1887,,,,,,,,,
11828,11831.0,58760.0,58765.0,2025-06-25 13:34:41,2025-06-25 13:37:41,GTERI,GTERI,salto_na_sequencia,5,1888,,,,,,,,,
11831,11833.0,58765.0,58768.0,2025-06-25 13:37:41,2025-06-25 13:39:40,GTERI,GTERI,salto_na_sequencia,3,1889,,,,,,,,,
11837,11840.0,58772.0,58777.0,2025-06-25 13:41:04,2025-06-25 13:43:41,GTERI,GTERI,salto_na_sequencia,5,1894,,,,,,,,,
11849,11851.0,58786.0,58789.0,2025-06-25 13:45:02,2025-06-25 13:45:14,GTERI,GTERI,salto_na_sequencia,3,1904,,,,,,,,,
11855,11857.0,58793.0,58796.0,2025-06-25 13:46:36,2025-06-25 13:47:29,GTIGL,GTSTT,salto_na_sequencia,3,1909,,,,,,,,,
11857,11887.0,58796.0,58855.0,2025-06-25 13:47:29,2025-06-25 14:46:31,GTSTT,GTERI,salto_na_sequencia,59,1910,,,,,,,,,
11887,11918.0,58855.0,58916.0,2025-06-25 14:46:31,2025-06-25 15:46:31,GTERI,GTERI,salto_na_sequencia,61,1911,,,,,,,,,
11918,11949.0,58916.0,58977.0,2025-06-25 15:46:31,2025-06-25 16:46:31,GTERI,GTERI,salto_na_sequencia,61,1912,,,,,,,,,
11949,11958.0,58977.0,58994.0,2025-06-25 16:46:31,2025-06-25 17:02:05,GTERI,GTIGN,salto_na_sequencia,17,1913,,,,,,,,,
11967,11969.0,59003.0,59006.0,2025-06-25 17:02:22,2025-06-25 17:04:01,GTIGL,GTERI,salto_na_sequencia,3,1923,,,,,,,,,
11974,11976.0,59011.0,59014.0,2025-06-25 17:05:17,2025-06-25 17:06:19,GTERI,GTIGF,salto_na_sequencia,3,1929,,,,,,,,,
11980,12011.0,59018.0,59079.0,2025-06-25 17:07:04,2025-06-25 18:06:15,GTSTT,GTERI,salto_na_sequencia,61,1934,,,,,,,,,
12011,12042.0,59079.0,59140.0,2025-06-25 18:06:15,2025-06-25 19:06:15,GTERI,GTERI,salto_na_sequencia,61,1935,,,,,,,,,
12042,12073.0,59140.0,59201.0,2025-06-25 19:06:15,2025-06-25 20:06:15,GTERI,GTERI,salto_na_sequencia,61,1936,,,,,,,,,
12073,12104.0,59201.0,59262.0,2025-06-25 20:06:15,2025-06-25 21:06:15,GTERI,GTERI,salto_na_sequencia,61,1937,,,,,,,,,
12104,12135.0,59262.0,59323.0,2025-06-25 21:06:15,2025-06-25 22:06:15,GTERI,GTERI,salto_na_sequencia,61,1938,,,,,,,,,
12135,12166.0,59323.0,59384.0,2025-06-25 22:06:15,2025-06-25 23:06:15,GTERI,GTERI,salto_na_sequencia,61,1939,,,,,,,,,
12166,12197.0,59384.0,59445.0,2025-06-25 23:06:15,2025-06-26 00:06:15,GTERI,GTERI,salto_na_sequencia,61,1940,,,,,,,,,
12197,12228.0,59445.0,59506.0,2025-06-26 00:06:15,2025-06-26 01:06:15,GTERI,GTERI,salto_na_sequencia,61,1941,,,,,,,,,
12228,12260.0,59506.0,59567.0,2025-06-26 01:06:15,2025-06-26 02:06:15,GTERI,GTERI,salto_na_sequencia,61,1942,,,,,,,,,
12260,12291.0,59567.0,59628.0,2025-06-26 02:06:15,2025-06-26 03:06:15,GTERI,GTERI,salto_na_sequencia,61,1943,,,,,,,,,
12291,12322.0,59628.0,59689.0,2025-06-26 03:06:15,2025-06-26 04:06:15,GTERI,GTERI,salto_na_sequencia,61,1944,,,,,,,,,
12322,12353.0,59689.0,59750.0,2025-06-26 04:06:15,2025-06-26 05:06:15,GTERI,GTERI,salto_na_sequencia,61,1945,,,,,,,,,
12353,12384.0,59750.0,59811.0,2025-06-26 05:06:15,2025-06-26 06:06:15,GTERI,GTERI,salto_na_sequencia,61,1946,,,,,,,,,
12384,12415.0,59811.0,59872.0,2025-06-26 06:06:15,2025-06-26 07:06:15,GTERI,GTERI,salto_na_sequencia,61,1947,,,,,,,,,
12415,12446.0,59872.0,59933.0,2025-06-26 07:06:15,2025-06-26 08:06:15,GTERI,GTERI,salto_na_sequencia,61,1948,,,,,,,,,
12446,12477.0,59933.0,59994.0,2025-06-26 08:06:15,2025-06-26 09:06:15,GTERI,GTERI,salto_na_sequencia,61,1949,,,,,,,,,
12477,12508.0,59994.0,60055.0,2025-06-26 09:06:15,2025-06-26 10:06:15,GTERI,GTERI,salto_na_sequencia,61,1950,,,,,,,,,
12508,12538.0,60055.0,60114.0,2025-06-26 10:06:15,2025-06-26 11:06:15,GTERI,GTERI,salto_na_sequencia,59,1951,,,,,,,,,
12538,12541.0,60114.0,60119.0,2025-06-26 11:06:15,2025-06-26 11:08:19,GTERI,GTPDP,salto_na_sequencia,5,1952,,,,,,,,,
12541,12570.0,60119.0,60176.0,2025-06-26 11:08:19,2025-06-26 12:06:15,GTPDP,GTERI,salto_na_sequencia,57,1953,,,,,,,,,
12570,12601.0,60176.0,60237.0,2025-06-26 12:06:15,2025-06-26 13:06:15,GTERI,GTERI,salto_na_sequencia,61,1954,,,,,,,,,
12601,12632.0,60237.0,60298.0,2025-06-26 13:06:15,2025-06-26 14:06:15,GTERI,GTERI,salto_na_sequencia,61,1955,,,,,,,,,
12632,12663.0,60298.0,60359.0,2025-06-26 14:06:15,2025-06-26 15:06:15,GTERI,GTERI,salto_na_sequencia,61,1956,,,,,,,,,
12663,12694.0,60359.0,60420.0,2025-06-26 15:06:15,2025-06-26 16:06:15,GTERI,GTERI,salto_na_sequencia,61,1957,,,,,,,,,
12694,12725.0,60420.0,60481.0,2025-06-26 16:06:15,2025-06-26 17:06:15,GTERI,GTERI,salto_na_sequencia,61,1958,,,,,,,,,
12725,12756.0,60481.0,60542.0,2025-06-26 17:06:15,2025-06-26 18:06:15,GTERI,GTERI,salto_na_sequencia,61,1959,,,,,,,,,
12756,12787.0,60542.0,60603.0,2025-06-26 18:06:15,2025-06-26 19:06:15,GTERI,GTERI,salto_na_sequencia,61,1960,,,,,,,,,
12787,12818.0,60603.0,60664.0,2025-06-26 19:06:15,2025-06-26 20:06:15,GTERI,GTERI,salto_na_sequencia,61,1961,,,,,,,,,
12818,12849.0,60664.0,60725.0,2025-06-26 20:06:15,2025-06-26 21:06:15,GTERI,GTERI,salto_na_sequencia,61,1962,,,,,,,,,
12849,12870.0,60725.0,60765.0,2025-06-26 21:06:15,2025-06-26 21:44:24,GTERI,GTPNR,salto_na_sequencia,40,1963,,,,,,,,,
12873,12887.0,60768.0,60795.0,2025-06-26 21:45:07,2025-06-26 22:10:44,GTERI,GTPNR,salto_na_sequencia,27,1967,,,,,,,,,
12890,12900.0,60798.0,60815.0,2025-06-26 22:10:53,2025-06-26 22:27:03,GTERI,GTPNR,salto_na_sequencia,17,1971,,,,,,,,,
12903,12933.0,60818.0,60877.0,2025-06-26 22:27:11,2025-06-26 23:27:01,GTERI,GTERI,salto_na_sequencia,59,1975,,,,,,,,,
12933,12944.0,60877.0,60896.0,2025-06-26 23:27:01,2025-06-26 23:43:26,GTERI,GTPNR,salto_na_sequencia,19,1976,,,,,,,,,
12947,12977.0,60899.0,60958.0,2025-06-26 23:43:34,2025-06-27 00:43:25,GTERI,GTERI,salto_na_sequencia,59,1980,,,,,,,,,
12977,13008.0,60958.0,61019.0,2025-06-27 00:43:25,2025-06-27 01:43:25,GTERI,GTERI,salto_na_sequencia,61,1981,,,,,,,,,
13008,13032.0,61019.0,61062.0,2025-06-27 01:43:25,2025-06-27 02:25:54,GTERI,GTPNR,salto_na_sequencia,43,1982,,,,,,,,,
13034,13035.0,61064.0,61067.0,2025-06-27 02:25:56,2025-06-27 02:26:00,GTERI,GTASC,salto_na_sequencia,3,1985,,,,,,,,,
13036,13066.0,61068.0,61127.0,2025-06-27 02:26:07,2025-06-27 03:25:57,GTERI,GTERI,salto_na_sequencia,59,1987,,,,,,,,,
13066,13097.0,61127.0,61188.0,2025-06-27 03:25:57,2025-06-27 04:25:57,GTERI,GTERI,salto_na_sequencia,61,1988,,,,,,,,,
13097,13128.0,61188.0,61249.0,2025-06-27 04:25:57,2025-06-27 05:25:57,GTERI,GTERI,salto_na_sequencia,61,1989,,,,,,,,,
13128,13159.0,61249.0,61310.0,2025-06-27 05:25:57,2025-06-27 06:25:57,GTERI,GTERI,salto_na_sequencia,61,1990,,,,,,,,,
13159,13172.0,61310.0,61331.0,2025-06-27 06:25:57,2025-06-27 06:46:33,GTERI,GTPNR,salto_na_sequencia,21,1991,,,,,,,,,
13172,13173.0,61331.0,61334.0,2025-06-27 06:46:33,2025-06-27 06:46:38,GTPNR,GTASC,salto_na_sequencia,3,1992,,,,,,,,,
13175,13205.0,61336.0,61395.0,2025-06-27 06:46:47,2025-06-27 07:46:37,GTERI,GTERI,salto_na_sequencia,59,1995,,,,,,,,,
13205,13225.0,61395.0,61434.0,2025-06-27 07:46:37,2025-06-27 08:22:59,GTERI,GTPNR,salto_na_sequencia,39,1996,,,,,,,,,
13228,13259.0,61437.0,61498.0,2025-06-27 08:23:08,2025-06-27 09:23:15,GTERI,GTPNR,salto_na_sequencia,61,2000,,,,,,,,,
13262,13274.0,61501.0,61522.0,2025-06-27 09:23:22,2025-06-27 09:43:33,GTERI,GTPNR,salto_na_sequencia,21,2004,,,,,,,,,
13277,13308.0,61525.0,61586.0,2025-06-27 09:43:42,2025-06-27 10:43:50,GTERI,GTPNR,salto_na_sequencia,61,2008,,,,,,,,,
13311,13330.0,61589.0,61624.0,2025-06-27 10:43:58,2025-06-27 11:18:10,GTERI,GTPNR,salto_na_sequencia,35,2012,,,,,,,,,
13333,13357.0,61627.0,61674.0,2025-06-27 11:18:20,2025-06-27 12:04:31,GTERI,GTPNR,salto_na_sequencia,47,2016,,,,,,,,,
13360,13390.0,61677.0,61736.0,2025-06-27 12:04:40,2025-06-27 13:04:29,GTERI,GTERI,salto_na_sequencia,59,2020,,,,,,,,,
13390,13421.0,61736.0,61797.0,2025-06-27 13:04:29,2025-06-27 14:04:29,GTERI,GTERI,salto_na_sequencia,61,2021,,,,,,,,,
13421,13436.0,61797.0,61826.0,2025-06-27 14:04:29,2025-06-27 14:30:56,GTERI,GTPNR,salto_na_sequencia,29,2022,,,,,,,,,
13439,13457.0,61829.0,61864.0,2025-06-27 14:31:05,2025-06-27 15:03:25,GTERI,GTPNR,salto_na_sequencia,35,2026,,,,,,,,,
13460,13490.0,61867.0,61926.0,2025-06-27 15:03:33,2025-06-27 16:03:23,GTERI,GTERI,salto_na_sequencia,59,2030,,,,,,,,,
13490,13500.0,61926.0,61943.0,2025-06-27 16:03:23,2025-06-27 16:17:47,GTERI,GTPNR,salto_na_sequencia,17,2031,,,,,,,,,
13503,13533.0,61946.0,62005.0,2025-06-27 16:17:55,2025-06-27 17:17:45,GTERI,GTERI,salto_na_sequencia,59,2035,,,,,,,,,
13533,13537.0,62005.0,62012.0,2025-06-27 17:17:45,2025-06-27 17:22:10,GTERI,GTPNR,salto_na_sequencia,7,2036,,,,,,,,,
13540,13557.0,62015.0,62048.0,2025-06-27 17:22:18,2025-06-27 17:54:30,GTERI,GTPNR,salto_na_sequencia,33,2040,,,,,,,,,
13560,13575.0,62051.0,62082.0,2025-06-27 17:54:38,2025-06-27 18:23:30,GTERI,GTPNR,salto_na_sequencia,31,2044,,,,,,,,,
13578,13600.0,62085.0,62128.0,2025-06-27 18:23:39,2025-06-27 19:05:50,GTERI,GTPNR,salto_na_sequencia,43,2048,,,,,,,,,
13603,13620.0,62131.0,62162.0,2025-06-27 19:05:58,2025-06-27 19:36:10,GTERI,GTPNR,salto_na_sequencia,31,2052,,,,,,,,,
13623,13653.0,62165.0,62224.0,2025-06-27 19:36:18,2025-06-27 20:36:08,GTERI,GTERI,salto_na_sequencia,59,2056,,,,,,,,,
13653,13684.0,62224.0,62285.0,2025-06-27 20:36:08,2025-06-27 21:36:08,GTERI,GTERI,salto_na_sequencia,61,2057,,,,,,,,,
13684,13688.0,62285.0,62292.0,2025-06-27 21:36:08,2025-06-27 21:40:33,GTERI,GTPNR,salto_na_sequencia,7,2058,,,,,,,,,
13691,13721.0,62295.0,62354.0,2025-06-27 21:40:44,2025-06-27 22:40:31,GTERI,GTERI,salto_na_sequencia,59,2062,,,,,,,,,
13721,13752.0,62354.0,62415.0,2025-06-27 22:40:31,2025-06-27 23:40:31,GTERI,GTERI,salto_na_sequencia,61,2063,,,,,,,,,
13752,13772.0,62415.0,62444.0,2025-06-27 23:40:31,2025-06-28 00:09:00,GTERI,GTPNR,salto_na_sequencia,29,2064,,,,,,,,,
13772,13773.0,62444.0,62447.0,2025-06-28 00:09:00,2025-06-28 00:09:05,GTPNR,GTRTL,salto_na_sequencia,3,2065,,,,,,,,,
13768,,,,2025-06-28 00:09:18,,,,valor_repetido_igual,0,2068,13771.0,62449.0,62449.0,GTASC,GTASC,2025-06-28 00:09:18,2025-06-28 00:09:21,2025-06-28 00:09:28,2069.0
13775,13793.0,62451.0,62486.0,2025-06-28 00:09:27,2025-06-28 00:43:40,GTERI,GTPNR,salto_na_sequencia,35,2071,,,,,,,,,
13796,13826.0,62489.0,62548.0,2025-06-28 00:43:51,2025-06-28 01:43:38,GTERI,GTERI,salto_na_sequencia,59,2075,,,,,,,,,
13826,13857.0,62548.0,62609.0,2025-06-28 01:43:38,2025-06-28 02:43:38,GTERI,GTERI,salto_na_sequencia,61,2076,,,,,,,,,
13857,13888.0,62609.0,62670.0,2025-06-28 02:43:38,2025-06-28 03:43:38,GTERI,GTERI,salto_na_sequencia,61,2077,,,,,,,,,
13888,13919.0,62670.0,62731.0,2025-06-28 03:43:38,2025-06-28 04:43:38,GTERI,GTERI,salto_na_sequencia,61,2078,,,,,,,,,
13919,13950.0,62731.0,62792.0,2025-06-28 04:43:38,2025-06-28 05:43:38,GTERI,GTERI,salto_na_sequencia,61,2079,,,,,,,,,
13950,13981.0,62792.0,62853.0,2025-06-28 05:43:38,2025-06-28 06:43:38,GTERI,GTERI,salto_na_sequencia,61,2080,,,,,,,,,
13981,13995.0,62853.0,62878.0,2025-06-28 06:43:38,2025-06-28 07:06:27,GTERI,GTPNR,salto_na_sequencia,25,2081,,,,,,,,,
13998,14002.0,62881.0,62888.0,2025-06-28 07:06:54,2025-06-28 07:12:45,GTERI,GTPNR,salto_na_sequencia,7,2085,,,,,,,,,
14005,14029.0,62891.0,62938.0,2025-06-28 07:12:59,2025-06-28 07:59:07,GTERI,GTPNR,salto_na_sequencia,47,2089,,,,,,,,,
14032,14062.0,62941.0,63000.0,2025-06-28 07:59:22,2025-06-28 08:56:49,GTERI,GTPNR,salto_na_sequencia,59,2093,,,,,,,,,
14065,14081.0,63003.0,63032.0,2025-06-28 08:57:03,2025-06-28 09:25:09,GTERI,GTPNR,salto_na_sequencia,29,2097,,,,,,,,,
14084,14107.0,63035.0,63080.0,2025-06-28 09:25:37,2025-06-28 10:09:42,GTERI,GTIGN,salto_na_sequencia,45,2101,,,,,,,,,
14116,14118.0,63089.0,63092.0,2025-06-28 10:09:53,2025-06-28 10:11:49,GTIGL,GTIGF,salto_na_sequencia,3,2111,,,,,,,,,
14122,14124.0,63096.0,63099.0,2025-06-28 10:12:36,2025-06-28 10:14:19,GTSTT,GTIGN,salto_na_sequencia,3,2116,,,,,,,,,
14128,14129.0,63103.0,63105.0,2025-06-28 10:14:22,2025-06-28 10:14:23,GTSTT,GTIGN,salto_na_sequencia,2,2121,,,,,,,,,
14130,,,,2025-06-28 10:14:23,,,,valor_repetido_diferente,0,2123,14131.0,63106.0,63106.0,GTSTT,GTIGL,2025-06-28 10:14:23,2025-06-28 10:14:23,2025-06-28 10:14:23,2124.0
14133,14135.0,63108.0,63111.0,2025-06-28 10:14:27,2025-06-28 10:15:52,GTERI,GTIGF,salto_na_sequencia,3,2126,,,,,,,,,
14139,14170.0,63115.0,63176.0,2025-06-28 10:16:34,2025-06-28 11:15:47,GTSTT,GTERI,salto_na_sequencia,61,2131,,,,,,,,,
14170,14201.0,63176.0,63237.0,2025-06-28 11:15:47,2025-06-28 12:15:47,GTERI,GTERI,salto_na_sequencia,61,2132,,,,,,,,,
14201,14232.0,63237.0,63298.0,2025-06-28 12:15:47,2025-06-28 13:15:47,GTERI,GTERI,salto_na_sequencia,61,2133,,,,,,,,,
14232,14263.0,63298.0,63359.0,2025-06-28 13:15:47,2025-06-28 14:15:47,GTERI,GTERI,salto_na_sequencia,61,2134,,,,,,,,,
14263,14296.0,63359.0,63420.0,2025-06-28 14:15:47,2025-06-28 15:15:47,GTERI,GTERI,salto_na_sequencia,61,2135,,,,,,,,,
14296,14327.0,63420.0,63481.0,2025-06-28 15:15:47,2025-06-28 16:15:47,GTERI,GTERI,salto_na_sequencia,61,2136,,,,,,,,,
14327,14342.0,63481.0,63508.0,2025-06-28 16:15:47,2025-06-28 16:41:57,GTERI,GTPNR,salto_na_sequencia,27,2137,,,,,,,,,
14345,14375.0,63511.0,63570.0,2025-06-28 16:42:10,2025-06-28 17:41:55,GTERI,GTERI,salto_na_sequencia,59,2141,,,,,,,,,
14375,14406.0,63570.0,63631.0,2025-06-28 17:41:55,2025-06-28 18:41:55,GTERI,GTERI,salto_na_sequencia,61,2142,,,,,,,,,
14406,14437.0,63631.0,63692.0,2025-06-28 18:41:55,2025-06-28 19:41:55,GTERI,GTERI,salto_na_sequencia,61,2143,,,,,,,,,
14437,14468.0,63692.0,63753.0,2025-06-28 19:41:55,2025-06-28 20:41:55,GTERI,GTERI,salto_na_sequencia,61,2144,,,,,,,,,
14468,,,,2025-06-28 20:41:55,,,,valor_repetido_igual,0,2145,14469.0,63753.0,63753.0,GTERI,GTERI,2025-06-28 20:41:55,2025-06-28 20:41:55,2025-06-28 20:42:15,2146.0
14468,,,,2025-06-28 20:41:55,,,,valor_repetido_igual,0,2145,14470.0,63753.0,63753.0,GTERI,GTERI,2025-06-28 20:41:55,2025-06-28 20:41:55,2025-06-28 20:42:35,2147.0
14468,,,,2025-06-28 20:41:55,,,,valor_repetido_igual,0,2145,14471.0,63753.0,63753.0,GTERI,GTERI,2025-06-28 20:41:55,2025-06-28 20:41:55,2025-06-28 20:42:55,2148.0
14469,,,,2025-06-28 20:41:55,,,,valor_repetido_igual,0,2146,14470.0,63753.0,63753.0,GTERI,GTERI,2025-06-28 20:41:55,2025-06-28 20:42:15,2025-06-28 20:42:35,2147.0
14469,,,,2025-06-28 20:41:55,,,,valor_repetido_igual,0,2146,14471.0,63753.0,63753.0,GTERI,GTERI,2025-06-28 20:41:55,2025-06-28 20:42:15,2025-06-28 20:42:55,2148.0
14470,,,,2025-06-28 20:41:55,,,,valor_repetido_igual,0,2147,14471.0,63753.0,63753.0,GTERI,GTERI,2025-06-28 20:41:55,2025-06-28 20:42:35,2025-06-28 20:42:55,2148.0
14471,14502.0,63753.0,63814.0,2025-06-28 20:41:55,2025-06-28 21:41:55,GTERI,GTERI,salto_na_sequencia,61,2148,,,,,,,,,
14502,14533.0,63814.0,63875.0,2025-06-28 21:41:55,2025-06-28 22:41:55,GTERI,GTERI,salto_na_sequencia,61,2149,,,,,,,,,
14533,14564.0,63875.0,63936.0,2025-06-28 22:41:55,2025-06-28 23:41:55,GTERI,GTERI,salto_na_sequencia,61,2150,,,,,,,,,
14564,14595.0,63936.0,63997.0,2025-06-28 23:41:55,2025-06-29 00:41:55,GTERI,GTERI,salto_na_sequencia,61,2151,,,,,,,,,
14595,14626.0,63997.0,64058.0,2025-06-29 00:41:55,2025-06-29 01:41:55,GTERI,GTERI,salto_na_sequencia,61,2152,,,,,,,,,
14626,14657.0,64058.0,64119.0,2025-06-29 01:41:55,2025-06-29 02:41:55,GTERI,GTERI,salto_na_sequencia,61,2153,,,,,,,,,
14657,14688.0,64119.0,64180.0,2025-06-29 02:41:55,2025-06-29 03:41:55,GTERI,GTERI,salto_na_sequencia,61,2154,,,,,,,,,
14688,14719.0,64180.0,64241.0,2025-06-29 03:41:55,2025-06-29 04:41:55,GTERI,GTERI,salto_na_sequencia,61,2155,,,,,,,,,
14719,14750.0,64241.0,64302.0,2025-06-29 04:41:55,2025-06-29 05:41:55,GTERI,GTERI,salto_na_sequencia,61,2156,,,,,,,,,
14750,14781.0,64302.0,64363.0,2025-06-29 05:41:55,2025-06-29 06:41:55,GTERI,GTERI,salto_na_sequencia,61,2157,,,,,,,,,
14781,14812.0,64363.0,64424.0,2025-06-29 06:41:55,2025-06-29 07:41:55,GTERI,GTERI,salto_na_sequencia,61,2158,,,,,,,,,
14812,14843.0,64424.0,64485.0,2025-06-29 07:41:55,2025-06-29 08:41:55,GTERI,GTERI,salto_na_sequencia,61,2159,,,,,,,,,
14843,14874.0,64485.0,64546.0,2025-06-29 08:41:55,2025-06-29 09:41:55,GTERI,GTERI,salto_na_sequencia,61,2160,,,,,,,,,
14874,14905.0,64546.0,64607.0,2025-06-29 09:41:55,2025-06-29 10:41:55,GTERI,GTERI,salto_na_sequencia,61,2161,,,,,,,,,
14905,14936.0,64607.0,64668.0,2025-06-29 10:41:55,2025-06-29 11:41:55,GTERI,GTERI,salto_na_sequencia,61,2162,,,,,,,,,
14936,14967.0,64668.0,64729.0,2025-06-29 11:41:55,2025-06-29 12:41:55,GTERI,GTERI,salto_na_sequencia,61,2163,,,,,,,,,
14967,14998.0,64729.0,64790.0,2025-06-29 12:41:55,2025-06-29 13:41:55,GTERI,GTERI,salto_na_sequencia,61,2164,,,,,,,,,
14998,15028.0,64790.0,64849.0,2025-06-29 13:41:55,2025-06-29 14:41:55,GTERI,GTERI,salto_na_sequencia,59,2165,,,,,,,,,
15028,15059.0,64849.0,64910.0,2025-06-29 14:41:55,2025-06-29 15:41:55,GTERI,GTERI,salto_na_sequencia,61,2166,,,,,,,,,
15059,15090.0,64910.0,64971.0,2025-06-29 15:41:55,2025-06-29 16:41:55,GTERI,GTERI,salto_na_sequencia,61,2167,,,,,,,,,
15090,15113.0,64971.0,65010.0,2025-06-29 16:41:55,2025-06-29 17:18:28,GTERI,GTPNR,salto_na_sequencia,39,2168,,,,,,,,,
15115,15145.0,65013.0,65072.0,2025-06-29 17:18:36,2025-06-29 18:18:25,GTERI,GTERI,salto_na_sequencia,59,2172,,,,,,,,,
15145,15176.0,65072.0,65133.0,2025-06-29 18:18:25,2025-06-29 19:18:25,GTERI,GTERI,salto_na_sequencia,61,2173,,,,,,,,,
15176,15207.0,65133.0,65194.0,2025-06-29 19:18:25,2025-06-29 20:18:25,GTERI,GTERI,salto_na_sequencia,61,2174,,,,,,,,,
15207,15238.0,65194.0,65255.0,2025-06-29 20:18:25,2025-06-29 21:18:25,GTERI,GTERI,salto_na_sequencia,61,2175,,,,,,,,,
15238,15269.0,65255.0,65316.0,2025-06-29 21:18:25,2025-06-29 22:18:25,GTERI,GTERI,salto_na_sequencia,61,2176,,,,,,,,,
15269,15300.0,65316.0,65377.0,2025-06-29 22:18:25,2025-06-29 23:18:25,GTERI,GTERI,salto_na_sequencia,61,2177,,,,,,,,,
15300,15331.0,65377.0,65438.0,2025-06-29 23:18:25,2025-06-30 00:18:25,GTERI,GTERI,salto_na_sequencia,61,2178,,,,,,,,,
15331,15362.0,65438.0,65499.0,2025-06-30 00:18:25,2025-06-30 01:18:25,GTERI,GTERI,salto_na_sequencia,61,2179,,,,,,,,,
15362,15393.0,65499.0,24.0,2025-06-30 01:18:25,2025-06-30 02:18:25,GTERI,GTERI,reset_de_contagem,-65475,2180,,,,,,,,,
15393,15424.0,24.0,85.0,2025-06-30 02:18:25,2025-06-30 03:18:25,GTERI,GTERI,salto_na_sequencia,61,2181,,,,,,,,,
15424,15455.0,85.0,146.0,2025-06-30 03:18:25,2025-06-30 04:18:25,GTERI,GTERI,salto_na_sequencia,61,2182,,,,,,,,,
15455,15486.0,146.0,207.0,2025-06-30 04:18:25,2025-06-30 05:18:25,GTERI,GTERI,salto_na_sequencia,61,2183,,,,,,,,,
15486,15517.0,207.0,268.0,2025-06-30 05:18:25,2025-06-30 06:18:25,GTERI,GTERI,salto_na_sequencia,61,2184,,,,,,,,,
15517,15548.0,268.0,329.0,2025-06-30 06:18:25,2025-06-30 07:18:25,GTERI,GTERI,salto_na_sequencia,61,2185,,,,,,,,,
15548,15579.0,329.0,390.0,2025-06-30 07:18:25,2025-06-30 08:18:25,GTERI,GTERI,salto_na_sequencia,61,2186,,,,,,,,,
15579,15597.0,390.0,425.0,2025-06-30 08:18:25,2025-06-30 08:51:51,GTERI,GTIGN,salto_na_sequencia,35,2187,,,,,,,,,
15608,15610.0,436.0,439.0,2025-06-30 08:53:19,2025-06-30 08:55:01,GTERI,GTERI,salto_na_sequencia,3,2199,,,,,,,,,
15610,15612.0,439.0,442.0,2025-06-30 08:55:01,2025-06-30 08:57:17,GTERI,GTERI,salto_na_sequencia,3,2200,,,,,,,,,
15612,15614.0,442.0,445.0,2025-06-30 08:57:17,2025-06-30 08:58:01,GTERI,GTERI,salto_na_sequencia,3,2201,,,,,,,,,
15616,15618.0,447.0,450.0,2025-06-30 08:59:09,2025-06-30 09:01:01,GTERI,GTERI,salto_na_sequencia,3,2204,,,,,,,,,
15618,15621.0,450.0,455.0,2025-06-30 09:01:01,2025-06-30 09:04:01,GTERI,GTERI,salto_na_sequencia,5,2205,,,,,,,,,
15628,15630.0,462.0,465.0,2025-06-30 09:05:18,2025-06-30 09:05:20,GTERI,GTERI,salto_na_sequencia,3,2213,,,,,,,,,
15636,15639.0,471.0,476.0,2025-06-30 09:06:48,2025-06-30 09:10:44,GTSTT,GTIGN,salto_na_sequencia,5,2220,,,,,,,,,
15650,15652.0,487.0,490.0,2025-06-30 09:11:20,2025-06-30 09:11:29,GTERI,GTERI,salto_na_sequencia,3,2232,,,,,,,,,
15662,15664.0,500.0,503.0,2025-06-30 09:12:32,2025-06-30 09:13:53,GTERI,GTERI,salto_na_sequencia,3,2243,,,,,,,,,
15664,15666.0,503.0,506.0,2025-06-30 09:13:53,2025-06-30 09:16:01,GTERI,GTERI,salto_na_sequencia,3,2244,,,,,,,,,
15675,15677.0,515.0,518.0,2025-06-30 09:16:53,2025-06-30 09:17:47,GTERI,GTSTT,salto_na_sequencia,3,2254,,,,,,,,,
15685,15687.0,526.0,529.0,2025-06-30 09:18:46,2025-06-30 09:19:25,GTIGL,GTSTT,salto_na_sequencia,3,2263,,,,,,,,,
15687,15717.0,529.0,588.0,2025-06-30 09:19:25,2025-06-30 10:18:41,GTSTT,GTERI,salto_na_sequencia,59,2264,,,,,,,,,
15717,15748.0,588.0,649.0,2025-06-30 10:18:41,2025-06-30 11:18:41,GTERI,GTERI,salto_na_sequencia,61,2265,,,,,,,,,
15748,15764.0,649.0,680.0,2025-06-30 11:18:41,2025-06-30 11:47:58,GTERI,GTIGN,salto_na_sequencia,31,2266,,,,,,,,,
15787,15789.0,703.0,706.0,2025-06-30 11:48:43,2025-06-30 11:51:21,GTERI,GTERI,salto_na_sequencia,3,2290,,,,,,,,,
15791,15793.0,708.0,711.0,2025-06-30 11:51:29,2025-06-30 11:51:32,GTERI,GTERI,salto_na_sequencia,3,2293,,,,,,,,,
15801,15803.0,719.0,722.0,2025-06-30 11:52:46,2025-06-30 11:54:46,GTERI,GTERI,salto_na_sequencia,3,2302,,,,,,,,,
15804,15806.0,723.0,726.0,2025-06-30 11:54:58,2025-06-30 11:56:42,GTERI,GTERI,salto_na_sequencia,3,2304,,,,,,,,,
15813,15815.0,733.0,736.0,2025-06-30 11:57:13,2025-06-30 11:57:46,GTERI,GTERI,salto_na_sequencia,3,2312,,,,,,,,,
15824,15826.0,745.0,748.0,2025-06-30 11:59:02,2025-06-30 12:00:03,GTIGL,GTSTT,salto_na_sequencia,3,2322,,,,,,,,,
15826,15838.0,748.0,771.0,2025-06-30 12:00:03,2025-06-30 12:23:03,GTSTT,GTIGN,salto_na_sequencia,23,2323,,,,,,,,,
15847,15849.0,780.0,783.0,2025-06-30 12:23:13,2025-06-30 12:23:38,GTIGL,GTIGF,salto_na_sequencia,3,2333,,,,,,,,,
15868,15870.0,802.0,805.0,2025-06-30 12:25:18,2025-06-30 12:26:31,GTERI,GTERI,salto_na_sequencia,3,2353,,,,,,,,,
15872,15874.0,807.0,810.0,2025-06-30 12:27:31,2025-06-30 12:29:21,GTERI,GTERI,salto_na_sequencia,3,2356,,,,,,,,,
15874,15876.0,810.0,813.0,2025-06-30 12:29:21,2025-06-30 12:29:34,GTERI,GTERI,salto_na_sequencia,3,2357,,,,,,,,,
15883,15885.0,820.0,823.0,2025-06-30 12:31:06,2025-06-30 12:32:05,GTERI,GTERI,salto_na_sequencia,3,2365,,,,,,,,,
15888,15891.0,826.0,831.0,2025-06-30 12:32:50,2025-06-30 12:35:50,GTERI,GTERI,salto_na_sequencia,5,2369,,,,,,,,,
15898,15900.0,838.0,841.0,2025-06-30 12:37:19,2025-06-30 12:38:50,GTERI,GTERI,salto_na_sequencia,3,2377,,,,,,,,,
15902,15904.0,843.0,846.0,2025-06-30 12:39:14,2025-06-30 12:40:55,GTERI,GTERI,salto_na_sequencia,3,2380,,,,,,,,,
15905,15907.0,847.0,850.0,2025-06-30 12:40:57,2025-06-30 12:41:50,GTERI,GTERI,salto_na_sequencia,3,2382,,,,,,,,,
15907,15909.0,850.0,853.0,2025-06-30 12:41:50,2025-06-30 12:44:07,GTERI,GTERI,salto_na_sequencia,3,2383,,,,,,,,,
15915,15922.0,859.0,872.0,2025-06-30 12:45:28,2025-06-30 12:55:49,GTSTT,GTIGN,salto_na_sequencia,13,2390,,,,,,,,,
15937,,,,2025-06-30 12:57:17,,,,valor_repetido_igual,0,2406,15938.0,887.0,887.0,GTERI,GTERI,2025-06-30 12:57:17,2025-06-30 12:57:17,2025-06-30 12:57:37,2407.0
15938,15940.0,887.0,890.0,2025-06-30 12:57:17,2025-06-30 12:57:34,GTERI,GTERI,salto_na_sequencia,3,2407,,,,,,,,,
15952,15954.0,902.0,905.0,2025-06-30 12:59:21,2025-06-30 13:00:02,GTERI,GTERI,salto_na_sequencia,3,2420,,,,,,,,,
15958,15960.0,909.0,912.0,2025-06-30 13:01:33,2025-06-30 13:01:49,GTERI,GTERI,salto_na_sequencia,3,2425,,,,,,,,,
15962,15964.0,914.0,917.0,2025-06-30 13:02:29,2025-06-30 13:03:52,GTERI,GTERI,salto_na_sequencia,3,2428,,,,,,,,,
15973,15980.0,926.0,939.0,2025-06-30 13:05:36,2025-06-30 13:16:03,GTSTT,GTIGN,salto_na_sequencia,13,2438,,,,,,,,,
15989,15991.0,948.0,951.0,2025-06-30 13:16:13,2025-06-30 13:17:51,GTIGL,GTERI,salto_na_sequencia,3,2448,,,,,,,,,
16001,16003.0,961.0,964.0,2025-06-30 13:19:27,2025-06-30 13:20:09,GTERI,GTERI,salto_na_sequencia,3,2459,,,,,,,,,
16015,16017.0,976.0,979.0,2025-06-30 13:21:32,2025-06-30 13:21:41,GTERI,GTERI,salto_na_sequencia,3,2472,,,,,,,,,
16023,16055.0,985.0,1046.0,2025-06-30 13:23:01,2025-06-30 14:22:22,GTSTT,GTERI,salto_na_sequencia,61,2479,,,,,,,,,
16055,16086.0,1046.0,1107.0,2025-06-30 14:22:22,2025-06-30 15:22:22,GTERI,GTERI,salto_na_sequencia,61,2480,,,,,,,,,
16086,16117.0,1107.0,1168.0,2025-06-30 15:22:22,2025-06-30 16:22:22,GTERI,GTERI,salto_na_sequencia,61,2481,,,,,,,,,
16117,16148.0,1168.0,1229.0,2025-06-30 16:22:22,2025-06-30 17:22:22,GTERI,GTERI,salto_na_sequencia,61,2482,,,,,,,,,
16148,16179.0,1229.0,1290.0,2025-06-30 17:22:22,2025-06-30 18:22:22,GTERI,GTERI,salto_na_sequencia,61,2483,,,,,,,,,
16179,16210.0,1290.0,1351.0,2025-06-30 18:22:22,2025-06-30 19:22:22,GTERI,GTERI,salto_na_sequencia,61,2484,,,,,,,,,
16210,16241.0,1351.0,1412.0,2025-06-30 19:22:22,2025-06-30 20:22:22,GTERI,GTERI,salto_na_sequencia,61,2485,,,,,,,,,
16241,16272.0,1412.0,1473.0,2025-06-30 20:22:22,2025-06-30 21:22:22,GTERI,GTERI,salto_na_sequencia,61,2486,,,,,,,,,
16272,16303.0,1473.0,1534.0,2025-06-30 21:22:22,2025-06-30 22:22:22,GTERI,GTERI,salto_na_sequencia,61,2487,,,,,,,,,
16303,16334.0,1534.0,1595.0,2025-06-30 22:22:22,2025-06-30 23:22:22,GTERI,GTERI,salto_na_sequencia,61,2488,,,,,,,,,
16334,16365.0,1595.0,1655.0,2025-06-30 23:22:22,2025-07-01 00:22:22,GTERI,GTERI,salto_na_sequencia,60,2489,,,,,,,,,
16365,16396.0,1655.0,1716.0,2025-07-01 00:22:22,2025-07-01 01:22:22,GTERI,GTERI,salto_na_sequencia,61,2490,,,,,,,,,
16396,16427.0,1716.0,1777.0,2025-07-01 01:22:22,2025-07-01 02:22:22,GTERI,GTERI,salto_na_sequencia,61,2491,,,,,,,,,
16427,16457.0,1777.0,1837.0,2025-07-01 02:22:22,2025-07-01 03:22:22,GTERI,GTERI,salto_na_sequencia,60,2492,,,,,,,,,
16457,16488.0,1837.0,1898.0,2025-07-01 03:22:22,2025-07-01 04:22:22,GTERI,GTERI,salto_na_sequencia,61,2493,,,,,,,,,
16488,16519.0,1898.0,1959.0,2025-07-01 04:22:22,2025-07-01 05:22:22,GTERI,GTERI,salto_na_sequencia,61,2494,,,,,,,,,
16519,16550.0,1959.0,2020.0,2025-07-01 05:22:22,2025-07-01 06:22:22,GTERI,GTERI,salto_na_sequencia,61,2495,,,,,,,,,
16550,16581.0,2020.0,2081.0,2025-07-01 06:22:22,2025-07-01 07:22:22,GTERI,GTERI,salto_na_sequencia,61,2496,,,,,,,,,
16581,16612.0,2081.0,2142.0,2025-07-01 07:22:22,2025-07-01 08:22:22,GTERI,GTERI,salto_na_sequencia,61,2497,,,,,,,,,
16612,16643.0,2142.0,2203.0,2025-07-01 08:22:22,2025-07-01 09:22:22,GTERI,GTERI,salto_na_sequencia,61,2498,,,,,,,,,
16643,16645.0,2203.0,2206.0,2025-07-01 09:22:22,2025-07-01 09:23:29,GTERI,GTSTT,salto_na_sequencia,3,2499,,,,,,,,,
16646,16648.0,2207.0,2210.0,2025-07-01 09:23:39,2025-07-01 09:26:40,GTSTT,GTSTT,salto_na_sequencia,3,2501,,,,,,,,,
16648,16650.0,2210.0,2213.0,2025-07-01 09:26:40,2025-07-01 09:26:57,GTSTT,GTSTT,salto_na_sequencia,3,2502,,,,,,,,,
16650,16655.0,2213.0,2221.0,2025-07-01 09:26:57,2025-07-01 09:34:52,GTSTT,GTIGN,salto_na_sequencia,8,2503,,,,,,,,,
16656,16657.0,2222.0,2224.0,2025-07-01 09:34:52,2025-07-01 09:34:56,GTSTT,GTIGF,salto_na_sequencia,2,2505,,,,,,,,,
16682,16684.0,2249.0,2252.0,2025-07-01 09:36:30,2025-07-01 09:37:45,GTIGL,GTSTT,salto_na_sequencia,3,2531,,,,,,,,,
16684,16714.0,2252.0,2311.0,2025-07-01 09:37:45,2025-07-01 10:36:24,GTSTT,GTERI,salto_na_sequencia,59,2532,,,,,,,,,
16714,16745.0,2311.0,2372.0,2025-07-01 10:36:24,2025-07-01 11:36:24,GTERI,GTERI,salto_na_sequencia,61,2533,,,,,,,,,
16745,16776.0,2372.0,2433.0,2025-07-01 11:36:24,2025-07-01 12:36:24,GTERI,GTERI,salto_na_sequencia,61,2534,,,,,,,,,
16776,16807.0,2433.0,2494.0,2025-07-01 12:36:24,2025-07-01 13:36:24,GTERI,GTERI,salto_na_sequencia,61,2535,,,,,,,,,
16807,16838.0,2494.0,2555.0,2025-07-01 13:36:24,2025-07-01 14:36:24,GTERI,GTERI,salto_na_sequencia,61,2536,,,,,,,,,
16838,16865.0,2555.0,2608.0,2025-07-01 14:36:24,2025-07-01 15:27:39,GTERI,GTIGN,salto_na_sequencia,53,2537,,,,,,,,,
16924,16925.0,2666.0,2669.0,2025-07-01 15:29:03,2025-07-01 15:29:34,GTIGL,GTIGN,salto_na_sequencia,3,2596,,,,,,,,,
16933,16961.0,2677.0,2732.0,2025-07-01 15:30:52,2025-07-01 16:23:40,GTSTT,GTIGN,salto_na_sequencia,55,2605,,,,,,,,,
16971,16973.0,2742.0,2744.0,2025-07-01 16:24:13,2025-07-01 16:25:10,GTERI,GTERI,salto_na_sequencia,2,2616,,,,,,,,,
16978,16979.0,2749.0,2751.0,2025-07-01 16:25:25,2025-07-01 16:25:27,GTERI,GTERI,salto_na_sequencia,2,2622,,,,,,,,,
16992,16994.0,2764.0,2766.0,2025-07-01 16:27:08,2025-07-01 16:27:09,GTSTT,GTERI,salto_na_sequencia,2,2636,,,,,,,,,
16995,16996.0,2767.0,2769.0,2025-07-01 16:27:09,2025-07-01 16:28:00,GTIGL,GTSTT,salto_na_sequencia,2,2638,,,,,,,,,
16996,16998.0,2769.0,2771.0,2025-07-01 16:28:00,2025-07-01 16:29:12,GTSTT,GTIGN,salto_na_sequencia,2,2639,,,,,,,,,
17001,17002.0,2774.0,2776.0,2025-07-01 16:29:17,2025-07-01 16:30:46,GTERI,GTIGF,salto_na_sequencia,2,2643,,,,,,,,,
17013,17015.0,2787.0,2790.0,2025-07-01 16:30:57,2025-07-01 16:31:36,GTIGL,GTSTT,salto_na_sequencia,3,2655,,,,,,,,,
17015,17032.0,2790.0,2823.0,2025-07-01 16:31:36,2025-07-01 17:05:02,GTSTT,GTIGN,salto_na_sequencia,33,2656,,,,,,,,,
17038,17039.0,2828.0,2830.0,2025-07-01 17:05:04,2025-07-01 17:05:13,GTSTT,GTERI,salto_na_sequencia,2,2662,,,,,,,,,
17042,17044.0,2833.0,2837.0,2025-07-01 17:05:13,2025-07-01 17:08:12,GTIGL,GTERI,salto_na_sequencia,4,2666,,,,,,,,,
17044,17047.0,2837.0,2841.0,2025-07-01 17:08:12,2025-07-01 17:11:12,GTERI,GTERI,salto_na_sequencia,4,2667,,,,,,,,,
17047,17048.0,2841.0,2843.0,2025-07-01 17:11:12,2025-07-01 17:11:36,GTERI,GTERI,salto_na_sequencia,2,2668,,,,,,,,,
17049,17051.0,2844.0,2846.0,2025-07-01 17:13:10,2025-07-01 17:13:17,GTERI,GTERI,salto_na_sequencia,2,2670,,,,,,,,,
17052,17053.0,2847.0,2849.0,2025-07-01 17:13:19,2025-07-01 17:13:33,GTERI,GTERI,salto_na_sequencia,2,2672,,,,,,,,,
17063,17065.0,2859.0,2861.0,2025-07-01 17:15:11,2025-07-01 17:15:21,GTERI,GTERI,salto_na_sequencia,2,2683,,,,,,,,,
17066,17067.0,2862.0,2864.0,2025-07-01 17:15:24,2025-07-01 17:15:38,GTERI,GTERI,salto_na_sequencia,2,2685,,,,,,,,,
17068,17070.0,2865.0,2867.0,2025-07-01 17:15:40,2025-07-01 17:17:12,GTERI,GTERI,salto_na_sequencia,2,2687,,,,,,,,,
17071,17072.0,2868.0,2870.0,2025-07-01 17:17:19,2025-07-01 17:18:03,GTERI,GTERI,salto_na_sequencia,2,2689,,,,,,,,,
17073,17075.0,2871.0,2873.0,2025-07-01 17:18:11,2025-07-01 17:19:22,GTERI,GTERI,salto_na_sequencia,2,2691,,,,,,,,,
17075,17076.0,2873.0,2875.0,2025-07-01 17:19:22,2025-07-01 17:19:45,GTERI,GTERI,salto_na_sequencia,2,2692,,,,,,,,,
17092,17094.0,2891.0,2894.0,2025-07-01 17:21:04,2025-07-01 17:21:55,GTERI,GTIGF,salto_na_sequencia,3,2709,,,,,,,,,
17098,17104.0,2898.0,2909.0,2025-07-01 17:22:47,2025-07-01 17:32:46,GTSTT,GTIGN,salto_na_sequencia,11,2714,,,,,,,,,
17115,17118.0,2920.0,2925.0,2025-07-01 17:33:12,2025-07-01 17:36:07,GTERI,GTERI,salto_na_sequencia,5,2726,,,,,,,,,
17128,17130.0,2935.0,2938.0,2025-07-01 17:37:36,2025-07-01 17:37:51,GTERI,GTERI,salto_na_sequencia,3,2737,,,,,,,,,
17137,17139.0,2945.0,2948.0,2025-07-01 17:39:17,2025-07-01 17:40:43,GTERI,GTERI,salto_na_sequencia,3,2745,,,,,,,,,
17139,17141.0,2948.0,2951.0,2025-07-01 17:40:43,2025-07-01 17:42:12,GTERI,GTERI,salto_na_sequencia,3,2746,,,,,,,,,
17143,17145.0,2953.0,2956.0,2025-07-01 17:42:53,2025-07-01 17:45:12,GTERI,GTERI,salto_na_sequencia,3,2749,,,,,,,,,
17145,17147.0,2956.0,2959.0,2025-07-01 17:45:12,2025-07-01 17:47:19,GTERI,GTERI,salto_na_sequencia,3,2750,,,,,,,,,
17153,17155.0,2965.0,2968.0,2025-07-01 17:47:41,2025-07-01 17:48:12,GTERI,GTERI,salto_na_sequencia,3,2757,,,,,,,,,
17155,17157.0,2968.0,2971.0,2025-07-01 17:48:12,2025-07-01 17:51:09,GTERI,GTERI,salto_na_sequencia,3,2758,,,,,,,,,
17159,17161.0,2973.0,2976.0,2025-07-01 17:51:23,2025-07-01 17:52:14,GTERI,GTERI,salto_na_sequencia,3,2761,,,,,,,,,
17170,17172.0,2985.0,2988.0,2025-07-01 17:53:32,2025-07-01 17:54:12,GTERI,GTERI,salto_na_sequencia,3,2771,,,,,,,,,
17181,17183.0,2997.0,3000.0,2025-07-01 17:55:39,2025-07-01 17:55:47,GTERI,GTERI,salto_na_sequencia,3,2781,,,,,,,,,
17194,17196.0,3011.0,3014.0,2025-07-01 17:57:42,2025-07-01 17:58:23,GTIGL,GTSTT,salto_na_sequencia,3,2793,,,,,,,,,
17196,17213.0,3014.0,3047.0,2025-07-01 17:58:23,2025-07-01 18:30:22,GTSTT,GTIGN,salto_na_sequencia,33,2794,,,,,,,,,
17224,17226.0,3058.0,3061.0,2025-07-01 18:31:37,2025-07-01 18:31:52,GTERI,GTERI,salto_na_sequencia,3,2806,,,,,,,,,
17236,17238.0,3071.0,3074.0,2025-07-01 18:33:33,2025-07-01 18:34:43,GTERI,GTERI,salto_na_sequencia,3,2817,,,,,,,,,
17238,17240.0,3074.0,3077.0,2025-07-01 18:34:43,2025-07-01 18:36:33,GTERI,GTERI,salto_na_sequencia,3,2818,,,,,,,,,
17240,17242.0,3077.0,3080.0,2025-07-01 18:36:33,2025-07-01 18:36:58,GTERI,GTPNR,salto_na_sequencia,3,2819,,,,,,,,,
17251,17253.0,3089.0,3092.0,2025-07-01 18:37:54,2025-07-01 18:39:11,GTERI,GTERI,salto_na_sequencia,3,2829,,,,,,,,,
17255,17257.0,3094.0,3097.0,2025-07-01 18:40:23,2025-07-01 18:41:52,GTERI,GTERI,salto_na_sequencia,3,2832,,,,,,,,,
17258,17260.0,3098.0,3101.0,2025-07-01 18:42:20,2025-07-01 18:43:06,GTERI,GTERI,salto_na_sequencia,3,2834,,,,,,,,,
17260,,,,2025-07-01 18:43:06,,,,valor_repetido_igual,0,2835,17261.0,3101.0,3101.0,GTERI,GTERI,2025-07-01 18:43:06,2025-07-01 18:43:08,2025-07-01 18:43:26,2836.0
17263,17265.0,3103.0,3106.0,2025-07-01 18:43:55,2025-07-01 18:45:10,GTERI,GTERI,salto_na_sequencia,3,2838,,,,,,,,,
17271,17273.0,3112.0,3115.0,2025-07-01 18:46:45,2025-07-01 18:47:31,GTERI,GTERI,salto_na_sequencia,3,2845,,,,,,,,,
17281,17283.0,3123.0,3126.0,2025-07-01 18:48:35,2025-07-01 18:50:25,GTERI,GTIGF,salto_na_sequencia,3,2854,,,,,,,,,
17294,17296.0,3137.0,3140.0,2025-07-01 18:50:40,2025-07-01 18:51:20,GTIGL,GTIGN,salto_na_sequencia,3,2866,,,,,,,,,
17312,17317.0,3156.0,3159.0,2025-07-01 18:51:54,2025-07-01 18:53:35,GTERI,GTIGF,salto_na_sequencia,3,2883,,,,,,,,,
17316,17325.0,3165.0,3168.0,2025-07-01 19:51:56,2025-07-01 19:53:48,GTPFR,GTPNR,salto_na_sequencia,3,2890,,,,,,,,,
17327,17328.0,3171.0,3173.0,2025-07-01 19:56:20,2025-07-01 20:53:47,GTERI,GTERI,salto_na_sequencia,2,2894,,,,,,,,,
17324,17332.0,3175.0,3178.0,2025-07-01 20:54:48,2025-07-01 20:56:40,GTPFR,GTPNR,salto_na_sequencia,3,2897,,,,,,,,,
17334,17335.0,3181.0,3183.0,2025-07-01 20:59:12,2025-07-01 21:56:39,GTERI,GTERI,salto_na_sequencia,2,2901,,,,,,,,,
17331,17339.0,3185.0,3188.0,2025-07-01 21:58:04,2025-07-01 21:59:56,GTPFR,GTPNR,salto_na_sequencia,3,2904,,,,,,,,,
17341,17342.0,3191.0,3193.0,2025-07-01 22:02:28,2025-07-01 22:59:55,GTERI,GTERI,salto_na_sequencia,2,2908,,,,,,,,,
17338,17346.0,3195.0,3198.0,2025-07-01 23:01:04,2025-07-01 23:02:56,GTPFR,GTPNR,salto_na_sequencia,3,2911,,,,,,,,,
17348,17349.0,3201.0,3203.0,2025-07-01 23:05:28,2025-07-02 00:02:55,GTERI,GTERI,salto_na_sequencia,2,2915,,,,,,,,,
17345,17353.0,3205.0,3208.0,2025-07-02 00:04:07,2025-07-02 00:05:59,GTPFR,GTPNR,salto_na_sequencia,3,2918,,,,,,,,,
17355,17356.0,3211.0,3213.0,2025-07-02 00:08:31,2025-07-02 01:05:58,GTERI,GTERI,salto_na_sequencia,2,2922,,,,,,,,,
17352,17360.0,3215.0,3218.0,2025-07-02 01:06:58,2025-07-02 01:08:51,GTPFR,GTPNR,salto_na_sequencia,3,2925,,,,,,,,,
17362,17363.0,3221.0,3223.0,2025-07-02 01:11:23,2025-07-02 02:08:50,GTERI,GTERI,salto_na_sequencia,2,2929,,,,,,,,,
17367,17365.0,3226.0,3229.0,2025-07-02 02:11:43,2025-07-02 02:12:08,GTPNR,GTASC,salto_na_sequencia,3,2933,,,,,,,,,
17369,17370.0,3231.0,3233.0,2025-07-02 02:14:15,2025-07-02 03:12:07,GTERI,GTERI,salto_na_sequencia,2,2936,,,,,,,,,
17366,17374.0,3235.0,3238.0,2025-07-02 03:12:41,2025-07-02 03:14:33,GTPFR,GTPNR,salto_na_sequencia,3,2939,,,,,,,,,
17376,17377.0,3241.0,3243.0,2025-07-02 03:17:05,2025-07-02 04:14:32,GTERI,GTERI,salto_na_sequencia,2,2943,,,,,,,,,
17381,17379.0,3246.0,3249.0,2025-07-02 04:18:13,2025-07-02 04:18:30,GTPNR,GTASC,salto_na_sequencia,3,2947,,,,,,,,,
17383,17384.0,3251.0,3253.0,2025-07-02 04:20:45,2025-07-02 05:18:27,GTERI,GTERI,salto_na_sequencia,2,2950,,,,,,,,,
17380,17388.0,3255.0,3258.0,2025-07-02 05:19:13,2025-07-02 05:21:06,GTPFR,GTPNR,salto_na_sequencia,3,2953,,,,,,,,,
17390,17391.0,3261.0,3263.0,2025-07-02 05:23:38,2025-07-02 06:21:05,GTERI,GTERI,salto_na_sequencia,2,2957,,,,,,,,,
17387,17395.0,3265.0,3268.0,2025-07-02 06:22:10,2025-07-02 06:24:02,GTPFR,GTPNR,salto_na_sequencia,3,2960,,,,,,,,,
17397,17398.0,3271.0,3273.0,2025-07-02 06:26:34,2025-07-02 07:24:01,GTERI,GTERI,salto_na_sequencia,2,2964,,,,,,,,,
17400,17315.0,3276.0,3279.0,2025-07-02 07:27:21,2025-07-02 07:27:46,GTPNR,GTASC,salto_na_sequencia,3,2968,,,,,,,,,
17416,17419.0,3296.0,3301.0,2025-07-02 07:54:51,2025-07-02 07:57:51,GTERI,GTERI,salto_na_sequencia,5,2986,,,,,,,,,
17420,17422.0,3302.0,3305.0,2025-07-02 07:59:14,2025-07-02 08:00:05,GTERI,GTERI,salto_na_sequencia,3,2988,,,,,,,,,
17424,17426.0,3307.0,3310.0,2025-07-02 08:00:51,2025-07-02 08:01:30,GTERI,GTERI,salto_na_sequencia,3,2991,,,,,,,,,
17432,17434.0,3316.0,3319.0,2025-07-02 08:03:29,2025-07-02 08:03:34,GTERI,GTERI,salto_na_sequencia,3,2998,,,,,,,,,
17436,17438.0,3321.0,3324.0,2025-07-02 08:03:51,2025-07-02 08:06:51,GTERI,GTERI,salto_na_sequencia,3,3001,,,,,,,,,
17438,17441.0,3324.0,3329.0,2025-07-02 08:06:51,2025-07-02 08:09:51,GTERI,GTERI,salto_na_sequencia,5,3002,,,,,,,,,
17442,17444.0,3330.0,3333.0,2025-07-02 08:11:15,2025-07-02 08:12:51,GTERI,GTERI,salto_na_sequencia,3,3004,,,,,,,,,
17444,17446.0,3333.0,3336.0,2025-07-02 08:12:51,2025-07-02 08:13:40,GTERI,GTERI,salto_na_sequencia,3,3005,,,,,,,,,
17455,17457.0,3345.0,3348.0,2025-07-02 08:15:07,2025-07-02 08:15:51,GTERI,GTERI,salto_na_sequencia,3,3015,,,,,,,,,
17457,17459.0,3348.0,3351.0,2025-07-02 08:15:51,2025-07-02 08:18:43,GTERI,GTSTT,salto_na_sequencia,3,3016,,,,,,,,,
17461,17463.0,3353.0,3356.0,2025-07-02 08:18:51,2025-07-02 08:19:44,GTERI,GTIGF,salto_na_sequencia,3,3019,,,,,,,,,
17467,17470.0,3360.0,3365.0,2025-07-02 08:20:19,2025-07-02 08:24:28,GTSTT,GTIGN,salto_na_sequencia,5,3024,,,,,,,,,
17480,17482.0,3375.0,3378.0,2025-07-02 08:24:36,2025-07-02 08:25:58,GTERI,GTERI,salto_na_sequencia,3,3035,,,,,,,,,
17490,17492.0,3386.0,3389.0,2025-07-02 08:27:30,2025-07-02 08:27:56,GTIGL,GTIGN,salto_na_sequencia,3,3044,,,,,,,,,
17506,17508.0,3403.0,3406.0,2025-07-02 08:29:30,2025-07-02 08:29:35,GTERI,GTERI,salto_na_sequencia,3,3059,,,,,,,,,
17514,17518.0,3412.0,3415.0,2025-07-02 08:31:07,2025-07-02 08:32:36,GTERI,GTERI,salto_na_sequencia,3,3066,,,,,,,,,
17520,17521.0,3418.0,3421.0,2025-07-02 08:32:55,2025-07-02 08:33:37,GTERI,GTERI,salto_na_sequencia,3,3070,,,,,,,,,
17522,17524.0,3422.0,3425.0,2025-07-02 08:34:09,2025-07-02 08:36:08,GTERI,GTERI,salto_na_sequencia,3,3072,,,,,,,,,
17524,17526.0,3425.0,3428.0,2025-07-02 08:36:08,2025-07-02 08:37:09,GTERI,GTERI,salto_na_sequencia,3,3073,,,,,,,,,
17528,17530.0,3430.0,3433.0,2025-07-02 08:39:05,2025-07-02 08:39:09,GTERI,GTERI,salto_na_sequencia,3,3076,,,,,,,,,
17537,17540.0,3440.0,3445.0,2025-07-02 08:40:09,2025-07-02 08:43:09,GTERI,GTERI,salto_na_sequencia,5,3084,,,,,,,,,
17541,17544.0,3446.0,3449.0,2025-07-02 08:44:19,2025-07-02 08:45:08,GTASC,GTPDP,salto_na_sequencia,3,3086,,,,,,,,,
17546,17549.0,3451.0,3456.0,2025-07-02 08:46:09,2025-07-02 08:48:40,GTPDP,GTPDP,salto_na_sequencia,5,3089,,,,,,,,,
17552,17554.0,3459.0,3462.0,2025-07-02 08:50:40,2025-07-02 08:51:29,GTERI,GTERI,salto_na_sequencia,3,3093,,,,,,,,,
17555,17557.0,3463.0,3466.0,2025-07-02 08:52:10,2025-07-02 08:54:50,GTERI,GTERI,salto_na_sequencia,3,3095,,,,,,,,,
17558,17561.0,3467.0,3472.0,2025-07-02 08:55:10,2025-07-02 08:57:40,GTERI,GTERI,salto_na_sequencia,5,3097,,,,,,,,,
17562,17564.0,3473.0,3476.0,2025-07-02 08:58:10,2025-07-02 09:01:10,GTERI,GTERI,salto_na_sequencia,3,3099,,,,,,,,,
17564,17566.0,3476.0,3479.0,2025-07-02 09:01:10,2025-07-02 09:01:46,GTERI,GTERI,salto_na_sequencia,3,3100,,,,,,,,,
17567,17569.0,3480.0,3483.0,2025-07-02 09:02:09,2025-07-02 09:03:29,GTERI,GTERI,salto_na_sequencia,3,3102,,,,,,,,,
17570,17572.0,3484.0,3487.0,2025-07-02 09:04:10,2025-07-02 09:05:30,GTERI,GTERI,salto_na_sequencia,3,3104,,,,,,,,,
17574,17576.0,3489.0,3492.0,2025-07-02 09:07:10,2025-07-02 09:07:49,GTERI,GTERI,salto_na_sequencia,3,3107,,,,,,,,,
17577,17579.0,3493.0,3496.0,2025-07-02 09:09:06,2025-07-02 09:10:10,GTERI,GTERI,salto_na_sequencia,3,3109,,,,,,,,,
17579,,,,2025-07-02 09:10:10,,,,valor_repetido_igual,0,3110,17580.0,3496.0,3496.0,GTERI,GTERI,2025-07-02 09:10:10,2025-07-02 09:10:10,2025-07-02 09:10:38,3111.0
17581,17583.0,3497.0,3500.0,2025-07-02 09:10:40,2025-07-02 09:12:12,GTERI,GTPDP,salto_na_sequencia,3,3112,,,,,,,,,
17584,17586.0,3501.0,3504.0,2025-07-02 09:13:10,2025-07-02 09:15:24,GTERI,GTERI,salto_na_sequencia,3,3114,,,,,,,,,
17587,17591.0,3505.0,3510.0,2025-07-02 09:16:10,2025-07-02 09:19:10,GTERI,GTERI,salto_na_sequencia,5,3116,,,,,,,,,
17592,17594.0,3512.0,3515.0,2025-07-02 09:19:27,2025-07-02 09:22:10,GTERI,GTERI,salto_na_sequencia,3,3119,,,,,,,,,
17596,17598.0,3517.0,3520.0,2025-07-02 09:23:24,2025-07-02 09:25:10,GTERI,GTERI,salto_na_sequencia,3,3122,,,,,,,,,
17598,17600.0,3520.0,3523.0,2025-07-02 09:25:10,2025-07-02 09:25:54,GTERI,GTERI,salto_na_sequencia,3,3123,,,,,,,,,
17601,17603.0,3524.0,3527.0,2025-07-02 09:27:14,2025-07-02 09:28:10,GTERI,GTERI,salto_na_sequencia,3,3125,,,,,,,,,
17608,17610.0,3532.0,3535.0,2025-07-02 09:29:51,2025-07-02 09:31:10,GTERI,GTERI,salto_na_sequencia,3,3131,,,,,,,,,
17610,17612.0,3535.0,3538.0,2025-07-02 09:31:10,2025-07-02 09:32:19,GTERI,GTERI,salto_na_sequencia,3,3132,,,,,,,,,
17612,17614.0,3538.0,3541.0,2025-07-02 09:32:19,2025-07-02 09:34:10,GTERI,GTERI,salto_na_sequencia,3,3133,,,,,,,,,
17614,17616.0,3541.0,3544.0,2025-07-02 09:34:10,2025-07-02 09:37:10,GTERI,GTERI,salto_na_sequencia,3,3134,,,,,,,,,
17617,17619.0,3545.0,3548.0,2025-07-02 09:37:27,2025-07-02 09:39:15,GTERI,GTERI,salto_na_sequencia,3,3136,,,,,,,,,
17621,17623.0,3550.0,3553.0,2025-07-02 09:39:51,2025-07-02 09:39:57,GTERI,GTERI,salto_na_sequencia,3,3139,,,,,,,,,
17626,17628.0,3556.0,3559.0,2025-07-02 09:41:35,2025-07-02 09:43:09,GTERI,GTERI,salto_na_sequencia,3,3143,,,,,,,,,
17630,17632.0,3561.0,3564.0,2025-07-02 09:43:11,2025-07-02 09:44:04,GTERI,GTERI,salto_na_sequencia,3,3146,,,,,,,,,
17634,17636.0,3566.0,3569.0,2025-07-02 09:44:46,2025-07-02 09:46:10,GTERI,GTERI,salto_na_sequencia,3,3149,,,,,,,,,
17641,17643.0,3574.0,3577.0,2025-07-02 09:47:17,2025-07-02 09:48:42,GTERI,GTSTT,salto_na_sequencia,3,3155,,,,,,,,,
17650,17652.0,3583.0,3586.0,2025-07-02 09:49:10,2025-07-02 09:50:19,GTERI,GTERI,salto_na_sequencia,3,3162,,,,,,,,,
17655,17657.0,3589.0,3592.0,2025-07-02 09:51:45,2025-07-02 09:51:57,GTERI,GTERI,salto_na_sequencia,3,3166,,,,,,,,,
17660,17662.0,3595.0,3598.0,2025-07-02 09:53:35,2025-07-02 09:55:10,GTERI,GTERI,salto_na_sequencia,3,3170,,,,,,,,,
17662,17664.0,3598.0,3601.0,2025-07-02 09:55:10,2025-07-02 09:56:01,GTERI,GTERI,salto_na_sequencia,3,3171,,,,,,,,,
17675,17677.0,3612.0,3615.0,2025-07-02 09:57:54,2025-07-02 09:58:01,GTERI,GTERI,salto_na_sequencia,3,3183,,,,,,,,,
17680,17682.0,3618.0,3621.0,2025-07-02 09:59:35,2025-07-02 09:59:58,GTSTT,GTSTT,salto_na_sequencia,3,3187,,,,,,,,,
17685,17688.0,3624.0,3629.0,2025-07-02 10:01:10,2025-07-02 10:04:02,GTERI,GTSTT,salto_na_sequencia,5,3191,,,,,,,,,
17692,17694.0,3633.0,3636.0,2025-07-02 10:05:25,2025-07-02 10:06:56,GTERI,GTERI,salto_na_sequencia,3,3196,,,,,,,,,
17697,17700.0,3639.0,3644.0,2025-07-02 10:07:36,2025-07-02 10:10:10,GTERI,GTERI,salto_na_sequencia,5,3200,,,,,,,,,
17709,17711.0,3653.0,3656.0,2025-07-02 10:11:32,2025-07-02 10:12:27,GTERI,GTERI,salto_na_sequencia,3,3210,,,,,,,,,
17716,17718.0,3661.0,3664.0,2025-07-02 10:13:10,2025-07-02 10:14:50,GTERI,GTERI,salto_na_sequencia,3,3216,,,,,,,,,
17718,,,,2025-07-02 10:14:50,,,,valor_repetido_igual,0,3217,17719.0,3664.0,3664.0,GTERI,GTERI,2025-07-02 10:14:50,2025-07-02 10:14:49,2025-07-02 10:15:09,3218.0
17723,17725.0,3668.0,3671.0,2025-07-02 10:15:06,2025-07-02 10:16:06,GTERI,GTERI,salto_na_sequencia,3,3222,,,,,,,,,
17729,17731.0,3675.0,3678.0,2025-07-02 10:17:36,2025-07-02 10:18:26,GTERI,GTERI,salto_na_sequencia,3,3227,,,,,,,,,
17745,17747.0,3692.0,3695.0,2025-07-02 10:19:32,2025-07-02 10:20:21,GTERI,GTERI,salto_na_sequencia,3,3242,,,,,,,,,
17766,17768.0,3714.0,3717.0,2025-07-02 10:21:21,2025-07-02 10:22:17,GTIGL,GTSTT,salto_na_sequencia,3,3262,,,,,,,,,
17768,17795.0,3717.0,3776.0,2025-07-02 10:22:17,2025-07-02 11:21:19,GTSTT,GTERI,salto_na_sequencia,59,3263,,,,,,,,,
17795,17826.0,3776.0,3837.0,2025-07-02 11:21:19,2025-07-02 12:21:19,GTERI,GTERI,salto_na_sequencia,61,3264,,,,,,,,,
17826,17857.0,3837.0,3898.0,2025-07-02 12:21:19,2025-07-02 13:21:19,GTERI,GTERI,salto_na_sequencia,61,3265,,,,,,,,,
17857,17888.0,3898.0,3959.0,2025-07-02 13:21:19,2025-07-02 14:21:19,GTERI,GTERI,salto_na_sequencia,61,3266,,,,,,,,,
17888,17918.0,3959.0,4020.0,2025-07-02 14:21:19,2025-07-02 15:21:19,GTERI,GTERI,salto_na_sequencia,61,3267,,,,,,,,,
17918,17949.0,4020.0,4081.0,2025-07-02 15:21:19,2025-07-02 16:21:19,GTERI,GTERI,salto_na_sequencia,61,3268,,,,,,,,,
17949,17980.0,4081.0,4142.0,2025-07-02 16:21:19,2025-07-02 17:21:19,GTERI,GTERI,salto_na_sequencia,61,3269,,,,,,,,,
17980,18011.0,4142.0,4203.0,2025-07-02 17:21:19,2025-07-02 18:21:19,GTERI,GTERI,salto_na_sequencia,61,3270,,,,,,,,,
18011,18018.0,4203.0,4216.0,2025-07-02 18:21:19,2025-07-02 18:34:13,GTERI,GTIGN,salto_na_sequencia,13,3271,,,,,,,,,
18023,18024.0,4221.0,4223.0,2025-07-02 18:34:17,2025-07-02 18:34:27,GTSTT,GTERI,salto_na_sequencia,2,3277,,,,,,,,,
18027,18030.0,4226.0,4230.0,2025-07-02 18:34:27,2025-07-02 18:37:25,GTIGL,GTERI,salto_na_sequencia,4,3281,,,,,,,,,
18030,18031.0,4230.0,4232.0,2025-07-02 18:37:25,2025-07-02 18:38:44,GTERI,GTERI,salto_na_sequencia,2,3282,,,,,,,,,
18031,18033.0,4232.0,4234.0,2025-07-02 18:38:44,2025-07-02 18:39:37,GTERI,GTERI,salto_na_sequencia,2,3283,,,,,,,,,
18034,18035.0,4235.0,4237.0,2025-07-02 18:39:40,2025-07-02 18:40:25,GTERI,GTERI,salto_na_sequencia,2,3285,,,,,,,,,
18035,18037.0,4237.0,4239.0,2025-07-02 18:40:25,2025-07-02 18:42:06,GTERI,GTERI,salto_na_sequencia,2,3286,,,,,,,,,
18037,18038.0,4239.0,4241.0,2025-07-02 18:42:06,2025-07-02 18:42:25,GTERI,GTERI,salto_na_sequencia,2,3287,,,,,,,,,
18040,,,,2025-07-02 18:42:46,,,,valor_repetido_igual,0,3290,18041.0,4243.0,4243.0,GTERI,GTERI,2025-07-02 18:42:46,2025-07-02 18:42:46,2025-07-02 18:43:09,3291.0
18044,18045.0,4245.0,4247.0,2025-07-02 18:42:49,2025-07-02 18:43:25,GTERI,GTERI,salto_na_sequencia,2,3293,,,,,,,,,
18048,18049.0,4250.0,4252.0,2025-07-02 18:44:12,2025-07-02 18:44:49,GTERI,GTERI,salto_na_sequencia,2,3297,,,,,,,,,
18052,18054.0,4255.0,4257.0,2025-07-02 18:45:03,2025-07-02 18:45:14,GTERI,GTERI,salto_na_sequencia,2,3301,,,,,,,,,
18060,18061.0,4263.0,4265.0,2025-07-02 18:45:40,2025-07-02 18:46:25,GTERI,GTERI,salto_na_sequencia,2,3308,,,,,,,,,
18061,18063.0,4265.0,4268.0,2025-07-02 18:46:25,2025-07-02 18:48:33,GTERI,GTERI,salto_na_sequencia,3,3309,,,,,,,,,
18064,18066.0,4269.0,4271.0,2025-07-02 18:48:35,2025-07-02 18:49:25,GTERI,GTERI,salto_na_sequencia,2,3311,,,,,,,,,
18068,18070.0,4273.0,4277.0,2025-07-02 18:50:13,2025-07-02 18:52:25,GTERI,GTERI,salto_na_sequencia,4,3314,,,,,,,,,
18074,18076.0,4281.0,4283.0,2025-07-02 18:53:09,2025-07-02 18:53:15,GTERI,GTERI,salto_na_sequencia,2,3319,,,,,,,,,
18076,18077.0,4283.0,4285.0,2025-07-02 18:53:15,2025-07-02 18:54:43,GTERI,GTERI,salto_na_sequencia,2,3320,,,,,,,,,
18081,18083.0,4289.0,4291.0,2025-07-02 18:54:59,2025-07-02 18:55:25,GTERI,GTERI,salto_na_sequencia,2,3325,,,,,,,,,
18083,18085.0,4291.0,4295.0,2025-07-02 18:55:25,2025-07-02 18:58:25,GTERI,GTERI,salto_na_sequencia,4,3326,,,,,,,,,
18085,18087.0,4295.0,4298.0,2025-07-02 18:58:25,2025-07-02 19:00:57,GTERI,GTSTT,salto_na_sequencia,3,3327,,,,,,,,,
18088,18090.0,4299.0,4301.0,2025-07-02 19:01:03,2025-07-02 19:01:25,GTSTT,GTERI,salto_na_sequencia,2,3329,,,,,,,,,
18093,18095.0,4304.0,4307.0,2025-07-02 19:01:39,2025-07-02 19:04:21,GTERI,GTERI,salto_na_sequencia,3,3333,,,,,,,,,
18095,18096.0,4307.0,4309.0,2025-07-02 19:04:21,2025-07-02 19:04:25,GTERI,GTERI,salto_na_sequencia,2,3334,,,,,,,,,
18097,18099.0,4310.0,4312.0,2025-07-02 19:04:59,2025-07-02 19:05:32,GTERI,GTERI,salto_na_sequencia,2,3336,,,,,,,,,
18101,18102.0,4314.0,4316.0,2025-07-02 19:06:23,2025-07-02 19:06:27,GTERI,GTERI,salto_na_sequencia,2,3339,,,,,,,,,
18107,18109.0,4321.0,4323.0,2025-07-02 19:06:55,2025-07-02 19:07:25,GTERI,GTERI,salto_na_sequencia,2,3345,,,,,,,,,
18112,18113.0,4326.0,4328.0,2025-07-02 19:07:48,2025-07-02 19:09:05,GTERI,GTIGF,salto_na_sequencia,2,3349,,,,,,,,,
18116,18118.0,4331.0,4333.0,2025-07-02 19:09:06,2025-07-02 19:10:11,GTIGL,GTSTT,salto_na_sequencia,2,3353,,,,,,,,,
18118,18148.0,4333.0,4393.0,2025-07-02 19:10:11,2025-07-02 20:09:01,GTSTT,GTERI,salto_na_sequencia,60,3354,,,,,,,,,
18148,18179.0,4393.0,4454.0,2025-07-02 20:09:01,2025-07-02 21:09:01,GTERI,GTERI,salto_na_sequencia,61,3355,,,,,,,,,
18179,18210.0,4454.0,4515.0,2025-07-02 21:09:01,2025-07-02 22:08:49,GTERI,GTIGN,salto_na_sequencia,61,3356,,,,,,,,,
18220,18222.0,4525.0,4528.0,2025-07-02 22:09:04,2025-07-02 22:11:04,GTERI,GTERI,salto_na_sequencia,3,3367,,,,,,,,,
18222,18224.0,4528.0,4530.0,2025-07-02 22:11:04,2025-07-02 22:12:02,GTERI,GTERI,salto_na_sequencia,2,3368,,,,,,,,,
18226,18227.0,4532.0,4534.0,2025-07-02 22:12:05,2025-07-02 22:12:44,GTERI,GTERI,salto_na_sequencia,2,3371,,,,,,,,,
18228,18230.0,4535.0,4537.0,2025-07-02 22:12:47,2025-07-02 22:14:01,GTERI,GTERI,salto_na_sequencia,2,3373,,,,,,,,,
18230,18231.0,4537.0,4539.0,2025-07-02 22:14:01,2025-07-02 22:14:35,GTERI,GTERI,salto_na_sequencia,2,3374,,,,,,,,,
18235,18237.0,4543.0,4545.0,2025-07-02 22:15:05,2025-07-02 22:15:26,GTERI,GTERI,salto_na_sequencia,2,3379,,,,,,,,,
18242,18243.0,4550.0,4552.0,2025-07-02 22:16:20,2025-07-02 22:16:48,GTERI,GTERI,salto_na_sequencia,2,3385,,,,,,,,,
18246,18248.0,4555.0,4557.0,2025-07-02 22:17:09,2025-07-02 22:18:05,GTERI,GTERI,salto_na_sequencia,2,3389,,,,,,,,,
18248,18249.0,4557.0,4559.0,2025-07-02 22:18:05,2025-07-02 22:19:13,GTERI,GTIGF,salto_na_sequencia,2,3390,,,,,,,,,
18270,18271.0,4579.0,4581.0,2025-07-02 22:19:17,2025-07-02 22:19:26,GTIGL,GTIGN,salto_na_sequencia,2,3411,,,,,,,,,
18280,18281.0,4590.0,4592.0,2025-07-02 22:19:32,2025-07-02 22:20:59,GTERI,GTERI,salto_na_sequencia,2,3421,,,,,,,,,
18282,18284.0,4593.0,4595.0,2025-07-02 22:21:18,2025-07-02 22:21:22,GTERI,GTERI,salto_na_sequencia,2,3423,,,,,,,,,
18290,18291.0,4601.0,4603.0,2025-07-02 22:22:34,2025-07-02 22:22:38,GTERI,GTERI,salto_na_sequencia,2,3430,,,,,,,,,
18297,18299.0,4609.0,4611.0,2025-07-02 22:23:13,2025-07-02 22:23:24,GTERI,GTERI,salto_na_sequencia,2,3437,,,,,,,,,
18307,18308.0,4619.0,4621.0,2025-07-02 22:24:16,2025-07-02 22:25:02,GTERI,GTIGF,salto_na_sequencia,2,3446,,,,,,,,,
18311,18313.0,4624.0,4626.0,2025-07-02 22:25:02,2025-07-02 22:26:28,GTIGL,GTSTT,salto_na_sequencia,2,3450,,,,,,,,,
18313,18314.0,4626.0,4628.0,2025-07-02 22:26:28,2025-07-02 22:27:14,GTSTT,GTIGN,salto_na_sequencia,2,3451,,,,,,,,,
18323,18325.0,4637.0,4639.0,2025-07-02 22:27:20,2025-07-02 22:27:49,GTERI,GTERI,salto_na_sequencia,2,3461,,,,,,,,,
18333,18334.0,4647.0,4649.0,2025-07-02 22:28:11,2025-07-02 22:29:20,GTERI,GTIGF,salto_na_sequencia,2,3470,,,,,,,,,
18337,18339.0,4652.0,4654.0,2025-07-02 22:29:20,2025-07-02 22:30:01,GTIGL,GTSTT,salto_na_sequencia,2,3474,,,,,,,,,
18339,18369.0,4654.0,4714.0,2025-07-02 22:30:01,2025-07-02 23:29:15,GTSTT,GTERI,salto_na_sequencia,60,3475,,,,,,,,,
18369,18400.0,4714.0,4775.0,2025-07-02 23:29:15,2025-07-03 00:29:15,GTERI,GTERI,salto_na_sequencia,61,3476,,,,,,,,,
18400,18431.0,4775.0,4836.0,2025-07-03 00:29:15,2025-07-03 01:29:15,GTERI,GTERI,salto_na_sequencia,61,3477,,,,,,,,,
18431,18462.0,4836.0,4897.0,2025-07-03 01:29:15,2025-07-03 02:29:15,GTERI,GTERI,salto_na_sequencia,61,3478,,,,,,,,,
18462,18488.0,4897.0,4948.0,2025-07-03 02:29:15,2025-07-03 03:19:36,GTERI,GTPDP,salto_na_sequencia,51,3479,,,,,,,,,
18488,18494.0,4948.0,4959.0,2025-07-03 03:19:36,2025-07-03 03:29:15,GTPDP,GTERI,salto_na_sequencia,11,3480,,,,,,,,,
18494,18548.0,4959.0,5019.0,2025-07-03 03:29:15,2025-07-03 04:29:15,GTERI,GTERI,salto_na_sequencia,60,3481,,,,,,,,,
18548,18579.0,5019.0,5080.0,2025-07-03 04:29:15,2025-07-03 05:29:15,GTERI,GTERI,salto_na_sequencia,61,3482,,,,,,,,,
18579,18610.0,5080.0,5141.0,2025-07-03 05:29:15,2025-07-03 06:29:15,GTERI,GTERI,salto_na_sequencia,61,3483,,,,,,,,,
18610,18641.0,5141.0,5202.0,2025-07-03 06:29:15,2025-07-03 07:29:15,GTERI,GTERI,salto_na_sequencia,61,3484,,,,,,,,,
18641,18672.0,5202.0,5263.0,2025-07-03 07:29:15,2025-07-03 08:29:15,GTERI,GTERI,salto_na_sequencia,61,3485,,,,,,,,,
18672,18681.0,5263.0,5280.0,2025-07-03 08:29:15,2025-07-03 08:44:54,GTERI,GTIGN,salto_na_sequencia,17,3486,,,,,,,,,
18695,18696.0,5294.0,5296.0,2025-07-03 08:45:49,2025-07-03 08:46:10,GTERI,GTERI,salto_na_sequencia,2,3501,,,,,,,,,
18700,18702.0,5300.0,5302.0,2025-07-03 08:46:26,2025-07-03 08:47:48,GTIGL,GTSTT,salto_na_sequencia,2,3506,,,,,,,,,
18702,18704.0,5302.0,5305.0,2025-07-03 08:47:48,2025-07-03 08:49:18,GTSTT,GTIGN,salto_na_sequencia,3,3507,,,,,,,,,
18715,18716.0,5316.0,5318.0,2025-07-03 08:49:54,2025-07-03 08:49:57,GTERI,GTIGF,salto_na_sequencia,2,3519,,,,,,,,,
18723,18725.0,5325.0,5327.0,2025-07-03 08:50:02,2025-07-03 08:51:33,GTERI,GTERI,salto_na_sequencia,2,3527,,,,,,,,,
18729,18731.0,5331.0,5334.0,2025-07-03 08:51:51,2025-07-03 08:53:03,GTERI,GTERI,salto_na_sequencia,3,3532,,,,,,,,,
18732,18733.0,5335.0,5337.0,2025-07-03 08:53:46,2025-07-03 08:53:59,GTERI,GTERI,salto_na_sequencia,2,3534,,,,,,,,,
18736,18738.0,5340.0,5342.0,2025-07-03 08:54:29,2025-07-03 08:54:57,GTERI,GTERI,salto_na_sequencia,2,3538,,,,,,,,,
18740,18741.0,5344.0,5346.0,2025-07-03 08:55:25,2025-07-03 08:56:03,GTERI,GTERI,salto_na_sequencia,2,3541,,,,,,,,,
18741,18743.0,5346.0,5348.0,2025-07-03 08:56:03,2025-07-03 08:57:04,GTERI,GTERI,salto_na_sequencia,2,3542,,,,,,,,,
18746,18747.0,5351.0,5353.0,2025-07-03 08:57:34,2025-07-03 08:58:31,GTERI,GTERI,salto_na_sequencia,2,3546,,,,,,,,,
18747,18749.0,5353.0,5355.0,2025-07-03 08:58:31,2025-07-03 08:59:03,GTERI,GTERI,salto_na_sequencia,2,3547,,,,,,,,,
18749,18751.0,5355.0,5359.0,2025-07-03 08:59:03,2025-07-03 09:02:03,GTERI,GTERI,salto_na_sequencia,4,3548,,,,,,,,,
18753,18756.0,5361.0,5365.0,2025-07-03 09:02:48,2025-07-03 09:05:03,GTERI,GTERI,salto_na_sequencia,4,3551,,,,,,,,,
18756,18758.0,5365.0,5368.0,2025-07-03 09:05:03,2025-07-03 09:07:00,GTERI,GTERI,salto_na_sequencia,3,3552,,,,,,,,,
18760,18761.0,5370.0,5372.0,2025-07-03 09:07:37,2025-07-03 09:08:03,GTERI,GTERI,salto_na_sequencia,2,3555,,,,,,,,,
18761,18764.0,5372.0,5376.0,2025-07-03 09:08:03,2025-07-03 09:11:03,GTERI,GTERI,salto_na_sequencia,4,3556,,,,,,,,,
18764,18765.0,5376.0,5378.0,2025-07-03 09:11:03,2025-07-03 09:12:47,GTERI,GTERI,salto_na_sequencia,2,3557,,,,,,,,,
18768,18769.0,5380.0,5383.0,2025-07-03 09:12:54,2025-07-03 09:14:03,GTERI,GTERI,salto_na_sequencia,3,3560,,,,,,,,,
18780,18782.0,5394.0,5396.0,2025-07-03 09:14:51,2025-07-03 09:15:33,GTERI,GTERI,salto_na_sequencia,2,3572,,,,,,,,,
18784,18785.0,5398.0,5400.0,2025-07-03 09:15:41,2025-07-03 09:16:23,GTERI,GTERI,salto_na_sequencia,2,3575,,,,,,,,,
18791,18792.0,5405.0,5407.0,2025-07-03 09:16:55,2025-07-03 09:17:03,GTERI,GTERI,salto_na_sequencia,2,3581,,,,,,,,,
18796,18798.0,5411.0,5414.0,2025-07-03 09:17:48,2025-07-03 09:19:23,GTIGL,GTSTT,salto_na_sequencia,3,3586,,,,,,,,,
18798,18828.0,5414.0,5473.0,2025-07-03 09:19:23,2025-07-03 10:17:42,GTSTT,GTERI,salto_na_sequencia,59,3587,,,,,,,,,
18828,18859.0,5473.0,5534.0,2025-07-03 10:17:42,2025-07-03 11:17:42,GTERI,GTERI,salto_na_sequencia,61,3588,,,,,,,,,
18859,18890.0,5534.0,5595.0,2025-07-03 11:17:42,2025-07-03 12:17:42,GTERI,GTERI,salto_na_sequencia,61,3589,,,,,,,,,
18890,18921.0,5595.0,5656.0,2025-07-03 12:17:42,2025-07-03 13:17:42,GTERI,GTERI,salto_na_sequencia,61,3590,,,,,,,,,
18921,18952.0,5656.0,5717.0,2025-07-03 13:17:42,2025-07-03 14:17:42,GTERI,GTERI,salto_na_sequencia,61,3591,,,,,,,,,
18952,18983.0,5717.0,5778.0,2025-07-03 14:17:42,2025-07-03 15:17:42,GTERI,GTERI,salto_na_sequencia,61,3592,,,,,,,,,
18983,19014.0,5778.0,5839.0,2025-07-03 15:17:42,2025-07-03 16:17:42,GTERI,GTERI,salto_na_sequencia,61,3593,,,,,,,,,
19014,19020.0,5839.0,5850.0,2025-07-03 16:17:42,2025-07-03 16:27:38,GTERI,GTIGN,salto_na_sequencia,11,3594,,,,,,,,,
19036,19038.0,5866.0,5870.0,2025-07-03 16:28:01,2025-07-03 16:31:05,GTERI,GTERI,salto_na_sequencia,4,3611,,,,,,,,,
19038,19040.0,5870.0,5872.0,2025-07-03 16:31:05,2025-07-03 16:31:37,GTERI,GTERI,salto_na_sequencia,2,3612,,,,,,,,,
19041,19042.0,5873.0,5875.0,2025-07-03 16:31:58,2025-07-03 16:32:26,GTERI,GTERI,salto_na_sequencia,2,3614,,,,,,,,,
19043,19045.0,5876.0,5878.0,2025-07-03 16:32:28,2025-07-03 16:34:05,GTERI,GTERI,salto_na_sequencia,2,3616,,,,,,,,,
19045,19046.0,5878.0,5880.0,2025-07-03 16:34:05,2025-07-03 16:34:34,GTERI,GTERI,salto_na_sequencia,2,3617,,,,,,,,,
19047,19049.0,5881.0,5883.0,2025-07-03 16:35:09,2025-07-03 16:35:33,GTERI,GTERI,salto_na_sequencia,2,3619,,,,,,,,,
19051,19052.0,5885.0,5887.0,2025-07-03 16:36:14,2025-07-03 16:36:48,GTERI,GTERI,salto_na_sequencia,2,3622,,,,,,,,,
19053,19055.0,5888.0,5890.0,2025-07-03 16:37:05,2025-07-03 16:38:06,GTERI,GTERI,salto_na_sequencia,2,3624,,,,,,,,,
19058,19059.0,5893.0,5895.0,2025-07-03 16:38:19,2025-07-03 16:38:23,GTERI,GTERI,salto_na_sequencia,2,3628,,,,,,,,,
19059,19061.0,5895.0,5897.0,2025-07-03 16:38:23,2025-07-03 16:39:53,GTERI,GTERI,salto_na_sequencia,2,3629,,,,,,,,,
19061,,,,2025-07-03 16:39:53,,,,valor_repetido_igual,0,3630,19062.0,5897.0,5897.0,GTERI,GTERI,2025-07-03 16:39:53,2025-07-03 16:39:55,2025-07-03 16:40:13,3631.0
19065,19067.0,5900.0,5903.0,2025-07-03 16:40:05,2025-07-03 16:42:19,GTERI,GTERI,salto_na_sequencia,3,3634,,,,,,,,,
19067,19068.0,5903.0,5905.0,2025-07-03 16:42:19,2025-07-03 16:42:41,GTERI,GTERI,salto_na_sequencia,2,3635,,,,,,,,,
19069,19071.0,5906.0,5909.0,2025-07-03 16:43:05,2025-07-03 16:44:35,GTERI,GTERI,salto_na_sequencia,3,3637,,,,,,,,,
19071,19073.0,5909.0,5911.0,2025-07-03 16:44:35,2025-07-03 16:45:30,GTERI,GTERI,salto_na_sequencia,2,3638,,,,,,,,,
19074,19075.0,5912.0,5914.0,2025-07-03 16:46:05,2025-07-03 16:46:28,GTERI,GTERI,salto_na_sequencia,2,3640,,,,,,,,,
19080,19082.0,5919.0,5921.0,2025-07-03 16:47:27,2025-07-03 16:48:07,GTERI,GTERI,salto_na_sequencia,2,3646,,,,,,,,,
19083,19084.0,5922.0,5924.0,2025-07-03 16:48:15,2025-07-03 16:49:05,GTERI,GTERI,salto_na_sequencia,2,3648,,,,,,,,,
19084,19087.0,5924.0,5928.0,2025-07-03 16:49:05,2025-07-03 16:51:45,GTERI,GTERI,salto_na_sequencia,4,3649,,,,,,,,,
19088,19089.0,5929.0,5931.0,2025-07-03 16:52:05,2025-07-03 16:52:44,GTERI,GTERI,salto_na_sequencia,2,3651,,,,,,,,,
19090,19092.0,5932.0,5935.0,2025-07-03 16:53:26,2025-07-03 16:55:05,GTERI,GTERI,salto_na_sequencia,3,3653,,,,,,,,,
19093,19095.0,5936.0,5938.0,2025-07-03 16:55:17,2025-07-03 16:55:58,GTERI,GTERI,salto_na_sequencia,2,3655,,,,,,,,,
19095,19096.0,5938.0,5940.0,2025-07-03 16:55:58,2025-07-03 16:56:26,GTERI,GTERI,salto_na_sequencia,2,3656,,,,,,,,,
19097,19099.0,5941.0,5943.0,2025-07-03 16:56:28,2025-07-03 16:58:05,GTERI,GTERI,salto_na_sequencia,2,3658,,,,,,,,,
19099,19101.0,5943.0,5946.0,2025-07-03 16:58:05,2025-07-03 16:59:37,GTERI,GTERI,salto_na_sequencia,3,3659,,,,,,,,,
19101,19102.0,5946.0,5948.0,2025-07-03 16:59:37,2025-07-03 17:01:05,GTERI,GTERI,salto_na_sequencia,2,3660,,,,,,,,,
19103,19105.0,5949.0,5951.0,2025-07-03 17:01:19,2025-07-03 17:01:33,GTERI,GTERI,salto_na_sequencia,2,3662,,,,,,,,,
19107,19108.0,5953.0,5955.0,2025-07-03 17:02:17,2025-07-03 17:03:03,GTERI,GTERI,salto_na_sequencia,2,3665,,,,,,,,,
19108,19110.0,5955.0,5957.0,2025-07-03 17:03:03,2025-07-03 17:03:46,GTERI,GTSTT,salto_na_sequencia,2,3666,,,,,,,,,
19112,19113.0,5959.0,5961.0,2025-07-03 17:04:16,2025-07-03 17:04:33,GTSTT,GTERI,salto_na_sequencia,2,3669,,,,,,,,,
19114,19116.0,5962.0,5964.0,2025-07-03 17:04:42,2025-07-03 17:06:04,GTERI,GTSTT,salto_na_sequencia,2,3671,,,,,,,,,
19117,19118.0,5965.0,5967.0,2025-07-03 17:06:20,2025-07-03 17:06:41,GTSTT,GTERI,salto_na_sequencia,2,3673,,,,,,,,,
19119,19121.0,5968.0,5971.0,2025-07-03 17:07:05,2025-07-03 17:08:27,GTERI,GTSTT,salto_na_sequencia,3,3675,,,,,,,,,
19123,19125.0,5973.0,5975.0,2025-07-03 17:09:18,2025-07-03 17:10:05,GTERI,GTERI,salto_na_sequencia,2,3678,,,,,,,,,
19125,19126.0,5975.0,5977.0,2025-07-03 17:10:05,2025-07-03 17:10:49,GTERI,GTERI,salto_na_sequencia,2,3679,,,,,,,,,
19126,19128.0,5977.0,5980.0,2025-07-03 17:10:49,2025-07-03 17:13:05,GTERI,GTERI,salto_na_sequencia,3,3680,,,,,,,,,
19128,19131.0,5980.0,5984.0,2025-07-03 17:13:05,2025-07-03 17:16:05,GTERI,GTERI,salto_na_sequencia,4,3681,,,,,,,,,
19131,19133.0,5984.0,5988.0,2025-07-03 17:16:05,2025-07-03 17:19:05,GTERI,GTERI,salto_na_sequencia,4,3682,,,,,,,,,
19133,19136.0,5988.0,5992.0,2025-07-03 17:19:05,2025-07-03 17:22:05,GTERI,GTERI,salto_na_sequencia,4,3683,,,,,,,,,
19136,19137.0,5992.0,5994.0,2025-07-03 17:22:05,2025-07-03 17:23:11,GTERI,GTERI,salto_na_sequencia,2,3684,,,,,,,,,
19137,19139.0,5994.0,5997.0,2025-07-03 17:23:11,2025-07-03 17:25:05,GTERI,GTERI,salto_na_sequencia,3,3685,,,,,,,,,
19139,19141.0,5997.0,5999.0,2025-07-03 17:25:05,2025-07-03 17:26:08,GTERI,GTERI,salto_na_sequencia,2,3686,,,,,,,,,
19142,19143.0,6000.0,6002.0,2025-07-03 17:26:23,2025-07-03 17:26:28,GTERI,GTERI,salto_na_sequencia,2,3688,,,,,,,,,
19145,19147.0,6004.0,6006.0,2025-07-03 17:27:06,2025-07-03 17:28:05,GTERI,GTERI,salto_na_sequencia,2,3691,,,,,,,,,
19147,19148.0,6006.0,6008.0,2025-07-03 17:28:05,2025-07-03 17:28:36,GTERI,GTERI,salto_na_sequencia,2,3692,,,,,,,,,
19148,19150.0,6008.0,6011.0,2025-07-03 17:28:36,2025-07-03 17:31:05,GTERI,GTERI,salto_na_sequencia,3,3693,,,,,,,,,
19150,19152.0,6011.0,6014.0,2025-07-03 17:31:05,2025-07-03 17:32:57,GTERI,GTERI,salto_na_sequencia,3,3694,,,,,,,,,
19152,,,,2025-07-03 17:32:57,,,,valor_repetido_igual,0,3695,19153.0,6014.0,6014.0,GTERI,GTERI,2025-07-03 17:32:57,2025-07-03 17:32:57,2025-07-03 17:33:17,3696.0
19153,19155.0,6014.0,6016.0,2025-07-03 17:32:57,2025-07-03 17:33:44,GTERI,GTERI,salto_na_sequencia,2,3696,,,,,,,,,
19157,19158.0,6018.0,6020.0,2025-07-03 17:34:14,2025-07-03 17:35:24,GTERI,GTERI,salto_na_sequencia,2,3699,,,,,,,,,
19158,19160.0,6020.0,6023.0,2025-07-03 17:35:24,2025-07-03 17:37:05,GTERI,GTERI,salto_na_sequencia,3,3700,,,,,,,,,
19160,19162.0,6023.0,6025.0,2025-07-03 17:37:05,2025-07-03 17:37:43,GTERI,GTERI,salto_na_sequencia,2,3701,,,,,,,,,
19162,19163.0,6025.0,6027.0,2025-07-03 17:37:43,2025-07-03 17:38:47,GTERI,GTERI,salto_na_sequencia,2,3702,,,,,,,,,
19164,19166.0,6028.0,6030.0,2025-07-03 17:39:01,2025-07-03 17:40:05,GTERI,GTERI,salto_na_sequencia,2,3704,,,,,,,,,
19166,19167.0,6030.0,6032.0,2025-07-03 17:40:05,2025-07-03 17:40:53,GTERI,GTERI,salto_na_sequencia,2,3705,,,,,,,,,
19167,19170.0,6032.0,6035.0,2025-07-03 17:40:53,2025-07-03 17:42:40,GTERI,GTPDP,salto_na_sequencia,3,3706,,,,,,,,,
19172,19174.0,6037.0,6041.0,2025-07-03 17:43:06,2025-07-03 17:46:05,GTERI,GTERI,salto_na_sequencia,4,3709,,,,,,,,,
19175,19177.0,6042.0,6045.0,2025-07-03 17:46:49,2025-07-03 17:47:22,GTERI,GTERI,salto_na_sequencia,3,3711,,,,,,,,,
19181,19184.0,6049.0,6054.0,2025-07-03 17:49:05,2025-07-03 17:52:05,GTERI,GTERI,salto_na_sequencia,5,3716,,,,,,,,,
19185,19187.0,6055.0,6058.0,2025-07-03 17:53:00,2025-07-03 17:55:05,GTERI,GTERI,salto_na_sequencia,3,3718,,,,,,,,,
19187,,,,2025-07-03 17:55:05,,,,valor_repetido_igual,0,3719,19188.0,6058.0,6058.0,GTERI,GTERI,2025-07-03 17:55:05,2025-07-03 17:55:34,2025-07-03 17:55:34,3720.0
19188,19190.0,6058.0,6061.0,2025-07-03 17:55:05,2025-07-03 17:57:33,GTERI,GTERI,salto_na_sequencia,3,3720,,,,,,,,,
19190,19192.0,6061.0,6064.0,2025-07-03 17:57:33,2025-07-03 17:58:01,GTERI,GTERI,salto_na_sequencia,3,3721,,,,,,,,,
19193,19195.0,6065.0,6068.0,2025-07-03 17:58:05,2025-07-03 17:59:58,GTERI,GTERI,salto_na_sequencia,3,3723,,,,,,,,,
19198,19200.0,6071.0,6074.0,2025-07-03 18:01:27,2025-07-03 18:02:01,GTERI,GTERI,salto_na_sequencia,3,3727,,,,,,,,,
19202,19204.0,6076.0,6079.0,2025-07-03 18:03:19,2025-07-03 18:04:05,GTERI,GTERI,salto_na_sequencia,3,3730,,,,,,,,,
19204,19206.0,6079.0,6082.0,2025-07-03 18:04:05,2025-07-03 18:07:05,GTERI,GTERI,salto_na_sequencia,3,3731,,,,,,,,,
19206,19209.0,6082.0,6087.0,2025-07-03 18:07:05,2025-07-03 18:10:05,GTERI,GTERI,salto_na_sequencia,5,3732,,,,,,,,,
19210,19212.0,6088.0,6091.0,2025-07-03 18:11:01,2025-07-03 18:12:11,GTERI,GTERI,salto_na_sequencia,3,3734,,,,,,,,,
19216,19218.0,6095.0,6098.0,2025-07-03 18:13:28,2025-07-03 18:14:39,GTSTT,GTIGF,salto_na_sequencia,3,3739,,,,,,,,,
19229,19230.0,6109.0,6111.0,2025-07-03 18:14:41,2025-07-03 18:14:42,GTSTT,GTIGF,salto_na_sequencia,2,3751,,,,,,,,,
19231,,,,2025-07-03 18:14:42,,,,valor_repetido_diferente,0,3753,19232.0,6112.0,6112.0,GTSTT,GTIGL,2025-07-03 18:14:42,2025-07-03 18:14:46,2025-07-03 18:14:46,3754.0
19249,19251.0,6129.0,6132.0,2025-07-03 18:15:02,2025-07-03 18:15:42,GTERI,GTERI,salto_na_sequencia,3,3771,,,,,,,,,
19252,19254.0,6133.0,6136.0,2025-07-03 18:15:57,2025-07-03 18:18:06,GTERI,GTERI,salto_na_sequencia,3,3773,,,,,,,,,
19254,19256.0,6136.0,6139.0,2025-07-03 18:18:06,2025-07-03 18:21:06,GTERI,GTERI,salto_na_sequencia,3,3774,,,,,,,,,
19256,19259.0,6139.0,6144.0,2025-07-03 18:21:06,2025-07-03 18:24:06,GTERI,GTERI,salto_na_sequencia,5,3775,,,,,,,,,
19259,19263.0,6144.0,6147.0,2025-07-03 18:24:06,2025-07-03 18:27:06,GTERI,GTERI,salto_na_sequencia,3,3776,,,,,,,,,
19262,19265.0,6148.0,6151.0,2025-07-03 18:27:06,2025-07-03 18:29:27,GTPDP,GTPDP,salto_na_sequencia,3,3778,,,,,,,,,
19265,19266.0,6151.0,6154.0,2025-07-03 18:29:27,2025-07-03 18:30:07,GTPDP,GTERI,salto_na_sequencia,3,3779,,,,,,,,,
19266,19268.0,6154.0,6157.0,2025-07-03 18:30:07,2025-07-03 18:33:07,GTERI,GTERI,salto_na_sequencia,3,3780,,,,,,,,,
19268,19270.0,6157.0,6160.0,2025-07-03 18:33:07,2025-07-03 18:33:40,GTERI,GTERI,salto_na_sequencia,3,3781,,,,,,,,,
19273,19275.0,6163.0,6166.0,2025-07-03 18:34:52,2025-07-03 18:36:07,GTERI,GTERI,salto_na_sequencia,3,3785,,,,,,,,,
19276,19278.0,6167.0,6170.0,2025-07-03 18:37:19,2025-07-03 18:39:07,GTERI,GTERI,salto_na_sequencia,3,3787,,,,,,,,,
19278,19281.0,6170.0,6175.0,2025-07-03 18:39:07,2025-07-03 18:42:05,GTERI,GTERI,salto_na_sequencia,5,3788,,,,,,,,,
19290,19292.0,6184.0,6187.0,2025-07-03 18:43:27,2025-07-03 18:44:06,GTERI,GTERI,salto_na_sequencia,3,3798,,,,,,,,,
19293,19296.0,6188.0,6193.0,2025-07-03 18:45:07,2025-07-03 18:48:07,GTERI,GTERI,salto_na_sequencia,5,3800,,,,,,,,,
19296,19298.0,6193.0,6196.0,2025-07-03 18:48:07,2025-07-03 18:51:07,GTERI,GTERI,salto_na_sequencia,3,3801,,,,,,,,,
19298,19300.0,6196.0,6199.0,2025-07-03 18:51:07,2025-07-03 18:53:00,GTERI,GTERI,salto_na_sequencia,3,3802,,,,,,,,,
19302,19304.0,6201.0,6204.0,2025-07-03 18:53:15,2025-07-03 18:54:07,GTERI,GTERI,salto_na_sequencia,3,3805,,,,,,,,,
19308,19310.0,6208.0,6211.0,2025-07-03 18:55:35,2025-07-03 18:56:16,GTERI,GTERI,salto_na_sequencia,3,3810,,,,,,,,,
19313,19315.0,6214.0,6217.0,2025-07-03 18:57:07,2025-07-03 18:58:05,GTERI,GTERI,salto_na_sequencia,3,3814,,,,,,,,,
19319,19321.0,6221.0,6224.0,2025-07-03 18:58:41,2025-07-03 19:00:07,GTERI,GTERI,salto_na_sequencia,3,3819,,,,,,,,,
19327,19329.0,6230.0,6233.0,2025-07-03 19:01:35,2025-07-03 19:01:42,GTERI,GTERI,salto_na_sequencia,3,3826,,,,,,,,,
19333,19335.0,6237.0,6240.0,2025-07-03 19:02:33,2025-07-03 19:04:03,GTIGL,GTSTT,salto_na_sequencia,3,3831,,,,,,,,,
19335,19337.0,6240.0,6243.0,2025-07-03 19:04:03,2025-07-03 19:07:22,GTSTT,GTIGN,salto_na_sequencia,3,3832,,,,,,,,,
19354,19357.0,6260.0,6265.0,2025-07-03 19:07:36,2025-07-03 19:09:50,GTERI,GTIGF,salto_na_sequencia,5,3850,,,,,,,,,
19361,19392.0,6269.0,6330.0,2025-07-03 19:10:50,2025-07-03 20:09:45,GTSTT,GTERI,salto_na_sequencia,61,3855,,,,,,,,,
19392,19423.0,6330.0,6391.0,2025-07-03 20:09:45,2025-07-03 21:09:45,GTERI,GTERI,salto_na_sequencia,61,3856,,,,,,,,,
19423,19453.0,6391.0,6450.0,2025-07-03 21:09:45,2025-07-03 22:09:45,GTERI,GTERI,salto_na_sequencia,59,3857,,,,,,,,,
19453,19484.0,6450.0,6511.0,2025-07-03 22:09:45,2025-07-03 23:09:45,GTERI,GTERI,salto_na_sequencia,61,3858,,,,,,,,,
19484,19515.0,6511.0,6572.0,2025-07-03 23:09:45,2025-07-04 00:09:45,GTERI,GTERI,salto_na_sequencia,61,3859,,,,,,,,,
19515,19546.0,6572.0,6633.0,2025-07-04 00:09:45,2025-07-04 01:09:45,GTERI,GTERI,salto_na_sequencia,61,3860,,,,,,,,,
19546,19577.0,6633.0,6694.0,2025-07-04 01:09:45,2025-07-04 02:09:45,GTERI,GTERI,salto_na_sequencia,61,3861,,,,,,,,,
19577,19608.0,6694.0,6755.0,2025-07-04 02:09:45,2025-07-04 03:09:45,GTERI,GTERI,salto_na_sequencia,61,3862,,,,,,,,,
19608,19639.0,6755.0,6816.0,2025-07-04 03:09:45,2025-07-04 04:09:45,GTERI,GTERI,salto_na_sequencia,61,3863,,,,,,,,,
19639,19670.0,6816.0,6877.0,2025-07-04 04:09:45,2025-07-04 05:09:45,GTERI,GTERI,salto_na_sequencia,61,3864,,,,,,,,,
19670,19701.0,6877.0,6938.0,2025-07-04 05:09:45,2025-07-04 06:09:45,GTERI,GTERI,salto_na_sequencia,61,3865,,,,,,,,,
19701,19703.0,6938.0,6941.0,2025-07-04 06:09:45,2025-07-04 06:11:30,GTERI,GTIGN,salto_na_sequencia,3,3866,,,,,,,,,
19712,19715.0,6950.0,6955.0,2025-07-04 06:11:40,2025-07-04 06:14:41,GTIGL,GTERI,salto_na_sequencia,5,3876,,,,,,,,,
19716,19718.0,6956.0,6959.0,2025-07-04 06:16:10,2025-07-04 06:16:14,GTSTT,GTSTT,salto_na_sequencia,3,3878,,,,,,,,,
19720,19722.0,6961.0,6964.0,2025-07-04 06:17:41,2025-07-04 06:18:40,GTERI,GTSTT,salto_na_sequencia,3,3881,,,,,,,,,
19723,19725.0,6965.0,6968.0,2025-07-04 06:19:15,2025-07-04 06:20:41,GTSTT,GTERI,salto_na_sequencia,3,3883,,,,,,,,,
19725,19727.0,6968.0,6971.0,2025-07-04 06:20:41,2025-07-04 06:23:41,GTERI,GTERI,salto_na_sequencia,3,3884,,,,,,,,,
19727,19730.0,6971.0,6976.0,2025-07-04 06:23:41,2025-07-04 06:26:41,GTERI,GTERI,salto_na_sequencia,5,3885,,,,,,,,,
19730,19732.0,6976.0,6979.0,2025-07-04 06:26:41,2025-07-04 06:28:58,GTERI,GTSTT,salto_na_sequencia,3,3886,,,,,,,,,
19737,19768.0,6984.0,7045.0,2025-07-04 06:29:39,2025-07-04 07:28:57,GTSTT,GTERI,salto_na_sequencia,61,3892,,,,,,,,,
19768,19799.0,7045.0,7106.0,2025-07-04 07:28:57,2025-07-04 08:28:57,GTERI,GTERI,salto_na_sequencia,61,3893,,,,,,,,,
19799,19830.0,7106.0,7167.0,2025-07-04 08:28:57,2025-07-04 09:28:57,GTERI,GTERI,salto_na_sequencia,61,3894,,,,,,,,,
19830,19861.0,7167.0,7228.0,2025-07-04 09:28:57,2025-07-04 10:28:55,GTERI,GTIGN,salto_na_sequencia,61,3895,,,,,,,,,
19873,19875.0,7240.0,7243.0,2025-07-04 10:29:11,2025-07-04 10:32:03,GTERI,GTERI,salto_na_sequencia,3,3908,,,,,,,,,
19875,19878.0,7243.0,7248.0,2025-07-04 10:32:03,2025-07-04 10:35:03,GTERI,GTERI,salto_na_sequencia,5,3909,,,,,,,,,
19878,19880.0,7248.0,7251.0,2025-07-04 10:35:03,2025-07-04 10:36:47,GTERI,GTERI,salto_na_sequencia,3,3910,,,,,,,,,
19883,19885.0,7254.0,7257.0,2025-07-04 10:38:03,2025-07-04 10:38:29,GTERI,GTERI,salto_na_sequencia,3,3914,,,,,,,,,
19885,,,,2025-07-04 10:38:29,,,,valor_repetido_diferente,0,3915,19888.0,7257.0,7257.0,GTERI,GTPNR,2025-07-04 10:38:58,2025-07-04 10:38:29,2025-07-04 10:39:00,3917.0
19886,19888.0,7258.0,7257.0,2025-07-04 10:38:42,2025-07-04 10:38:58,GTERI,GTPNR,regressao_de_contagem,-1,3916,,,,,,,,,
19886,,,,2025-07-04 10:38:42,,,,valor_repetido_diferente,0,3916,19889.0,7258.0,7258.0,GTERI,GTASC,2025-07-04 10:39:00,2025-07-04 10:38:42,2025-07-04 10:39:01,3918.0
19889,19891.0,7258.0,7262.0,2025-07-04 10:39:00,2025-07-04 10:39:18,GTASC,GTPNR,salto_na_sequencia,4,3918,,,,,,,,,
19901,19903.0,7272.0,7275.0,2025-07-04 10:40:53,2025-07-04 10:42:29,GTSTT,GTSTT,salto_na_sequencia,3,3929,,,,,,,,,
19904,19906.0,7276.0,7279.0,2025-07-04 10:43:13,2025-07-04 10:44:54,GTSTT,GTIGN,salto_na_sequencia,3,3931,,,,,,,,,
19915,19917.0,7288.0,7291.0,2025-07-04 10:45:00,2025-07-04 10:45:38,GTERI,GTERI,salto_na_sequencia,3,3941,,,,,,,,,
19919,19921.0,7293.0,7296.0,2025-07-04 10:47:13,2025-07-04 10:47:38,GTERI,GTERI,salto_na_sequencia,3,3944,,,,,,,,,
19928,19930.0,7303.0,7306.0,2025-07-04 10:48:28,2025-07-04 10:49:24,GTERI,GTERI,salto_na_sequencia,3,3952,,,,,,,,,
19934,19936.0,7310.0,7313.0,2025-07-04 10:51:17,2025-07-04 10:51:45,GTERI,GTERI,salto_na_sequencia,3,3957,,,,,,,,,
19940,19942.0,7317.0,7320.0,2025-07-04 10:52:07,2025-07-04 10:53:21,GTERI,GTERI,salto_na_sequencia,3,3962,,,,,,,,,
19952,19954.0,7330.0,7333.0,2025-07-04 10:55:07,2025-07-04 10:55:57,GTERI,GTERI,salto_na_sequencia,3,3973,,,,,,,,,
19957,19959.0,7336.0,7339.0,2025-07-04 10:57:01,2025-07-04 10:57:22,GTERI,GTERI,salto_na_sequencia,3,3977,,,,,,,,,
19962,19964.0,7342.0,7345.0,2025-07-04 10:58:59,2025-07-04 10:59:47,GTERI,GTERI,salto_na_sequencia,3,3981,,,,,,,,,
19966,19968.0,7347.0,7350.0,2025-07-04 11:01:02,2025-07-04 11:03:01,GTERI,GTERI,salto_na_sequencia,3,3984,,,,,,,,,
19968,19970.0,7350.0,7353.0,2025-07-04 11:03:01,2025-07-04 11:04:33,GTERI,GTERI,salto_na_sequencia,3,3985,,,,,,,,,
19973,19975.0,7356.0,7359.0,2025-07-04 11:05:13,2025-07-04 11:05:26,GTERI,GTERI,salto_na_sequencia,3,3989,,,,,,,,,
19982,19984.0,7366.0,7369.0,2025-07-04 11:07:04,2025-07-04 11:07:27,GTERI,GTERI,salto_na_sequencia,3,3997,,,,,,,,,
19987,19989.0,7372.0,7375.0,2025-07-04 11:09:01,2025-07-04 11:09:55,GTERI,GTERI,salto_na_sequencia,3,4001,,,,,,,,,
19995,,,,2025-07-04 11:10:58,,,,valor_repetido_igual,0,4008,19996.0,7381.0,7381.0,GTERI,GTERI,2025-07-04 11:10:58,2025-07-04 11:10:58,2025-07-04 11:11:18,4009.0
20000,20002.0,7385.0,7388.0,2025-07-04 11:11:11,2025-07-04 11:11:56,GTERI,GTIGF,salto_na_sequencia,3,4013,,,,,,,,,
20006,20010.0,7392.0,7399.0,2025-07-04 11:12:39,2025-07-04 11:18:44,GTSTT,GTIGN,salto_na_sequencia,7,4018,,,,,,,,,
20019,20021.0,7408.0,7411.0,2025-07-04 11:18:54,2025-07-04 11:19:47,GTIGL,GTERI,salto_na_sequencia,3,4028,,,,,,,,,
20026,20028.0,7416.0,7419.0,2025-07-04 11:21:21,2025-07-04 11:21:57,GTERI,GTERI,salto_na_sequencia,3,4034,,,,,,,,,
20037,20039.0,7428.0,7431.0,2025-07-04 11:23:03,2025-07-04 11:24:57,GTERI,GTERI,salto_na_sequencia,3,4044,,,,,,,,,
20039,20041.0,7431.0,7434.0,2025-07-04 11:24:57,2025-07-04 11:25:47,GTERI,GTERI,salto_na_sequencia,3,4045,,,,,,,,,
20043,20045.0,7436.0,7439.0,2025-07-04 11:26:48,2025-07-04 11:27:57,GTERI,GTERI,salto_na_sequencia,3,4048,,,,,,,,,
20045,20047.0,7439.0,7442.0,2025-07-04 11:27:57,2025-07-04 11:29:41,GTERI,GTERI,salto_na_sequencia,3,4049,,,,,,,,,
20051,20053.0,7446.0,7449.0,2025-07-04 11:30:57,2025-07-04 11:33:08,GTERI,GTERI,salto_na_sequencia,3,4054,,,,,,,,,
20056,20058.0,7452.0,7455.0,2025-07-04 11:33:20,2025-07-04 11:33:35,GTERI,GTERI,salto_na_sequencia,3,4058,,,,,,,,,
20061,20063.0,7458.0,7461.0,2025-07-04 11:33:57,2025-07-04 11:35:46,GTERI,GTIGF,salto_na_sequencia,3,4062,,,,,,,,,
20067,20077.0,7465.0,7484.0,2025-07-04 11:36:41,2025-07-04 11:55:01,GTSTT,GTIGN,salto_na_sequencia,19,4067,,,,,,,,,
20086,20088.0,7493.0,7496.0,2025-07-04 11:55:17,2025-07-04 11:55:39,GTIGL,GTERI,salto_na_sequencia,3,4077,,,,,,,,,
20088,20090.0,7496.0,7499.0,2025-07-04 11:55:39,2025-07-04 11:58:12,GTERI,GTERI,salto_na_sequencia,3,4078,,,,,,,,,
20096,20098.0,7505.0,7508.0,2025-07-04 11:59:10,2025-07-04 11:59:32,GTERI,GTERI,salto_na_sequencia,3,4085,,,,,,,,,
20100,20102.0,7510.0,7513.0,2025-07-04 12:01:12,2025-07-04 12:01:51,GTERI,GTERI,salto_na_sequencia,3,4088,,,,,,,,,
20106,20108.0,7517.0,7520.0,2025-07-04 12:02:49,2025-07-04 12:03:30,GTIGL,GTSTT,salto_na_sequencia,3,4093,,,,,,,,,
20108,20118.0,7520.0,7539.0,2025-07-04 12:03:30,2025-07-04 12:22:50,GTSTT,GTIGN,salto_na_sequencia,19,4094,,,,,,,,,
20127,20129.0,7548.0,7551.0,2025-07-04 12:22:57,2025-07-04 12:23:48,GTIGL,GTERI,salto_na_sequencia,3,4104,,,,,,,,,
20131,20133.0,7553.0,7556.0,2025-07-04 12:23:52,2025-07-04 12:25:27,GTERI,GTERI,salto_na_sequencia,3,4107,,,,,,,,,
20138,20140.0,7561.0,7564.0,2025-07-04 12:26:38,2025-07-04 12:27:32,GTERI,GTERI,salto_na_sequencia,3,4113,,,,,,,,,
20149,20151.0,7573.0,7576.0,2025-07-04 12:28:59,2025-07-04 12:30:12,GTERI,GTERI,salto_na_sequencia,3,4123,,,,,,,,,
20156,20157.0,7580.0,7583.0,2025-07-04 12:31:23,2025-07-04 12:31:30,GTERI,GTERI,salto_na_sequencia,3,4128,,,,,,,,,
20162,20164.0,7588.0,7591.0,2025-07-04 12:32:13,2025-07-04 12:34:39,GTERI,GTIGF,salto_na_sequencia,3,4134,,,,,,,,,
20167,20169.0,7594.0,7597.0,2025-07-04 12:34:39,2025-07-04 12:35:33,GTIGL,GTSTT,salto_na_sequencia,3,4138,,,,,,,,,
20169,20199.0,7597.0,7656.0,2025-07-04 12:35:33,2025-07-04 13:34:34,GTSTT,GTERI,salto_na_sequencia,59,4139,,,,,,,,,
20199,20230.0,7656.0,7717.0,2025-07-04 13:34:34,2025-07-04 14:34:34,GTERI,GTERI,salto_na_sequencia,61,4140,,,,,,,,,
20230,20261.0,7717.0,7778.0,2025-07-04 14:34:34,2025-07-04 15:34:34,GTERI,GTERI,salto_na_sequencia,61,4141,,,,,,,,,
20261,20292.0,7778.0,7839.0,2025-07-04 15:34:34,2025-07-04 16:34:34,GTERI,GTERI,salto_na_sequencia,61,4142,,,,,,,,,
20292,20324.0,7839.0,7900.0,2025-07-04 16:34:34,2025-07-04 17:34:34,GTERI,GTERI,salto_na_sequencia,61,4143,,,,,,,,,
20324,20355.0,7900.0,7961.0,2025-07-04 17:34:34,2025-07-04 18:34:34,GTERI,GTERI,salto_na_sequencia,61,4144,,,,,,,,,
20355,20386.0,7961.0,8022.0,2025-07-04 18:34:34,2025-07-04 19:34:34,GTERI,GTERI,salto_na_sequencia,61,4145,,,,,,,,,
20386,20417.0,8022.0,8083.0,2025-07-04 19:34:34,2025-07-04 20:34:34,GTERI,GTERI,salto_na_sequencia,61,4146,,,,,,,,,
20417,20448.0,8083.0,8144.0,2025-07-04 20:34:34,2025-07-04 21:34:34,GTERI,GTERI,salto_na_sequencia,61,4147,,,,,,,,,
20448,20479.0,8144.0,8205.0,2025-07-04 21:34:34,2025-07-04 22:34:34,GTERI,GTERI,salto_na_sequencia,61,4148,,,,,,,,,
20479,20506.0,8205.0,8258.0,2025-07-04 22:34:34,2025-07-04 23:26:21,GTERI,GTPNR,salto_na_sequencia,53,4149,,,,,,,,,
20509,20539.0,8261.0,8320.0,2025-07-04 23:26:35,2025-07-05 00:26:19,GTERI,GTERI,salto_na_sequencia,59,4153,,,,,,,,,
20539,20570.0,8320.0,8381.0,2025-07-05 00:26:19,2025-07-05 01:26:19,GTERI,GTERI,salto_na_sequencia,61,4154,,,,,,,,,
20570,20601.0,8381.0,8442.0,2025-07-05 01:26:19,2025-07-05 02:26:19,GTERI,GTERI,salto_na_sequencia,61,4155,,,,,,,,,
20601,20632.0,8442.0,8503.0,2025-07-05 02:26:19,2025-07-05 03:26:19,GTERI,GTERI,salto_na_sequencia,61,4156,,,,,,,,,
20632,20663.0,8503.0,8564.0,2025-07-05 03:26:19,2025-07-05 04:26:19,GTERI,GTERI,salto_na_sequencia,61,4157,,,,,,,,,
20663,20694.0,8564.0,8625.0,2025-07-05 04:26:19,2025-07-05 05:26:19,GTERI,GTERI,salto_na_sequencia,61,4158,,,,,,,,,
20694,20725.0,8625.0,8686.0,2025-07-05 05:26:19,2025-07-05 06:26:19,GTERI,GTERI,salto_na_sequencia,61,4159,,,,,,,,,
20725,20756.0,8686.0,8747.0,2025-07-05 06:26:19,2025-07-05 07:26:19,GTERI,GTERI,salto_na_sequencia,61,4160,,,,,,,,,
20756,20787.0,8747.0,8808.0,2025-07-05 07:26:19,2025-07-05 08:26:19,GTERI,GTERI,salto_na_sequencia,61,4161,,,,,,,,,
20787,20818.0,8808.0,8869.0,2025-07-05 08:26:19,2025-07-05 09:26:19,GTERI,GTERI,salto_na_sequencia,61,4162,,,,,,,,,
20818,20849.0,8869.0,8930.0,2025-07-05 09:26:19,2025-07-05 10:26:19,GTERI,GTERI,salto_na_sequencia,61,4163,,,,,,,,,
20849,20880.0,8930.0,8991.0,2025-07-05 10:26:19,2025-07-05 11:26:19,GTERI,GTERI,salto_na_sequencia,61,4164,,,,,,,,,
20880,20911.0,8991.0,9052.0,2025-07-05 11:26:19,2025-07-05 12:26:19,GTERI,GTERI,salto_na_sequencia,61,4165,,,,,,,,,
20911,20942.0,9052.0,9113.0,2025-07-05 12:26:19,2025-07-05 13:26:19,GTERI,GTERI,salto_na_sequencia,61,4166,,,,,,,,,
20942,20973.0,9113.0,9174.0,2025-07-05 13:26:19,2025-07-05 14:26:19,GTERI,GTERI,salto_na_sequencia,61,4167,,,,,,,,,
20973,21004.0,9174.0,9235.0,2025-07-05 14:26:19,2025-07-05 15:26:19,GTERI,GTERI,salto_na_sequencia,61,4168,,,,,,,,,
21004,21035.0,9235.0,9296.0,2025-07-05 15:26:19,2025-07-05 16:26:19,GTERI,GTERI,salto_na_sequencia,61,4169,,,,,,,,,
21035,21066.0,9296.0,9357.0,2025-07-05 16:26:19,2025-07-05 17:26:19,GTERI,GTERI,salto_na_sequencia,61,4170,,,,,,,,,
21066,21097.0,9357.0,9418.0,2025-07-05 17:26:19,2025-07-05 18:26:19,GTERI,GTERI,salto_na_sequencia,61,4171,,,,,,,,,
21097,21128.0,9418.0,9479.0,2025-07-05 18:26:19,2025-07-05 19:26:19,GTERI,GTERI,salto_na_sequencia,61,4172,,,,,,,,,
21128,21159.0,9479.0,9540.0,2025-07-05 19:26:19,2025-07-05 20:26:19,GTERI,GTERI,salto_na_sequencia,61,4173,,,,,,,,,
21159,21190.0,9540.0,9601.0,2025-07-05 20:26:19,2025-07-05 21:26:19,GTERI,GTERI,salto_na_sequencia,61,4174,,,,,,,,,
21190,21221.0,9601.0,9662.0,2025-07-05 21:26:19,2025-07-05 22:26:19,GTERI,GTERI,salto_na_sequencia,61,4175,,,,,,,,,
21221,21252.0,9662.0,9723.0,2025-07-05 22:26:19,2025-07-05 23:26:19,GTERI,GTERI,salto_na_sequencia,61,4176,,,,,,,,,
21252,21283.0,9723.0,9784.0,2025-07-05 23:26:19,2025-07-06 00:26:19,GTERI,GTERI,salto_na_sequencia,61,4177,,,,,,,,,
21283,21314.0,9784.0,9845.0,2025-07-06 00:26:19,2025-07-06 01:26:19,GTERI,GTERI,salto_na_sequencia,61,4178,,,,,,,,,
21314,21344.0,9845.0,9904.0,2025-07-06 01:26:19,2025-07-06 02:26:19,GTERI,GTERI,salto_na_sequencia,59,4179,,,,,,,,,
21344,21354.0,9904.0,9923.0,2025-07-06 02:26:19,2025-07-06 02:42:20,GTERI,GTPDP,salto_na_sequencia,19,4180,,,,,,,,,
21354,21376.0,9923.0,9966.0,2025-07-06 02:42:20,2025-07-06 03:26:19,GTPDP,GTERI,salto_na_sequencia,43,4181,,,,,,,,,
21376,21407.0,9966.0,10027.0,2025-07-06 03:26:19,2025-07-06 04:26:19,GTERI,GTERI,salto_na_sequencia,61,4182,,,,,,,,,
21407,21438.0,10027.0,10088.0,2025-07-06 04:26:19,2025-07-06 05:26:19,GTERI,GTERI,salto_na_sequencia,61,4183,,,,,,,,,
21438,21469.0,10088.0,10149.0,2025-07-06 05:26:19,2025-07-06 06:26:19,GTERI,GTERI,salto_na_sequencia,61,4184,,,,,,,,,
21469,21500.0,10149.0,10210.0,2025-07-06 06:26:19,2025-07-06 07:26:19,GTERI,GTERI,salto_na_sequencia,61,4185,,,,,,,,,
21500,21531.0,10210.0,10271.0,2025-07-06 07:26:19,2025-07-06 08:26:19,GTERI,GTERI,salto_na_sequencia,61,4186,,,,,,,,,
21531,21562.0,10271.0,10332.0,2025-07-06 08:26:19,2025-07-06 09:26:19,GTERI,GTERI,salto_na_sequencia,61,4187,,,,,,,,,
21562,21593.0,10332.0,10393.0,2025-07-06 09:26:19,2025-07-06 10:26:19,GTERI,GTERI,salto_na_sequencia,61,4188,,,,,,,,,
21593,21624.0,10393.0,10454.0,2025-07-06 10:26:19,2025-07-06 11:26:19,GTERI,GTERI,salto_na_sequencia,61,4189,,,,,,,,,
21624,21655.0,10454.0,10515.0,2025-07-06 11:26:19,2025-07-06 12:26:19,GTERI,GTERI,salto_na_sequencia,61,4190,,,,,,,,,
21655,21686.0,10515.0,10576.0,2025-07-06 12:26:19,2025-07-06 13:26:19,GTERI,GTERI,salto_na_sequencia,61,4191,,,,,,,,,
21686,21717.0,10576.0,10637.0,2025-07-06 13:26:19,2025-07-06 14:26:19,GTERI,GTERI,salto_na_sequencia,61,4192,,,,,,,,,
21717,21748.0,10637.0,10698.0,2025-07-06 14:26:19,2025-07-06 15:26:19,GTERI,GTERI,salto_na_sequencia,61,4193,,,,,,,,,
21748,21779.0,10698.0,10759.0,2025-07-06 15:26:19,2025-07-06 16:26:19,GTERI,GTERI,salto_na_sequencia,61,4194,,,,,,,,,
21779,21810.0,10759.0,10820.0,2025-07-06 16:26:19,2025-07-06 17:26:19,GTERI,GTERI,salto_na_sequencia,61,4195,,,,,,,,,
21810,21841.0,10820.0,10881.0,2025-07-06 17:26:19,2025-07-06 18:26:19,GTERI,GTERI,salto_na_sequencia,61,4196,,,,,,,,,
21841,21872.0,10881.0,10942.0,2025-07-06 18:26:19,2025-07-06 19:26:19,GTERI,GTERI,salto_na_sequencia,61,4197,,,,,,,,,
21872,21903.0,10942.0,11003.0,2025-07-06 19:26:19,2025-07-06 20:26:19,GTERI,GTERI,salto_na_sequencia,61,4198,,,,,,,,,
21903,21934.0,11003.0,11064.0,2025-07-06 20:26:19,2025-07-06 21:26:19,GTERI,GTERI,salto_na_sequencia,61,4199,,,,,,,,,
21934,21965.0,11064.0,11125.0,2025-07-06 21:26:19,2025-07-06 22:26:19,GTERI,GTERI,salto_na_sequencia,61,4200,,,,,,,,,
21965,21996.0,11125.0,11186.0,2025-07-06 22:26:19,2025-07-06 23:26:19,GTERI,GTERI,salto_na_sequencia,61,4201,,,,,,,,,
21996,22027.0,11186.0,11247.0,2025-07-06 23:26:19,2025-07-07 00:26:19,GTERI,GTERI,salto_na_sequencia,61,4202,,,,,,,,,
22027,22058.0,11247.0,11308.0,2025-07-07 00:26:19,2025-07-07 01:26:19,GTERI,GTERI,salto_na_sequencia,61,4203,,,,,,,,,
22058,22089.0,11308.0,11369.0,2025-07-07 01:26:19,2025-07-07 02:26:19,GTERI,GTERI,salto_na_sequencia,61,4204,,,,,,,,,
22089,22120.0,11369.0,11430.0,2025-07-07 02:26:19,2025-07-07 03:26:19,GTERI,GTERI,salto_na_sequencia,61,4205,,,,,,,,,
22120,22151.0,11430.0,11491.0,2025-07-07 03:26:19,2025-07-07 04:26:19,GTERI,GTERI,salto_na_sequencia,61,4206,,,,,,,,,
22151,22182.0,11491.0,11552.0,2025-07-07 04:26:19,2025-07-07 05:26:19,GTERI,GTERI,salto_na_sequencia,61,4207,,,,,,,,,
22182,22212.0,11552.0,11611.0,2025-07-07 05:26:19,2025-07-07 06:26:19,GTERI,GTERI,salto_na_sequencia,59,4208,,,,,,,,,
22212,22243.0,11611.0,11672.0,2025-07-07 06:26:19,2025-07-07 07:26:19,GTERI,GTERI,salto_na_sequencia,61,4209,,,,,,,,,
22243,22274.0,11672.0,11733.0,2025-07-07 07:26:19,2025-07-07 08:26:19,GTERI,GTERI,salto_na_sequencia,61,4210,,,,,,,,,
22274,22305.0,11733.0,11794.0,2025-07-07 08:26:19,2025-07-07 09:26:19,GTERI,GTERI,salto_na_sequencia,61,4211,,,,,,,,,
22305,22336.0,11794.0,11855.0,2025-07-07 09:26:19,2025-07-07 10:26:19,GTERI,GTERI,salto_na_sequencia,61,4212,,,,,,,,,
22336,22367.0,11855.0,11916.0,2025-07-07 10:26:19,2025-07-07 11:26:19,GTERI,GTERI,salto_na_sequencia,61,4213,,,,,,,,,
22367,22398.0,11916.0,11977.0,2025-07-07 11:26:19,2025-07-07 12:26:19,GTERI,GTERI,salto_na_sequencia,61,4214,,,,,,,,,
22398,22429.0,11977.0,12038.0,2025-07-07 12:26:19,2025-07-07 13:26:19,GTERI,GTERI,salto_na_sequencia,61,4215,,,,,,,,,
22429,22460.0,12038.0,12099.0,2025-07-07 13:26:19,2025-07-07 14:26:19,GTERI,GTERI,salto_na_sequencia,61,4216,,,,,,,,,
22460,22491.0,12099.0,12160.0,2025-07-07 14:26:19,2025-07-07 15:26:19,GTERI,GTERI,salto_na_sequencia,61,4217,,,,,,,,,
22491,22522.0,12160.0,12221.0,2025-07-07 15:26:19,2025-07-07 16:26:19,GTERI,GTERI,salto_na_sequencia,61,4218,,,,,,,,,
22522,22554.0,12221.0,12282.0,2025-07-07 16:26:19,2025-07-07 17:26:19,GTERI,GTERI,salto_na_sequencia,61,4219,,,,,,,,,
22554,22585.0,12282.0,12343.0,2025-07-07 17:26:19,2025-07-07 18:26:19,GTERI,GTERI,salto_na_sequencia,61,4220,,,,,,,,,
22585,22616.0,12343.0,12404.0,2025-07-07 18:26:19,2025-07-07 19:26:19,GTERI,GTERI,salto_na_sequencia,61,4221,,,,,,,,,
22616,22647.0,12404.0,12465.0,2025-07-07 19:26:19,2025-07-07 20:26:19,GTERI,GTERI,salto_na_sequencia,61,4222,,,,,,,,,
22647,22678.0,12465.0,12526.0,2025-07-07 20:26:19,2025-07-07 21:26:19,GTERI,GTERI,salto_na_sequencia,61,4223,,,,,,,,,
22678,22709.0,12526.0,12587.0,2025-07-07 21:26:19,2025-07-07 22:26:19,GTERI,GTERI,salto_na_sequencia,61,4224,,,,,,,,,
22709,22740.0,12587.0,12648.0,2025-07-07 22:26:19,2025-07-07 23:26:19,GTERI,GTERI,salto_na_sequencia,61,4225,,,,,,,,,
22740,22771.0,12648.0,12709.0,2025-07-07 23:26:19,2025-07-08 00:26:19,GTERI,GTERI,salto_na_sequencia,61,4226,,,,,,,,,
22771,22802.0,12709.0,12770.0,2025-07-08 00:26:19,2025-07-08 01:26:19,GTERI,GTERI,salto_na_sequencia,61,4227,,,,,,,,,
22802,22833.0,12770.0,12831.0,2025-07-08 01:26:19,2025-07-08 02:26:19,GTERI,GTERI,salto_na_sequencia,61,4228,,,,,,,,,
22833,22843.0,12831.0,12850.0,2025-07-08 02:26:19,2025-07-08 02:43:28,GTERI,GTPDP,salto_na_sequencia,19,4229,,,,,,,,,
22843,22865.0,12850.0,12893.0,2025-07-08 02:43:28,2025-07-08 03:26:19,GTPDP,GTERI,salto_na_sequencia,43,4230,,,,,,,,,
22865,22896.0,12893.0,12954.0,2025-07-08 03:26:19,2025-07-08 04:26:19,GTERI,GTERI,salto_na_sequencia,61,4231,,,,,,,,,
22896,22927.0,12954.0,13015.0,2025-07-08 04:26:19,2025-07-08 05:26:19,GTERI,GTERI,salto_na_sequencia,61,4232,,,,,,,,,
22927,22958.0,13015.0,13076.0,2025-07-08 05:26:19,2025-07-08 06:26:19,GTERI,GTERI,salto_na_sequencia,61,4233,,,,,,,,,
22958,22989.0,13076.0,13137.0,2025-07-08 06:26:19,2025-07-08 07:26:19,GTERI,GTERI,salto_na_sequencia,61,4234,,,,,,,,,
22989,23020.0,13137.0,13198.0,2025-07-08 07:26:19,2025-07-08 08:26:19,GTERI,GTERI,salto_na_sequencia,61,4235,,,,,,,,,
23020,23050.0,13198.0,13257.0,2025-07-08 08:26:19,2025-07-08 09:26:19,GTERI,GTERI,salto_na_sequencia,59,4236,,,,,,,,,
23050,23081.0,13257.0,13318.0,2025-07-08 09:26:19,2025-07-08 10:26:19,GTERI,GTERI,salto_na_sequencia,61,4237,,,,,,,,,
23081,23112.0,13318.0,13379.0,2025-07-08 10:26:19,2025-07-08 11:26:19,GTERI,GTERI,salto_na_sequencia,61,4238,,,,,,,,,
23112,23143.0,13379.0,13440.0,2025-07-08 11:26:19,2025-07-08 12:26:19,GTERI,GTERI,salto_na_sequencia,61,4239,,,,,,,,,
23143,23174.0,13440.0,13501.0,2025-07-08 12:26:19,2025-07-08 13:26:19,GTERI,GTERI,salto_na_sequencia,61,4240,,,,,,,,,
23174,23205.0,13501.0,13562.0,2025-07-08 13:26:19,2025-07-08 14:26:19,GTERI,GTERI,salto_na_sequencia,61,4241,,,,,,,,,
23205,23236.0,13562.0,13623.0,2025-07-08 14:26:19,2025-07-08 15:26:19,GTERI,GTERI,salto_na_sequencia,61,4242,,,,,,,,,
23236,23267.0,13623.0,13684.0,2025-07-08 15:26:19,2025-07-08 16:26:19,GTERI,GTERI,salto_na_sequencia,61,4243,,,,,,,,,
23267,23298.0,13684.0,13745.0,2025-07-08 16:26:19,2025-07-08 17:26:19,GTERI,GTERI,salto_na_sequencia,61,4244,,,,,,,,,
23298,23329.0,13745.0,13806.0,2025-07-08 17:26:19,2025-07-08 18:26:19,GTERI,GTERI,salto_na_sequencia,61,4245,,,,,,,,,
23329,23360.0,13806.0,13867.0,2025-07-08 18:26:19,2025-07-08 19:26:19,GTERI,GTERI,salto_na_sequencia,61,4246,,,,,,,,,
23360,23391.0,13867.0,13928.0,2025-07-08 19:26:19,2025-07-08 20:26:19,GTERI,GTERI,salto_na_sequencia,61,4247,,,,,,,,,
23391,23422.0,13928.0,13989.0,2025-07-08 20:26:19,2025-07-08 21:26:19,GTERI,GTERI,salto_na_sequencia,61,4248,,,,,,,,,
23422,23453.0,13989.0,14050.0,2025-07-08 21:26:19,2025-07-08 22:26:19,GTERI,GTERI,salto_na_sequencia,61,4249,,,,,,,,,
23453,23485.0,14050.0,14111.0,2025-07-08 22:26:19,2025-07-08 23:26:19,GTERI,GTERI,salto_na_sequencia,61,4250,,,,,,,,,
23485,23516.0,14111.0,14172.0,2025-07-08 23:26:19,2025-07-09 00:26:19,GTERI,GTERI,salto_na_sequencia,61,4251,,,,,,,,,
23516,23547.0,14172.0,14233.0,2025-07-09 00:26:19,2025-07-09 01:26:19,GTERI,GTERI,salto_na_sequencia,61,4252,,,,,,,,,
23547,23578.0,14233.0,14294.0,2025-07-09 01:26:19,2025-07-09 02:26:19,GTERI,GTERI,salto_na_sequencia,61,4253,,,,,,,,,
23578,23609.0,14294.0,14355.0,2025-07-09 02:26:19,2025-07-09 03:26:19,GTERI,GTERI,salto_na_sequencia,61,4254,,,,,,,,,
23609,23640.0,14355.0,14416.0,2025-07-09 03:26:19,2025-07-09 04:26:19,GTERI,GTERI,salto_na_sequencia,61,4255,,,,,,,,,
23640,23671.0,14416.0,14477.0,2025-07-09 04:26:19,2025-07-09 05:26:19,GTERI,GTERI,salto_na_sequencia,61,4256,,,,,,,,,
23671,23702.0,14477.0,14538.0,2025-07-09 05:26:19,2025-07-09 06:26:19,GTERI,GTERI,salto_na_sequencia,61,4257,,,,,,,,,
23702,23733.0,14538.0,14599.0,2025-07-09 06:26:19,2025-07-09 07:26:19,GTERI,GTERI,salto_na_sequencia,61,4258,,,,,,,,,
23733,23764.0,14599.0,14660.0,2025-07-09 07:26:19,2025-07-09 08:26:19,GTERI,GTERI,salto_na_sequencia,61,4259,,,,,,,,,
23764,23795.0,14660.0,14721.0,2025-07-09 08:26:19,2025-07-09 09:26:19,GTERI,GTERI,salto_na_sequencia,61,4260,,,,,,,,,
23795,23826.0,14721.0,14782.0,2025-07-09 09:26:19,2025-07-09 10:26:19,GTERI,GTERI,salto_na_sequencia,61,4261,,,,,,,,,
23826,23857.0,14782.0,14843.0,2025-07-09 10:26:19,2025-07-09 11:26:19,GTERI,GTERI,salto_na_sequencia,61,4262,,,,,,,,,
23857,23889.0,14843.0,14904.0,2025-07-09 11:26:19,2025-07-09 12:26:19,GTERI,GTERI,salto_na_sequencia,61,4263,,,,,,,,,
23889,23920.0,14904.0,14965.0,2025-07-09 12:26:19,2025-07-09 13:26:19,GTERI,GTERI,salto_na_sequencia,61,4264,,,,,,,,,
23920,23951.0,14965.0,15026.0,2025-07-09 13:26:19,2025-07-09 14:26:19,GTERI,GTERI,salto_na_sequencia,61,4265,,,,,,,,,
23951,23982.0,15026.0,15087.0,2025-07-09 14:26:19,2025-07-09 15:26:19,GTERI,GTERI,salto_na_sequencia,61,4266,,,,,,,,,
23982,24017.0,15087.0,15148.0,2025-07-09 15:26:19,2025-07-09 16:26:19,GTERI,GTERI,salto_na_sequencia,61,4267,,,,,,,,,
24017,24048.0,15148.0,15209.0,2025-07-09 16:26:19,2025-07-09 17:26:19,GTERI,GTERI,salto_na_sequencia,61,4268,,,,,,,,,
24048,24079.0,15209.0,15270.0,2025-07-09 17:26:19,2025-07-09 18:26:19,GTERI,GTERI,salto_na_sequencia,61,4269,,,,,,,,,
24079,24110.0,15270.0,15329.0,2025-07-09 18:26:19,2025-07-09 19:26:19,GTERI,GTERI,salto_na_sequencia,59,4270,,,,,,,,,
24110,24141.0,15329.0,15390.0,2025-07-09 19:26:19,2025-07-09 20:26:19,GTERI,GTERI,salto_na_sequencia,61,4271,,,,,,,,,
24141,24172.0,15390.0,15451.0,2025-07-09 20:26:19,2025-07-09 21:26:19,GTERI,GTERI,salto_na_sequencia,61,4272,,,,,,,,,
24172,24203.0,15451.0,15512.0,2025-07-09 21:26:19,2025-07-09 22:26:19,GTERI,GTERI,salto_na_sequencia,61,4273,,,,,,,,,
24203,24234.0,15512.0,15573.0,2025-07-09 22:26:19,2025-07-09 23:26:19,GTERI,GTERI,salto_na_sequencia,61,4274,,,,,,,,,
24234,24265.0,15573.0,15634.0,2025-07-09 23:26:19,2025-07-10 00:26:19,GTERI,GTERI,salto_na_sequencia,61,4275,,,,,,,,,
24265,24296.0,15634.0,15695.0,2025-07-10 00:26:19,2025-07-10 01:26:19,GTERI,GTERI,salto_na_sequencia,61,4276,,,,,,,,,
24296,24327.0,15695.0,15756.0,2025-07-10 01:26:19,2025-07-10 02:26:19,GTERI,GTERI,salto_na_sequencia,61,4277,,,,,,,,,
24327,24337.0,15756.0,15775.0,2025-07-10 02:26:19,2025-07-10 02:42:43,GTERI,GTPDP,salto_na_sequencia,19,4278,,,,,,,,,
24337,24359.0,15775.0,15818.0,2025-07-10 02:42:43,2025-07-10 03:26:19,GTPDP,GTERI,salto_na_sequencia,43,4279,,,,,,,,,
24359,24390.0,15818.0,15879.0,2025-07-10 03:26:19,2025-07-10 04:26:19,GTERI,GTERI,salto_na_sequencia,61,4280,,,,,,,,,
24390,24421.0,15879.0,15940.0,2025-07-10 04:26:19,2025-07-10 05:26:19,GTERI,GTERI,salto_na_sequencia,61,4281,,,,,,,,,
24421,24452.0,15940.0,16001.0,2025-07-10 05:26:19,2025-07-10 06:26:19,GTERI,GTERI,salto_na_sequencia,61,4282,,,,,,,,,
24452,24483.0,16001.0,16062.0,2025-07-10 06:26:19,2025-07-10 07:26:19,GTERI,GTERI,salto_na_sequencia,61,4283,,,,,,,,,
24483,24514.0,16062.0,16123.0,2025-07-10 07:26:19,2025-07-10 08:26:19,GTERI,GTERI,salto_na_sequencia,61,4284,,,,,,,,,
24514,24545.0,16123.0,16184.0,2025-07-10 08:26:19,2025-07-10 09:26:19,GTERI,GTERI,salto_na_sequencia,61,4285,,,,,,,,,
24545,24564.0,16184.0,16221.0,2025-07-10 09:26:19,2025-07-10 10:02:28,GTERI,GTIGN,salto_na_sequencia,37,4286,,,,,,,,,
24573,24575.0,16230.0,16233.0,2025-07-10 10:02:54,2025-07-10 10:03:44,GTIGL,GTIGF,salto_na_sequencia,3,4296,,,,,,,,,
24579,24584.0,16237.0,16246.0,2025-07-10 10:04:23,2025-07-10 10:12:24,GTSTT,GTIGN,salto_na_sequencia,9,4301,,,,,,,,,
24593,24595.0,16255.0,16258.0,2025-07-10 10:12:37,2025-07-10 10:14:22,GTIGL,GTIGF,salto_na_sequencia,3,4311,,,,,,,,,
24642,24644.0,16305.0,16308.0,2025-07-10 10:15:27,2025-07-10 10:15:43,GTERI,GTERI,salto_na_sequencia,3,4359,,,,,,,,,
24648,24650.0,16312.0,16315.0,2025-07-10 10:16:50,2025-07-10 10:18:16,GTERI,GTERI,salto_na_sequencia,3,4364,,,,,,,,,
24653,24655.0,16318.0,16321.0,2025-07-10 10:19:25,2025-07-10 10:19:44,GTERI,GTERI,salto_na_sequencia,3,4368,,,,,,,,,
24660,24662.0,16326.0,16329.0,2025-07-10 10:21:16,2025-07-10 10:22:48,GTERI,GTERI,salto_na_sequencia,3,4374,,,,,,,,,
24667,24669.0,16334.0,16337.0,2025-07-10 10:23:33,2025-07-10 10:24:15,GTIGL,GTSTT,salto_na_sequencia,3,4380,,,,,,,,,
24669,24672.0,16337.0,16342.0,2025-07-10 10:24:15,2025-07-10 10:27:41,GTSTT,GTSTT,salto_na_sequencia,5,4381,,,,,,,,,
24684,24686.0,16354.0,16357.0,2025-07-10 10:29:03,2025-07-10 10:30:45,GTERI,GTERI,salto_na_sequencia,3,4394,,,,,,,,,
24688,24691.0,16359.0,16364.0,2025-07-10 10:31:17,2025-07-10 10:33:54,GTERI,GTERI,salto_na_sequencia,5,4397,,,,,,,,,
24692,24694.0,16365.0,16368.0,2025-07-10 10:34:25,2025-07-10 10:36:01,GTERI,GTERI,salto_na_sequencia,3,4399,,,,,,,,,
24699,24701.0,16373.0,16376.0,2025-07-10 10:36:57,2025-07-10 10:38:34,GTERI,GTERI,salto_na_sequencia,3,4405,,,,,,,,,
24705,24707.0,16380.0,16383.0,2025-07-10 10:39:29,2025-07-10 10:39:42,GTERI,GTERI,salto_na_sequencia,3,4410,,,,,,,,,
24720,24722.0,16396.0,16399.0,2025-07-10 10:41:28,2025-07-10 10:42:54,GTERI,GTERI,salto_na_sequencia,3,4424,,,,,,,,,
24722,24724.0,16399.0,16402.0,2025-07-10 10:42:54,2025-07-10 10:45:24,GTERI,GTERI,salto_na_sequencia,3,4425,,,,,,,,,
24724,24726.0,16402.0,16405.0,2025-07-10 10:45:24,2025-07-10 10:45:42,GTERI,GTERI,salto_na_sequencia,3,4426,,,,,,,,,
24727,24729.0,16406.0,16409.0,2025-07-10 10:45:54,2025-07-10 10:47:52,GTERI,GTIGF,salto_na_sequencia,3,4428,,,,,,,,,
24733,24766.0,16413.0,16474.0,2025-07-10 10:48:59,2025-07-10 11:47:47,GTSTT,GTERI,salto_na_sequencia,61,4433,,,,,,,,,
24766,24797.0,16474.0,16535.0,2025-07-10 11:47:47,2025-07-10 12:47:47,GTERI,GTERI,salto_na_sequencia,61,4434,,,,,,,,,
24797,24802.0,16535.0,16544.0,2025-07-10 12:47:47,2025-07-10 12:56:22,GTERI,GTSTT,salto_na_sequencia,9,4435,,,,,,,,,
24803,24829.0,16545.0,16596.0,2025-07-10 12:56:26,2025-07-10 13:47:47,GTSTT,GTERI,salto_na_sequencia,51,4437,,,,,,,,,
24829,24842.0,16596.0,16621.0,2025-07-10 13:47:47,2025-07-10 14:11:18,GTERI,GTIGN,salto_na_sequencia,25,4438,,,,,,,,,
24851,24853.0,16630.0,16633.0,2025-07-10 14:11:46,2025-07-10 14:13:06,GTIGL,GTERI,salto_na_sequencia,3,4448,,,,,,,,,
24854,24856.0,16634.0,16637.0,2025-07-10 14:13:22,2025-07-10 14:13:56,GTERI,GTERI,salto_na_sequencia,3,4450,,,,,,,,,
24862,24864.0,16643.0,16646.0,2025-07-10 14:15:19,2025-07-10 14:16:26,GTERI,GTERI,salto_na_sequencia,3,4457,,,,,,,,,
24869,24871.0,16651.0,16654.0,2025-07-10 14:17:43,2025-07-10 14:18:17,GTERI,GTERI,salto_na_sequencia,3,4463,,,,,,,,,
24873,24875.0,16656.0,16659.0,2025-07-10 14:18:43,2025-07-10 14:20:28,GTERI,GTERI,salto_na_sequencia,3,4466,,,,,,,,,
24875,24877.0,16659.0,16662.0,2025-07-10 14:20:28,2025-07-10 14:22:50,GTERI,GTERI,salto_na_sequencia,3,4467,,,,,,,,,
24878,24880.0,16663.0,16665.0,2025-07-10 14:23:02,2025-07-10 14:23:25,GTERI,GTPNR,salto_na_sequencia,2,4469,,,,,,,,,
24885,24887.0,16670.0,16673.0,2025-07-10 14:24:22,2025-07-10 14:26:35,GTERI,GTERI,salto_na_sequencia,3,4475,,,,,,,,,
24887,24889.0,16673.0,16676.0,2025-07-10 14:26:35,2025-07-10 14:28:02,GTERI,GTERI,salto_na_sequencia,3,4476,,,,,,,,,
24889,24891.0,16676.0,16679.0,2025-07-10 14:28:02,2025-07-10 14:29:30,GTERI,GTERI,salto_na_sequencia,3,4477,,,,,,,,,
24893,24895.0,16681.0,16684.0,2025-07-10 14:30:40,2025-07-10 14:32:03,GTERI,GTERI,salto_na_sequencia,3,4480,,,,,,,,,
24898,24900.0,16687.0,16690.0,2025-07-10 14:32:35,2025-07-10 14:33:53,GTERI,GTERI,salto_na_sequencia,3,4484,,,,,,,,,
24910,24912.0,16700.0,16703.0,2025-07-10 14:34:57,2025-07-10 14:35:57,GTIGL,GTSTT,salto_na_sequencia,3,4495,,,,,,,,,
24912,24923.0,16703.0,16724.0,2025-07-10 14:35:57,2025-07-10 14:57:05,GTSTT,GTIGN,salto_na_sequencia,21,4496,,,,,,,,,
24932,24934.0,16733.0,16736.0,2025-07-10 14:57:14,2025-07-10 14:57:40,GTIGL,GTERI,salto_na_sequencia,3,4506,,,,,,,,,
24938,24940.0,16740.0,16743.0,2025-07-10 14:59:09,2025-07-10 15:00:13,GTERI,GTERI,salto_na_sequencia,3,4511,,,,,,,,,
24944,24946.0,16747.0,16750.0,2025-07-10 15:01:00,2025-07-10 15:01:35,GTERI,GTERI,salto_na_sequencia,3,4516,,,,,,,,,
24951,24982.0,16755.0,16816.0,2025-07-10 15:03:11,2025-07-10 16:01:58,GTSTT,GTERI,salto_na_sequencia,61,4522,,,,,,,,,
24982,25013.0,16816.0,16877.0,2025-07-10 16:01:58,2025-07-10 17:01:58,GTERI,GTERI,salto_na_sequencia,61,4523,,,,,,,,,
25013,25044.0,16877.0,16938.0,2025-07-10 17:01:58,2025-07-10 18:01:58,GTERI,GTERI,salto_na_sequencia,61,4524,,,,,,,,,
25044,25075.0,16938.0,16999.0,2025-07-10 18:01:58,2025-07-10 19:01:58,GTERI,GTERI,salto_na_sequencia,61,4525,,,,,,,,,
25075,25106.0,16999.0,17060.0,2025-07-10 19:01:58,2025-07-10 20:01:58,GTERI,GTERI,salto_na_sequencia,61,4526,,,,,,,,,
25106,25137.0,17060.0,17121.0,2025-07-10 20:01:58,2025-07-10 21:01:58,GTERI,GTERI,salto_na_sequencia,61,4527,,,,,,,,,
25137,25165.0,17121.0,17181.0,2025-07-10 21:01:58,2025-07-10 22:01:58,GTERI,GTERI,salto_na_sequencia,60,4528,,,,,,,,,
25165,25196.0,17181.0,17242.0,2025-07-10 22:01:58,2025-07-10 23:01:58,GTERI,GTERI,salto_na_sequencia,61,4529,,,,,,,,,
25196,25227.0,17242.0,17302.0,2025-07-10 23:01:58,2025-07-11 00:01:58,GTERI,GTERI,salto_na_sequencia,60,4530,,,,,,,,,
25227,25258.0,17302.0,17363.0,2025-07-11 00:01:58,2025-07-11 01:01:58,GTERI,GTERI,salto_na_sequencia,61,4531,,,,,,,,,
25258,25289.0,17363.0,17424.0,2025-07-11 01:01:58,2025-07-11 02:01:58,GTERI,GTERI,salto_na_sequencia,61,4532,,,,,,,,,
25289,25320.0,17424.0,17485.0,2025-07-11 02:01:58,2025-07-11 03:01:58,GTERI,GTERI,salto_na_sequencia,61,4533,,,,,,,,,
25320,25334.0,17485.0,17512.0,2025-07-11 03:01:58,2025-07-11 03:27:45,GTERI,GTSTT,salto_na_sequencia,27,4534,,,,,,,,,
25335,25337.0,17513.0,17516.0,2025-07-11 03:28:07,2025-07-11 03:29:19,GTSTT,GTSTT,salto_na_sequencia,3,4536,,,,,,,,,
25367,25368.0,17546.0,17548.0,2025-07-11 03:30:09,2025-07-11 03:30:09,GTIGN,GTSTT,salto_na_sequencia,2,4567,,,,,,,,,
25368,,,,2025-07-11 03:30:09,,,,valor_repetido_diferente,0,4568,25369.0,17548.0,17548.0,GTSTT,GTIGL,2025-07-11 03:30:09,2025-07-11 03:30:19,2025-07-11 03:30:20,4569.0
25376,25377.0,17555.0,17557.0,2025-07-11 03:30:10,2025-07-11 03:30:10,GTSTT,GTIGF,salto_na_sequencia,2,4576,,,,,,,,,
25397,25399.0,17577.0,17579.0,2025-07-11 03:30:19,2025-07-11 03:31:21,GTERI,GTERI,salto_na_sequencia,2,4597,,,,,,,,,
25407,25408.0,17587.0,17589.0,2025-07-11 03:32:09,2025-07-11 03:32:11,GTERI,GTERI,salto_na_sequencia,2,4606,,,,,,,,,
25408,25410.0,17589.0,17591.0,2025-07-11 03:32:11,2025-07-11 03:33:25,GTERI,GTERI,salto_na_sequencia,2,4607,,,,,,,,,
25410,25412.0,17591.0,17594.0,2025-07-11 03:33:25,2025-07-11 03:35:53,GTERI,GTERI,salto_na_sequencia,3,4608,,,,,,,,,
25413,25414.0,17595.0,17597.0,2025-07-11 03:35:57,2025-07-11 03:36:15,GTERI,GTERI,salto_na_sequencia,2,4610,,,,,,,,,
25416,25418.0,17599.0,17601.0,2025-07-11 03:36:25,2025-07-11 03:37:14,GTERI,GTERI,salto_na_sequencia,2,4613,,,,,,,,,
25422,25423.0,17605.0,17607.0,2025-07-11 03:37:54,2025-07-11 03:38:21,GTERI,GTERI,salto_na_sequencia,2,4618,,,,,,,,,
25423,25425.0,17607.0,17609.0,2025-07-11 03:38:21,2025-07-11 03:38:51,GTERI,GTERI,salto_na_sequencia,2,4619,,,,,,,,,
25429,25431.0,17613.0,17616.0,2025-07-11 03:39:59,2025-07-11 03:40:35,GTERI,GTERI,salto_na_sequencia,3,4624,,,,,,,,,
25440,25441.0,17625.0,17627.0,2025-07-11 03:42:08,2025-07-11 03:42:15,GTERI,GTERI,salto_na_sequencia,2,4634,,,,,,,,,
25444,25446.0,17630.0,17633.0,2025-07-11 03:42:25,2025-07-11 03:44:20,GTERI,GTIGF,salto_na_sequencia,3,4638,,,,,,,,,
25449,25451.0,17636.0,17638.0,2025-07-11 03:44:20,2025-07-11 03:45:03,GTIGL,GTSTT,salto_na_sequencia,2,4642,,,,,,,,,
25451,25481.0,17638.0,17698.0,2025-07-11 03:45:03,2025-07-11 04:44:15,GTSTT,GTERI,salto_na_sequencia,60,4643,,,,,,,,,
25481,25512.0,17698.0,17758.0,2025-07-11 04:44:15,2025-07-11 05:44:15,GTERI,GTERI,salto_na_sequencia,60,4644,,,,,,,,,
25512,25543.0,17758.0,17819.0,2025-07-11 05:44:15,2025-07-11 06:44:15,GTERI,GTERI,salto_na_sequencia,61,4645,,,,,,,,,
25543,25574.0,17819.0,17880.0,2025-07-11 06:44:15,2025-07-11 07:44:15,GTERI,GTERI,salto_na_sequencia,61,4646,,,,,,,,,
25574,25605.0,17880.0,17941.0,2025-07-11 07:44:15,2025-07-11 08:44:15,GTERI,GTERI,salto_na_sequencia,61,4647,,,,,,,,,
25605,25632.0,17941.0,17994.0,2025-07-11 08:44:15,2025-07-11 09:35:56,GTERI,GTSTT,salto_na_sequencia,53,4648,,,,,,,,,
25633,25637.0,17995.0,18002.0,2025-07-11 09:36:21,2025-07-11 09:41:23,GTSTT,GTIGN,salto_na_sequencia,7,4650,,,,,,,,,
25646,25647.0,18011.0,18013.0,2025-07-11 09:41:53,2025-07-11 09:42:40,GTIGL,GTERI,salto_na_sequencia,2,4660,,,,,,,,,
25647,25649.0,18013.0,18015.0,2025-07-11 09:42:40,2025-07-11 09:42:54,GTERI,GTERI,salto_na_sequencia,2,4661,,,,,,,,,
25650,25651.0,18016.0,18018.0,2025-07-11 09:43:15,2025-07-11 09:44:31,GTERI,GTERI,salto_na_sequencia,2,4663,,,,,,,,,
25651,25653.0,18018.0,18020.0,2025-07-11 09:44:31,2025-07-11 09:45:13,GTERI,GTERI,salto_na_sequencia,2,4664,,,,,,,,,
25654,25655.0,18021.0,18023.0,2025-07-11 09:45:40,2025-07-11 09:46:49,GTERI,GTERI,salto_na_sequencia,2,4666,,,,,,,,,
25655,25657.0,18023.0,18025.0,2025-07-11 09:46:49,2025-07-11 09:47:24,GTERI,GTERI,salto_na_sequencia,2,4667,,,,,,,,,
25663,25665.0,18031.0,18034.0,2025-07-11 09:48:15,2025-07-11 09:49:04,GTERI,GTERI,salto_na_sequencia,3,4674,,,,,,,,,
25666,25667.0,18035.0,18037.0,2025-07-11 09:50:01,2025-07-11 09:50:31,GTERI,GTERI,salto_na_sequencia,2,4676,,,,,,,,,
25668,25670.0,18038.0,18040.0,2025-07-11 09:50:49,2025-07-11 09:50:53,GTERI,GTERI,salto_na_sequencia,2,4678,,,,,,,,,
25678,25679.0,18048.0,18050.0,2025-07-11 09:52:11,2025-07-11 09:52:39,GTERI,GTERI,salto_na_sequencia,2,4687,,,,,,,,,
25681,25683.0,18052.0,18054.0,2025-07-11 09:52:49,2025-07-11 09:53:31,GTERI,GTERI,salto_na_sequencia,2,4690,,,,,,,,,
25683,25685.0,18054.0,18057.0,2025-07-11 09:53:31,2025-07-11 09:55:25,GTERI,GTERI,salto_na_sequencia,3,4691,,,,,,,,,
25691,25693.0,18063.0,18066.0,2025-07-11 09:56:31,2025-07-11 09:57:37,GTERI,GTIGF,salto_na_sequencia,3,4698,,,,,,,,,
25696,25698.0,18069.0,18072.0,2025-07-11 09:57:38,2025-07-11 09:58:53,GTIGL,GTSTT,salto_na_sequencia,3,4702,,,,,,,,,
25698,25718.0,18072.0,18112.0,2025-07-11 09:58:53,2025-07-11 10:38:44,GTSTT,GTSTT,salto_na_sequencia,40,4703,,,,,,,,,
25718,25720.0,18112.0,18114.0,2025-07-11 10:38:44,2025-07-11 10:39:25,GTSTT,GTSTT,salto_na_sequencia,2,4704,,,,,,,,,
25720,25721.0,18114.0,18116.0,2025-07-11 10:39:25,2025-07-11 10:40:34,GTSTT,GTSTT,salto_na_sequencia,2,4705,,,,,,,,,
25721,25723.0,18116.0,18118.0,2025-07-11 10:40:34,2025-07-11 10:41:02,GTSTT,GTSTT,salto_na_sequencia,2,4706,,,,,,,,,
25723,25732.0,18118.0,18135.0,2025-07-11 10:41:02,2025-07-11 10:57:32,GTSTT,GTERI,salto_na_sequencia,17,4707,,,,,,,,,
25732,25749.0,18135.0,18168.0,2025-07-11 10:57:32,2025-07-11 11:30:07,GTERI,GTSTT,salto_na_sequencia,33,4708,,,,,,,,,
25750,25765.0,18169.0,18198.0,2025-07-11 11:30:29,2025-07-11 11:57:32,GTSTT,GTERI,salto_na_sequencia,29,4710,,,,,,,,,
25765,25796.0,18198.0,18259.0,2025-07-11 11:57:32,2025-07-11 12:57:32,GTERI,GTERI,salto_na_sequencia,61,4711,,,,,,,,,
25796,25827.0,18259.0,18320.0,2025-07-11 12:57:32,2025-07-11 13:57:32,GTERI,GTERI,salto_na_sequencia,61,4712,,,,,,,,,
25827,25858.0,18320.0,18381.0,2025-07-11 13:57:32,2025-07-11 14:57:32,GTERI,GTERI,salto_na_sequencia,61,4713,,,,,,,,,
25858,25892.0,18381.0,18442.0,2025-07-11 14:57:32,2025-07-11 15:57:32,GTERI,GTERI,salto_na_sequencia,61,4714,,,,,,,,,
25892,25926.0,18442.0,18503.0,2025-07-11 15:57:32,2025-07-11 16:57:32,GTERI,GTERI,salto_na_sequencia,61,4715,,,,,,,,,
25926,25957.0,18503.0,18564.0,2025-07-11 16:57:32,2025-07-11 17:57:32,GTERI,GTERI,salto_na_sequencia,61,4716,,,,,,,,,
25957,25988.0,18564.0,18625.0,2025-07-11 17:57:32,2025-07-11 18:57:32,GTERI,GTERI,salto_na_sequencia,61,4717,,,,,,,,,
25988,26019.0,18625.0,18686.0,2025-07-11 18:57:32,2025-07-11 19:57:32,GTERI,GTERI,salto_na_sequencia,61,4718,,,,,,,,,
26019,26050.0,18686.0,18747.0,2025-07-11 19:57:32,2025-07-11 20:57:32,GTERI,GTERI,salto_na_sequencia,61,4719,,,,,,,,,
26050,26081.0,18747.0,18808.0,2025-07-11 20:57:32,2025-07-11 21:57:32,GTERI,GTERI,salto_na_sequencia,61,4720,,,,,,,,,
26081,26111.0,18808.0,18868.0,2025-07-11 21:57:32,2025-07-11 22:57:32,GTERI,GTERI,salto_na_sequencia,60,4721,,,,,,,,,
26111,26142.0,18868.0,18929.0,2025-07-11 22:57:32,2025-07-11 23:57:32,GTERI,GTERI,salto_na_sequencia,61,4722,,,,,,,,,
26142,26173.0,18929.0,18990.0,2025-07-11 23:57:32,2025-07-12 00:57:32,GTERI,GTERI,salto_na_sequencia,61,4723,,,,,,,,,
26173,26204.0,18990.0,19051.0,2025-07-12 00:57:32,2025-07-12 01:57:32,GTERI,GTERI,salto_na_sequencia,61,4724,,,,,,,,,
26204,26235.0,19051.0,19112.0,2025-07-12 01:57:32,2025-07-12 02:57:32,GTERI,GTERI,salto_na_sequencia,61,4725,,,,,,,,,
26235,26266.0,19112.0,19173.0,2025-07-12 02:57:32,2025-07-12 03:57:32,GTERI,GTERI,salto_na_sequencia,61,4726,,,,,,,,,
26266,26297.0,19173.0,19233.0,2025-07-12 03:57:32,2025-07-12 04:57:32,GTERI,GTERI,salto_na_sequencia,60,4727,,,,,,,,,
26297,26328.0,19233.0,19294.0,2025-07-12 04:57:32,2025-07-12 05:57:32,GTERI,GTERI,salto_na_sequencia,61,4728,,,,,,,,,
26328,26359.0,19294.0,19355.0,2025-07-12 05:57:32,2025-07-12 06:57:32,GTERI,GTERI,salto_na_sequencia,61,4729,,,,,,,,,
26359,26389.0,19355.0,19415.0,2025-07-12 06:57:32,2025-07-12 07:57:32,GTERI,GTERI,salto_na_sequencia,60,4730,,,,,,,,,
26389,26420.0,19415.0,19476.0,2025-07-12 07:57:32,2025-07-12 08:57:32,GTERI,GTERI,salto_na_sequencia,61,4731,,,,,,,,,
26420,26451.0,19476.0,19537.0,2025-07-12 08:57:32,2025-07-12 09:57:32,GTERI,GTERI,salto_na_sequencia,61,4732,,,,,,,,,
26451,26482.0,19537.0,19598.0,2025-07-12 09:57:32,2025-07-12 10:57:32,GTERI,GTERI,salto_na_sequencia,61,4733,,,,,,,,,
26482,26513.0,19598.0,19659.0,2025-07-12 10:57:32,2025-07-12 11:57:32,GTERI,GTERI,salto_na_sequencia,61,4734,,,,,,,,,
26513,26544.0,19659.0,19720.0,2025-07-12 11:57:32,2025-07-12 12:57:32,GTERI,GTERI,salto_na_sequencia,61,4735,,,,,,,,,
26544,26575.0,19720.0,19781.0,2025-07-12 12:57:32,2025-07-12 13:57:32,GTERI,GTERI,salto_na_sequencia,61,4736,,,,,,,,,
26575,26606.0,19781.0,19842.0,2025-07-12 13:57:32,2025-07-12 14:57:32,GTERI,GTERI,salto_na_sequencia,61,4737,,,,,,,,,
26606,26637.0,19842.0,19903.0,2025-07-12 14:57:32,2025-07-12 15:57:32,GTERI,GTERI,salto_na_sequencia,61,4738,,,,,,,,,
26637,26668.0,19903.0,19964.0,2025-07-12 15:57:32,2025-07-12 16:57:32,GTERI,GTERI,salto_na_sequencia,61,4739,,,,,,,,,
26668,26699.0,19964.0,20025.0,2025-07-12 16:57:32,2025-07-12 17:57:32,GTERI,GTERI,salto_na_sequencia,61,4740,,,,,,,,,
26699,26730.0,20025.0,20086.0,2025-07-12 17:57:32,2025-07-12 18:57:32,GTERI,GTERI,salto_na_sequencia,61,4741,,,,,,,,,
26730,26761.0,20086.0,20147.0,2025-07-12 18:57:32,2025-07-12 19:57:32,GTERI,GTERI,salto_na_sequencia,61,4742,,,,,,,,,
26761,26792.0,20147.0,20208.0,2025-07-12 19:57:32,2025-07-12 20:57:32,GTERI,GTERI,salto_na_sequencia,61,4743,,,,,,,,,
26792,26823.0,20208.0,20269.0,2025-07-12 20:57:32,2025-07-12 21:57:32,GTERI,GTERI,salto_na_sequencia,61,4744,,,,,,,,,
26823,26854.0,20269.0,20330.0,2025-07-12 21:57:32,2025-07-12 22:57:32,GTERI,GTERI,salto_na_sequencia,61,4745,,,,,,,,,
26854,26885.0,20330.0,20391.0,2025-07-12 22:57:32,2025-07-12 23:57:32,GTERI,GTERI,salto_na_sequencia,61,4746,,,,,,,,,
26885,26917.0,20391.0,20452.0,2025-07-12 23:57:32,2025-07-13 00:57:32,GTERI,GTERI,salto_na_sequencia,61,4747,,,,,,,,,
26917,26948.0,20452.0,20513.0,2025-07-13 00:57:32,2025-07-13 01:57:32,GTERI,GTERI,salto_na_sequencia,61,4748,,,,,,,,,
26948,26979.0,20513.0,20574.0,2025-07-13 01:57:32,2025-07-13 02:57:32,GTERI,GTERI,salto_na_sequencia,61,4749,,,,,,,,,
26979,27010.0,20574.0,20635.0,2025-07-13 02:57:32,2025-07-13 03:57:32,GTERI,GTERI,salto_na_sequencia,61,4750,,,,,,,,,
27010,27041.0,20635.0,20696.0,2025-07-13 03:57:32,2025-07-13 04:57:32,GTERI,GTERI,salto_na_sequencia,61,4751,,,,,,,,,
27041,27072.0,20696.0,20757.0,2025-07-13 04:57:32,2025-07-13 05:57:32,GTERI,GTERI,salto_na_sequencia,61,4752,,,,,,,,,
27072,27087.0,20757.0,20785.0,2025-07-13 05:57:32,2025-07-13 06:24:52,GTERI,GTIGN,salto_na_sequencia,28,4753,,,,,,,,,
27088,27089.0,20786.0,20788.0,2025-07-13 06:24:52,2025-07-13 06:25:03,GTSTT,GTIGF,salto_na_sequencia,2,4755,,,,,,,,,
27100,27103.0,20799.0,20803.0,2025-07-13 06:26:18,2025-07-13 06:28:56,GTSTT,GTSTT,salto_na_sequencia,4,4767,,,,,,,,,
27103,27104.0,20803.0,20805.0,2025-07-13 06:28:56,2025-07-13 06:29:42,GTSTT,GTIGN,salto_na_sequencia,2,4768,,,,,,,,,
27115,27117.0,20816.0,20818.0,2025-07-13 06:30:46,2025-07-13 06:30:48,GTERI,GTERI,salto_na_sequencia,2,4780,,,,,,,,,
27117,27118.0,20818.0,20820.0,2025-07-13 06:30:48,2025-07-13 06:30:57,GTERI,GTERI,salto_na_sequencia,2,4781,,,,,,,,,
27122,27124.0,20824.0,20826.0,2025-07-13 06:31:38,2025-07-13 06:32:53,GTERI,GTERI,salto_na_sequencia,2,4786,,,,,,,,,
27124,27126.0,20826.0,20830.0,2025-07-13 06:32:53,2025-07-13 06:35:53,GTERI,GTERI,salto_na_sequencia,4,4787,,,,,,,,,
27127,27129.0,20831.0,20834.0,2025-07-13 06:36:32,2025-07-13 06:37:33,GTERI,GTERI,salto_na_sequencia,3,4789,,,,,,,,,
27131,27133.0,20836.0,20838.0,2025-07-13 06:38:46,2025-07-13 06:38:53,GTERI,GTERI,salto_na_sequencia,2,4792,,,,,,,,,
27133,27134.0,20838.0,20840.0,2025-07-13 06:38:53,2025-07-13 06:39:26,GTERI,GTERI,salto_na_sequencia,2,4793,,,,,,,,,
27136,27138.0,20842.0,20845.0,2025-07-13 06:39:55,2025-07-13 06:41:01,GTERI,GTERI,salto_na_sequencia,3,4796,,,,,,,,,
27144,27146.0,20851.0,20854.0,2025-07-13 06:42:41,2025-07-13 06:43:28,GTERI,GTERI,salto_na_sequencia,3,4803,,,,,,,,,
27148,27150.0,20856.0,20858.0,2025-07-13 06:44:27,2025-07-13 06:44:53,GTERI,GTERI,salto_na_sequencia,2,4806,,,,,,,,,
27150,27151.0,20858.0,20860.0,2025-07-13 06:44:53,2025-07-13 06:45:11,GTERI,GTERI,salto_na_sequencia,2,4807,,,,,,,,,
27153,27155.0,20862.0,20865.0,2025-07-13 06:46:05,2025-07-13 06:47:53,GTERI,GTERI,salto_na_sequencia,3,4810,,,,,,,,,
27155,27157.0,20865.0,20867.0,2025-07-13 06:47:53,2025-07-13 06:48:56,GTERI,GTERI,salto_na_sequencia,2,4811,,,,,,,,,
27157,27158.0,20867.0,20869.0,2025-07-13 06:48:56,2025-07-13 06:48:58,GTERI,GTERI,salto_na_sequencia,2,4812,,,,,,,,,
27158,27160.0,20869.0,20871.0,2025-07-13 06:48:58,2025-07-13 06:50:53,GTERI,GTERI,salto_na_sequencia,2,4813,,,,,,,,,
27160,27161.0,20871.0,20873.0,2025-07-13 06:50:53,2025-07-13 06:51:18,GTERI,GTERI,salto_na_sequencia,2,4814,,,,,,,,,
27165,27167.0,20877.0,20880.0,2025-07-13 06:52:45,2025-07-13 06:53:30,GTERI,GTERI,salto_na_sequencia,3,4819,,,,,,,,,
27171,27173.0,20884.0,20886.0,2025-07-13 06:54:36,2025-07-13 06:54:50,GTERI,GTERI,salto_na_sequencia,2,4824,,,,,,,,,
27174,27175.0,20887.0,20889.0,2025-07-13 06:54:52,2025-07-13 06:55:08,GTERI,GTERI,salto_na_sequencia,2,4826,,,,,,,,,
27181,27183.0,20895.0,20898.0,2025-07-13 06:55:48,2025-07-13 06:57:14,GTIGL,GTSTT,salto_na_sequencia,3,4833,,,,,,,,,
27183,27186.0,20898.0,20903.0,2025-07-13 06:57:14,2025-07-13 07:01:20,GTSTT,GTIGN,salto_na_sequencia,5,4834,,,,,,,,,
27208,27210.0,20925.0,20927.0,2025-07-13 07:02:39,2025-07-13 07:02:58,GTSTT,GTIGN,salto_na_sequencia,2,4857,,,,,,,,,
27212,27213.0,20929.0,20931.0,2025-07-13 07:02:58,2025-07-13 07:03:03,GTIGL,GTERI,salto_na_sequencia,2,4860,,,,,,,,,
27218,27220.0,20936.0,20939.0,2025-07-13 07:04:07,2025-07-13 07:06:39,GTSTT,GTSTT,salto_na_sequencia,3,4866,,,,,,,,,
27221,27224.0,20940.0,20945.0,2025-07-13 07:06:44,2025-07-13 07:10:36,GTSTT,GTSTT,salto_na_sequencia,5,4868,,,,,,,,,
27224,27226.0,20945.0,20948.0,2025-07-13 07:10:36,2025-07-13 07:11:12,GTSTT,GTSTT,salto_na_sequencia,3,4869,,,,,,,,,
27226,27230.0,20948.0,20955.0,2025-07-13 07:11:12,2025-07-13 07:18:10,GTSTT,GTSTT,salto_na_sequencia,7,4870,,,,,,,,,
27230,27232.0,20955.0,20958.0,2025-07-13 07:18:10,2025-07-13 07:19:05,GTSTT,GTIGN,salto_na_sequencia,3,4871,,,,,,,,,
27239,27242.0,20965.0,20968.0,2025-07-13 07:20:02,2025-07-13 07:21:10,GTSTT,GTPNR,salto_na_sequencia,3,4879,,,,,,,,,
27245,27275.0,20971.0,21030.0,2025-07-13 07:21:21,2025-07-13 08:21:08,GTERI,GTERI,salto_na_sequencia,59,4883,,,,,,,,,
27275,27306.0,21030.0,21091.0,2025-07-13 08:21:08,2025-07-13 09:21:08,GTERI,GTERI,salto_na_sequencia,61,4884,,,,,,,,,
27306,27337.0,21091.0,21152.0,2025-07-13 09:21:08,2025-07-13 10:21:08,GTERI,GTERI,salto_na_sequencia,61,4885,,,,,,,,,
27337,27368.0,21152.0,21213.0,2025-07-13 10:21:08,2025-07-13 11:21:08,GTERI,GTERI,salto_na_sequencia,61,4886,,,,,,,,,
27368,27399.0,21213.0,21274.0,2025-07-13 11:21:08,2025-07-13 12:21:08,GTERI,GTERI,salto_na_sequencia,61,4887,,,,,,,,,
27399,27430.0,21274.0,21335.0,2025-07-13 12:21:08,2025-07-13 13:21:08,GTERI,GTERI,salto_na_sequencia,61,4888,,,,,,,,,
27430,27432.0,21335.0,21338.0,2025-07-13 13:21:08,2025-07-13 13:23:18,GTERI,GTSTT,salto_na_sequencia,3,4889,,,,,,,,,
27432,27435.0,21338.0,21343.0,2025-07-13 13:23:18,2025-07-13 13:26:04,GTSTT,GTIGN,salto_na_sequencia,5,4890,,,,,,,,,
27444,27446.0,21352.0,21355.0,2025-07-13 13:26:32,2025-07-13 13:28:11,GTIGL,GTERI,salto_na_sequencia,3,4900,,,,,,,,,
27451,27454.0,21360.0,21365.0,2025-07-13 13:29:26,2025-07-13 13:31:33,GTERI,GTERI,salto_na_sequencia,5,4906,,,,,,,,,
27457,27459.0,21368.0,21371.0,2025-07-13 13:33:18,2025-07-13 13:33:55,GTERI,GTERI,salto_na_sequencia,3,4910,,,,,,,,,
27464,27466.0,21376.0,21379.0,2025-07-13 13:35:31,2025-07-13 13:35:47,GTERI,GTERI,salto_na_sequencia,3,4916,,,,,,,,,
27470,27472.0,21383.0,21386.0,2025-07-13 13:37:31,2025-07-13 13:37:46,GTERI,GTERI,salto_na_sequencia,3,4921,,,,,,,,,
27480,27482.0,21394.0,21397.0,2025-07-13 13:38:53,2025-07-13 13:39:46,GTERI,GTERI,salto_na_sequencia,3,4930,,,,,,,,,
27487,27489.0,21402.0,21405.0,2025-07-13 13:41:14,2025-07-13 13:41:43,GTERI,GTERI,salto_na_sequencia,3,4936,,,,,,,,,
27498,27500.0,21414.0,21417.0,2025-07-13 13:42:41,2025-07-13 13:43:37,GTERI,GTERI,salto_na_sequencia,3,4946,,,,,,,,,
27508,27510.0,21425.0,21428.0,2025-07-13 13:45:07,2025-07-13 13:46:10,GTERI,GTERI,salto_na_sequencia,3,4955,,,,,,,,,
27512,27514.0,21430.0,21433.0,2025-07-13 13:47:28,2025-07-13 13:47:47,GTERI,GTERI,salto_na_sequencia,3,4958,,,,,,,,,
27518,27520.0,21437.0,21440.0,2025-07-13 13:49:24,2025-07-13 13:50:14,GTERI,GTERI,salto_na_sequencia,3,4963,,,,,,,,,
27520,27522.0,21440.0,21443.0,2025-07-13 13:50:14,2025-07-13 13:52:06,GTERI,GTERI,salto_na_sequencia,3,4964,,,,,,,,,
27530,27532.0,21451.0,21454.0,2025-07-13 13:53:30,2025-07-13 13:53:37,GTERI,GTERI,salto_na_sequencia,3,4973,,,,,,,,,
27537,27539.0,21459.0,21462.0,2025-07-13 13:55:26,2025-07-13 13:57:10,GTSTT,GTSTT,salto_na_sequencia,3,4979,,,,,,,,,
27540,27543.0,21463.0,21468.0,2025-07-13 13:57:24,2025-07-13 14:00:12,GTSTT,GTSTT,salto_na_sequencia,5,4981,,,,,,,,,
27544,27573.0,21469.0,21524.0,2025-07-13 14:00:44,2025-07-13 14:54:25,GTSTT,GTERI,salto_na_sequencia,55,4983,,,,,,,,,
27573,27604.0,21524.0,21585.0,2025-07-13 14:54:25,2025-07-13 15:54:25,GTERI,GTERI,salto_na_sequencia,61,4984,,,,,,,,,
27604,27635.0,21585.0,21646.0,2025-07-13 15:54:25,2025-07-13 16:54:25,GTERI,GTERI,salto_na_sequencia,61,4985,,,,,,,,,
27635,27666.0,21646.0,21707.0,2025-07-13 16:54:25,2025-07-13 17:54:25,GTERI,GTERI,salto_na_sequencia,61,4986,,,,,,,,,
27666,27697.0,21707.0,21768.0,2025-07-13 17:54:25,2025-07-13 18:54:25,GTERI,GTERI,salto_na_sequencia,61,4987,,,,,,,,,
27697,27728.0,21768.0,21829.0,2025-07-13 18:54:25,2025-07-13 19:54:25,GTERI,GTERI,salto_na_sequencia,61,4988,,,,,,,,,
27728,27759.0,21829.0,21890.0,2025-07-13 19:54:25,2025-07-13 20:54:25,GTERI,GTERI,salto_na_sequencia,61,4989,,,,,,,,,
27759,27790.0,21890.0,21951.0,2025-07-13 20:54:25,2025-07-13 21:54:25,GTERI,GTERI,salto_na_sequencia,61,4990,,,,,,,,,
27790,27821.0,21951.0,22012.0,2025-07-13 21:54:25,2025-07-13 22:54:25,GTERI,GTERI,salto_na_sequencia,61,4991,,,,,,,,,
27821,27852.0,22012.0,22073.0,2025-07-13 22:54:25,2025-07-13 23:54:25,GTERI,GTERI,salto_na_sequencia,61,4992,,,,,,,,,
27852,27883.0,22073.0,22134.0,2025-07-13 23:54:25,2025-07-14 00:54:25,GTERI,GTERI,salto_na_sequencia,61,4993,,,,,,,,,
27883,27914.0,22134.0,22195.0,2025-07-14 00:54:25,2025-07-14 01:54:25,GTERI,GTERI,salto_na_sequencia,61,4994,,,,,,,,,
27914,27945.0,22195.0,22256.0,2025-07-14 01:54:25,2025-07-14 02:54:25,GTERI,GTERI,salto_na_sequencia,61,4995,,,,,,,,,
27945,27976.0,22256.0,22317.0,2025-07-14 02:54:25,2025-07-14 03:54:25,GTERI,GTERI,salto_na_sequencia,61,4996,,,,,,,,,
27976,28007.0,22317.0,22378.0,2025-07-14 03:54:25,2025-07-14 04:54:25,GTERI,GTERI,salto_na_sequencia,61,4997,,,,,,,,,
28007,28038.0,22378.0,22439.0,2025-07-14 04:54:25,2025-07-14 05:54:25,GTERI,GTERI,salto_na_sequencia,61,4998,,,,,,,,,
28038,28068.0,22439.0,22498.0,2025-07-14 05:54:25,2025-07-14 06:54:25,GTERI,GTERI,salto_na_sequencia,59,4999,,,,,,,,,
28068,28099.0,22498.0,22559.0,2025-07-14 06:54:25,2025-07-14 07:54:25,GTERI,GTERI,salto_na_sequencia,61,5000,,,,,,,,,
28099,28130.0,22559.0,22620.0,2025-07-14 07:54:25,2025-07-14 08:54:25,GTERI,GTERI,salto_na_sequencia,61,5001,,,,,,,,,
28130,28161.0,22620.0,22681.0,2025-07-14 08:54:25,2025-07-14 09:54:25,GTERI,GTERI,salto_na_sequencia,61,5002,,,,,,,,,
28161,28193.0,22681.0,22742.0,2025-07-14 09:54:25,2025-07-14 10:54:25,GTERI,GTERI,salto_na_sequencia,61,5003,,,,,,,,,
28193,28224.0,22742.0,22803.0,2025-07-14 10:54:25,2025-07-14 11:54:25,GTERI,GTERI,salto_na_sequencia,61,5004,,,,,,,,,
28224,28255.0,22803.0,22864.0,2025-07-14 11:54:25,2025-07-14 12:54:25,GTERI,GTERI,salto_na_sequencia,61,5005,,,,,,,,,
28255,28286.0,22864.0,22925.0,2025-07-14 12:54:25,2025-07-14 13:54:25,GTERI,GTERI,salto_na_sequencia,61,5006,,,,,,,,,
28286,28317.0,22925.0,22986.0,2025-07-14 13:54:25,2025-07-14 14:54:25,GTERI,GTERI,salto_na_sequencia,61,5007,,,,,,,,,
28317,28349.0,22986.0,23047.0,2025-07-14 14:54:25,2025-07-14 15:54:25,GTERI,GTERI,salto_na_sequencia,61,5008,,,,,,,,,
28349,28380.0,23047.0,23108.0,2025-07-14 15:54:25,2025-07-14 16:54:25,GTERI,GTERI,salto_na_sequencia,61,5009,,,,,,,,,
28380,28411.0,23108.0,23169.0,2025-07-14 16:54:25,2025-07-14 17:54:25,GTERI,GTERI,salto_na_sequencia,61,5010,,,,,,,,,
28411,28442.0,23169.0,23230.0,2025-07-14 17:54:25,2025-07-14 18:54:25,GTERI,GTERI,salto_na_sequencia,61,5011,,,,,,,,,
28442,28468.0,23230.0,23291.0,2025-07-14 18:54:25,2025-07-14 19:54:25,GTERI,GTERI,salto_na_sequencia,61,5012,,,,,,,,,
28468,28481.0,23291.0,23323.0,2025-07-14 19:54:25,2025-07-14 20:26:53,GTERI,GTPDP,salto_na_sequencia,32,5013,,,,,,,,,
28481,28496.0,23323.0,23351.0,2025-07-14 20:26:53,2025-07-14 20:54:25,GTPDP,GTERI,salto_na_sequencia,28,5014,,,,,,,,,
28496,28526.0,23351.0,23412.0,2025-07-14 20:54:25,2025-07-14 21:54:25,GTERI,GTERI,salto_na_sequencia,61,5015,,,,,,,,,
28526,28556.0,23412.0,23473.0,2025-07-14 21:54:25,2025-07-14 22:54:25,GTERI,GTERI,salto_na_sequencia,61,5016,,,,,,,,,
28556,28587.0,23473.0,23534.0,2025-07-14 22:54:25,2025-07-14 23:54:25,GTERI,GTERI,salto_na_sequencia,61,5017,,,,,,,,,
28587,28618.0,23534.0,23595.0,2025-07-14 23:54:25,2025-07-15 00:54:25,GTERI,GTERI,salto_na_sequencia,61,5018,,,,,,,,,
28618,28649.0,23595.0,23656.0,2025-07-15 00:54:25,2025-07-15 01:54:25,GTERI,GTERI,salto_na_sequencia,61,5019,,,,,,,,,
28649,28680.0,23656.0,23717.0,2025-07-15 01:54:25,2025-07-15 02:54:25,GTERI,GTERI,salto_na_sequencia,61,5020,,,,,,,,,
28680,28711.0,23717.0,23778.0,2025-07-15 02:54:25,2025-07-15 03:54:25,GTERI,GTERI,salto_na_sequencia,61,5021,,,,,,,,,
28711,28742.0,23778.0,23839.0,2025-07-15 03:54:25,2025-07-15 04:54:25,GTERI,GTERI,salto_na_sequencia,61,5022,,,,,,,,,
28742,28771.0,23839.0,23899.0,2025-07-15 04:54:25,2025-07-15 05:54:25,GTERI,GTERI,salto_na_sequencia,60,5023,,,,,,,,,
28771,28802.0,23899.0,23960.0,2025-07-15 05:54:25,2025-07-15 06:54:25,GTERI,GTERI,salto_na_sequencia,61,5024,,,,,,,,,
28802,28833.0,23960.0,24021.0,2025-07-15 06:54:25,2025-07-15 07:54:25,GTERI,GTERI,salto_na_sequencia,61,5025,,,,,,,,,
28833,28864.0,24021.0,24082.0,2025-07-15 07:54:25,2025-07-15 08:54:25,GTERI,GTERI,salto_na_sequencia,61,5026,,,,,,,,,
28864,28872.0,24082.0,24097.0,2025-07-15 08:54:25,2025-07-15 09:08:31,GTERI,GTIGN,salto_na_sequencia,15,5027,,,,,,,,,
28894,28895.0,24118.0,24120.0,2025-07-15 09:08:40,2025-07-15 09:09:24,GTSTT,GTERI,salto_na_sequencia,2,5049,,,,,,,,,
28906,28908.0,24131.0,24134.0,2025-07-15 09:09:24,2025-07-15 09:11:46,GTIGL,GTERI,salto_na_sequencia,3,5061,,,,,,,,,
28908,28911.0,24134.0,24139.0,2025-07-15 09:11:46,2025-07-15 09:14:46,GTERI,GTERI,salto_na_sequencia,5,5062,,,,,,,,,
28912,28913.0,24140.0,24142.0,2025-07-15 09:14:54,2025-07-15 09:16:36,GTERI,GTERI,salto_na_sequencia,2,5064,,,,,,,,,
28915,28917.0,24144.0,24146.0,2025-07-15 09:16:42,2025-07-15 09:16:50,GTERI,GTERI,salto_na_sequencia,2,5067,,,,,,,,,
28926,28928.0,24155.0,24158.0,2025-07-15 09:17:54,2025-07-15 09:19:51,GTERI,GTERI,salto_na_sequencia,3,5077,,,,,,,,,
28931,28932.0,24161.0,24163.0,2025-07-15 09:20:05,2025-07-15 09:20:13,GTERI,GTERI,salto_na_sequencia,2,5081,,,,,,,,,
28932,28934.0,24163.0,24165.0,2025-07-15 09:20:13,2025-07-15 09:20:46,GTERI,GTERI,salto_na_sequencia,2,5082,,,,,,,,,
28935,28937.0,24166.0,24169.0,2025-07-15 09:21:38,2025-07-15 09:23:46,GTERI,GTERI,salto_na_sequencia,3,5084,,,,,,,,,
28937,28939.0,24169.0,24171.0,2025-07-15 09:23:46,2025-07-15 09:24:39,GTERI,GTPDP,salto_na_sequencia,2,5085,,,,,,,,,
28939,28940.0,24171.0,24173.0,2025-07-15 09:24:39,2025-07-15 09:25:06,GTPDP,GTERI,salto_na_sequencia,2,5086,,,,,,,,,
28951,28954.0,24184.0,24189.0,2025-07-15 09:26:46,2025-07-15 09:29:46,GTERI,GTERI,salto_na_sequencia,5,5098,,,,,,,,,
28956,28959.0,24190.0,24193.0,2025-07-15 09:30:32,2025-07-15 09:32:46,GTPDP,GTERI,salto_na_sequencia,3,5100,,,,,,,,,
28958,28961.0,24194.0,24199.0,2025-07-15 09:32:46,2025-07-15 09:35:16,GTPDP,GTPDP,salto_na_sequencia,5,5102,,,,,,,,,
28962,28964.0,24200.0,24203.0,2025-07-15 09:35:47,2025-07-15 09:38:47,GTERI,GTERI,salto_na_sequencia,3,5104,,,,,,,,,
28965,28968.0,24204.0,24209.0,2025-07-15 09:39:05,2025-07-15 09:41:47,GTERI,GTERI,salto_na_sequencia,5,5106,,,,,,,,,
28968,28970.0,24209.0,24212.0,2025-07-15 09:41:47,2025-07-15 09:44:47,GTERI,GTERI,salto_na_sequencia,3,5107,,,,,,,,,
28970,28972.0,24212.0,24215.0,2025-07-15 09:44:47,2025-07-15 09:45:53,GTERI,GTERI,salto_na_sequencia,3,5108,,,,,,,,,
28972,28974.0,24215.0,24218.0,2025-07-15 09:45:53,2025-07-15 09:47:47,GTERI,GTERI,salto_na_sequencia,3,5109,,,,,,,,,
28974,28976.0,24218.0,24221.0,2025-07-15 09:47:47,2025-07-15 09:50:47,GTERI,GTERI,salto_na_sequencia,3,5110,,,,,,,,,
28976,28979.0,24221.0,24226.0,2025-07-15 09:50:47,2025-07-15 09:53:47,GTERI,GTERI,salto_na_sequencia,5,5111,,,,,,,,,
28979,28981.0,24226.0,24229.0,2025-07-15 09:53:47,2025-07-15 09:56:47,GTERI,GTERI,salto_na_sequencia,3,5112,,,,,,,,,
28981,28983.0,24229.0,24232.0,2025-07-15 09:56:47,2025-07-15 09:59:47,GTERI,GTERI,salto_na_sequencia,3,5113,,,,,,,,,
28983,28985.0,24232.0,24235.0,2025-07-15 09:59:47,2025-07-15 10:00:33,GTERI,GTERI,salto_na_sequencia,3,5114,,,,,,,,,
28985,28987.0,24235.0,24238.0,2025-07-15 10:00:33,2025-07-15 10:02:47,GTERI,GTERI,salto_na_sequencia,3,5115,,,,,,,,,
28988,28990.0,24239.0,24242.0,2025-07-15 10:03:04,2025-07-15 10:03:53,GTASC,GTERI,salto_na_sequencia,3,5117,,,,,,,,,
28991,,,,2025-07-15 10:05:15,,,,valor_repetido_igual,0,5119,28992.0,24243.0,24243.0,GTERI,GTERI,2025-07-15 10:05:15,2025-07-15 10:05:52,2025-07-15 10:05:54,5120.0
28991,,,,2025-07-15 10:05:15,,,,valor_repetido_igual,0,5119,28993.0,24243.0,24243.0,GTERI,GTERI,2025-07-15 10:05:15,2025-07-15 10:05:52,2025-07-15 10:05:54,5121.0
28992,,,,2025-07-15 10:05:15,,,,valor_repetido_igual,0,5120,28993.0,24243.0,24243.0,GTERI,GTERI,2025-07-15 10:05:15,2025-07-15 10:05:54,2025-07-15 10:05:54,5121.0
28995,28998.0,24245.0,24250.0,2025-07-15 10:05:47,2025-07-15 10:08:47,GTERI,GTERI,salto_na_sequencia,5,5123,,,,,,,,,
28998,29000.0,24250.0,24253.0,2025-07-15 10:08:47,2025-07-15 10:11:47,GTERI,GTERI,salto_na_sequencia,3,5124,,,,,,,,,
29000,29002.0,24253.0,24256.0,2025-07-15 10:11:47,2025-07-15 10:12:53,GTERI,GTERI,salto_na_sequencia,3,5125,,,,,,,,,
29002,,,,2025-07-15 10:12:53,,,,valor_repetido_igual,0,5126,29003.0,24256.0,24256.0,GTERI,GTERI,2025-07-15 10:12:53,2025-07-15 10:13:05,2025-07-15 10:13:25,5127.0
29004,29006.0,24257.0,24260.0,2025-07-15 10:13:34,2025-07-15 10:14:17,GTERI,GTERI,salto_na_sequencia,3,5128,,,,,,,,,
29007,29009.0,24261.0,24264.0,2025-07-15 10:14:47,2025-07-15 10:17:47,GTERI,GTERI,salto_na_sequencia,3,5130,,,,,,,,,
29009,29012.0,24264.0,24269.0,2025-07-15 10:17:47,2025-07-15 10:20:47,GTERI,GTERI,salto_na_sequencia,5,5131,,,,,,,,,
29012,29014.0,24269.0,24272.0,2025-07-15 10:20:47,2025-07-15 10:23:47,GTERI,GTERI,salto_na_sequencia,3,5132,,,,,,,,,
29014,29017.0,24272.0,24277.0,2025-07-15 10:23:47,2025-07-15 10:26:47,GTERI,GTERI,salto_na_sequencia,5,5133,,,,,,,,,
29017,29019.0,24277.0,24280.0,2025-07-15 10:26:47,2025-07-15 10:29:42,GTERI,GTSTT,salto_na_sequencia,3,5134,,,,,,,,,
29021,29024.0,24282.0,24287.0,2025-07-15 10:29:47,2025-07-15 10:32:47,GTERI,GTERI,salto_na_sequencia,5,5137,,,,,,,,,
29024,29028.0,24287.0,24290.0,2025-07-15 10:32:47,2025-07-15 10:33:58,GTERI,GTERI,salto_na_sequencia,3,5138,,,,,,,,,
29029,29030.0,24292.0,24295.0,2025-07-15 10:34:30,2025-07-15 10:35:48,GTERI,GTERI,salto_na_sequencia,3,5141,,,,,,,,,
29030,29032.0,24295.0,24298.0,2025-07-15 10:35:48,2025-07-15 10:38:48,GTERI,GTERI,salto_na_sequencia,3,5142,,,,,,,,,
29032,29034.0,24298.0,24301.0,2025-07-15 10:38:48,2025-07-15 10:39:21,GTERI,GTERI,salto_na_sequencia,3,5143,,,,,,,,,
29035,29037.0,24302.0,24305.0,2025-07-15 10:39:23,2025-07-15 10:41:48,GTERI,GTERI,salto_na_sequencia,3,5145,,,,,,,,,
29037,29039.0,24305.0,24308.0,2025-07-15 10:41:48,2025-07-15 10:43:06,GTERI,GTSTT,salto_na_sequencia,3,5146,,,,,,,,,
29042,29045.0,24311.0,24316.0,2025-07-15 10:44:48,2025-07-15 10:47:48,GTERI,GTERI,salto_na_sequencia,5,5150,,,,,,,,,
29047,29050.0,24318.0,24321.0,2025-07-15 10:48:25,2025-07-15 10:49:15,GTERI,GTERI,salto_na_sequencia,3,5153,,,,,,,,,
29051,,,,2025-07-15 10:49:36,,,,valor_repetido_igual,0,5155,29052.0,24322.0,24322.0,GTERI,GTERI,2025-07-15 10:49:36,2025-07-15 10:49:48,2025-07-15 10:50:08,5156.0
29055,,,,2025-07-15 10:50:48,,,,valor_repetido_igual,0,5159,29056.0,24325.0,24325.0,GTERI,GTERI,2025-07-15 10:50:48,2025-07-15 10:51:04,2025-07-15 10:51:20,5160.0
29060,29061.0,24328.0,24331.0,2025-07-15 10:50:51,2025-07-15 10:51:00,GTERI,GTERI,salto_na_sequencia,3,5163,,,,,,,,,
29063,29065.0,24333.0,24336.0,2025-07-15 10:52:12,2025-07-15 10:53:48,GTERI,GTERI,salto_na_sequencia,3,5166,,,,,,,,,
29066,29068.0,24337.0,24339.0,2025-07-15 10:54:08,2025-07-15 10:55:10,GTERI,GTERI,salto_na_sequencia,2,5168,,,,,,,,,
29068,29069.0,24339.0,24341.0,2025-07-15 10:55:10,2025-07-15 10:55:23,GTERI,GTERI,salto_na_sequencia,2,5169,,,,,,,,,
29070,,,,2025-07-15 10:55:34,,,,valor_repetido_igual,0,5171,29071.0,24342.0,24342.0,GTERI,GTERI,2025-07-15 10:55:34,2025-07-15 10:55:46,2025-07-15 10:56:09,5172.0
29075,29077.0,24346.0,24349.0,2025-07-15 10:57:01,2025-07-15 10:57:20,GTERI,GTERI,salto_na_sequencia,3,5176,,,,,,,,,
29081,29083.0,24353.0,24356.0,2025-07-15 10:57:47,2025-07-15 10:59:48,GTERI,GTERI,salto_na_sequencia,3,5181,,,,,,,,,
29088,29090.0,24361.0,24364.0,2025-07-15 11:00:35,2025-07-15 11:01:31,GTIGL,GTSTT,salto_na_sequencia,3,5187,,,,,,,,,
29090,29120.0,24364.0,24423.0,2025-07-15 11:01:31,2025-07-15 12:00:29,GTSTT,GTERI,salto_na_sequencia,59,5188,,,,,,,,,
29120,29131.0,24423.0,24444.0,2025-07-15 12:00:29,2025-07-15 12:19:54,GTERI,GTSTT,salto_na_sequencia,21,5189,,,,,,,,,
29132,29153.0,24445.0,24486.0,2025-07-15 12:20:11,2025-07-15 13:00:29,GTSTT,GTERI,salto_na_sequencia,41,5191,,,,,,,,,
29153,29184.0,24486.0,24547.0,2025-07-15 13:00:29,2025-07-15 14:00:29,GTERI,GTERI,salto_na_sequencia,61,5192,,,,,,,,,
29184,29192.0,24547.0,24562.0,2025-07-15 14:00:29,2025-07-15 14:15:04,GTERI,GTIGN,salto_na_sequencia,15,5193,,,,,,,,,
29201,29203.0,24571.0,24574.0,2025-07-15 14:15:15,2025-07-15 14:17:14,GTIGL,GTERI,salto_na_sequencia,3,5203,,,,,,,,,
29203,29205.0,24574.0,24577.0,2025-07-15 14:17:14,2025-07-15 14:17:35,GTERI,GTERI,salto_na_sequencia,3,5204,,,,,,,,,
29207,29209.0,24579.0,24582.0,2025-07-15 14:18:10,2025-07-15 14:21:10,GTERI,GTERI,salto_na_sequencia,3,5207,,,,,,,,,
29209,29212.0,24582.0,24587.0,2025-07-15 14:21:10,2025-07-15 14:24:10,GTERI,GTERI,salto_na_sequencia,5,5208,,,,,,,,,
29212,29214.0,24587.0,24590.0,2025-07-15 14:24:10,2025-07-15 14:27:10,GTERI,GTERI,salto_na_sequencia,3,5209,,,,,,,,,
29214,29216.0,24590.0,24593.0,2025-07-15 14:27:10,2025-07-15 14:27:48,GTERI,GTSTT,salto_na_sequencia,3,5210,,,,,,,,,
29217,29219.0,24594.0,24597.0,2025-07-15 14:27:59,2025-07-15 14:30:10,GTSTT,GTERI,salto_na_sequencia,3,5212,,,,,,,,,
29222,29225.0,24600.0,24603.0,2025-07-15 14:30:58,2025-07-15 14:31:34,GTERI,GTERI,salto_na_sequencia,3,5216,,,,,,,,,
29227,29230.0,24605.0,24610.0,2025-07-15 14:33:10,2025-07-15 14:36:10,GTERI,GTERI,salto_na_sequencia,5,5219,,,,,,,,,
29230,29232.0,24610.0,24613.0,2025-07-15 14:36:10,2025-07-15 14:39:10,GTERI,GTERI,salto_na_sequencia,3,5220,,,,,,,,,
29232,29235.0,24613.0,24618.0,2025-07-15 14:39:10,2025-07-15 14:42:10,GTERI,GTERI,salto_na_sequencia,5,5221,,,,,,,,,
29236,29238.0,24619.0,24622.0,2025-07-15 14:42:37,2025-07-15 14:44:26,GTERI,GTERI,salto_na_sequencia,3,5223,,,,,,,,,
29238,,,,2025-07-15 14:44:26,,,,valor_repetido_igual,0,5224,29239.0,24622.0,24622.0,GTERI,GTERI,2025-07-15 14:44:26,2025-07-15 14:44:38,2025-07-15 14:44:58,5225.0
29240,29242.0,24623.0,24626.0,2025-07-15 14:45:10,2025-07-15 14:46:12,GTERI,GTERI,salto_na_sequencia,3,5226,,,,,,,,,
29242,29244.0,24626.0,24629.0,2025-07-15 14:46:12,2025-07-15 14:48:10,GTERI,GTERI,salto_na_sequencia,3,5227,,,,,,,,,
29245,29247.0,24630.0,24633.0,2025-07-15 14:48:51,2025-07-15 14:51:10,GTERI,GTERI,salto_na_sequencia,3,5229,,,,,,,,,
29247,29250.0,24633.0,24638.0,2025-07-15 14:51:10,2025-07-15 14:54:10,GTERI,GTERI,salto_na_sequencia,5,5230,,,,,,,,,
29252,,,,2025-07-15 14:55:01,,,,valor_repetido_igual,0,5233,29253.0,24640.0,24640.0,GTERI,GTERI,2025-07-15 14:55:01,2025-07-15 14:55:16,2025-07-15 14:55:33,5234.0
29253,29255.0,24640.0,24643.0,2025-07-15 14:55:01,2025-07-15 14:55:35,GTERI,GTERI,salto_na_sequencia,3,5234,,,,,,,,,
29258,29261.0,24646.0,24651.0,2025-07-15 14:57:10,2025-07-15 15:00:10,GTERI,GTERI,salto_na_sequencia,5,5238,,,,,,,,,
29261,29263.0,24651.0,24654.0,2025-07-15 15:00:10,2025-07-15 15:03:04,GTERI,GTERI,salto_na_sequencia,3,5239,,,,,,,,,
29264,29266.0,24655.0,24658.0,2025-07-15 15:03:10,2025-07-15 15:04:16,GTERI,GTERI,salto_na_sequencia,3,5241,,,,,,,,,
29269,,,,2025-07-15 15:05:11,,,,valor_repetido_igual,0,5245,29270.0,24661.0,24661.0,GTERI,GTERI,2025-07-15 15:05:11,2025-07-15 15:05:23,2025-07-15 15:05:43,5246.0
29270,29272.0,24661.0,24664.0,2025-07-15 15:05:11,2025-07-15 15:06:10,GTERI,GTERI,salto_na_sequencia,3,5246,,,,,,,,,
29277,29279.0,24669.0,24672.0,2025-07-15 15:07:12,2025-07-15 15:08:51,GTSTT,GTIGN,salto_na_sequencia,3,5252,,,,,,,,,
29290,29292.0,24683.0,24686.0,2025-07-15 15:09:19,2025-07-15 15:10:10,GTERI,GTERI,salto_na_sequencia,3,5264,,,,,,,,,
29294,29296.0,24688.0,24691.0,2025-07-15 15:10:13,2025-07-15 15:12:01,GTERI,GTERI,salto_na_sequencia,3,5267,,,,,,,,,
29299,29301.0,24694.0,24697.0,2025-07-15 15:12:47,2025-07-15 15:13:55,GTERI,GTERI,salto_na_sequencia,3,5271,,,,,,,,,
29307,29310.0,24703.0,24708.0,2025-07-15 15:15:01,2025-07-15 15:18:01,GTERI,GTERI,salto_na_sequencia,5,5278,,,,,,,,,
29310,29312.0,24708.0,24711.0,2025-07-15 15:18:01,2025-07-15 15:21:01,GTERI,GTERI,salto_na_sequencia,3,5279,,,,,,,,,
29312,29314.0,24711.0,24714.0,2025-07-15 15:21:01,2025-07-15 15:21:56,GTERI,GTERI,salto_na_sequencia,3,5280,,,,,,,,,
29323,29324.0,24723.0,24725.0,2025-07-15 15:23:15,2025-07-15 15:23:31,GTERI,GTERI,salto_na_sequencia,2,5290,,,,,,,,,
29324,29326.0,24725.0,24727.0,2025-07-15 15:23:31,2025-07-15 15:23:44,GTERI,GTERI,salto_na_sequencia,2,5291,,,,,,,,,
29329,29331.0,24730.0,24733.0,2025-07-15 15:25:14,2025-07-15 15:27:01,GTERI,GTERI,salto_na_sequencia,3,5295,,,,,,,,,
29331,29333.0,24733.0,24736.0,2025-07-15 15:27:01,2025-07-15 15:28:11,GTERI,GTERI,salto_na_sequencia,3,5296,,,,,,,,,
29333,29335.0,24736.0,24739.0,2025-07-15 15:28:11,2025-07-15 15:30:01,GTERI,GTERI,salto_na_sequencia,3,5297,,,,,,,,,
29336,29338.0,24740.0,24743.0,2025-07-15 15:30:41,2025-07-15 15:33:01,GTERI,GTERI,salto_na_sequencia,3,5299,,,,,,,,,
29338,29340.0,24743.0,24746.0,2025-07-15 15:33:01,2025-07-15 15:34:56,GTERI,GTERI,salto_na_sequencia,3,5300,,,,,,,,,
29340,29342.0,24746.0,24749.0,2025-07-15 15:34:56,2025-07-15 15:36:01,GTERI,GTERI,salto_na_sequencia,3,5301,,,,,,,,,
29342,29344.0,24749.0,24752.0,2025-07-15 15:36:01,2025-07-15 15:39:01,GTERI,GTERI,salto_na_sequencia,3,5302,,,,,,,,,
29344,29347.0,24752.0,24757.0,2025-07-15 15:39:01,2025-07-15 15:42:01,GTERI,GTERI,salto_na_sequencia,5,5303,,,,,,,,,
29347,29349.0,24757.0,24760.0,2025-07-15 15:42:01,2025-07-15 15:45:01,GTERI,GTERI,salto_na_sequencia,3,5304,,,,,,,,,
29349,29352.0,24760.0,24765.0,2025-07-15 15:45:01,2025-07-15 15:48:01,GTERI,GTERI,salto_na_sequencia,5,5305,,,,,,,,,
29359,29361.0,24772.0,24775.0,2025-07-15 15:48:31,2025-07-15 15:50:19,GTERI,GTERI,salto_na_sequencia,3,5313,,,,,,,,,
29364,29367.0,24778.0,24781.0,2025-07-15 15:51:01,2025-07-15 15:51:58,GTERI,GTERI,salto_na_sequencia,3,5317,,,,,,,,,
29372,29374.0,24786.0,24789.0,2025-07-15 15:52:41,2025-07-15 15:54:01,GTERI,GTERI,salto_na_sequencia,3,5323,,,,,,,,,
29382,29404.0,24797.0,24840.0,2025-07-15 15:55:12,2025-07-15 16:35:59,GTSTT,GTSTT,salto_na_sequencia,43,5332,,,,,,,,,
29405,29415.0,24841.0,24860.0,2025-07-15 16:36:01,2025-07-15 16:54:27,GTSTT,GTERI,salto_na_sequencia,19,5334,,,,,,,,,
29415,29439.0,24860.0,24906.0,2025-07-15 16:54:27,2025-07-15 17:39:42,GTERI,GTIGN,salto_na_sequencia,46,5335,,,,,,,,,
29440,29441.0,24907.0,24909.0,2025-07-15 17:39:42,2025-07-15 17:39:43,GTSTT,GTSTT,salto_na_sequencia,2,5337,,,,,,,,,
29446,29454.0,24914.0,24929.0,2025-07-15 17:40:19,2025-07-15 17:54:27,GTSTT,GTERI,salto_na_sequencia,15,5343,,,,,,,,,
29454,29458.0,24929.0,24936.0,2025-07-15 17:54:27,2025-07-15 18:00:30,GTERI,GTSTT,salto_na_sequencia,7,5344,,,,,,,,,
29459,29462.0,24937.0,24942.0,2025-07-15 18:00:44,2025-07-15 18:04:40,GTSTT,GTSTT,salto_na_sequencia,5,5346,,,,,,,,,
29463,29466.0,24943.0,24948.0,2025-07-15 18:05:02,2025-07-15 18:09:18,GTSTT,GTIGN,salto_na_sequencia,5,5348,,,,,,,,,
29475,29477.0,24957.0,24960.0,2025-07-15 18:09:28,2025-07-15 18:10:03,GTIGL,GTERI,salto_na_sequencia,3,5358,,,,,,,,,
29482,29483.0,24965.0,24967.0,2025-07-15 18:11:30,2025-07-15 18:11:43,GTERI,GTERI,salto_na_sequencia,2,5364,,,,,,,,,
29483,29485.0,24967.0,24969.0,2025-07-15 18:11:43,2025-07-15 18:11:47,GTERI,GTERI,salto_na_sequencia,2,5365,,,,,,,,,
29487,29488.0,24971.0,24973.0,2025-07-15 18:12:28,2025-07-15 18:13:41,GTERI,GTERI,salto_na_sequencia,2,5368,,,,,,,,,
29488,29490.0,24973.0,24975.0,2025-07-15 18:13:41,2025-07-15 18:14:42,GTERI,GTERI,salto_na_sequencia,2,5369,,,,,,,,,
29492,29493.0,24977.0,24979.0,2025-07-15 18:15:34,2025-07-15 18:15:36,GTERI,GTERI,salto_na_sequencia,2,5372,,,,,,,,,
29493,29495.0,24979.0,24981.0,2025-07-15 18:15:36,2025-07-15 18:15:45,GTERI,GTERI,salto_na_sequencia,2,5373,,,,,,,,,
29501,29503.0,24987.0,24990.0,2025-07-15 18:17:32,2025-07-15 18:18:28,GTERI,GTERI,salto_na_sequencia,3,5380,,,,,,,,,
29503,29505.0,24990.0,24993.0,2025-07-15 18:18:28,2025-07-15 18:21:03,GTERI,GTSTT,salto_na_sequencia,3,5381,,,,,,,,,
29507,29509.0,24995.0,24998.0,2025-07-15 18:21:28,2025-07-15 18:22:27,GTERI,GTERI,salto_na_sequencia,3,5384,,,,,,,,,
29516,29527.0,25005.0,25026.0,2025-07-15 18:23:29,2025-07-15 18:42:02,GTSTT,GTIGN,salto_na_sequencia,21,5392,,,,,,,,,
29535,29537.0,25034.0,25037.0,2025-07-15 18:43:20,2025-07-15 18:44:33,GTSTT,GTERI,salto_na_sequencia,3,5401,,,,,,,,,
29541,29571.0,25041.0,25100.0,2025-07-15 18:44:33,2025-07-15 19:42:32,GTIGL,GTERI,salto_na_sequencia,59,5406,,,,,,,,,
29571,29585.0,25100.0,25125.0,2025-07-15 19:42:32,2025-07-15 20:07:13,GTERI,GTIGN,salto_na_sequencia,25,5407,,,,,,,,,
29590,29592.0,25130.0,25133.0,2025-07-15 20:07:15,2025-07-15 20:07:59,GTSTT,GTIGF,salto_na_sequencia,3,5413,,,,,,,,,
29594,29595.0,25135.0,25137.0,2025-07-15 20:08:42,2025-07-15 20:09:44,GTSTT,GTERI,salto_na_sequencia,2,5416,,,,,,,,,
29599,29630.0,25141.0,25201.0,2025-07-15 20:09:44,2025-07-15 21:07:54,GTIGL,GTERI,salto_na_sequencia,60,5421,,,,,,,,,
29630,29660.0,25201.0,25261.0,2025-07-15 21:07:54,2025-07-15 22:07:54,GTERI,GTERI,salto_na_sequencia,60,5422,,,,,,,,,
29660,29691.0,25261.0,25322.0,2025-07-15 22:07:54,2025-07-15 23:07:54,GTERI,GTERI,salto_na_sequencia,61,5423,,,,,,,,,
29691,29722.0,25322.0,25382.0,2025-07-15 23:07:54,2025-07-16 00:07:54,GTERI,GTERI,salto_na_sequencia,60,5424,,,,,,,,,
29722,29753.0,25382.0,25443.0,2025-07-16 00:07:54,2025-07-16 01:07:54,GTERI,GTERI,salto_na_sequencia,61,5425,,,,,,,,,
29753,29784.0,25443.0,25504.0,2025-07-16 01:07:54,2025-07-16 02:07:54,GTERI,GTERI,salto_na_sequencia,61,5426,,,,,,,,,
29784,29815.0,25504.0,25565.0,2025-07-16 02:07:54,2025-07-16 03:07:54,GTERI,GTERI,salto_na_sequencia,61,5427,,,,,,,,,
29815,29846.0,25565.0,25626.0,2025-07-16 03:07:54,2025-07-16 04:07:54,GTERI,GTERI,salto_na_sequencia,61,5428,,,,,,,,,
29846,29862.0,25626.0,25655.0,2025-07-16 04:07:54,2025-07-16 04:34:47,GTERI,GTPDP,salto_na_sequencia,29,5429,,,,,,,,,
29862,29879.0,25655.0,25690.0,2025-07-16 04:34:47,2025-07-16 05:07:54,GTPDP,GTERI,salto_na_sequencia,35,5430,,,,,,,,,
29879,29910.0,25690.0,25751.0,2025-07-16 05:07:54,2025-07-16 06:07:54,GTERI,GTERI,salto_na_sequencia,61,5431,,,,,,,,,
29910,29941.0,25751.0,25812.0,2025-07-16 06:07:54,2025-07-16 07:07:54,GTERI,GTERI,salto_na_sequencia,61,5432,,,,,,,,,
29941,29972.0,25812.0,25873.0,2025-07-16 07:07:54,2025-07-16 08:07:54,GTERI,GTERI,salto_na_sequencia,61,5433,,,,,,,,,
29972,30003.0,25873.0,25934.0,2025-07-16 08:07:54,2025-07-16 09:07:54,GTERI,GTERI,salto_na_sequencia,61,5434,,,,,,,,,
30003,30034.0,25934.0,25995.0,2025-07-16 09:07:54,2025-07-16 10:07:54,GTERI,GTERI,salto_na_sequencia,61,5435,,,,,,,,,
30050,30052.0,26011.0,26014.0,2025-07-16 10:08:41,2025-07-16 10:09:23,GTSTT,GTSTT,salto_na_sequencia,3,5452,,,,,,,,,
30061,30091.0,26023.0,26082.0,2025-07-16 10:10:28,2025-07-16 11:08:36,GTIGL,GTERI,salto_na_sequencia,59,5462,,,,,,,,,
30091,30123.0,26082.0,26143.0,2025-07-16 11:08:36,2025-07-16 12:08:36,GTERI,GTERI,salto_na_sequencia,61,5463,,,,,,,,,
30123,30155.0,26143.0,26204.0,2025-07-16 12:08:36,2025-07-16 13:08:36,GTERI,GTERI,salto_na_sequencia,61,5464,,,,,,,,,
30155,30186.0,26204.0,26265.0,2025-07-16 13:08:36,2025-07-16 14:08:36,GTERI,GTERI,salto_na_sequencia,61,5465,,,,,,,,,
30186,30210.0,26265.0,26312.0,2025-07-16 14:08:36,2025-07-16 14:54:39,GTERI,GTIGN,salto_na_sequencia,47,5466,,,,,,,,,
30227,30229.0,26329.0,26332.0,2025-07-16 14:54:49,2025-07-16 14:57:10,GTSTT,GTERI,salto_na_sequencia,3,5484,,,,,,,,,
30238,30240.0,26341.0,26344.0,2025-07-16 14:57:10,2025-07-16 14:57:57,GTIGL,GTERI,salto_na_sequencia,3,5494,,,,,,,,,
30240,30242.0,26344.0,26347.0,2025-07-16 14:57:57,2025-07-16 14:59:25,GTERI,GTSTT,salto_na_sequencia,3,5495,,,,,,,,,
30244,30246.0,26349.0,26352.0,2025-07-16 15:00:57,2025-07-16 15:02:41,GTERI,GTERI,salto_na_sequencia,3,5498,,,,,,,,,
30246,30248.0,26352.0,26355.0,2025-07-16 15:02:41,2025-07-16 15:03:40,GTERI,GTERI,salto_na_sequencia,3,5499,,,,,,,,,
30250,30252.0,26357.0,26360.0,2025-07-16 15:03:57,2025-07-16 15:06:57,GTERI,GTERI,salto_na_sequencia,3,5502,,,,,,,,,
30252,30254.0,26360.0,26363.0,2025-07-16 15:06:57,2025-07-16 15:07:36,GTERI,GTERI,salto_na_sequencia,3,5503,,,,,,,,,
30256,30258.0,26365.0,26368.0,2025-07-16 15:08:43,2025-07-16 15:09:57,GTERI,GTERI,salto_na_sequencia,3,5506,,,,,,,,,
30260,30262.0,26370.0,26373.0,2025-07-16 15:10:02,2025-07-16 15:12:57,GTERI,GTERI,salto_na_sequencia,3,5509,,,,,,,,,
30262,30265.0,26373.0,26378.0,2025-07-16 15:12:57,2025-07-16 15:15:57,GTERI,GTERI,salto_na_sequencia,5,5510,,,,,,,,,
30267,30269.0,26380.0,26383.0,2025-07-16 15:16:07,2025-07-16 15:17:42,GTERI,GTERI,salto_na_sequencia,3,5513,,,,,,,,,
30273,30275.0,26387.0,26390.0,2025-07-16 15:18:57,2025-07-16 15:20:38,GTERI,GTERI,salto_na_sequencia,3,5518,,,,,,,,,
30275,30277.0,26390.0,26393.0,2025-07-16 15:20:38,2025-07-16 15:21:57,GTERI,GTERI,salto_na_sequencia,3,5519,,,,,,,,,
30283,30285.0,26399.0,26402.0,2025-07-16 15:22:40,2025-07-16 15:23:49,GTIGL,GTSTT,salto_na_sequencia,3,5526,,,,,,,,,
30285,30292.0,26402.0,26415.0,2025-07-16 15:23:49,2025-07-16 15:35:50,GTSTT,GTSTT,salto_na_sequencia,13,5527,,,,,,,,,
30293,30317.0,26416.0,26463.0,2025-07-16 15:35:56,2025-07-16 16:22:34,GTSTT,GTERI,salto_na_sequencia,47,5529,,,,,,,,,
30317,30348.0,26463.0,26524.0,2025-07-16 16:22:34,2025-07-16 17:22:34,GTERI,GTERI,salto_na_sequencia,61,5530,,,,,,,,,
30348,30379.0,26524.0,26585.0,2025-07-16 17:22:34,2025-07-16 18:22:34,GTERI,GTERI,salto_na_sequencia,61,5531,,,,,,,,,
30379,30410.0,26585.0,26646.0,2025-07-16 18:22:34,2025-07-16 19:22:34,GTERI,GTERI,salto_na_sequencia,61,5532,,,,,,,,,
30410,30441.0,26646.0,26707.0,2025-07-16 19:22:34,2025-07-16 20:22:34,GTERI,GTERI,salto_na_sequencia,61,5533,,,,,,,,,
30441,30472.0,26707.0,26768.0,2025-07-16 20:22:34,2025-07-16 21:22:34,GTERI,GTERI,salto_na_sequencia,61,5534,,,,,,,,,
30472,30503.0,26768.0,26829.0,2025-07-16 21:22:34,2025-07-16 22:22:34,GTERI,GTERI,salto_na_sequencia,61,5535,,,,,,,,,
30503,30511.0,26829.0,26842.0,2025-07-16 22:22:34,2025-07-16 22:35:04,GTERI,GTPDP,salto_na_sequencia,13,5536,,,,,,,,,
30511,30535.0,26842.0,26891.0,2025-07-16 22:35:04,2025-07-16 23:22:34,GTPDP,GTERI,salto_na_sequencia,49,5537,,,,,,,,,
30535,30566.0,26891.0,26952.0,2025-07-16 23:22:34,2025-07-17 00:22:34,GTERI,GTERI,salto_na_sequencia,61,5538,,,,,,,,,
30566,30580.0,26952.0,26979.0,2025-07-17 00:22:34,2025-07-17 00:48:51,GTERI,GTIGN,salto_na_sequencia,27,5539,,,,,,,,,
30613,30616.0,27012.0,27017.0,2025-07-17 00:49:04,2025-07-17 00:52:05,GTERI,GTERI,salto_na_sequencia,5,5573,,,,,,,,,
30617,30619.0,27018.0,27021.0,2025-07-17 00:53:02,2025-07-17 00:53:35,GTERI,GTERI,salto_na_sequencia,3,5575,,,,,,,,,
30625,30627.0,27027.0,27030.0,2025-07-17 00:55:05,2025-07-17 00:55:39,GTERI,GTERI,salto_na_sequencia,3,5582,,,,,,,,,
30628,30630.0,27031.0,27034.0,2025-07-17 00:55:42,2025-07-17 00:58:05,GTERI,GTERI,salto_na_sequencia,3,5584,,,,,,,,,
30630,30632.0,27034.0,27037.0,2025-07-17 00:58:05,2025-07-17 01:01:05,GTERI,GTERI,salto_na_sequencia,3,5585,,,,,,,,,
30632,30634.0,27037.0,27041.0,2025-07-17 01:01:05,2025-07-17 01:03:23,GTERI,GTERI,salto_na_sequencia,4,5586,,,,,,,,,
30634,30636.0,27041.0,27043.0,2025-07-17 01:03:23,2025-07-17 01:04:05,GTERI,GTERI,salto_na_sequencia,2,5587,,,,,,,,,
30639,30641.0,27046.0,27049.0,2025-07-17 01:04:58,2025-07-17 01:05:30,GTERI,GTERI,salto_na_sequencia,3,5591,,,,,,,,,
30641,,,,2025-07-17 01:05:30,,,,valor_repetido_igual,0,5592,30642.0,27049.0,27049.0,GTERI,GTERI,2025-07-17 01:05:30,2025-07-17 01:05:45,2025-07-17 01:05:45,5593.0
30649,30651.0,27056.0,27059.0,2025-07-17 01:07:05,2025-07-17 01:08:59,GTERI,GTERI,salto_na_sequencia,3,5600,,,,,,,,,
30651,30653.0,27059.0,27062.0,2025-07-17 01:08:59,2025-07-17 01:09:29,GTERI,GTERI,salto_na_sequencia,3,5601,,,,,,,,,
30659,30661.0,27068.0,27071.0,2025-07-17 01:10:58,2025-07-17 01:12:03,GTERI,GTIGF,salto_na_sequencia,3,5608,,,,,,,,,
30665,30667.0,27075.0,27079.0,2025-07-17 01:13:11,2025-07-17 01:15:23,GTSTT,GTIGN,salto_na_sequencia,4,5613,,,,,,,,,
30674,30676.0,27086.0,27088.0,2025-07-17 01:15:24,2025-07-17 01:15:28,GTSTT,GTIGL,salto_na_sequencia,2,5621,,,,,,,,,
30689,30691.0,27101.0,27104.0,2025-07-17 01:16:54,2025-07-17 01:17:28,GTIGL,GTSTT,salto_na_sequencia,3,5635,,,,,,,,,
30691,30721.0,27104.0,27163.0,2025-07-17 01:17:28,2025-07-17 02:16:44,GTSTT,GTERI,salto_na_sequencia,59,5636,,,,,,,,,
30721,30752.0,27163.0,27224.0,2025-07-17 02:16:44,2025-07-17 03:16:44,GTERI,GTERI,salto_na_sequencia,61,5637,,,,,,,,,
30752,30783.0,27224.0,27285.0,2025-07-17 03:16:44,2025-07-17 04:16:44,GTERI,GTERI,salto_na_sequencia,61,5638,,,,,,,,,
30783,30814.0,27285.0,27346.0,2025-07-17 04:16:44,2025-07-17 05:16:44,GTERI,GTERI,salto_na_sequencia,61,5639,,,,,,,,,
30814,30845.0,27346.0,27407.0,2025-07-17 05:16:44,2025-07-17 06:16:44,GTERI,GTERI,salto_na_sequencia,61,5640,,,,,,,,,
30845,30876.0,27407.0,27468.0,2025-07-17 06:16:44,2025-07-17 07:16:44,GTERI,GTERI,salto_na_sequencia,61,5641,,,,,,,,,
30876,30907.0,27468.0,27529.0,2025-07-17 07:16:44,2025-07-17 08:16:44,GTERI,GTERI,salto_na_sequencia,61,5642,,,,,,,,,
30907,30939.0,27529.0,27590.0,2025-07-17 08:16:44,2025-07-17 09:16:44,GTERI,GTERI,salto_na_sequencia,61,5643,,,,,,,,,
30939,30970.0,27590.0,27651.0,2025-07-17 09:16:44,2025-07-17 10:16:44,GTERI,GTERI,salto_na_sequencia,61,5644,,,,,,,,,
30970,31001.0,27651.0,27712.0,2025-07-17 10:16:44,2025-07-17 11:16:44,GTERI,GTERI,salto_na_sequencia,61,5645,,,,,,,,,
31001,31032.0,27712.0,27773.0,2025-07-17 11:16:44,2025-07-17 12:16:44,GTERI,GTERI,salto_na_sequencia,61,5646,,,,,,,,,
31032,31042.0,27773.0,27793.0,2025-07-17 12:16:44,2025-07-17 12:36:00,GTERI,GTIGN,salto_na_sequencia,20,5647,,,,,,,,,
31043,31045.0,27794.0,27796.0,2025-07-17 12:36:00,2025-07-17 12:37:05,GTSTT,GTIGF,salto_na_sequencia,2,5649,,,,,,,,,
31068,31070.0,27819.0,27822.0,2025-07-17 12:37:16,2025-07-17 12:38:31,GTSTT,GTERI,salto_na_sequencia,3,5673,,,,,,,,,
31083,31085.0,27835.0,27838.0,2025-07-17 12:38:31,2025-07-17 12:40:21,GTIGL,GTERI,salto_na_sequencia,3,5687,,,,,,,,,
31086,31088.0,27839.0,27842.0,2025-07-17 12:40:26,2025-07-17 12:42:38,GTERI,GTERI,salto_na_sequencia,3,5689,,,,,,,,,
31089,31090.0,27843.0,27845.0,2025-07-17 12:43:21,2025-07-17 12:43:52,GTERI,GTERI,salto_na_sequencia,2,5691,,,,,,,,,
31091,31094.0,27846.0,27850.0,2025-07-17 12:43:54,2025-07-17 12:46:21,GTERI,GTERI,salto_na_sequencia,4,5693,,,,,,,,,
31095,31097.0,27851.0,27854.0,2025-07-17 12:47:38,2025-07-17 12:48:06,GTERI,GTERI,salto_na_sequencia,3,5695,,,,,,,,,
31099,31102.0,27856.0,27861.0,2025-07-17 12:49:21,2025-07-17 12:52:21,GTERI,GTERI,salto_na_sequencia,5,5698,,,,,,,,,
31105,31106.0,27864.0,27866.0,2025-07-17 12:52:44,2025-07-17 12:54:02,GTERI,GTERI,salto_na_sequencia,2,5702,,,,,,,,,
31107,31109.0,27867.0,27869.0,2025-07-17 12:54:04,2025-07-17 12:54:07,GTERI,GTERI,salto_na_sequencia,2,5704,,,,,,,,,
31115,31116.0,27875.0,27877.0,2025-07-17 12:55:21,2025-07-17 12:56:06,GTERI,GTERI,salto_na_sequencia,2,5711,,,,,,,,,
31116,31118.0,27877.0,27879.0,2025-07-17 12:56:06,2025-07-17 12:57:17,GTERI,GTERI,salto_na_sequencia,2,5712,,,,,,,,,
31118,31120.0,27879.0,27882.0,2025-07-17 12:57:17,2025-07-17 12:58:21,GTERI,GTERI,salto_na_sequencia,3,5713,,,,,,,,,
31120,31122.0,27882.0,27885.0,2025-07-17 12:58:21,2025-07-17 13:01:07,GTERI,GTERI,salto_na_sequencia,3,5714,,,,,,,,,
31123,31125.0,27886.0,27889.0,2025-07-17 13:01:21,2025-07-17 13:02:56,GTERI,GTERI,salto_na_sequencia,3,5716,,,,,,,,,
31125,,,,2025-07-17 13:02:56,,,,valor_repetido_igual,0,5717,31126.0,27889.0,27889.0,GTERI,GTERI,2025-07-17 13:02:56,2025-07-17 13:03:12,2025-07-17 13:03:12,5718.0
31127,31129.0,27890.0,27893.0,2025-07-17 13:03:31,2025-07-17 13:04:21,GTERI,GTERI,salto_na_sequencia,3,5719,,,,,,,,,
31129,31131.0,27893.0,27896.0,2025-07-17 13:04:21,2025-07-17 13:07:21,GTERI,GTERI,salto_na_sequencia,3,5720,,,,,,,,,
31131,31134.0,27896.0,27901.0,2025-07-17 13:07:21,2025-07-17 13:10:21,GTERI,GTERI,salto_na_sequencia,5,5721,,,,,,,,,
31135,31137.0,27902.0,27905.0,2025-07-17 13:11:22,2025-07-17 13:13:21,GTERI,GTERI,salto_na_sequencia,3,5723,,,,,,,,,
31138,31140.0,27906.0,27909.0,2025-07-17 13:13:41,2025-07-17 13:15:36,GTERI,GTERI,salto_na_sequencia,3,5725,,,,,,,,,
31140,31142.0,27909.0,27912.0,2025-07-17 13:15:36,2025-07-17 13:16:21,GTERI,GTERI,salto_na_sequencia,3,5726,,,,,,,,,
31145,31147.0,27915.0,27918.0,2025-07-17 13:17:44,2025-07-17 13:18:27,GTERI,GTERI,salto_na_sequencia,3,5730,,,,,,,,,
31149,31152.0,27920.0,27925.0,2025-07-17 13:19:42,2025-07-17 13:22:21,GTERI,GTERI,salto_na_sequencia,5,5733,,,,,,,,,
31152,31154.0,27925.0,27928.0,2025-07-17 13:22:21,2025-07-17 13:24:20,GTERI,GTERI,salto_na_sequencia,3,5734,,,,,,,,,
31155,31158.0,27929.0,27934.0,2025-07-17 13:25:21,2025-07-17 13:28:21,GTERI,GTERI,salto_na_sequencia,5,5736,,,,,,,,,
31159,31160.0,27935.0,27937.0,2025-07-17 13:29:28,2025-07-17 13:30:00,GTERI,GTERI,salto_na_sequencia,2,5738,,,,,,,,,
31160,31163.0,27937.0,27939.0,2025-07-17 13:30:00,2025-07-17 13:31:21,GTERI,GTERI,salto_na_sequencia,2,5739,,,,,,,,,
31163,31165.0,27939.0,27942.0,2025-07-17 13:31:21,2025-07-17 13:32:36,GTERI,GTERI,salto_na_sequencia,3,5740,,,,,,,,,
31167,31170.0,27943.0,27946.0,2025-07-17 13:33:27,2025-07-17 13:34:21,GTPDP,GTERI,salto_na_sequencia,3,5742,,,,,,,,,
31169,31171.0,27947.0,27950.0,2025-07-17 13:34:21,2025-07-17 13:37:24,GTPDP,GTERI,salto_na_sequencia,3,5744,,,,,,,,,
31172,31174.0,27951.0,27954.0,2025-07-17 13:37:43,2025-07-17 13:39:29,GTERI,GTERI,salto_na_sequencia,3,5746,,,,,,,,,
31177,31179.0,27957.0,27960.0,2025-07-17 13:40:13,2025-07-17 13:40:24,GTERI,GTERI,salto_na_sequencia,3,5750,,,,,,,,,
31180,31182.0,27961.0,27964.0,2025-07-17 13:41:35,2025-07-17 13:43:24,GTERI,GTERI,salto_na_sequencia,3,5752,,,,,,,,,
31182,31184.0,27964.0,27967.0,2025-07-17 13:43:24,2025-07-17 13:44:45,GTERI,GTERI,salto_na_sequencia,3,5753,,,,,,,,,
31193,31195.0,27976.0,27978.0,2025-07-17 13:46:04,2025-07-17 13:46:24,GTERI,GTERI,salto_na_sequencia,2,5763,,,,,,,,,
31195,31196.0,27978.0,27980.0,2025-07-17 13:46:24,2025-07-17 13:46:53,GTERI,GTERI,salto_na_sequencia,2,5764,,,,,,,,,
31200,,,,2025-07-17 13:48:01,,,,valor_repetido_igual,0,5769,31201.0,27984.0,27984.0,GTERI,GTERI,2025-07-17 13:48:01,2025-07-17 13:48:17,2025-07-17 13:48:37,5770.0
31200,,,,2025-07-17 13:48:01,,,,valor_repetido_igual,0,5769,31202.0,27984.0,27984.0,GTERI,GTERI,2025-07-17 13:48:01,2025-07-17 13:48:17,2025-07-17 13:48:57,5771.0
31200,,,,2025-07-17 13:48:01,,,,valor_repetido_igual,0,5769,31203.0,27984.0,27984.0,GTERI,GTERI,2025-07-17 13:48:01,2025-07-17 13:48:17,2025-07-17 13:49:17,5772.0
31200,,,,2025-07-17 13:48:01,,,,valor_repetido_igual,0,5769,31204.0,27984.0,27984.0,GTERI,GTERI,2025-07-17 13:48:01,2025-07-17 13:48:17,2025-07-17 13:49:37,5773.0
31200,,,,2025-07-17 13:48:01,,,,valor_repetido_igual,0,5769,31207.0,27984.0,27984.0,GTERI,GTERI,2025-07-17 13:48:01,2025-07-17 13:48:17,2025-07-17 13:51:57,5774.0
31201,,,,2025-07-17 13:48:01,,,,valor_repetido_igual,0,5770,31202.0,27984.0,27984.0,GTERI,GTERI,2025-07-17 13:48:01,2025-07-17 13:48:37,2025-07-17 13:48:57,5771.0
31201,,,,2025-07-17 13:48:01,,,,valor_repetido_igual,0,5770,31203.0,27984.0,27984.0,GTERI,GTERI,2025-07-17 13:48:01,2025-07-17 13:48:37,2025-07-17 13:49:17,5772.0
31201,,,,2025-07-17 13:48:01,,,,valor_repetido_igual,0,5770,31204.0,27984.0,27984.0,GTERI,GTERI,2025-07-17 13:48:01,2025-07-17 13:48:37,2025-07-17 13:49:37,5773.0
31201,,,,2025-07-17 13:48:01,,,,valor_repetido_igual,0,5770,31207.0,27984.0,27984.0,GTERI,GTERI,2025-07-17 13:48:01,2025-07-17 13:48:37,2025-07-17 13:51:57,5774.0
31202,,,,2025-07-17 13:48:01,,,,valor_repetido_igual,0,5771,31203.0,27984.0,27984.0,GTERI,GTERI,2025-07-17 13:48:01,2025-07-17 13:48:57,2025-07-17 13:49:17,5772.0
31202,,,,2025-07-17 13:48:01,,,,valor_repetido_igual,0,5771,31204.0,27984.0,27984.0,GTERI,GTERI,2025-07-17 13:48:01,2025-07-17 13:48:57,2025-07-17 13:49:37,5773.0
31202,,,,2025-07-17 13:48:01,,,,valor_repetido_igual,0,5771,31207.0,27984.0,27984.0,GTERI,GTERI,2025-07-17 13:48:01,2025-07-17 13:48:57,2025-07-17 13:51:57,5774.0
31203,,,,2025-07-17 13:48:01,,,,valor_repetido_igual,0,5772,31204.0,27984.0,27984.0,GTERI,GTERI,2025-07-17 13:48:01,2025-07-17 13:49:17,2025-07-17 13:49:37,5773.0
31203,,,,2025-07-17 13:48:01,,,,valor_repetido_igual,0,5772,31207.0,27984.0,27984.0,GTERI,GTERI,2025-07-17 13:48:01,2025-07-17 13:49:17,2025-07-17 13:51:57,5774.0
31204,,,,2025-07-17 13:48:01,,,,valor_repetido_igual,0,5773,31207.0,27984.0,27984.0,GTERI,GTERI,2025-07-17 13:48:01,2025-07-17 13:49:37,2025-07-17 13:51:57,5774.0
31207,31208.0,27984.0,27987.0,2025-07-17 13:48:01,2025-07-17 13:48:33,GTERI,GTIGF,salto_na_sequencia,3,5774,,,,,,,,,
31212,31206.0,27991.0,27993.0,2025-07-17 13:49:25,2025-07-17 13:51:05,GTSTT,GTPDP,salto_na_sequencia,2,5779,,,,,,,,,
31206,31217.0,27993.0,28002.0,2025-07-17 13:51:05,2025-07-17 13:59:48,GTPDP,GTIGN,salto_na_sequencia,9,5780,,,,,,,,,
31230,31232.0,28015.0,28018.0,2025-07-17 14:01:25,2025-07-17 14:01:53,GTERI,GTERI,salto_na_sequencia,3,5794,,,,,,,,,
31235,31239.0,28023.0,28026.0,2025-07-17 14:03:24,2025-07-17 14:03:47,GTPDP,GTERI,salto_na_sequencia,3,5800,,,,,,,,,
31243,31245.0,28030.0,28033.0,2025-07-17 14:04:54,2025-07-17 14:06:28,GTIGL,GTSTT,salto_na_sequencia,3,5805,,,,,,,,,
31245,31275.0,28033.0,28092.0,2025-07-17 14:06:28,2025-07-17 15:04:49,GTSTT,GTERI,salto_na_sequencia,59,5806,,,,,,,,,
31275,31306.0,28092.0,28153.0,2025-07-17 15:04:49,2025-07-17 16:04:49,GTERI,GTERI,salto_na_sequencia,61,5807,,,,,,,,,
31306,31337.0,28153.0,28214.0,2025-07-17 16:04:49,2025-07-17 17:04:49,GTERI,GTERI,salto_na_sequencia,61,5808,,,,,,,,,
31337,31348.0,28214.0,28273.0,2025-07-17 17:04:49,2025-07-17 18:04:49,GTERI,GTERI,salto_na_sequencia,59,5809,,,,,,,,,
31348,31349.0,28273.0,28332.0,2025-07-17 18:04:49,2025-07-17 19:04:49,GTERI,GTERI,salto_na_sequencia,59,5810,,,,,,,,,
31349,31350.0,28332.0,28390.0,2025-07-17 19:04:49,2025-07-17 20:04:49,GTERI,GTERI,salto_na_sequencia,58,5811,,,,,,,,,
31350,31351.0,28390.0,28449.0,2025-07-17 20:04:49,2025-07-17 21:04:49,GTERI,GTERI,salto_na_sequencia,59,5812,,,,,,,,,
31351,31352.0,28449.0,28508.0,2025-07-17 21:04:49,2025-07-17 22:04:49,GTERI,GTERI,salto_na_sequencia,59,5813,,,,,,,,,
31352,31353.0,28508.0,28566.0,2025-07-17 22:04:49,2025-07-17 23:04:49,GTERI,GTERI,salto_na_sequencia,58,5814,,,,,,,,,
31353,31354.0,28566.0,28625.0,2025-07-17 23:04:49,2025-07-18 00:04:49,GTERI,GTERI,salto_na_sequencia,59,5815,,,,,,,,,
31354,31355.0,28625.0,28683.0,2025-07-18 00:04:49,2025-07-18 01:04:49,GTERI,GTERI,salto_na_sequencia,58,5816,,,,,,,,,
31355,31356.0,28683.0,28742.0,2025-07-18 01:04:49,2025-07-18 02:04:49,GTERI,GTERI,salto_na_sequencia,59,5817,,,,,,,,,
31356,31357.0,28742.0,28800.0,2025-07-18 02:04:49,2025-07-18 03:04:49,GTERI,GTERI,salto_na_sequencia,58,5818,,,,,,,,,
31357,31358.0,28800.0,28859.0,2025-07-18 03:04:49,2025-07-18 04:04:49,GTERI,GTERI,salto_na_sequencia,59,5819,,,,,,,,,
31358,31359.0,28859.0,28918.0,2025-07-18 04:04:49,2025-07-18 05:04:49,GTERI,GTERI,salto_na_sequencia,59,5820,,,,,,,,,
31359,31360.0,28918.0,28976.0,2025-07-18 05:04:49,2025-07-18 06:04:49,GTERI,GTERI,salto_na_sequencia,58,5821,,,,,,,,,
31347,31361.0,28977.0,29035.0,2025-07-18 06:05:27,2025-07-18 07:04:49,GTPDP,GTERI,salto_na_sequencia,58,5823,,,,,,,,,
31361,31362.0,29035.0,29094.0,2025-07-18 07:04:49,2025-07-18 08:04:49,GTERI,GTERI,salto_na_sequencia,59,5824,,,,,,,,,
31362,31378.0,29094.0,29154.0,2025-07-18 08:04:49,2025-07-18 09:04:49,GTERI,GTERI,salto_na_sequencia,60,5825,,,,,,,,,
31378,31390.0,29154.0,29177.0,2025-07-18 09:04:49,2025-07-18 09:26:39,GTERI,GTIGN,salto_na_sequencia,23,5826,,,,,,,,,
31401,31403.0,29188.0,29190.0,2025-07-18 09:28:19,2025-07-18 09:28:23,GTERI,GTERI,salto_na_sequencia,2,5838,,,,,,,,,
31405,31406.0,29192.0,29194.0,2025-07-18 09:28:28,2025-07-18 09:28:36,GTERI,GTERI,salto_na_sequencia,2,5841,,,,,,,,,
31414,31417.0,29202.0,29207.0,2025-07-18 09:29:55,2025-07-18 09:32:47,GTERI,GTERI,salto_na_sequencia,5,5850,,,,,,,,,
31425,31428.0,29215.0,29220.0,2025-07-18 09:33:24,2025-07-18 09:37:27,GTIGL,GTSTT,salto_na_sequencia,5,5859,,,,,,,,,
31428,31430.0,29220.0,29223.0,2025-07-18 09:37:27,2025-07-18 09:39:02,GTSTT,GTIGN,salto_na_sequencia,3,5860,,,,,,,,,
31442,31444.0,29235.0,29238.0,2025-07-18 09:39:55,2025-07-18 09:41:45,GTERI,GTERI,salto_na_sequencia,3,5873,,,,,,,,,
31457,31460.0,29251.0,29255.0,2025-07-18 09:42:22,2025-07-18 09:44:27,GTERI,GTERI,salto_na_sequencia,4,5887,,,,,,,,,
31460,31461.0,29255.0,29257.0,2025-07-18 09:44:27,2025-07-18 09:44:44,GTERI,GTERI,salto_na_sequencia,2,5888,,,,,,,,,
31468,31470.0,29264.0,29267.0,2025-07-18 09:45:12,2025-07-18 09:46:53,GTERI,GTERI,salto_na_sequencia,3,5896,,,,,,,,,
31474,31477.0,29271.0,29276.0,2025-07-18 09:48:12,2025-07-18 09:51:12,GTERI,GTERI,salto_na_sequencia,5,5901,,,,,,,,,
31478,31480.0,29277.0,29280.0,2025-07-18 09:52:19,2025-07-18 09:52:39,GTERI,GTERI,salto_na_sequencia,3,5903,,,,,,,,,
31486,31488.0,29286.0,29289.0,2025-07-18 09:54:12,2025-07-18 09:54:58,GTERI,GTERI,salto_na_sequencia,3,5910,,,,,,,,,
31490,31492.0,29291.0,29294.0,2025-07-18 09:55:08,2025-07-18 09:57:08,GTERI,GTERI,salto_na_sequencia,3,5913,,,,,,,,,
31499,31501.0,29301.0,29304.0,2025-07-18 09:58:18,2025-07-18 09:59:04,GTIGL,GTSTT,salto_na_sequencia,3,5921,,,,,,,,,
31501,31504.0,29304.0,29309.0,2025-07-18 09:59:04,2025-07-18 10:03:05,GTSTT,GTIGN,salto_na_sequencia,5,5922,,,,,,,,,
31518,31520.0,29323.0,29326.0,2025-07-18 10:04:10,2025-07-18 10:05:25,GTERI,GTSTT,salto_na_sequencia,3,5937,,,,,,,,,
31525,,,,2025-07-18 10:06:18,,,,valor_repetido_igual,0,5943,31526.0,29331.0,29331.0,GTERI,GTERI,2025-07-18 10:06:18,2025-07-18 10:06:32,2025-07-18 10:06:52,5944.0
31526,31528.0,29331.0,29334.0,2025-07-18 10:06:18,2025-07-18 10:07:31,GTERI,GTERI,salto_na_sequencia,3,5944,,,,,,,,,
31535,31541.0,29341.0,29352.0,2025-07-18 10:08:35,2025-07-18 10:16:50,GTSTT,GTSTT,salto_na_sequencia,11,5952,,,,,,,,,
31552,31554.0,29363.0,29366.0,2025-07-18 10:18:28,2025-07-18 10:18:46,GTIGL,GTERI,salto_na_sequencia,3,5964,,,,,,,,,
31559,31562.0,29371.0,29374.0,2025-07-18 10:20:33,2025-07-18 10:20:59,GTERI,GTERI,salto_na_sequencia,3,5970,,,,,,,,,
31564,31566.0,29376.0,29379.0,2025-07-18 10:21:30,2025-07-18 10:23:03,GTERI,GTERI,salto_na_sequencia,3,5973,,,,,,,,,
31569,31571.0,29382.0,29385.0,2025-07-18 10:24:30,2025-07-18 10:24:40,GTERI,GTERI,salto_na_sequencia,3,5977,,,,,,,,,
31574,31576.0,29388.0,29391.0,2025-07-18 10:25:54,2025-07-18 10:27:30,GTERI,GTERI,salto_na_sequencia,3,5981,,,,,,,,,
31576,31578.0,29391.0,29394.0,2025-07-18 10:27:30,2025-07-18 10:28:56,GTERI,GTERI,salto_na_sequencia,3,5982,,,,,,,,,
31586,31587.0,29402.0,29404.0,2025-07-18 10:30:30,2025-07-18 10:30:39,GTERI,GTIGF,salto_na_sequencia,2,5991,,,,,,,,,
31588,31590.0,29405.0,29407.0,2025-07-18 10:30:39,2025-07-18 10:30:40,GTSTT,GTERI,salto_na_sequencia,2,5993,,,,,,,,,
31592,31622.0,29409.0,29468.0,2025-07-18 10:31:29,2025-07-18 11:30:35,GTSTT,GTERI,salto_na_sequencia,59,5996,,,,,,,,,
31622,31653.0,29468.0,29529.0,2025-07-18 11:30:35,2025-07-18 12:30:35,GTERI,GTERI,salto_na_sequencia,61,5997,,,,,,,,,
31653,31684.0,29529.0,29590.0,2025-07-18 12:30:35,2025-07-18 13:30:35,GTERI,GTERI,salto_na_sequencia,61,5998,,,,,,,,,
31684,31715.0,29590.0,29651.0,2025-07-18 13:30:35,2025-07-18 14:30:35,GTERI,GTERI,salto_na_sequencia,61,5999,,,,,,,,,
31715,31746.0,29651.0,29712.0,2025-07-18 14:30:35,2025-07-18 15:30:35,GTERI,GTERI,salto_na_sequencia,61,6000,,,,,,,,,
31746,31779.0,29712.0,29773.0,2025-07-18 15:30:35,2025-07-18 16:30:35,GTERI,GTERI,salto_na_sequencia,61,6001,,,,,,,,,
31779,31810.0,29773.0,29834.0,2025-07-18 16:30:35,2025-07-18 17:30:35,GTERI,GTERI,salto_na_sequencia,61,6002,,,,,,,,,
31810,31841.0,29834.0,29895.0,2025-07-18 17:30:35,2025-07-18 18:30:35,GTERI,GTERI,salto_na_sequencia,61,6003,,,,,,,,,
31841,31872.0,29895.0,29956.0,2025-07-18 18:30:35,2025-07-18 19:30:35,GTERI,GTERI,salto_na_sequencia,61,6004,,,,,,,,,
31872,31903.0,29956.0,30017.0,2025-07-18 19:30:35,2025-07-18 20:30:35,GTERI,GTERI,salto_na_sequencia,61,6005,,,,,,,,,
31903,31934.0,30017.0,30078.0,2025-07-18 20:30:35,2025-07-18 21:30:35,GTERI,GTERI,salto_na_sequencia,61,6006,,,,,,,,,
31934,31965.0,30078.0,30139.0,2025-07-18 21:30:35,2025-07-18 22:30:35,GTERI,GTERI,salto_na_sequencia,61,6007,,,,,,,,,
31965,31996.0,30139.0,30200.0,2025-07-18 22:30:35,2025-07-18 23:30:35,GTERI,GTERI,salto_na_sequencia,61,6008,,,,,,,,,
31996,32027.0,30200.0,30261.0,2025-07-18 23:30:35,2025-07-19 00:30:35,GTERI,GTERI,salto_na_sequencia,61,6009,,,,,,,,,
32027,32058.0,30261.0,30322.0,2025-07-19 00:30:35,2025-07-19 01:30:35,GTERI,GTERI,salto_na_sequencia,61,6010,,,,,,,,,
32058,32089.0,30322.0,30383.0,2025-07-19 01:30:35,2025-07-19 02:30:35,GTERI,GTERI,salto_na_sequencia,61,6011,,,,,,,,,
32089,32120.0,30383.0,30444.0,2025-07-19 02:30:35,2025-07-19 03:30:35,GTERI,GTERI,salto_na_sequencia,61,6012,,,,,,,,,
32120,32151.0,30444.0,30505.0,2025-07-19 03:30:35,2025-07-19 04:30:35,GTERI,GTERI,salto_na_sequencia,61,6013,,,,,,,,,
32151,32182.0,30505.0,30566.0,2025-07-19 04:30:35,2025-07-19 05:30:35,GTERI,GTERI,salto_na_sequencia,61,6014,,,,,,,,,
32182,32213.0,30566.0,30627.0,2025-07-19 05:30:35,2025-07-19 06:30:35,GTERI,GTERI,salto_na_sequencia,61,6015,,,,,,,,,
32213,32244.0,30627.0,30688.0,2025-07-19 06:30:35,2025-07-19 07:30:35,GTERI,GTERI,salto_na_sequencia,61,6016,,,,,,,,,
32244,32275.0,30688.0,30749.0,2025-07-19 07:30:35,2025-07-19 08:30:35,GTERI,GTERI,salto_na_sequencia,61,6017,,,,,,,,,
32275,32306.0,30749.0,30810.0,2025-07-19 08:30:35,2025-07-19 09:30:35,GTERI,GTERI,salto_na_sequencia,61,6018,,,,,,,,,
32306,32315.0,30810.0,30827.0,2025-07-19 09:30:35,2025-07-19 09:45:53,GTERI,GTPDP,salto_na_sequencia,17,6019,,,,,,,,,
32315,32338.0,30827.0,30872.0,2025-07-19 09:45:53,2025-07-19 10:30:35,GTPDP,GTERI,salto_na_sequencia,45,6020,,,,,,,,,
32338,32362.0,30872.0,30919.0,2025-07-19 10:30:35,2025-07-19 11:18:24,GTERI,GTIGN,salto_na_sequencia,47,6021,,,,,,,,,
32366,32367.0,30922.0,30925.0,2025-07-19 11:18:28,2025-07-19 11:18:29,GTSTT,GTIGN,salto_na_sequencia,3,6025,,,,,,,,,
32384,32386.0,30942.0,30945.0,2025-07-19 11:20:27,2025-07-19 11:20:36,GTERI,GTERI,salto_na_sequencia,3,6043,,,,,,,,,
32388,32390.0,30947.0,30950.0,2025-07-19 11:21:36,2025-07-19 11:22:51,GTERI,GTERI,salto_na_sequencia,3,6046,,,,,,,,,
32406,32408.0,30966.0,30969.0,2025-07-19 11:24:13,2025-07-19 11:26:19,GTIGL,GTIGN,salto_na_sequencia,3,6063,,,,,,,,,
32411,32413.0,30972.0,30975.0,2025-07-19 11:26:23,2025-07-19 11:26:29,GTERI,GTIGF,salto_na_sequencia,3,6067,,,,,,,,,
32421,32423.0,30983.0,30986.0,2025-07-19 11:27:23,2025-07-19 11:29:28,GTERI,GTERI,salto_na_sequencia,3,6076,,,,,,,,,
32431,32433.0,30994.0,30997.0,2025-07-19 11:30:07,2025-07-19 11:31:09,GTERI,GTERI,salto_na_sequencia,3,6085,,,,,,,,,
32433,32435.0,30997.0,31000.0,2025-07-19 11:31:09,2025-07-19 11:32:38,GTERI,GTERI,salto_na_sequencia,3,6086,,,,,,,,,
32436,32438.0,31001.0,31004.0,2025-07-19 11:32:40,2025-07-19 11:35:40,GTERI,GTERI,salto_na_sequencia,3,6088,,,,,,,,,
32438,32441.0,31004.0,31009.0,2025-07-19 11:35:40,2025-07-19 11:38:40,GTERI,GTERI,salto_na_sequencia,5,6089,,,,,,,,,
32441,32443.0,31009.0,31012.0,2025-07-19 11:38:40,2025-07-19 11:41:40,GTERI,GTERI,salto_na_sequencia,3,6090,,,,,,,,,
32443,32446.0,31012.0,31015.0,2025-07-19 11:41:40,2025-07-19 11:42:49,GTERI,GTPNR,salto_na_sequencia,3,6091,,,,,,,,,
32453,32455.0,31022.0,31025.0,2025-07-19 11:44:50,2025-07-19 11:44:55,GTERI,GTERI,salto_na_sequencia,3,6099,,,,,,,,,
32464,32466.0,31034.0,31037.0,2025-07-19 11:46:20,2025-07-19 11:46:50,GTERI,GTERI,salto_na_sequencia,3,6109,,,,,,,,,
32471,32473.0,31042.0,31045.0,2025-07-19 11:47:19,2025-07-19 11:48:57,GTERI,GTERI,salto_na_sequencia,3,6115,,,,,,,,,
32474,32476.0,31046.0,31049.0,2025-07-19 11:49:09,2025-07-19 11:51:20,GTERI,GTERI,salto_na_sequencia,3,6117,,,,,,,,,
32479,32481.0,31052.0,31055.0,2025-07-19 11:52:02,2025-07-19 11:53:39,GTERI,GTERI,salto_na_sequencia,3,6121,,,,,,,,,
32481,32483.0,31055.0,31058.0,2025-07-19 11:53:39,2025-07-19 11:54:57,GTERI,GTERI,salto_na_sequencia,3,6122,,,,,,,,,
32485,32487.0,31060.0,31063.0,2025-07-19 11:56:26,2025-07-19 11:56:55,GTERI,GTERI,salto_na_sequencia,3,6125,,,,,,,,,
32489,32491.0,31065.0,31068.0,2025-07-19 11:57:57,2025-07-19 11:59:01,GTERI,GTERI,salto_na_sequencia,3,6128,,,,,,,,,
32494,32497.0,31070.0,31073.0,2025-07-19 11:59:30,2025-07-19 12:00:58,GTERI,GTERI,salto_na_sequencia,3,6131,,,,,,,,,
32496,32499.0,31074.0,31079.0,2025-07-19 12:00:58,2025-07-19 12:03:58,GTPDP,GTERI,salto_na_sequencia,5,6133,,,,,,,,,
32499,32501.0,31079.0,31082.0,2025-07-19 12:03:58,2025-07-19 12:06:04,GTERI,GTERI,salto_na_sequencia,3,6134,,,,,,,,,
32502,32504.0,31083.0,31086.0,2025-07-19 12:06:58,2025-07-19 12:09:17,GTERI,GTERI,salto_na_sequencia,3,6136,,,,,,,,,
32504,32506.0,31086.0,31089.0,2025-07-19 12:09:17,2025-07-19 12:09:58,GTERI,GTERI,salto_na_sequencia,3,6137,,,,,,,,,
32506,32508.0,31089.0,31092.0,2025-07-19 12:09:58,2025-07-19 12:12:38,GTERI,GTERI,salto_na_sequencia,3,6138,,,,,,,,,
32509,32511.0,31093.0,31096.0,2025-07-19 12:12:58,2025-07-19 12:14:00,GTERI,GTERI,salto_na_sequencia,3,6140,,,,,,,,,
32511,,,,2025-07-19 12:14:00,,,,valor_repetido_igual,0,6141,32512.0,31096.0,31096.0,GTERI,GTERI,2025-07-19 12:14:00,2025-07-19 12:14:16,2025-07-19 12:14:17,6142.0
32517,32519.0,31101.0,31104.0,2025-07-19 12:14:13,2025-07-19 12:15:58,GTERI,GTERI,salto_na_sequencia,3,6147,,,,,,,,,
32519,32521.0,31104.0,31107.0,2025-07-19 12:15:58,2025-07-19 12:18:58,GTERI,GTERI,salto_na_sequencia,3,6148,,,,,,,,,
32521,32524.0,31107.0,31112.0,2025-07-19 12:18:58,2025-07-19 12:21:58,GTERI,GTERI,salto_na_sequencia,5,6149,,,,,,,,,
32524,32526.0,31112.0,31115.0,2025-07-19 12:21:58,2025-07-19 12:24:58,GTERI,GTERI,salto_na_sequencia,3,6150,,,,,,,,,
32526,32529.0,31115.0,31120.0,2025-07-19 12:24:58,2025-07-19 12:27:58,GTERI,GTERI,salto_na_sequencia,5,6151,,,,,,,,,
32529,32531.0,31120.0,31123.0,2025-07-19 12:27:58,2025-07-19 12:30:58,GTERI,GTERI,salto_na_sequencia,3,6152,,,,,,,,,
32531,32533.0,31123.0,31126.0,2025-07-19 12:30:58,2025-07-19 12:32:01,GTERI,GTASC,salto_na_sequencia,3,6153,,,,,,,,,
32533,32535.0,31126.0,31129.0,2025-07-19 12:32:01,2025-07-19 12:33:58,GTASC,GTERI,salto_na_sequencia,3,6154,,,,,,,,,
32535,32537.0,31129.0,31132.0,2025-07-19 12:33:58,2025-07-19 12:36:58,GTERI,GTERI,salto_na_sequencia,3,6155,,,,,,,,,
32537,32540.0,31132.0,31137.0,2025-07-19 12:36:58,2025-07-19 12:39:58,GTERI,GTERI,salto_na_sequencia,5,6156,,,,,,,,,
32540,32542.0,31137.0,31140.0,2025-07-19 12:39:58,2025-07-19 12:42:58,GTERI,GTERI,salto_na_sequencia,3,6157,,,,,,,,,
32542,32545.0,31140.0,31145.0,2025-07-19 12:42:58,2025-07-19 12:45:58,GTERI,GTERI,salto_na_sequencia,5,6158,,,,,,,,,
32545,32547.0,31145.0,31148.0,2025-07-19 12:45:58,2025-07-19 12:48:11,GTERI,GTERI,salto_na_sequencia,3,6159,,,,,,,,,
32548,32551.0,31149.0,31154.0,2025-07-19 12:48:58,2025-07-19 12:51:58,GTERI,GTERI,salto_na_sequencia,5,6161,,,,,,,,,
32551,32553.0,31154.0,31157.0,2025-07-19 12:51:58,2025-07-19 12:54:58,GTERI,GTERI,salto_na_sequencia,3,6162,,,,,,,,,
32553,32555.0,31157.0,31160.0,2025-07-19 12:54:58,2025-07-19 12:56:48,GTERI,GTERI,salto_na_sequencia,3,6163,,,,,,,,,
32555,32557.0,31160.0,31163.0,2025-07-19 12:56:48,2025-07-19 12:57:50,GTERI,GTERI,salto_na_sequencia,3,6164,,,,,,,,,
32558,32560.0,31164.0,31167.0,2025-07-19 12:57:58,2025-07-19 13:00:05,GTERI,GTERI,salto_na_sequencia,3,6166,,,,,,,,,
32562,32564.0,31169.0,31172.0,2025-07-19 13:00:58,2025-07-19 13:02:50,GTERI,GTERI,salto_na_sequencia,3,6169,,,,,,,,,
32564,32566.0,31172.0,31175.0,2025-07-19 13:02:50,2025-07-19 13:03:58,GTERI,GTERI,salto_na_sequencia,3,6170,,,,,,,,,
32568,,,,2025-07-19 13:05:03,,,,valor_repetido_igual,0,6173,32569.0,31177.0,31177.0,GTERI,GTERI,2025-07-19 13:05:03,2025-07-19 13:05:18,2025-07-19 13:05:38,6174.0
32569,32571.0,31177.0,31180.0,2025-07-19 13:05:03,2025-07-19 13:05:57,GTERI,GTERI,salto_na_sequencia,3,6174,,,,,,,,,
32573,32575.0,31182.0,31185.0,2025-07-19 13:06:58,2025-07-19 13:07:51,GTERI,GTERI,salto_na_sequencia,3,6177,,,,,,,,,
32578,32580.0,31188.0,31191.0,2025-07-19 13:09:08,2025-07-19 13:09:58,GTERI,GTERI,salto_na_sequencia,3,6181,,,,,,,,,
32582,32584.0,31193.0,31196.0,2025-07-19 13:11:26,2025-07-19 13:12:58,GTERI,GTERI,salto_na_sequencia,3,6184,,,,,,,,,
32586,32588.0,31198.0,31201.0,2025-07-19 13:13:17,2025-07-19 13:14:50,GTERI,GTERI,salto_na_sequencia,3,6187,,,,,,,,,
32589,32591.0,31202.0,31205.0,2025-07-19 13:15:18,2025-07-19 13:15:58,GTERI,GTERI,salto_na_sequencia,3,6189,,,,,,,,,
32593,32595.0,31207.0,31210.0,2025-07-19 13:17:32,2025-07-19 13:17:43,GTERI,GTIGF,salto_na_sequencia,3,6192,,,,,,,,,
32598,32600.0,31213.0,31216.0,2025-07-19 13:17:44,2025-07-19 13:20:08,GTIGL,GTSTT,salto_na_sequencia,3,6196,,,,,,,,,
32600,32604.0,31216.0,31223.0,2025-07-19 13:20:08,2025-07-19 13:27:03,GTSTT,GTIGN,salto_na_sequencia,7,6197,,,,,,,,,
32613,32615.0,31232.0,31235.0,2025-07-19 13:27:11,2025-07-19 13:28:05,GTIGL,GTERI,salto_na_sequencia,3,6207,,,,,,,,,
32621,32623.0,31241.0,31244.0,2025-07-19 13:29:02,2025-07-19 13:30:14,GTERI,GTERI,salto_na_sequencia,3,6214,,,,,,,,,
32623,32625.0,31244.0,31247.0,2025-07-19 13:30:14,2025-07-19 13:33:14,GTERI,GTERI,salto_na_sequencia,3,6215,,,,,,,,,
32625,32627.0,31247.0,31250.0,2025-07-19 13:33:14,2025-07-19 13:33:35,GTERI,GTPDP,salto_na_sequencia,3,6216,,,,,,,,,
32635,32637.0,31258.0,31261.0,2025-07-19 13:35:30,2025-07-19 13:36:14,GTERI,GTERI,salto_na_sequencia,3,6225,,,,,,,,,
32638,32640.0,31262.0,31265.0,2025-07-19 13:37:13,2025-07-19 13:38:48,GTERI,GTERI,salto_na_sequencia,3,6227,,,,,,,,,
32647,32650.0,31272.0,31277.0,2025-07-19 13:39:20,2025-07-19 13:42:14,GTERI,GTERI,salto_na_sequencia,5,6235,,,,,,,,,
32651,,,,2025-07-19 13:43:27,,,,valor_repetido_igual,0,6237,32652.0,31278.0,31278.0,GTERI,GTERI,2025-07-19 13:43:27,2025-07-19 13:43:44,2025-07-19 13:44:03,6238.0
32652,32654.0,31278.0,31281.0,2025-07-19 13:43:27,2025-07-19 13:45:14,GTERI,GTERI,salto_na_sequencia,3,6238,,,,,,,,,
32654,32657.0,31281.0,31286.0,2025-07-19 13:45:14,2025-07-19 13:48:14,GTERI,GTERI,salto_na_sequencia,5,6239,,,,,,,,,
32657,32659.0,31286.0,31289.0,2025-07-19 13:48:14,2025-07-19 13:51:14,GTERI,GTERI,salto_na_sequencia,3,6240,,,,,,,,,
32659,32662.0,31289.0,31294.0,2025-07-19 13:51:14,2025-07-19 13:54:14,GTERI,GTERI,salto_na_sequencia,5,6241,,,,,,,,,
32662,32664.0,31294.0,31297.0,2025-07-19 13:54:14,2025-07-19 13:57:14,GTERI,GTERI,salto_na_sequencia,3,6242,,,,,,,,,
32664,32667.0,31297.0,31302.0,2025-07-19 13:57:14,2025-07-19 14:00:14,GTERI,GTERI,salto_na_sequencia,5,6243,,,,,,,,,
32667,32669.0,31302.0,31305.0,2025-07-19 14:00:14,2025-07-19 14:03:14,GTERI,GTERI,salto_na_sequencia,3,6244,,,,,,,,,
32669,32672.0,31305.0,31310.0,2025-07-19 14:03:14,2025-07-19 14:06:14,GTERI,GTERI,salto_na_sequencia,5,6245,,,,,,,,,
32675,32677.0,31313.0,31316.0,2025-07-19 14:07:55,2025-07-19 14:08:13,GTERI,GTERI,salto_na_sequencia,3,6249,,,,,,,,,
32686,32688.0,31325.0,31328.0,2025-07-19 14:09:34,2025-07-19 14:10:44,GTERI,GTERI,salto_na_sequencia,3,6259,,,,,,,,,
32689,32691.0,31329.0,31332.0,2025-07-19 14:10:46,2025-07-19 14:12:08,GTERI,GTERI,salto_na_sequencia,3,6261,,,,,,,,,
32702,32704.0,31343.0,31346.0,2025-07-19 14:14:02,2025-07-19 14:14:14,GTERI,GTERI,salto_na_sequencia,3,6273,,,,,,,,,
32716,32718.0,31358.0,31361.0,2025-07-19 14:15:55,2025-07-19 14:16:55,GTERI,GTIGF,salto_na_sequencia,3,6286,,,,,,,,,
32721,32723.0,31364.0,31367.0,2025-07-19 14:16:56,2025-07-19 14:18:55,GTIGL,GTSTT,salto_na_sequencia,3,6290,,,,,,,,,
32723,32732.0,31367.0,31384.0,2025-07-19 14:18:55,2025-07-19 14:34:44,GTSTT,GTIGN,salto_na_sequencia,17,6291,,,,,,,,,
32743,32745.0,31395.0,31398.0,2025-07-19 14:35:23,2025-07-19 14:36:18,GTERI,GTERI,salto_na_sequencia,3,6303,,,,,,,,,
32760,32762.0,31413.0,31416.0,2025-07-19 14:37:56,2025-07-19 14:38:40,GTERI,GTERI,salto_na_sequencia,3,6319,,,,,,,,,
32762,,,,2025-07-19 14:38:40,,,,valor_repetido_igual,0,6320,32763.0,31416.0,31416.0,GTERI,GTERI,2025-07-19 14:38:40,2025-07-19 14:38:57,2025-07-19 14:39:15,6321.0
32766,32768.0,31419.0,31422.0,2025-07-19 14:38:52,2025-07-19 14:40:52,GTERI,GTERI,salto_na_sequencia,3,6324,,,,,,,,,
32775,32782.0,31429.0,31442.0,2025-07-19 14:41:54,2025-07-19 14:52:31,GTSTT,GTIGN,salto_na_sequencia,13,6332,,,,,,,,,
32795,32797.0,31455.0,31458.0,2025-07-19 14:53:07,2025-07-19 14:55:42,GTERI,GTERI,salto_na_sequencia,3,6346,,,,,,,,,
32800,32802.0,31461.0,31464.0,2025-07-19 14:55:53,2025-07-19 14:56:13,GTERI,GTERI,salto_na_sequencia,3,6350,,,,,,,,,
32805,32807.0,31467.0,31470.0,2025-07-19 14:56:34,2025-07-19 14:58:21,GTERI,GTIGF,salto_na_sequencia,3,6354,,,,,,,,,
32811,32819.0,31474.0,31489.0,2025-07-19 14:59:03,2025-07-19 15:13:24,GTSTT,GTIGN,salto_na_sequencia,15,6359,,,,,,,,,
32832,32834.0,31502.0,31505.0,2025-07-19 15:13:45,2025-07-19 15:14:25,GTIGL,GTSTT,salto_na_sequencia,3,6373,,,,,,,,,
32834,32864.0,31505.0,31564.0,2025-07-19 15:14:25,2025-07-19 16:13:40,GTSTT,GTERI,salto_na_sequencia,59,6374,,,,,,,,,
32864,32895.0,31564.0,31625.0,2025-07-19 16:13:40,2025-07-19 17:13:40,GTERI,GTERI,salto_na_sequencia,61,6375,,,,,,,,,
32895,32926.0,31625.0,31686.0,2025-07-19 17:13:40,2025-07-19 18:13:40,GTERI,GTERI,salto_na_sequencia,61,6376,,,,,,,,,
32926,32957.0,31686.0,31747.0,2025-07-19 18:13:40,2025-07-19 19:13:40,GTERI,GTERI,salto_na_sequencia,61,6377,,,,,,,,,
32957,32972.0,31747.0,31776.0,2025-07-19 19:13:40,2025-07-19 19:41:42,GTERI,GTIGN,salto_na_sequencia,29,6378,,,,,,,,,
32981,32983.0,31785.0,31788.0,2025-07-19 19:42:09,2025-07-19 19:43:02,GTIGL,GTERI,salto_na_sequencia,3,6388,,,,,,,,,
32985,32987.0,31790.0,31793.0,2025-07-19 19:44:10,2025-07-19 19:44:36,GTERI,GTERI,salto_na_sequencia,3,6391,,,,,,,,,
32991,32992.0,31796.0,31799.0,2025-07-19 19:46:25,2025-07-19 19:46:27,GTERI,GTERI,salto_na_sequencia,3,6395,,,,,,,,,
32997,32999.0,31804.0,31807.0,2025-07-19 19:47:51,2025-07-19 19:49:13,GTERI,GTSTT,salto_na_sequencia,3,6401,,,,,,,,,
33000,33002.0,31808.0,31811.0,2025-07-19 19:49:23,2025-07-19 19:50:51,GTSTT,GTERI,salto_na_sequencia,3,6403,,,,,,,,,
33002,33004.0,31811.0,31814.0,2025-07-19 19:50:51,2025-07-19 19:53:51,GTERI,GTERI,salto_na_sequencia,3,6404,,,,,,,,,
33004,33007.0,31814.0,31819.0,2025-07-19 19:53:51,2025-07-19 19:56:51,GTERI,GTERI,salto_na_sequencia,5,6405,,,,,,,,,
33011,33013.0,31823.0,31826.0,2025-07-19 19:58:02,2025-07-19 19:58:29,GTERI,GTERI,salto_na_sequencia,3,6410,,,,,,,,,
33020,33022.0,31833.0,31836.0,2025-07-19 19:59:51,2025-07-19 20:00:31,GTERI,GTERI,salto_na_sequencia,3,6418,,,,,,,,,
33027,33029.0,31841.0,31843.0,2025-07-19 20:01:42,2025-07-19 20:02:26,GTIGL,GTSTT,salto_na_sequencia,2,6424,,,,,,,,,
33029,33059.0,31843.0,31903.0,2025-07-19 20:02:26,2025-07-19 21:01:37,GTSTT,GTERI,salto_na_sequencia,60,6425,,,,,,,,,
33059,33090.0,31903.0,31964.0,2025-07-19 21:01:37,2025-07-19 22:01:37,GTERI,GTERI,salto_na_sequencia,61,6426,,,,,,,,,
33090,33121.0,31964.0,32025.0,2025-07-19 22:01:37,2025-07-19 23:01:37,GTERI,GTERI,salto_na_sequencia,61,6427,,,,,,,,,
33121,33152.0,32025.0,32086.0,2025-07-19 23:01:37,2025-07-20 00:01:37,GTERI,GTERI,salto_na_sequencia,61,6428,,,,,,,,,
33152,33183.0,32086.0,32147.0,2025-07-20 00:01:37,2025-07-20 01:01:37,GTERI,GTERI,salto_na_sequencia,61,6429,,,,,,,,,
33183,33214.0,32147.0,32208.0,2025-07-20 01:01:37,2025-07-20 02:01:37,GTERI,GTERI,salto_na_sequencia,61,6430,,,,,,,,,
33214,33245.0,32208.0,32269.0,2025-07-20 02:01:37,2025-07-20 03:01:37,GTERI,GTERI,salto_na_sequencia,61,6431,,,,,,,,,
33245,33276.0,32269.0,32330.0,2025-07-20 03:01:37,2025-07-20 04:01:37,GTERI,GTERI,salto_na_sequencia,61,6432,,,,,,,,,
33276,33302.0,32330.0,32379.0,2025-07-20 04:01:37,2025-07-20 04:50:36,GTERI,GTPDP,salto_na_sequencia,49,6433,,,,,,,,,
33302,33308.0,32379.0,32392.0,2025-07-20 04:50:36,2025-07-20 05:01:37,GTPDP,GTERI,salto_na_sequencia,13,6434,,,,,,,,,
33308,33339.0,32392.0,32453.0,2025-07-20 05:01:37,2025-07-20 06:01:37,GTERI,GTERI,salto_na_sequencia,61,6435,,,,,,,,,
33339,33370.0,32453.0,32514.0,2025-07-20 06:01:37,2025-07-20 07:01:37,GTERI,GTERI,salto_na_sequencia,61,6436,,,,,,,,,
33370,33397.0,32514.0,32567.0,2025-07-20 07:01:37,2025-07-20 07:53:17,GTERI,GTIGN,salto_na_sequencia,53,6437,,,,,,,,,
33402,33404.0,32572.0,32575.0,2025-07-20 07:53:21,2025-07-20 07:55:19,GTSTT,GTERI,salto_na_sequencia,3,6443,,,,,,,,,
33408,33411.0,32579.0,32584.0,2025-07-20 07:56:28,2025-07-20 07:59:28,GTERI,GTERI,salto_na_sequencia,5,6448,,,,,,,,,
33411,33413.0,32584.0,32587.0,2025-07-20 07:59:28,2025-07-20 08:00:52,GTERI,GTERI,salto_na_sequencia,3,6449,,,,,,,,,
33424,33426.0,32598.0,32601.0,2025-07-20 08:02:33,2025-07-20 08:03:11,GTERI,GTERI,salto_na_sequencia,3,6461,,,,,,,,,
33437,33439.0,32612.0,32615.0,2025-07-20 08:04:41,2025-07-20 08:06:04,GTIGL,GTSTT,salto_na_sequencia,3,6473,,,,,,,,,
33439,33443.0,32615.0,32622.0,2025-07-20 08:06:04,2025-07-20 08:12:39,GTSTT,GTIGN,salto_na_sequencia,7,6474,,,,,,,,,
33452,33454.0,32631.0,32634.0,2025-07-20 08:12:47,2025-07-20 08:13:19,GTIGL,GTERI,salto_na_sequencia,3,6484,,,,,,,,,
33463,33494.0,32643.0,32704.0,2025-07-20 08:14:37,2025-07-20 09:13:50,GTSTT,GTERI,salto_na_sequencia,61,6494,,,,,,,,,
33494,33525.0,32704.0,32765.0,2025-07-20 09:13:50,2025-07-20 10:13:50,GTERI,GTERI,salto_na_sequencia,61,6495,,,,,,,,,
33525,33556.0,32765.0,32826.0,2025-07-20 10:13:50,2025-07-20 11:13:50,GTERI,GTERI,salto_na_sequencia,61,6496,,,,,,,,,
33556,33587.0,32826.0,32887.0,2025-07-20 11:13:50,2025-07-20 12:13:50,GTERI,GTERI,salto_na_sequencia,61,6497,,,,,,,,,
33587,33618.0,32887.0,32948.0,2025-07-20 12:13:50,2025-07-20 13:13:50,GTERI,GTERI,salto_na_sequencia,61,6498,,,,,,,,,
33618,33623.0,32948.0,32957.0,2025-07-20 13:13:50,2025-07-20 13:21:28,GTERI,GTIGN,salto_na_sequencia,9,6499,,,,,,,,,
33638,33640.0,32972.0,32975.0,2025-07-20 13:21:55,2025-07-20 13:23:10,GTIGL,GTSTT,salto_na_sequencia,3,6515,,,,,,,,,
33640,33645.0,32975.0,32984.0,2025-07-20 13:23:10,2025-07-20 13:32:12,GTSTT,GTIGN,salto_na_sequencia,9,6516,,,,,,,,,
33654,33656.0,32993.0,32996.0,2025-07-20 13:32:22,2025-07-20 13:34:14,GTIGL,GTERI,salto_na_sequencia,3,6526,,,,,,,,,
33657,33659.0,32997.0,33000.0,2025-07-20 13:34:17,2025-07-20 13:35:26,GTERI,GTERI,salto_na_sequencia,3,6528,,,,,,,,,
33660,33662.0,33001.0,33004.0,2025-07-20 13:35:50,2025-07-20 13:38:02,GTERI,GTERI,salto_na_sequencia,3,6530,,,,,,,,,
33666,33668.0,33008.0,33011.0,2025-07-20 13:38:26,2025-07-20 13:39:35,GTERI,GTERI,salto_na_sequencia,3,6535,,,,,,,,,
33676,33678.0,33019.0,33022.0,2025-07-20 13:40:32,2025-07-20 13:41:26,GTERI,GTERI,salto_na_sequencia,3,6544,,,,,,,,,
33678,33680.0,33022.0,33025.0,2025-07-20 13:41:26,2025-07-20 13:44:26,GTERI,GTERI,salto_na_sequencia,3,6545,,,,,,,,,
33680,33683.0,33025.0,33030.0,2025-07-20 13:44:26,2025-07-20 13:47:26,GTERI,GTERI,salto_na_sequencia,5,6546,,,,,,,,,
33683,33685.0,33030.0,33033.0,2025-07-20 13:47:26,2025-07-20 13:50:26,GTERI,GTERI,salto_na_sequencia,3,6547,,,,,,,,,
33685,33688.0,33033.0,33038.0,2025-07-20 13:50:26,2025-07-20 13:53:26,GTERI,GTERI,salto_na_sequencia,5,6548,,,,,,,,,
33688,33690.0,33038.0,33041.0,2025-07-20 13:53:26,2025-07-20 13:56:26,GTERI,GTERI,salto_na_sequencia,3,6549,,,,,,,,,
33690,33693.0,33041.0,33046.0,2025-07-20 13:56:26,2025-07-20 13:59:26,GTERI,GTERI,salto_na_sequencia,5,6550,,,,,,,,,
33693,33695.0,33046.0,33049.0,2025-07-20 13:59:26,2025-07-20 14:02:26,GTERI,GTERI,salto_na_sequencia,3,6551,,,,,,,,,
33695,33698.0,33049.0,33054.0,2025-07-20 14:02:26,2025-07-20 14:05:26,GTERI,GTERI,salto_na_sequencia,5,6552,,,,,,,,,
33698,33700.0,33054.0,33057.0,2025-07-20 14:05:26,2025-07-20 14:08:26,GTERI,GTERI,salto_na_sequencia,3,6553,,,,,,,,,
33700,33703.0,33057.0,33062.0,2025-07-20 14:08:26,2025-07-20 14:11:26,GTERI,GTERI,salto_na_sequencia,5,6554,,,,,,,,,
33703,33705.0,33062.0,33065.0,2025-07-20 14:11:26,2025-07-20 14:14:26,GTERI,GTERI,salto_na_sequencia,3,6555,,,,,,,,,
33705,33708.0,33065.0,33070.0,2025-07-20 14:14:26,2025-07-20 14:17:26,GTERI,GTERI,salto_na_sequencia,5,6556,,,,,,,,,
33708,33710.0,33070.0,33073.0,2025-07-20 14:17:26,2025-07-20 14:20:26,GTERI,GTERI,salto_na_sequencia,3,6557,,,,,,,,,
33710,33713.0,33073.0,33078.0,2025-07-20 14:20:26,2025-07-20 14:23:26,GTERI,GTERI,salto_na_sequencia,5,6558,,,,,,,,,
33713,33715.0,33078.0,33081.0,2025-07-20 14:23:26,2025-07-20 14:26:26,GTERI,GTERI,salto_na_sequencia,3,6559,,,,,,,,,
33715,33718.0,33081.0,33086.0,2025-07-20 14:26:26,2025-07-20 14:29:26,GTERI,GTERI,salto_na_sequencia,5,6560,,,,,,,,,
33718,33720.0,33086.0,33089.0,2025-07-20 14:29:26,2025-07-20 14:32:26,GTERI,GTERI,salto_na_sequencia,3,6561,,,,,,,,,
33720,33722.0,33089.0,33092.0,2025-07-20 14:32:26,2025-07-20 14:33:39,GTERI,GTERI,salto_na_sequencia,3,6562,,,,,,,,,
33724,33726.0,33094.0,33097.0,2025-07-20 14:34:17,2025-07-20 14:35:26,GTERI,GTERI,salto_na_sequencia,3,6565,,,,,,,,,
33727,33729.0,33098.0,33101.0,2025-07-20 14:36:27,2025-07-20 14:38:11,GTERI,GTERI,salto_na_sequencia,3,6567,,,,,,,,,
33731,33733.0,33103.0,33106.0,2025-07-20 14:38:26,2025-07-20 14:39:20,GTERI,GTERI,salto_na_sequencia,3,6570,,,,,,,,,
33737,33738.0,33109.0,33112.0,2025-07-20 14:39:46,2025-07-20 14:41:27,GTERI,GTERI,salto_na_sequencia,3,6574,,,,,,,,,
33738,33741.0,33112.0,33117.0,2025-07-20 14:41:27,2025-07-20 14:44:27,GTERI,GTERI,salto_na_sequencia,5,6575,,,,,,,,,
33741,33743.0,33117.0,33120.0,2025-07-20 14:44:27,2025-07-20 14:47:27,GTERI,GTERI,salto_na_sequencia,3,6576,,,,,,,,,
33744,33747.0,33121.0,33126.0,2025-07-20 14:47:44,2025-07-20 14:50:27,GTERI,GTERI,salto_na_sequencia,5,6578,,,,,,,,,
33749,33751.0,33128.0,33131.0,2025-07-20 14:51:19,2025-07-20 14:52:32,GTERI,GTERI,salto_na_sequencia,3,6581,,,,,,,,,
33752,33755.0,33132.0,33135.0,2025-07-20 14:53:27,2025-07-20 14:54:07,GTERI,GTERI,salto_na_sequencia,3,6583,,,,,,,,,
33757,33759.0,33137.0,33140.0,2025-07-20 14:55:56,2025-07-20 14:56:23,GTERI,GTERI,salto_na_sequencia,3,6586,,,,,,,,,
33761,33763.0,33142.0,33145.0,2025-07-20 14:56:46,2025-07-20 14:58:23,GTERI,GTERI,salto_na_sequencia,3,6589,,,,,,,,,
33764,,,,2025-07-20 14:58:48,,,,valor_repetido_igual,0,6591,33765.0,33146.0,33146.0,GTERI,GTERI,2025-07-20 14:58:48,2025-07-20 14:59:06,2025-07-20 14:59:07,6592.0
33767,,,,2025-07-20 14:59:27,,,,valor_repetido_igual,0,6594,33768.0,33148.0,33148.0,GTERI,GTERI,2025-07-20 14:59:27,2025-07-20 14:59:45,2025-07-20 14:59:47,6595.0
33769,33771.0,33149.0,33152.0,2025-07-20 14:59:35,2025-07-20 15:01:07,GTERI,GTERI,salto_na_sequencia,3,6596,,,,,,,,,
33772,33774.0,33153.0,33156.0,2025-07-20 15:01:22,2025-07-20 15:02:27,GTERI,GTERI,salto_na_sequencia,3,6598,,,,,,,,,
33774,33776.0,33156.0,33159.0,2025-07-20 15:02:27,2025-07-20 15:04:48,GTERI,GTERI,salto_na_sequencia,3,6599,,,,,,,,,
33777,33779.0,33160.0,33163.0,2025-07-20 15:05:27,2025-07-20 15:06:53,GTERI,GTERI,salto_na_sequencia,3,6601,,,,,,,,,
33784,33786.0,33168.0,33171.0,2025-07-20 15:07:34,2025-07-20 15:08:16,GTIGL,GTSTT,salto_na_sequencia,3,6607,,,,,,,,,
33786,33788.0,33171.0,33174.0,2025-07-20 15:08:16,2025-07-20 15:10:38,GTSTT,GTIGN,salto_na_sequencia,3,6608,,,,,,,,,
33796,33803.0,33182.0,33195.0,2025-07-20 15:11:29,2025-07-20 15:23:49,GTSTT,GTIGN,salto_na_sequencia,13,6617,,,,,,,,,
33820,33822.0,33212.0,33215.0,2025-07-20 15:24:03,2025-07-20 15:24:45,GTERI,GTERI,salto_na_sequencia,3,6635,,,,,,,,,
33825,33827.0,33218.0,33221.0,2025-07-20 15:25:17,2025-07-20 15:27:04,GTERI,GTERI,salto_na_sequencia,3,6639,,,,,,,,,
33827,33829.0,33221.0,33224.0,2025-07-20 15:27:04,2025-07-20 15:28:52,GTERI,GTERI,salto_na_sequencia,3,6640,,,,,,,,,
33830,33833.0,33225.0,33230.0,2025-07-20 15:30:04,2025-07-20 15:33:04,GTERI,GTERI,salto_na_sequencia,5,6642,,,,,,,,,
33833,33835.0,33230.0,33233.0,2025-07-20 15:33:04,2025-07-20 15:36:04,GTERI,GTERI,salto_na_sequencia,3,6643,,,,,,,,,
33835,33837.0,33233.0,33236.0,2025-07-20 15:36:04,2025-07-20 15:37:33,GTERI,GTERI,salto_na_sequencia,3,6644,,,,,,,,,
33837,33839.0,33236.0,33239.0,2025-07-20 15:37:33,2025-07-20 15:39:04,GTERI,GTERI,salto_na_sequencia,3,6645,,,,,,,,,
33839,33841.0,33239.0,33242.0,2025-07-20 15:39:04,2025-07-20 15:42:04,GTERI,GTERI,salto_na_sequencia,3,6646,,,,,,,,,
33841,33843.0,33242.0,33245.0,2025-07-20 15:42:04,2025-07-20 15:43:51,GTERI,GTERI,salto_na_sequencia,3,6647,,,,,,,,,
33843,33845.0,33245.0,33248.0,2025-07-20 15:43:51,2025-07-20 15:45:04,GTERI,GTERI,salto_na_sequencia,3,6648,,,,,,,,,
33845,33847.0,33248.0,33251.0,2025-07-20 15:45:04,2025-07-20 15:47:47,GTERI,GTERI,salto_na_sequencia,3,6649,,,,,,,,,
33849,33851.0,33253.0,33256.0,2025-07-20 15:48:04,2025-07-20 15:48:28,GTERI,GTERI,salto_na_sequencia,3,6652,,,,,,,,,
33851,33853.0,33256.0,33259.0,2025-07-20 15:48:28,2025-07-20 15:51:04,GTERI,GTERI,salto_na_sequencia,3,6653,,,,,,,,,
33853,33855.0,33259.0,33262.0,2025-07-20 15:51:04,2025-07-20 15:54:04,GTERI,GTERI,salto_na_sequencia,3,6654,,,,,,,,,
33855,33858.0,33262.0,33267.0,2025-07-20 15:54:04,2025-07-20 15:57:04,GTERI,GTERI,salto_na_sequencia,5,6655,,,,,,,,,
33858,33860.0,33267.0,33270.0,2025-07-20 15:57:04,2025-07-20 16:00:04,GTERI,GTERI,salto_na_sequencia,3,6656,,,,,,,,,
33860,33864.0,33270.0,33273.0,2025-07-20 16:00:04,2025-07-20 16:00:39,GTERI,GTERI,salto_na_sequencia,3,6657,,,,,,,,,
33863,33865.0,33274.0,33277.0,2025-07-20 16:00:39,2025-07-20 16:01:33,GTPDP,GTERI,salto_na_sequencia,3,6659,,,,,,,,,
33868,33870.0,33280.0,33283.0,2025-07-20 16:03:05,2025-07-20 16:03:56,GTERI,GTERI,salto_na_sequencia,3,6663,,,,,,,,,
33872,33874.0,33285.0,33288.0,2025-07-20 16:04:41,2025-07-20 16:05:31,GTERI,GTERI,salto_na_sequencia,3,6666,,,,,,,,,
33877,33879.0,33291.0,33294.0,2025-07-20 16:06:46,2025-07-20 16:09:05,GTERI,GTERI,salto_na_sequencia,3,6670,,,,,,,,,
33879,33881.0,33294.0,33297.0,2025-07-20 16:09:05,2025-07-20 16:09:46,GTERI,GTERI,salto_na_sequencia,3,6671,,,,,,,,,
33888,33890.0,33304.0,33307.0,2025-07-20 16:11:02,2025-07-20 16:11:12,GTERI,GTERI,salto_na_sequencia,3,6679,,,,,,,,,
33891,,,,2025-07-20 16:11:16,,,,valor_repetido_igual,0,6681,33892.0,33308.0,33308.0,GTERI,GTERI,2025-07-20 16:11:16,2025-07-20 16:11:34,2025-07-20 16:11:54,6682.0
33893,,,,2025-07-20 16:11:18,,,,valor_repetido_igual,0,6683,33894.0,33309.0,33309.0,GTERI,GTERI,2025-07-20 16:11:18,2025-07-20 16:11:55,2025-07-20 16:12:15,6684.0
33902,33904.0,33317.0,33320.0,2025-07-20 16:12:55,2025-07-20 16:13:11,GTERI,GTERI,salto_na_sequencia,3,6692,,,,,,,,,
33906,33908.0,33322.0,33325.0,2025-07-20 16:15:05,2025-07-20 16:16:11,GTERI,GTERI,salto_na_sequencia,3,6695,,,,,,,,,
33908,33910.0,33325.0,33328.0,2025-07-20 16:16:11,2025-07-20 16:17:25,GTERI,GTERI,salto_na_sequencia,3,6696,,,,,,,,,
33913,33915.0,33331.0,33334.0,2025-07-20 16:18:05,2025-07-20 16:20:04,GTERI,GTERI,salto_na_sequencia,3,6700,,,,,,,,,
33918,33920.0,33337.0,33339.0,2025-07-20 16:20:30,2025-07-20 16:20:52,GTERI,GTPNR,salto_na_sequencia,2,6704,,,,,,,,,
33928,33930.0,33347.0,33350.0,2025-07-20 16:21:27,2025-07-20 16:22:59,GTIGL,GTSTT,salto_na_sequencia,3,6713,,,,,,,,,
33930,33960.0,33350.0,33409.0,2025-07-20 16:22:59,2025-07-20 17:21:22,GTSTT,GTERI,salto_na_sequencia,59,6714,,,,,,,,,
33960,33991.0,33409.0,33470.0,2025-07-20 17:21:22,2025-07-20 18:21:22,GTERI,GTERI,salto_na_sequencia,61,6715,,,,,,,,,
33991,34022.0,33470.0,33531.0,2025-07-20 18:21:22,2025-07-20 19:21:22,GTERI,GTERI,salto_na_sequencia,61,6716,,,,,,,,,
34022,34053.0,33531.0,33592.0,2025-07-20 19:21:22,2025-07-20 20:21:22,GTERI,GTERI,salto_na_sequencia,61,6717,,,,,,,,,
34053,34082.0,33592.0,33652.0,2025-07-20 20:21:22,2025-07-20 21:21:22,GTERI,GTERI,salto_na_sequencia,60,6718,,,,,,,,,
34082,34113.0,33652.0,33713.0,2025-07-20 21:21:22,2025-07-20 22:21:22,GTERI,GTERI,salto_na_sequencia,61,6719,,,,,,,,,
34113,34144.0,33713.0,33774.0,2025-07-20 22:21:22,2025-07-20 23:21:22,GTERI,GTERI,salto_na_sequencia,61,6720,,,,,,,,,
34144,34175.0,33774.0,33835.0,2025-07-20 23:21:22,2025-07-21 00:21:22,GTERI,GTERI,salto_na_sequencia,61,6721,,,,,,,,,
34175,34206.0,33835.0,33896.0,2025-07-21 00:21:22,2025-07-21 01:21:22,GTERI,GTERI,salto_na_sequencia,61,6722,,,,,,,,,
34206,34237.0,33896.0,33957.0,2025-07-21 01:21:22,2025-07-21 02:21:22,GTERI,GTERI,salto_na_sequencia,61,6723,,,,,,,,,
34237,34268.0,33957.0,34018.0,2025-07-21 02:21:22,2025-07-21 03:21:22,GTERI,GTERI,salto_na_sequencia,61,6724,,,,,,,,,
34268,34299.0,34018.0,34079.0,2025-07-21 03:21:22,2025-07-21 04:21:22,GTERI,GTERI,salto_na_sequencia,61,6725,,,,,,,,,
34299,34330.0,34079.0,34140.0,2025-07-21 04:21:22,2025-07-21 05:21:22,GTERI,GTERI,salto_na_sequencia,61,6726,,,,,,,,,
34330,34361.0,34140.0,34201.0,2025-07-21 05:21:22,2025-07-21 06:21:22,GTERI,GTERI,salto_na_sequencia,61,6727,,,,,,,,,
34361,34392.0,34201.0,34262.0,2025-07-21 06:21:22,2025-07-21 07:21:22,GTERI,GTERI,salto_na_sequencia,61,6728,,,,,,,,,
34392,34423.0,34262.0,34323.0,2025-07-21 07:21:22,2025-07-21 08:21:22,GTERI,GTERI,salto_na_sequencia,61,6729,,,,,,,,,
34423,34454.0,34323.0,34384.0,2025-07-21 08:21:22,2025-07-21 09:21:22,GTERI,GTERI,salto_na_sequencia,61,6730,,,,,,,,,
34454,34485.0,34384.0,34445.0,2025-07-21 09:21:22,2025-07-21 10:21:22,GTERI,GTERI,salto_na_sequencia,61,6731,,,,,,,,,
34485,34498.0,34445.0,34470.0,2025-07-21 10:21:22,2025-07-21 10:46:58,GTERI,GTIGN,salto_na_sequencia,25,6732,,,,,,,,,
34499,34501.0,34471.0,34474.0,2025-07-21 10:46:58,2025-07-21 10:47:06,GTSTT,GTIGF,salto_na_sequencia,3,6734,,,,,,,,,
34508,34510.0,34481.0,34484.0,2025-07-21 10:47:47,2025-07-21 10:50:12,GTIGL,GTERI,salto_na_sequencia,3,6742,,,,,,,,,
34510,34512.0,34484.0,34487.0,2025-07-21 10:50:12,2025-07-21 10:52:24,GTERI,GTERI,salto_na_sequencia,3,6743,,,,,,,,,
34518,34520.0,34493.0,34496.0,2025-07-21 10:52:57,2025-07-21 10:53:12,GTERI,GTERI,salto_na_sequencia,3,6750,,,,,,,,,
34525,34527.0,34501.0,34504.0,2025-07-21 10:54:45,2025-07-21 10:55:39,GTERI,GTERI,salto_na_sequencia,3,6756,,,,,,,,,
34529,34531.0,34506.0,34509.0,2025-07-21 10:56:39,2025-07-21 10:57:05,GTERI,GTERI,salto_na_sequencia,3,6759,,,,,,,,,
34531,34533.0,34509.0,34512.0,2025-07-21 10:57:05,2025-07-21 10:59:11,GTERI,GTSTT,salto_na_sequencia,3,6760,,,,,,,,,
34535,34537.0,34514.0,34517.0,2025-07-21 10:59:52,2025-07-21 11:01:04,GTSTT,GTSTT,salto_na_sequencia,3,6763,,,,,,,,,
34538,34540.0,34518.0,34521.0,2025-07-21 11:02:12,2025-07-21 11:04:10,GTERI,GTSTT,salto_na_sequencia,3,6765,,,,,,,,,
34551,34553.0,34532.0,34535.0,2025-07-21 11:04:51,2025-07-21 11:06:31,GTERI,GTERI,salto_na_sequencia,3,6777,,,,,,,,,
34564,34566.0,34546.0,34549.0,2025-07-21 11:07:04,2025-07-21 11:07:06,GTERI,GTERI,salto_na_sequencia,3,6789,,,,,,,,,
34569,34571.0,34552.0,34555.0,2025-07-21 11:07:23,2025-07-21 11:09:26,GTERI,GTERI,salto_na_sequencia,3,6793,,,,,,,,,
34572,34574.0,34556.0,34559.0,2025-07-21 11:10:23,2025-07-21 11:12:32,GTERI,GTERI,salto_na_sequencia,3,6795,,,,,,,,,
34576,34578.0,34561.0,34564.0,2025-07-21 11:12:48,2025-07-21 11:13:13,GTERI,GTERI,salto_na_sequencia,3,6798,,,,,,,,,
34583,34585.0,34569.0,34572.0,2025-07-21 11:14:54,2025-07-21 11:15:36,GTIGL,GTSTT,salto_na_sequencia,3,6804,,,,,,,,,
34585,34615.0,34572.0,34631.0,2025-07-21 11:15:36,2025-07-21 12:14:49,GTSTT,GTERI,salto_na_sequencia,59,6805,,,,,,,,,
34615,34646.0,34631.0,34692.0,2025-07-21 12:14:49,2025-07-21 13:14:49,GTERI,GTERI,salto_na_sequencia,61,6806,,,,,,,,,
34646,34677.0,34692.0,34753.0,2025-07-21 13:14:49,2025-07-21 14:14:49,GTERI,GTERI,salto_na_sequencia,61,6807,,,,,,,,,
34677,34708.0,34753.0,34814.0,2025-07-21 14:14:49,2025-07-21 15:14:49,GTERI,GTERI,salto_na_sequencia,61,6808,,,,,,,,,
34708,34739.0,34814.0,34875.0,2025-07-21 15:14:49,2025-07-21 16:14:49,GTERI,GTERI,salto_na_sequencia,61,6809,,,,,,,,,
34739,34770.0,34875.0,34936.0,2025-07-21 16:14:49,2025-07-21 17:14:49,GTERI,GTERI,salto_na_sequencia,61,6810,,,,,,,,,
34770,34801.0,34936.0,34997.0,2025-07-21 17:14:49,2025-07-21 18:14:49,GTERI,GTERI,salto_na_sequencia,61,6811,,,,,,,,,
34801,34833.0,34997.0,35058.0,2025-07-21 18:14:49,2025-07-21 19:14:49,GTERI,GTERI,salto_na_sequencia,61,6812,,,,,,,,,
34833,34864.0,35058.0,35119.0,2025-07-21 19:14:49,2025-07-21 20:14:49,GTERI,GTERI,salto_na_sequencia,61,6813,,,,,,,,,
34864,34896.0,35119.0,35180.0,2025-07-21 20:14:49,2025-07-21 21:14:49,GTERI,GTERI,salto_na_sequencia,61,6814,,,,,,,,,
34896,,,,2025-07-21 21:14:49,,,,valor_repetido_igual,0,6815,34897.0,35180.0,35180.0,GTERI,GTERI,2025-07-21 21:14:49,2025-07-21 21:14:49,2025-07-21 21:15:09,6816.0
34897,34931.0,35180.0,35241.0,2025-07-21 21:14:49,2025-07-21 22:14:49,GTERI,GTERI,salto_na_sequencia,61,6816,,,,,,,,,
34931,34962.0,35241.0,35302.0,2025-07-21 22:14:49,2025-07-21 23:14:49,GTERI,GTERI,salto_na_sequencia,61,6817,,,,,,,,,
34962,34993.0,35302.0,35363.0,2025-07-21 23:14:49,2025-07-22 00:14:49,GTERI,GTERI,salto_na_sequencia,61,6818,,,,,,,,,
34993,35024.0,35363.0,35424.0,2025-07-22 00:14:49,2025-07-22 01:14:49,GTERI,GTERI,salto_na_sequencia,61,6819,,,,,,,,,
35024,35055.0,35424.0,35485.0,2025-07-22 01:14:49,2025-07-22 02:14:49,GTERI,GTERI,salto_na_sequencia,61,6820,,,,,,,,,
35055,35086.0,35485.0,35546.0,2025-07-22 02:14:49,2025-07-22 03:14:49,GTERI,GTERI,salto_na_sequencia,61,6821,,,,,,,,,
35086,35117.0,35546.0,35607.0,2025-07-22 03:14:49,2025-07-22 04:14:49,GTERI,GTERI,salto_na_sequencia,61,6822,,,,,,,,,
35117,35148.0,35607.0,35668.0,2025-07-22 04:14:49,2025-07-22 05:14:49,GTERI,GTERI,salto_na_sequencia,61,6823,,,,,,,,,
35148,35179.0,35668.0,35729.0,2025-07-22 05:14:49,2025-07-22 06:14:49,GTERI,GTERI,salto_na_sequencia,61,6824,,,,,,,,,
35179,35210.0,35729.0,35790.0,2025-07-22 06:14:49,2025-07-22 07:14:49,GTERI,GTERI,salto_na_sequencia,61,6825,,,,,,,,,
35210,35241.0,35790.0,35851.0,2025-07-22 07:14:49,2025-07-22 08:14:49,GTERI,GTERI,salto_na_sequencia,61,6826,,,,,,,,,
35241,35272.0,35851.0,35912.0,2025-07-22 08:14:49,2025-07-22 09:14:49,GTERI,GTERI,salto_na_sequencia,61,6827,,,,,,,,,
35272,35300.0,35912.0,35967.0,2025-07-22 09:14:49,2025-07-22 10:09:44,GTERI,GTIGN,salto_na_sequencia,55,6828,,,,,,,,,
35307,35309.0,35974.0,35977.0,2025-07-22 10:10:14,2025-07-22 10:10:51,GTSTT,GTERI,salto_na_sequencia,3,6836,,,,,,,,,
35314,35318.0,35982.0,35989.0,2025-07-22 10:11:12,2025-07-22 10:17:49,GTSTT,GTSTT,salto_na_sequencia,7,6842,,,,,,,,,
35319,35322.0,35990.0,35995.0,2025-07-22 10:18:17,2025-07-22 10:22:04,GTSTT,GTIGN,salto_na_sequencia,5,6844,,,,,,,,,
35332,35333.0,36004.0,36007.0,2025-07-22 10:22:19,2025-07-22 10:24:01,GTIGL,GTERI,salto_na_sequencia,3,6854,,,,,,,,,
35333,35335.0,36007.0,36010.0,2025-07-22 10:24:01,2025-07-22 10:25:13,GTERI,GTERI,salto_na_sequencia,3,6855,,,,,,,,,
35343,35345.0,36018.0,36021.0,2025-07-22 10:25:55,2025-07-22 10:26:54,GTERI,GTERI,salto_na_sequencia,3,6864,,,,,,,,,
35348,35350.0,36024.0,36027.0,2025-07-22 10:28:15,2025-07-22 10:29:00,GTERI,GTERI,salto_na_sequencia,3,6868,,,,,,,,,
35350,,,,2025-07-22 10:29:00,,,,valor_repetido_igual,0,6869,35351.0,36027.0,36027.0,GTERI,GTERI,2025-07-22 10:29:00,2025-07-22 10:29:01,2025-07-22 10:29:20,6870.0
35354,35356.0,36030.0,36033.0,2025-07-22 10:29:56,2025-07-22 10:30:49,GTERI,GTERI,salto_na_sequencia,3,6873,,,,,,,,,
35357,35360.0,36034.0,36038.0,2025-07-22 10:31:15,2025-07-22 10:34:02,GTERI,GTERI,salto_na_sequencia,4,6875,,,,,,,,,
35361,35362.0,36039.0,36042.0,2025-07-22 10:34:15,2025-07-22 10:34:42,GTERI,GTERI,salto_na_sequencia,3,6877,,,,,,,,,
35370,35372.0,36050.0,36053.0,2025-07-22 10:35:08,2025-07-22 10:37:15,GTERI,GTERI,salto_na_sequencia,3,6886,,,,,,,,,
35372,35375.0,36053.0,36056.0,2025-07-22 10:37:15,2025-07-22 10:40:12,GTERI,GTPDP,salto_na_sequencia,3,6887,,,,,,,,,
35376,35378.0,36057.0,36062.0,2025-07-22 10:40:15,2025-07-22 10:42:15,GTERI,GTPDP,salto_na_sequencia,5,6889,,,,,,,,,
35379,35381.0,36063.0,36066.0,2025-07-22 10:43:15,2025-07-22 10:44:56,GTERI,GTERI,salto_na_sequencia,3,6891,,,,,,,,,
35383,35385.0,36068.0,36071.0,2025-07-22 10:46:15,2025-07-22 10:48:28,GTERI,GTERI,salto_na_sequencia,3,6894,,,,,,,,,
35385,35387.0,36071.0,36074.0,2025-07-22 10:48:28,2025-07-22 10:49:15,GTERI,GTERI,salto_na_sequencia,3,6895,,,,,,,,,
35387,35389.0,36074.0,36077.0,2025-07-22 10:49:15,2025-07-22 10:51:02,GTERI,GTERI,salto_na_sequencia,3,6896,,,,,,,,,
35390,35393.0,36078.0,36083.0,2025-07-22 10:52:15,2025-07-22 10:55:15,GTERI,GTERI,salto_na_sequencia,5,6898,,,,,,,,,
35393,35395.0,36083.0,36086.0,2025-07-22 10:55:15,2025-07-22 10:58:15,GTERI,GTERI,salto_na_sequencia,3,6899,,,,,,,,,
35395,35398.0,36086.0,36091.0,2025-07-22 10:58:15,2025-07-22 11:01:15,GTERI,GTERI,salto_na_sequencia,5,6900,,,,,,,,,
35398,35400.0,36091.0,36094.0,2025-07-22 11:01:15,2025-07-22 11:04:15,GTERI,GTERI,salto_na_sequencia,3,6901,,,,,,,,,
35401,35403.0,36095.0,36098.0,2025-07-22 11:04:37,2025-07-22 11:04:59,GTERI,GTERI,salto_na_sequencia,3,6903,,,,,,,,,
35404,35406.0,36099.0,36102.0,2025-07-22 11:06:12,2025-07-22 11:07:15,GTERI,GTERI,salto_na_sequencia,3,6905,,,,,,,,,
35408,35410.0,36104.0,36107.0,2025-07-22 11:08:42,2025-07-22 11:10:15,GTERI,GTERI,salto_na_sequencia,3,6908,,,,,,,,,
35410,35412.0,36107.0,36110.0,2025-07-22 11:10:15,2025-07-22 11:11:24,GTERI,GTERI,salto_na_sequencia,3,6909,,,,,,,,,
35415,35416.0,36112.0,36115.0,2025-07-22 11:12:46,2025-07-22 11:13:15,GTERI,GTERI,salto_na_sequencia,3,6912,,,,,,,,,
35416,35418.0,36115.0,36118.0,2025-07-22 11:13:15,2025-07-22 11:16:15,GTERI,GTERI,salto_na_sequencia,3,6913,,,,,,,,,
35420,35422.0,36120.0,36123.0,2025-07-22 11:17:18,2025-07-22 11:18:16,GTERI,GTERI,salto_na_sequencia,3,6916,,,,,,,,,
35423,35425.0,36124.0,36127.0,2025-07-22 11:19:15,2025-07-22 11:21:36,GTERI,GTERI,salto_na_sequencia,3,6918,,,,,,,,,
35425,35427.0,36127.0,36130.0,2025-07-22 11:21:36,2025-07-22 11:22:15,GTERI,GTERI,salto_na_sequencia,3,6919,,,,,,,,,
35428,35430.0,36131.0,36134.0,2025-07-22 11:23:02,2025-07-22 11:24:09,GTERI,GTERI,salto_na_sequencia,3,6921,,,,,,,,,
35432,35435.0,36136.0,36141.0,2025-07-22 11:25:15,2025-07-22 11:28:15,GTERI,GTERI,salto_na_sequencia,5,6924,,,,,,,,,
35435,35437.0,36141.0,36144.0,2025-07-22 11:28:15,2025-07-22 11:30:48,GTERI,GTERI,salto_na_sequencia,3,6925,,,,,,,,,
35438,35440.0,36145.0,36148.0,2025-07-22 11:31:15,2025-07-22 11:33:00,GTERI,GTERI,salto_na_sequencia,3,6927,,,,,,,,,
35440,35442.0,36148.0,36151.0,2025-07-22 11:33:00,2025-07-22 11:34:15,GTERI,GTERI,salto_na_sequencia,3,6928,,,,,,,,,
35442,35444.0,36151.0,36154.0,2025-07-22 11:34:15,2025-07-22 11:37:15,GTERI,GTERI,salto_na_sequencia,3,6929,,,,,,,,,
35444,35446.0,36154.0,36157.0,2025-07-22 11:37:15,2025-07-22 11:38:32,GTERI,GTERI,salto_na_sequencia,3,6930,,,,,,,,,
35446,35448.0,36157.0,36160.0,2025-07-22 11:38:32,2025-07-22 11:40:15,GTERI,GTERI,salto_na_sequencia,3,6931,,,,,,,,,
35448,35450.0,36160.0,36163.0,2025-07-22 11:40:15,2025-07-22 11:42:28,GTERI,GTERI,salto_na_sequencia,3,6932,,,,,,,,,
35451,35453.0,36164.0,36167.0,2025-07-22 11:43:15,2025-07-22 11:43:55,GTERI,GTERI,salto_na_sequencia,3,6934,,,,,,,,,
35454,35456.0,36168.0,36171.0,2025-07-22 11:45:21,2025-07-22 11:46:15,GTERI,GTERI,salto_na_sequencia,3,6936,,,,,,,,,
35457,35459.0,36172.0,36175.0,2025-07-22 11:47:39,2025-07-22 11:48:49,GTERI,GTERI,salto_na_sequencia,3,6938,,,,,,,,,
35461,35463.0,36177.0,36180.0,2025-07-22 11:49:41,2025-07-22 11:50:27,GTERI,GTERI,salto_na_sequencia,3,6941,,,,,,,,,
35465,35467.0,36182.0,36185.0,2025-07-22 11:51:38,2025-07-22 11:52:15,GTERI,GTERI,salto_na_sequencia,3,6944,,,,,,,,,
35469,35471.0,36187.0,36190.0,2025-07-22 11:52:52,2025-07-22 11:55:01,GTERI,GTERI,salto_na_sequencia,3,6947,,,,,,,,,
35472,35474.0,36191.0,36194.0,2025-07-22 11:55:15,2025-07-22 11:56:06,GTERI,GTERI,salto_na_sequencia,3,6949,,,,,,,,,
35475,35477.0,36195.0,36198.0,2025-07-22 11:56:26,2025-07-22 11:58:01,GTERI,GTERI,salto_na_sequencia,3,6951,,,,,,,,,
35478,35480.0,36199.0,36202.0,2025-07-22 11:58:15,2025-07-22 12:01:15,GTERI,GTERI,salto_na_sequencia,3,6953,,,,,,,,,
35480,35482.0,36202.0,36205.0,2025-07-22 12:01:15,2025-07-22 12:02:53,GTERI,GTERI,salto_na_sequencia,3,6954,,,,,,,,,
35482,35484.0,36205.0,36208.0,2025-07-22 12:02:53,2025-07-22 12:04:15,GTERI,GTERI,salto_na_sequencia,3,6955,,,,,,,,,
35484,35486.0,36208.0,36211.0,2025-07-22 12:04:15,2025-07-22 12:07:15,GTERI,GTERI,salto_na_sequencia,3,6956,,,,,,,,,
35486,35488.0,36211.0,36214.0,2025-07-22 12:07:15,2025-07-22 12:09:10,GTERI,GTERI,salto_na_sequencia,3,6957,,,,,,,,,
35488,35490.0,36214.0,36217.0,2025-07-22 12:09:10,2025-07-22 12:10:15,GTERI,GTERI,salto_na_sequencia,3,6958,,,,,,,,,
35492,35494.0,36219.0,36222.0,2025-07-22 12:10:26,2025-07-22 12:13:15,GTERI,GTERI,salto_na_sequencia,3,6961,,,,,,,,,
35494,35496.0,36222.0,36225.0,2025-07-22 12:13:15,2025-07-22 12:15:24,GTERI,GTERI,salto_na_sequencia,3,6962,,,,,,,,,
35496,35498.0,36225.0,36228.0,2025-07-22 12:15:24,2025-07-22 12:16:05,GTERI,GTERI,salto_na_sequencia,3,6963,,,,,,,,,
35505,35508.0,36235.0,36240.0,2025-07-22 12:17:17,2025-07-22 12:21:13,GTSTT,GTIGN,salto_na_sequencia,5,6971,,,,,,,,,
35517,35519.0,36249.0,36252.0,2025-07-22 12:21:19,2025-07-22 12:22:15,GTERI,GTERI,salto_na_sequencia,3,6981,,,,,,,,,
35525,35527.0,36258.0,36261.0,2025-07-22 12:22:57,2025-07-22 12:24:22,GTERI,GTERI,salto_na_sequencia,3,6988,,,,,,,,,
35527,35529.0,36261.0,36264.0,2025-07-22 12:24:22,2025-07-22 12:27:22,GTERI,GTERI,salto_na_sequencia,3,6989,,,,,,,,,
35529,35532.0,36264.0,36267.0,2025-07-22 12:27:22,2025-07-22 12:28:45,GTERI,GTERI,salto_na_sequencia,3,6990,,,,,,,,,
35536,35538.0,36272.0,36275.0,2025-07-22 12:30:35,2025-07-22 12:33:22,GTERI,GTERI,salto_na_sequencia,3,6996,,,,,,,,,
35538,35540.0,36275.0,36278.0,2025-07-22 12:33:22,2025-07-22 12:35:41,GTERI,GTERI,salto_na_sequencia,3,6997,,,,,,,,,
35541,35543.0,36279.0,36282.0,2025-07-22 12:36:22,2025-07-22 12:38:31,GTERI,GTERI,salto_na_sequencia,3,6999,,,,,,,,,
35543,35545.0,36282.0,36285.0,2025-07-22 12:38:31,2025-07-22 12:39:22,GTERI,GTERI,salto_na_sequencia,3,7000,,,,,,,,,
35546,35548.0,36286.0,36289.0,2025-07-22 12:40:12,2025-07-22 12:42:04,GTERI,GTERI,salto_na_sequencia,3,7002,,,,,,,,,
35551,35553.0,36292.0,36295.0,2025-07-22 12:42:25,2025-07-22 12:43:40,GTERI,GTERI,salto_na_sequencia,3,7006,,,,,,,,,
35555,35557.0,36297.0,36300.0,2025-07-22 12:43:56,2025-07-22 12:45:22,GTERI,GTERI,salto_na_sequencia,3,7009,,,,,,,,,
35557,,,,2025-07-22 12:45:22,,,,valor_repetido_igual,0,7010,35558.0,36300.0,36300.0,GTERI,GTERI,2025-07-22 12:45:22,2025-07-22 12:45:22,2025-07-22 12:45:42,7011.0
35558,35560.0,36300.0,36303.0,2025-07-22 12:45:22,2025-07-22 12:48:22,GTERI,GTERI,salto_na_sequencia,3,7011,,,,,,,,,
35560,35562.0,36303.0,36306.0,2025-07-22 12:48:22,2025-07-22 12:49:32,GTERI,GTERI,salto_na_sequencia,3,7012,,,,,,,,,
35563,35565.0,36307.0,36310.0,2025-07-22 12:50:22,2025-07-22 12:51:00,GTERI,GTERI,salto_na_sequencia,3,7014,,,,,,,,,
35569,35571.0,36314.0,36317.0,2025-07-22 12:52:08,2025-07-22 12:53:33,GTERI,GTERI,salto_na_sequencia,3,7019,,,,,,,,,
35572,35574.0,36318.0,36321.0,2025-07-22 12:54:22,2025-07-22 12:54:58,GTERI,GTERI,salto_na_sequencia,3,7021,,,,,,,,,
35579,35581.0,36326.0,36329.0,2025-07-22 12:55:35,2025-07-22 12:57:22,GTERI,GTERI,salto_na_sequencia,3,7027,,,,,,,,,
35581,35583.0,36329.0,36332.0,2025-07-22 12:57:22,2025-07-22 12:59:11,GTERI,GTERI,salto_na_sequencia,3,7028,,,,,,,,,
35591,35593.0,36340.0,36343.0,2025-07-22 12:59:48,2025-07-22 13:01:05,GTIGL,GTSTT,salto_na_sequencia,3,7037,,,,,,,,,
35593,35623.0,36343.0,36402.0,2025-07-22 13:01:05,2025-07-22 13:59:43,GTSTT,GTERI,salto_na_sequencia,59,7038,,,,,,,,,
35623,35654.0,36402.0,36463.0,2025-07-22 13:59:43,2025-07-22 14:59:43,GTERI,GTERI,salto_na_sequencia,61,7039,,,,,,,,,
35654,35685.0,36463.0,36524.0,2025-07-22 14:59:43,2025-07-22 15:59:43,GTERI,GTERI,salto_na_sequencia,61,7040,,,,,,,,,
35685,35716.0,36524.0,36585.0,2025-07-22 15:59:43,2025-07-22 16:59:43,GTERI,GTERI,salto_na_sequencia,61,7041,,,,,,,,,
35716,35747.0,36585.0,36646.0,2025-07-22 16:59:43,2025-07-22 17:59:43,GTERI,GTERI,salto_na_sequencia,61,7042,,,,,,,,,
35747,35778.0,36646.0,36707.0,2025-07-22 17:59:43,2025-07-22 18:59:43,GTERI,GTERI,salto_na_sequencia,61,7043,,,,,,,,,
35778,35809.0,36707.0,36768.0,2025-07-22 18:59:43,2025-07-22 19:59:43,GTERI,GTERI,salto_na_sequencia,61,7044,,,,,,,,,
35809,35820.0,36768.0,36789.0,2025-07-22 19:59:43,2025-07-22 20:19:56,GTERI,GTIGN,salto_na_sequencia,21,7045,,,,,,,,,
35826,,,,2025-07-22 20:20:09,,,,valor_repetido_igual,0,7052,35827.0,36795.0,36795.0,GTERI,GTERI,2025-07-22 20:20:09,2025-07-22 20:20:09,2025-07-22 20:20:09,7053.0
35835,35837.0,36803.0,36806.0,2025-07-22 20:20:59,2025-07-22 20:21:25,GTERI,GTERI,salto_na_sequencia,3,7061,,,,,,,,,
35838,35840.0,36807.0,36810.0,2025-07-22 20:21:38,2025-07-22 20:23:04,GTERI,GTERI,salto_na_sequencia,3,7063,,,,,,,,,
35840,35842.0,36810.0,36813.0,2025-07-22 20:23:04,2025-07-22 20:25:51,GTERI,GTERI,salto_na_sequencia,3,7064,,,,,,,,,
35846,35848.0,36817.0,36820.0,2025-07-22 20:26:24,2025-07-22 20:27:23,GTERI,GTERI,salto_na_sequencia,3,7069,,,,,,,,,
35852,35854.0,36824.0,36827.0,2025-07-22 20:28:56,2025-07-22 20:29:04,GTERI,GTERI,salto_na_sequencia,3,7074,,,,,,,,,
35862,35864.0,36835.0,36838.0,2025-07-22 20:30:28,2025-07-22 20:32:02,GTIGL,GTIGN,salto_na_sequencia,3,7083,,,,,,,,,
35878,35880.0,36852.0,36855.0,2025-07-22 20:32:50,2025-07-22 20:33:40,GTSTT,GTIGN,salto_na_sequencia,3,7098,,,,,,,,,
35893,35895.0,36868.0,36871.0,2025-07-22 20:34:54,2025-07-22 20:35:39,GTIGL,GTSTT,salto_na_sequencia,3,7112,,,,,,,,,
35895,35925.0,36871.0,36930.0,2025-07-22 20:35:39,2025-07-22 21:34:49,GTSTT,GTERI,salto_na_sequencia,59,7113,,,,,,,,,
35925,35956.0,36930.0,36991.0,2025-07-22 21:34:49,2025-07-22 22:34:49,GTERI,GTERI,salto_na_sequencia,61,7114,,,,,,,,,
35956,35988.0,36991.0,37052.0,2025-07-22 22:34:49,2025-07-22 23:34:49,GTERI,GTERI,salto_na_sequencia,61,7115,,,,,,,,,
35988,36019.0,37052.0,37113.0,2025-07-22 23:34:49,2025-07-23 00:34:49,GTERI,GTERI,salto_na_sequencia,61,7116,,,,,,,,,
36019,36050.0,37113.0,37174.0,2025-07-23 00:34:49,2025-07-23 01:34:49,GTERI,GTERI,salto_na_sequencia,61,7117,,,,,,,,,
36050,36081.0,37174.0,37235.0,2025-07-23 01:34:49,2025-07-23 02:34:49,GTERI,GTERI,salto_na_sequencia,61,7118,,,,,,,,,
36081,36112.0,37235.0,37296.0,2025-07-23 02:34:49,2025-07-23 03:34:49,GTERI,GTERI,salto_na_sequencia,61,7119,,,,,,,,,
36112,36143.0,37296.0,37357.0,2025-07-23 03:34:49,2025-07-23 04:34:49,GTERI,GTERI,salto_na_sequencia,61,7120,,,,,,,,,
36143,36174.0,37357.0,37418.0,2025-07-23 04:34:49,2025-07-23 05:34:49,GTERI,GTERI,salto_na_sequencia,61,7121,,,,,,,,,
36174,36205.0,37418.0,37479.0,2025-07-23 05:34:49,2025-07-23 06:34:49,GTERI,GTERI,salto_na_sequencia,61,7122,,,,,,,,,
36205,36220.0,37479.0,37508.0,2025-07-23 06:34:49,2025-07-23 07:02:56,GTERI,GTIGN,salto_na_sequencia,29,7123,,,,,,,,,
36225,36227.0,37513.0,37516.0,2025-07-23 07:02:57,2025-07-23 07:05:27,GTSTT,GTERI,salto_na_sequencia,3,7129,,,,,,,,,
36230,36232.0,37519.0,37522.0,2025-07-23 07:05:27,2025-07-23 07:06:05,GTIGL,GTERI,salto_na_sequencia,3,7133,,,,,,,,,
36237,36245.0,37527.0,37542.0,2025-07-23 07:07:22,2025-07-23 07:20:34,GTSTT,GTIGN,salto_na_sequencia,15,7139,,,,,,,,,
36257,36258.0,37554.0,37556.0,2025-07-23 07:21:10,2025-07-23 07:21:39,GTIGL,GTSTT,salto_na_sequencia,2,7152,,,,,,,,,
36258,36289.0,37556.0,37616.0,2025-07-23 07:21:39,2025-07-23 08:20:55,GTSTT,GTERI,salto_na_sequencia,60,7153,,,,,,,,,
36289,36320.0,37616.0,37677.0,2025-07-23 08:20:55,2025-07-23 09:20:55,GTERI,GTERI,salto_na_sequencia,61,7154,,,,,,,,,
36320,36351.0,37677.0,37738.0,2025-07-23 09:20:55,2025-07-23 10:20:55,GTERI,GTERI,salto_na_sequencia,61,7155,,,,,,,,,
36351,36382.0,37738.0,37799.0,2025-07-23 10:20:55,2025-07-23 11:20:55,GTERI,GTERI,salto_na_sequencia,61,7156,,,,,,,,,
36382,36413.0,37799.0,37860.0,2025-07-23 11:20:55,2025-07-23 12:20:55,GTERI,GTERI,salto_na_sequencia,61,7157,,,,,,,,,
36413,36428.0,37860.0,37890.0,2025-07-23 12:20:55,2025-07-23 12:50:08,GTERI,GTIGN,salto_na_sequencia,30,7158,,,,,,,,,
36429,36431.0,37891.0,37893.0,2025-07-23 12:50:08,2025-07-23 12:50:38,GTSTT,GTIGF,salto_na_sequencia,2,7160,,,,,,,,,
36436,36467.0,37898.0,37959.0,2025-07-23 12:51:17,2025-07-23 13:50:34,GTSTT,GTERI,salto_na_sequencia,61,7166,,,,,,,,,
36467,36498.0,37959.0,38020.0,2025-07-23 13:50:34,2025-07-23 14:50:34,GTERI,GTERI,salto_na_sequencia,61,7167,,,,,,,,,
36498,36529.0,38020.0,38081.0,2025-07-23 14:50:34,2025-07-23 15:50:34,GTERI,GTERI,salto_na_sequencia,61,7168,,,,,,,,,
36529,36532.0,38081.0,38086.0,2025-07-23 15:50:34,2025-07-23 15:54:53,GTERI,GTIGN,salto_na_sequencia,5,7169,,,,,,,,,
36547,36550.0,38101.0,38106.0,2025-07-23 15:55:53,2025-07-23 15:59:11,GTSTT,GTIGN,salto_na_sequencia,5,7185,,,,,,,,,
36559,36561.0,38115.0,38118.0,2025-07-23 15:59:18,2025-07-23 16:01:19,GTERI,GTERI,salto_na_sequencia,3,7195,,,,,,,,,
36563,36565.0,38120.0,38123.0,2025-07-23 16:01:48,2025-07-23 16:02:22,GTERI,GTERI,salto_na_sequencia,3,7198,,,,,,,,,
36568,36569.0,38126.0,38128.0,2025-07-23 16:03:05,2025-07-23 16:04:18,GTERI,GTERI,salto_na_sequencia,2,7202,,,,,,,,,
36570,36572.0,38129.0,38131.0,2025-07-23 16:04:20,2025-07-23 16:04:22,GTERI,GTERI,salto_na_sequencia,2,7204,,,,,,,,,
36574,36576.0,38133.0,38136.0,2025-07-23 16:05:22,2025-07-23 16:06:38,GTERI,GTERI,salto_na_sequencia,3,7207,,,,,,,,,
36579,36581.0,38139.0,38142.0,2025-07-23 16:07:35,2025-07-23 16:08:22,GTERI,GTERI,salto_na_sequencia,3,7211,,,,,,,,,
36584,36586.0,38145.0,38148.0,2025-07-23 16:10:04,2025-07-23 16:11:22,GTERI,GTERI,salto_na_sequencia,3,7215,,,,,,,,,
36589,36590.0,38151.0,38153.0,2025-07-23 16:11:31,2025-07-23 16:12:07,GTERI,GTERI,salto_na_sequencia,2,7219,,,,,,,,,
36591,36593.0,38154.0,38156.0,2025-07-23 16:12:10,2025-07-23 16:13:06,GTERI,GTERI,salto_na_sequencia,2,7221,,,,,,,,,
36600,36602.0,38163.0,38166.0,2025-07-23 16:13:58,2025-07-23 16:14:53,GTIGL,GTSTT,salto_na_sequencia,3,7229,,,,,,,,,
36602,36632.0,38166.0,38225.0,2025-07-23 16:14:53,2025-07-23 17:13:53,GTSTT,GTERI,salto_na_sequencia,59,7230,,,,,,,,,
36632,36663.0,38225.0,38286.0,2025-07-23 17:13:53,2025-07-23 18:13:53,GTERI,GTERI,salto_na_sequencia,61,7231,,,,,,,,,
36663,36694.0,38286.0,38347.0,2025-07-23 18:13:53,2025-07-23 19:13:53,GTERI,GTERI,salto_na_sequencia,61,7232,,,,,,,,,
36694,36725.0,38347.0,38408.0,2025-07-23 19:13:53,2025-07-23 20:13:53,GTERI,GTERI,salto_na_sequencia,61,7233,,,,,,,,,
36725,36756.0,38408.0,38469.0,2025-07-23 20:13:53,2025-07-23 21:13:53,GTERI,GTERI,salto_na_sequencia,61,7234,,,,,,,,,
36756,36788.0,38469.0,38530.0,2025-07-23 21:13:53,2025-07-23 22:13:53,GTERI,GTERI,salto_na_sequencia,61,7235,,,,,,,,,
36788,36819.0,38530.0,38591.0,2025-07-23 22:13:53,2025-07-23 23:13:53,GTERI,GTERI,salto_na_sequencia,61,7236,,,,,,,,,
36819,36850.0,38591.0,38652.0,2025-07-23 23:13:53,2025-07-24 00:13:53,GTERI,GTERI,salto_na_sequencia,61,7237,,,,,,,,,
36850,36879.0,38652.0,38708.0,2025-07-24 00:13:53,2025-07-24 01:08:36,GTERI,GTPDP,salto_na_sequencia,56,7238,,,,,,,,,
36879,36882.0,38708.0,38714.0,2025-07-24 01:08:36,2025-07-24 01:13:53,GTPDP,GTERI,salto_na_sequencia,6,7239,,,,,,,,,
36882,36898.0,38714.0,38745.0,2025-07-24 01:13:53,2025-07-24 01:45:07,GTERI,GTIGN,salto_na_sequencia,31,7240,,,,,,,,,
36902,36903.0,38748.0,38750.0,2025-07-24 01:45:07,2025-07-24 01:45:09,GTSTT,GTIGN,salto_na_sequencia,2,7244,,,,,,,,,
36904,36905.0,38751.0,38753.0,2025-07-24 01:45:09,2025-07-24 01:45:21,GTSTT,GTERI,salto_na_sequencia,2,7246,,,,,,,,,
36915,36917.0,38763.0,38766.0,2025-07-24 01:46:58,2025-07-24 01:47:10,GTERI,GTIGF,salto_na_sequencia,3,7257,,,,,,,,,
36921,36924.0,38770.0,38775.0,2025-07-24 01:48:26,2025-07-24 01:52:34,GTSTT,GTIGN,salto_na_sequencia,5,7262,,,,,,,,,
36933,36935.0,38784.0,38787.0,2025-07-24 01:52:41,2025-07-24 01:53:40,GTIGL,GTERI,salto_na_sequencia,3,7272,,,,,,,,,
36940,36942.0,38792.0,38795.0,2025-07-24 01:55:09,2025-07-24 01:55:16,GTERI,GTERI,salto_na_sequencia,3,7278,,,,,,,,,
36945,36947.0,38798.0,38801.0,2025-07-24 01:55:41,2025-07-24 01:58:36,GTERI,GTERI,salto_na_sequencia,3,7282,,,,,,,,,
36951,36953.0,38805.0,38808.0,2025-07-24 01:58:53,2025-07-24 01:59:19,GTERI,GTERI,salto_na_sequencia,3,7287,,,,,,,,,
36961,36963.0,38816.0,38819.0,2025-07-24 02:01:01,2025-07-24 02:01:16,GTERI,GTERI,salto_na_sequencia,3,7296,,,,,,,,,
36969,36971.0,38825.0,38828.0,2025-07-24 02:03:06,2025-07-24 02:04:30,GTERI,GTIGF,salto_na_sequencia,3,7303,,,,,,,,,
36974,36976.0,38831.0,38834.0,2025-07-24 02:04:31,2025-07-24 02:05:12,GTIGL,GTSTT,salto_na_sequencia,3,7307,,,,,,,,,
36976,37006.0,38834.0,38893.0,2025-07-24 02:05:12,2025-07-24 03:04:25,GTSTT,GTERI,salto_na_sequencia,59,7308,,,,,,,,,
37006,37037.0,38893.0,38954.0,2025-07-24 03:04:25,2025-07-24 04:04:25,GTERI,GTERI,salto_na_sequencia,61,7309,,,,,,,,,
37037,37068.0,38954.0,39015.0,2025-07-24 04:04:25,2025-07-24 05:04:25,GTERI,GTERI,salto_na_sequencia,61,7310,,,,,,,,,
37068,37074.0,39015.0,39026.0,2025-07-24 05:04:25,2025-07-24 05:13:32,GTERI,GTIGN,salto_na_sequencia,11,7311,,,,,,,,,
37084,37086.0,39036.0,39039.0,2025-07-24 05:14:08,2025-07-24 05:15:49,GTERI,GTIGF,salto_na_sequencia,3,7322,,,,,,,,,
37090,37121.0,39043.0,39104.0,2025-07-24 05:16:33,2025-07-24 06:15:44,GTSTT,GTERI,salto_na_sequencia,61,7327,,,,,,,,,
37121,37150.0,39104.0,39161.0,2025-07-24 06:15:44,2025-07-24 07:11:52,GTERI,GTIGN,salto_na_sequencia,57,7328,,,,,,,,,
37155,37157.0,39166.0,39169.0,2025-07-24 07:11:54,2025-07-24 07:14:23,GTSTT,GTERI,salto_na_sequencia,3,7334,,,,,,,,,
37161,37163.0,39173.0,39176.0,2025-07-24 07:15:00,2025-07-24 07:16:36,GTERI,GTERI,salto_na_sequencia,3,7339,,,,,,,,,
37164,37166.0,39177.0,39180.0,2025-07-24 07:16:55,2025-07-24 07:18:00,GTERI,GTERI,salto_na_sequencia,3,7341,,,,,,,,,
37166,37168.0,39180.0,39183.0,2025-07-24 07:18:00,2025-07-24 07:21:00,GTERI,GTERI,salto_na_sequencia,3,7342,,,,,,,,,
37168,37170.0,39183.0,39186.0,2025-07-24 07:21:00,2025-07-24 07:21:35,GTERI,GTERI,salto_na_sequencia,3,7343,,,,,,,,,
37176,37207.0,39192.0,39253.0,2025-07-24 07:23:12,2025-07-24 08:22:21,GTSTT,GTERI,salto_na_sequencia,61,7350,,,,,,,,,
37207,37238.0,39253.0,39314.0,2025-07-24 08:22:21,2025-07-24 09:22:21,GTERI,GTERI,salto_na_sequencia,61,7351,,,,,,,,,
37238,37269.0,39314.0,39375.0,2025-07-24 09:22:21,2025-07-24 10:22:21,GTERI,GTERI,salto_na_sequencia,61,7352,,,,,,,,,
37269,37300.0,39375.0,39436.0,2025-07-24 10:22:21,2025-07-24 11:22:21,GTERI,GTERI,salto_na_sequencia,61,7353,,,,,,,,,
37300,37331.0,39436.0,39497.0,2025-07-24 11:22:21,2025-07-24 12:22:21,GTERI,GTERI,salto_na_sequencia,61,7354,,,,,,,,,
37331,37337.0,39497.0,39508.0,2025-07-24 12:22:21,2025-07-24 12:33:06,GTERI,GTIGN,salto_na_sequencia,11,7355,,,,,,,,,
37350,37352.0,39521.0,39524.0,2025-07-24 12:33:28,2025-07-24 12:34:58,GTIGL,GTSTT,salto_na_sequencia,3,7369,,,,,,,,,
37352,37354.0,39524.0,39527.0,2025-07-24 12:34:58,2025-07-24 12:36:49,GTSTT,GTIGN,salto_na_sequencia,3,7370,,,,,,,,,
37366,37368.0,39539.0,39542.0,2025-07-24 12:37:43,2025-07-24 12:39:36,GTERI,GTERI,salto_na_sequencia,3,7383,,,,,,,,,
37371,37373.0,39545.0,39548.0,2025-07-24 12:39:43,2025-07-24 12:39:59,GTERI,GTERI,salto_na_sequencia,3,7387,,,,,,,,,
37375,37377.0,39550.0,39553.0,2025-07-24 12:40:44,2025-07-24 12:42:55,GTERI,GTERI,salto_na_sequencia,3,7390,,,,,,,,,
37379,37381.0,39555.0,39558.0,2025-07-24 12:42:59,2025-07-24 12:44:02,GTERI,GTERI,salto_na_sequencia,3,7393,,,,,,,,,
37382,37384.0,39559.0,39562.0,2025-07-24 12:44:03,2025-07-24 12:45:53,GTERI,GTERI,salto_na_sequencia,3,7395,,,,,,,,,
37395,37397.0,39573.0,39576.0,2025-07-24 12:47:25,2025-07-24 12:47:48,GTERI,GTERI,salto_na_sequencia,3,7407,,,,,,,,,
37402,37404.0,39581.0,39584.0,2025-07-24 12:48:59,2025-07-24 12:50:12,GTERI,GTIGF,salto_na_sequencia,3,7413,,,,,,,,,
37445,37447.0,39625.0,39628.0,2025-07-24 12:51:42,2025-07-24 12:51:57,GTERI,GTERI,salto_na_sequencia,3,7455,,,,,,,,,
37457,37459.0,39638.0,39641.0,2025-07-24 12:53:28,2025-07-24 12:55:04,GTERI,GTERI,salto_na_sequencia,3,7466,,,,,,,,,
37462,37464.0,39644.0,39647.0,2025-07-24 12:55:26,2025-07-24 12:55:52,GTERI,GTERI,salto_na_sequencia,3,7470,,,,,,,,,
37465,,,,2025-07-24 12:55:54,,,,valor_repetido_igual,0,7472,37466.0,39648.0,39648.0,GTERI,GTERI,2025-07-24 12:55:54,2025-07-24 12:55:56,2025-07-24 12:56:15,7473.0
37474,37476.0,39656.0,39659.0,2025-07-24 12:57:32,2025-07-24 12:58:17,GTIGL,GTSTT,salto_na_sequencia,3,7481,,,,,,,,,
37476,37506.0,39659.0,39718.0,2025-07-24 12:58:17,2025-07-24 13:56:00,GTSTT,GTIGN,salto_na_sequencia,59,7482,,,,,,,,,
37517,37519.0,39729.0,39732.0,2025-07-24 13:57:38,2025-07-24 13:57:55,GTERI,GTERI,salto_na_sequencia,3,7494,,,,,,,,,
37523,37525.0,39736.0,39739.0,2025-07-24 13:59:08,2025-07-24 14:00:25,GTERI,GTERI,salto_na_sequencia,3,7499,,,,,,,,,
37528,37529.0,39741.0,39744.0,2025-07-24 14:01:51,2025-07-24 14:01:54,GTERI,GTERI,salto_na_sequencia,3,7502,,,,,,,,,
37536,37538.0,39751.0,39754.0,2025-07-24 14:03:38,2025-07-24 14:04:16,GTERI,GTERI,salto_na_sequencia,3,7510,,,,,,,,,
37540,37542.0,39756.0,39760.0,2025-07-24 14:05:08,2025-07-24 14:08:08,GTERI,GTERI,salto_na_sequencia,4,7513,,,,,,,,,
37542,37544.0,39760.0,39763.0,2025-07-24 14:08:08,2025-07-24 14:09:54,GTERI,GTERI,salto_na_sequencia,3,7514,,,,,,,,,
37544,37546.0,39763.0,39765.0,2025-07-24 14:09:54,2025-07-24 14:10:57,GTERI,GTERI,salto_na_sequencia,2,7515,,,,,,,,,
37550,37552.0,39769.0,39772.0,2025-07-24 14:11:42,2025-07-24 14:12:17,GTASC,GTERI,salto_na_sequencia,3,7520,,,,,,,,,
37553,37554.0,39773.0,39775.0,2025-07-24 14:12:27,2025-07-24 14:14:08,GTERI,GTERI,salto_na_sequencia,2,7522,,,,,,,,,
37554,37556.0,39775.0,39777.0,2025-07-24 14:14:08,2025-07-24 14:14:27,GTERI,GTERI,salto_na_sequencia,2,7523,,,,,,,,,
37556,37557.0,39777.0,39779.0,2025-07-24 14:14:27,2025-07-24 14:16:04,GTERI,GTERI,salto_na_sequencia,2,7524,,,,,,,,,
37557,37559.0,39779.0,39781.0,2025-07-24 14:16:04,2025-07-24 14:17:08,GTERI,GTERI,salto_na_sequencia,2,7525,,,,,,,,,
37561,37562.0,39782.0,39784.0,2025-07-24 14:17:37,2025-07-24 14:17:55,GTERI,GTERI,salto_na_sequencia,2,7527,,,,,,,,,
37562,37563.0,39784.0,39786.0,2025-07-24 14:17:55,2025-07-24 14:18:20,GTERI,GTERI,salto_na_sequencia,2,7528,,,,,,,,,
37563,37564.0,39786.0,39788.0,2025-07-24 14:18:20,2025-07-24 14:20:10,GTERI,GTERI,salto_na_sequencia,2,7529,,,,,,,,,
37566,37567.0,39790.0,39792.0,2025-07-24 14:23:10,2025-07-24 14:26:11,GTERI,GTERI,salto_na_sequencia,2,7532,,,,,,,,,
37567,37570.0,39792.0,39797.0,2025-07-24 14:26:11,2025-07-24 14:28:28,GTERI,GTERI,salto_na_sequencia,5,7533,,,,,,,,,
37571,37573.0,39798.0,39801.0,2025-07-24 14:29:11,2025-07-24 14:32:03,GTERI,GTERI,salto_na_sequencia,3,7535,,,,,,,,,
37574,37576.0,39802.0,39805.0,2025-07-24 14:32:11,2025-07-24 14:34:20,GTERI,GTERI,salto_na_sequencia,3,7537,,,,,,,,,
37576,37578.0,39805.0,39808.0,2025-07-24 14:34:20,2025-07-24 14:35:11,GTERI,GTERI,salto_na_sequencia,3,7538,,,,,,,,,
37579,37581.0,39809.0,39812.0,2025-07-24 14:36:27,2025-07-24 14:36:41,GTERI,GTERI,salto_na_sequencia,3,7540,,,,,,,,,
37583,37585.0,39814.0,39817.0,2025-07-24 14:38:11,2025-07-24 14:38:56,GTERI,GTERI,salto_na_sequencia,3,7543,,,,,,,,,
37587,,,,2025-07-24 14:40:12,,,,valor_repetido_igual,0,7546,37588.0,39819.0,39819.0,GTERI,GTERI,2025-07-24 14:40:12,2025-07-24 14:40:13,2025-07-24 14:40:36,7547.0
37587,,,,2025-07-24 14:40:12,,,,valor_repetido_igual,0,7546,37591.0,39819.0,39819.0,GTERI,GTERI,2025-07-24 14:40:12,2025-07-24 14:40:13,2025-07-24 14:42:12,7548.0
37588,,,,2025-07-24 14:40:12,,,,valor_repetido_igual,0,7547,37591.0,39819.0,39819.0,GTERI,GTERI,2025-07-24 14:40:12,2025-07-24 14:40:36,2025-07-24 14:42:12,7548.0
37591,37592.0,39819.0,39822.0,2025-07-24 14:40:12,2025-07-24 14:41:11,GTERI,GTERI,salto_na_sequencia,3,7548,,,,,,,,,
37592,,,,2025-07-24 14:41:11,,,,valor_repetido_igual,0,7549,37593.0,39822.0,39822.0,GTERI,GTERI,2025-07-24 14:41:11,2025-07-24 14:42:13,2025-07-24 14:42:36,7550.0
37595,37597.0,39825.0,39829.0,2025-07-24 14:41:42,2025-07-24 14:44:13,GTERI,GTERI,salto_na_sequencia,4,7553,,,,,,,,,
37597,37599.0,39829.0,39832.0,2025-07-24 14:44:13,2025-07-24 14:47:13,GTERI,GTERI,salto_na_sequencia,3,7554,,,,,,,,,
37599,37602.0,39832.0,39837.0,2025-07-24 14:47:13,2025-07-24 14:50:13,GTERI,GTERI,salto_na_sequencia,5,7555,,,,,,,,,
37603,37605.0,39838.0,39841.0,2025-07-24 14:51:28,2025-07-24 14:52:32,GTERI,GTERI,salto_na_sequencia,3,7557,,,,,,,,,
37611,37614.0,39847.0,39852.0,2025-07-24 14:53:28,2025-07-24 14:56:13,GTERI,GTERI,salto_na_sequencia,5,7564,,,,,,,,,
37614,37616.0,39852.0,39855.0,2025-07-24 14:56:13,2025-07-24 14:59:13,GTERI,GTERI,salto_na_sequencia,3,7565,,,,,,,,,
37617,37619.0,39856.0,39859.0,2025-07-24 14:59:42,2025-07-24 15:00:12,GTERI,GTERI,salto_na_sequencia,3,7567,,,,,,,,,
37619,37621.0,39859.0,39862.0,2025-07-24 15:00:12,2025-07-24 15:02:13,GTERI,GTERI,salto_na_sequencia,3,7568,,,,,,,,,
37622,37624.0,39863.0,39866.0,2025-07-24 15:04:03,2025-07-24 15:05:04,GTERI,GTERI,salto_na_sequencia,3,7570,,,,,,,,,
37625,37627.0,39867.0,39870.0,2025-07-24 15:05:13,2025-07-24 15:07:00,GTERI,GTERI,salto_na_sequencia,3,7572,,,,,,,,,
37627,37629.0,39870.0,39873.0,2025-07-24 15:07:00,2025-07-24 15:08:13,GTERI,GTERI,salto_na_sequencia,3,7573,,,,,,,,,
37630,37632.0,39874.0,39877.0,2025-07-24 15:09:59,2025-07-24 15:10:20,GTERI,GTERI,salto_na_sequencia,3,7575,,,,,,,,,
37635,37638.0,39880.0,39885.0,2025-07-24 15:11:48,2025-07-24 15:14:13,GTERI,GTERI,salto_na_sequencia,5,7579,,,,,,,,,
37640,37642.0,39887.0,39890.0,2025-07-24 15:15:44,2025-07-24 15:17:13,GTERI,GTERI,salto_na_sequencia,3,7582,,,,,,,,,
37643,37645.0,39891.0,39894.0,2025-07-24 15:17:22,2025-07-24 15:18:45,GTERI,GTERI,salto_na_sequencia,3,7584,,,,,,,,,
37645,37647.0,39894.0,39897.0,2025-07-24 15:18:45,2025-07-24 15:20:13,GTERI,GTERI,salto_na_sequencia,3,7585,,,,,,,,,
37648,37650.0,39898.0,39901.0,2025-07-24 15:21:42,2025-07-24 15:22:25,GTERI,GTERI,salto_na_sequencia,3,7587,,,,,,,,,
37652,37655.0,39903.0,39907.0,2025-07-24 15:23:13,2025-07-24 15:26:13,GTERI,GTERI,salto_na_sequencia,4,7590,,,,,,,,,
37655,37656.0,39907.0,39909.0,2025-07-24 15:26:13,2025-07-24 15:26:52,GTERI,GTERI,salto_na_sequencia,2,7591,,,,,,,,,
37659,37660.0,39911.0,39914.0,2025-07-24 15:28:10,2025-07-24 15:29:13,GTERI,GTERI,salto_na_sequencia,3,7594,,,,,,,,,
37660,37662.0,39914.0,39917.0,2025-07-24 15:29:13,2025-07-24 15:31:05,GTERI,GTERI,salto_na_sequencia,3,7595,,,,,,,,,
37663,37667.0,39918.0,39923.0,2025-07-24 15:32:13,2025-07-24 15:34:53,GTERI,GTERI,salto_na_sequencia,5,7597,,,,,,,,,
37665,37669.0,39925.0,39928.0,2025-07-24 15:35:37,2025-07-24 15:38:13,GTPDP,GTERI,salto_na_sequencia,3,7600,,,,,,,,,
37669,37671.0,39928.0,39931.0,2025-07-24 15:38:13,2025-07-24 15:41:13,GTERI,GTERI,salto_na_sequencia,3,7601,,,,,,,,,
37671,37673.0,39931.0,39934.0,2025-07-24 15:41:13,2025-07-24 15:42:42,GTERI,GTERI,salto_na_sequencia,3,7602,,,,,,,,,
37676,37678.0,39937.0,39940.0,2025-07-24 15:44:13,2025-07-24 15:46:14,GTERI,GTERI,salto_na_sequencia,3,7606,,,,,,,,,
37680,37681.0,39942.0,39944.0,2025-07-24 15:46:22,2025-07-24 15:46:23,GTERI,GTERI,salto_na_sequencia,2,7609,,,,,,,,,
37681,37683.0,39944.0,39946.0,2025-07-24 15:46:23,2025-07-24 15:46:25,GTERI,GTERI,salto_na_sequencia,2,7610,,,,,,,,,
37692,37699.0,39955.0,39968.0,2025-07-24 15:48:21,2025-07-24 15:58:32,GTSTT,GTIGN,salto_na_sequencia,13,7620,,,,,,,,,
37711,37713.0,39980.0,39983.0,2025-07-24 15:59:47,2025-07-24 16:01:16,GTERI,GTERI,salto_na_sequencia,3,7633,,,,,,,,,
37714,37717.0,39984.0,39987.0,2025-07-24 16:01:41,2025-07-24 16:02:28,GTERI,GTERI,salto_na_sequencia,3,7635,,,,,,,,,
37716,37720.0,39990.0,39992.0,2025-07-24 16:04:06,2025-07-24 16:04:25,GTPDP,GTERI,salto_na_sequencia,2,7639,,,,,,,,,
37720,37721.0,39992.0,39994.0,2025-07-24 16:04:25,2025-07-24 16:04:41,GTERI,GTERI,salto_na_sequencia,2,7640,,,,,,,,,
37722,37724.0,39995.0,39998.0,2025-07-24 16:05:20,2025-07-24 16:07:09,GTERI,GTERI,salto_na_sequencia,3,7642,,,,,,,,,
37726,37729.0,40000.0,40005.0,2025-07-24 16:08:13,2025-07-24 16:10:38,GTERI,GTERI,salto_na_sequencia,5,7645,,,,,,,,,
37733,37735.0,40009.0,40012.0,2025-07-24 16:12:06,2025-07-24 16:13:41,GTERI,GTERI,salto_na_sequencia,3,7650,,,,,,,,,
37735,37737.0,40012.0,40015.0,2025-07-24 16:13:41,2025-07-24 16:15:02,GTERI,GTERI,salto_na_sequencia,3,7651,,,,,,,,,
37738,37740.0,40016.0,40019.0,2025-07-24 16:16:24,2025-07-24 16:16:41,GTERI,GTERI,salto_na_sequencia,3,7653,,,,,,,,,
37741,37743.0,40020.0,40023.0,2025-07-24 16:17:59,2025-07-24 16:19:41,GTERI,GTERI,salto_na_sequencia,3,7655,,,,,,,,,
37743,37746.0,40023.0,40028.0,2025-07-24 16:19:41,2025-07-24 16:22:41,GTERI,GTERI,salto_na_sequencia,5,7656,,,,,,,,,
37746,37748.0,40028.0,40031.0,2025-07-24 16:22:41,2025-07-24 16:24:36,GTERI,GTPDP,salto_na_sequencia,3,7657,,,,,,,,,
37749,37751.0,40032.0,40035.0,2025-07-24 16:25:41,2025-07-24 16:28:41,GTERI,GTERI,salto_na_sequencia,3,7659,,,,,,,,,
37751,37754.0,40035.0,40040.0,2025-07-24 16:28:41,2025-07-24 16:31:41,GTERI,GTERI,salto_na_sequencia,5,7660,,,,,,,,,
37754,37756.0,40040.0,40043.0,2025-07-24 16:31:41,2025-07-24 16:33:16,GTERI,GTERI,salto_na_sequencia,3,7661,,,,,,,,,
37759,37761.0,40046.0,40049.0,2025-07-24 16:34:41,2025-07-24 16:35:28,GTERI,GTERI,salto_na_sequencia,3,7665,,,,,,,,,
37770,37772.0,40058.0,40061.0,2025-07-24 16:36:45,2025-07-24 16:37:41,GTERI,GTERI,salto_na_sequencia,3,7675,,,,,,,,,
37775,37777.0,40064.0,40067.0,2025-07-24 16:38:57,2025-07-24 16:39:06,GTERI,GTERI,salto_na_sequencia,3,7679,,,,,,,,,
37795,37797.0,40085.0,40088.0,2025-07-24 16:41:01,2025-07-24 16:41:18,GTERI,GTERI,salto_na_sequencia,3,7698,,,,,,,,,
37797,,,,2025-07-24 16:41:18,,,,valor_repetido_igual,0,7699,37798.0,40088.0,40088.0,GTERI,GTERI,2025-07-24 16:41:18,2025-07-24 16:41:19,2025-07-24 16:41:42,7700.0
37804,37806.0,40094.0,40097.0,2025-07-24 16:42:17,2025-07-24 16:43:35,GTERI,GTIGF,salto_na_sequencia,3,7706,,,,,,,,,
37809,37811.0,40100.0,40103.0,2025-07-24 16:43:35,2025-07-24 16:45:34,GTIGL,GTSTT,salto_na_sequencia,3,7710,,,,,,,,,
37811,37841.0,40103.0,40162.0,2025-07-24 16:45:34,2025-07-24 17:43:31,GTSTT,GTERI,salto_na_sequencia,59,7711,,,,,,,,,
37841,37872.0,40162.0,40223.0,2025-07-24 17:43:31,2025-07-24 18:43:31,GTERI,GTERI,salto_na_sequencia,61,7712,,,,,,,,,
37872,37903.0,40223.0,40284.0,2025-07-24 18:43:31,2025-07-24 19:43:31,GTERI,GTERI,salto_na_sequencia,61,7713,,,,,,,,,
37903,37934.0,40284.0,40345.0,2025-07-24 19:43:31,2025-07-24 20:43:31,GTERI,GTERI,salto_na_sequencia,61,7714,,,,,,,,,
37934,37965.0,40345.0,40406.0,2025-07-24 20:43:31,2025-07-24 21:43:31,GTERI,GTERI,salto_na_sequencia,61,7715,,,,,,,,,
37965,37996.0,40406.0,40467.0,2025-07-24 21:43:31,2025-07-24 22:43:31,GTERI,GTERI,salto_na_sequencia,61,7716,,,,,,,,,
37996,38027.0,40467.0,40528.0,2025-07-24 22:43:31,2025-07-24 23:43:31,GTERI,GTERI,salto_na_sequencia,61,7717,,,,,,,,,
38027,38057.0,40528.0,40587.0,2025-07-24 23:43:31,2025-07-25 00:43:31,GTERI,GTERI,salto_na_sequencia,59,7718,,,,,,,,,
38057,38088.0,40587.0,40648.0,2025-07-25 00:43:31,2025-07-25 01:43:31,GTERI,GTERI,salto_na_sequencia,61,7719,,,,,,,,,
38088,38119.0,40648.0,40709.0,2025-07-25 01:43:31,2025-07-25 02:43:31,GTERI,GTERI,salto_na_sequencia,61,7720,,,,,,,,,
38119,38150.0,40709.0,40770.0,2025-07-25 02:43:31,2025-07-25 03:43:31,GTERI,GTERI,salto_na_sequencia,61,7721,,,,,,,,,
38150,38181.0,40770.0,40831.0,2025-07-25 03:43:31,2025-07-25 04:43:31,GTERI,GTERI,salto_na_sequencia,61,7722,,,,,,,,,
38181,38212.0,40831.0,40892.0,2025-07-25 04:43:31,2025-07-25 05:43:31,GTERI,GTERI,salto_na_sequencia,61,7723,,,,,,,,,
38212,38243.0,40892.0,40953.0,2025-07-25 05:43:31,2025-07-25 06:43:31,GTERI,GTERI,salto_na_sequencia,61,7724,,,,,,,,,
38243,38274.0,40953.0,41014.0,2025-07-25 06:43:31,2025-07-25 07:43:31,GTERI,GTERI,salto_na_sequencia,61,7725,,,,,,,,,
38274,38305.0,41014.0,41075.0,2025-07-25 07:43:31,2025-07-25 08:43:31,GTERI,GTERI,salto_na_sequencia,61,7726,,,,,,,,,
38305,38328.0,41075.0,41120.0,2025-07-25 08:43:31,2025-07-25 09:27:16,GTERI,GTIGN,salto_na_sequencia,45,7727,,,,,,,,,
38334,38336.0,41126.0,41129.0,2025-07-25 09:27:44,2025-07-25 09:28:17,GTIGL,GTSTT,salto_na_sequencia,3,7734,,,,,,,,,
38336,38366.0,41129.0,41188.0,2025-07-25 09:28:17,2025-07-25 10:27:21,GTSTT,GTERI,salto_na_sequencia,59,7735,,,,,,,,,
38366,38397.0,41188.0,41249.0,2025-07-25 10:27:21,2025-07-25 11:27:21,GTERI,GTERI,salto_na_sequencia,61,7736,,,,,,,,,
38397,38429.0,41249.0,41310.0,2025-07-25 11:27:21,2025-07-25 12:27:21,GTERI,GTERI,salto_na_sequencia,61,7737,,,,,,,,,
38429,38460.0,41310.0,41371.0,2025-07-25 12:27:21,2025-07-25 13:27:21,GTERI,GTERI,salto_na_sequencia,61,7738,,,,,,,,,
38460,38491.0,41371.0,41432.0,2025-07-25 13:27:21,2025-07-25 14:27:21,GTERI,GTERI,salto_na_sequencia,61,7739,,,,,,,,,
38491,38522.0,41432.0,41493.0,2025-07-25 14:27:21,2025-07-25 15:27:21,GTERI,GTERI,salto_na_sequencia,61,7740,,,,,,,,,
38522,38553.0,41493.0,41554.0,2025-07-25 15:27:21,2025-07-25 16:27:21,GTERI,GTERI,salto_na_sequencia,61,7741,,,,,,,,,
38553,38584.0,41554.0,41615.0,2025-07-25 16:27:21,2025-07-25 17:27:21,GTERI,GTERI,salto_na_sequencia,61,7742,,,,,,,,,
38584,38615.0,41615.0,41676.0,2025-07-25 17:27:21,2025-07-25 18:27:21,GTERI,GTERI,salto_na_sequencia,61,7743,,,,,,,,,
38615,38646.0,41676.0,41737.0,2025-07-25 18:27:21,2025-07-25 19:27:21,GTERI,GTERI,salto_na_sequencia,61,7744,,,,,,,,,
38646,38677.0,41737.0,41798.0,2025-07-25 19:27:21,2025-07-25 20:27:21,GTERI,GTERI,salto_na_sequencia,61,7745,,,,,,,,,
38677,38693.0,41798.0,41832.0,2025-07-25 20:27:21,2025-07-25 20:59:24,GTERI,GTPDP,salto_na_sequencia,34,7746,,,,,,,,,
38693,38700.0,41832.0,41843.0,2025-07-25 20:59:24,2025-07-25 21:11:25,GTPDP,GTPDP,salto_na_sequencia,11,7747,,,,,,,,,
38700,38707.0,41843.0,41856.0,2025-07-25 21:11:25,2025-07-25 21:24:10,GTPDP,GTPDP,salto_na_sequencia,13,7748,,,,,,,,,
38707,38709.0,41856.0,41861.0,2025-07-25 21:24:10,2025-07-25 21:27:21,GTPDP,GTERI,salto_na_sequencia,5,7749,,,,,,,,,
38709,38740.0,41861.0,41922.0,2025-07-25 21:27:21,2025-07-25 22:27:21,GTERI,GTERI,salto_na_sequencia,61,7750,,,,,,,,,
38740,38771.0,41922.0,41983.0,2025-07-25 22:27:21,2025-07-25 23:27:21,GTERI,GTERI,salto_na_sequencia,61,7751,,,,,,,,,
38771,38802.0,41983.0,42044.0,2025-07-25 23:27:21,2025-07-26 00:27:21,GTERI,GTERI,salto_na_sequencia,61,7752,,,,,,,,,
38802,38833.0,42044.0,42105.0,2025-07-26 00:27:21,2025-07-26 01:27:21,GTERI,GTERI,salto_na_sequencia,61,7753,,,,,,,,,
38833,38864.0,42105.0,42166.0,2025-07-26 01:27:21,2025-07-26 02:27:21,GTERI,GTERI,salto_na_sequencia,61,7754,,,,,,,,,
38864,38895.0,42166.0,42227.0,2025-07-26 02:27:21,2025-07-26 03:27:21,GTERI,GTERI,salto_na_sequencia,61,7755,,,,,,,,,
38895,38926.0,42227.0,42288.0,2025-07-26 03:27:21,2025-07-26 04:27:21,GTERI,GTERI,salto_na_sequencia,61,7756,,,,,,,,,
38926,38957.0,42288.0,42349.0,2025-07-26 04:27:21,2025-07-26 05:27:21,GTERI,GTERI,salto_na_sequencia,61,7757,,,,,,,,,
38957,38988.0,42349.0,42410.0,2025-07-26 05:27:21,2025-07-26 06:27:21,GTERI,GTERI,salto_na_sequencia,61,7758,,,,,,,,,
38988,39019.0,42410.0,42471.0,2025-07-26 06:27:21,2025-07-26 07:27:21,GTERI,GTERI,salto_na_sequencia,61,7759,,,,,,,,,
39019,39050.0,42471.0,42532.0,2025-07-26 07:27:21,2025-07-26 08:27:21,GTERI,GTERI,salto_na_sequencia,61,7760,,,,,,,,,
39050,39081.0,42532.0,42593.0,2025-07-26 08:27:21,2025-07-26 09:27:21,GTERI,GTERI,salto_na_sequencia,61,7761,,,,,,,,,
39081,39112.0,42593.0,42654.0,2025-07-26 09:27:21,2025-07-26 10:27:21,GTERI,GTERI,salto_na_sequencia,61,7762,,,,,,,,,
39112,39143.0,42654.0,42715.0,2025-07-26 10:27:21,2025-07-26 11:27:21,GTERI,GTERI,salto_na_sequencia,61,7763,,,,,,,,,
39143,39174.0,42715.0,42776.0,2025-07-26 11:27:21,2025-07-26 12:27:21,GTERI,GTERI,salto_na_sequencia,61,7764,,,,,,,,,
39174,39205.0,42776.0,42837.0,2025-07-26 12:27:21,2025-07-26 13:27:21,GTERI,GTERI,salto_na_sequencia,61,7765,,,,,,,,,
39205,39236.0,42837.0,42898.0,2025-07-26 13:27:21,2025-07-26 14:27:21,GTERI,GTERI,salto_na_sequencia,61,7766,,,,,,,,,
39236,39267.0,42898.0,42959.0,2025-07-26 14:27:21,2025-07-26 15:27:21,GTERI,GTERI,salto_na_sequencia,61,7767,,,,,,,,,
39267,39298.0,42959.0,43020.0,2025-07-26 15:27:21,2025-07-26 16:27:21,GTERI,GTERI,salto_na_sequencia,61,7768,,,,,,,,,
39298,39329.0,43020.0,43081.0,2025-07-26 16:27:21,2025-07-26 17:27:21,GTERI,GTERI,salto_na_sequencia,61,7769,,,,,,,,,
39329,39359.0,43081.0,43140.0,2025-07-26 17:27:21,2025-07-26 18:27:21,GTERI,GTERI,salto_na_sequencia,59,7770,,,,,,,,,
39359,39390.0,43140.0,43201.0,2025-07-26 18:27:21,2025-07-26 19:27:21,GTERI,GTERI,salto_na_sequencia,61,7771,,,,,,,,,
39390,39421.0,43201.0,43262.0,2025-07-26 19:27:21,2025-07-26 20:27:21,GTERI,GTERI,salto_na_sequencia,61,7772,,,,,,,,,
39421,39452.0,43262.0,43323.0,2025-07-26 20:27:21,2025-07-26 21:27:21,GTERI,GTERI,salto_na_sequencia,61,7773,,,,,,,,,
39452,39483.0,43323.0,43384.0,2025-07-26 21:27:21,2025-07-26 22:27:21,GTERI,GTERI,salto_na_sequencia,61,7774,,,,,,,,,
39483,39514.0,43384.0,43445.0,2025-07-26 22:27:21,2025-07-26 23:27:21,GTERI,GTERI,salto_na_sequencia,61,7775,,,,,,,,,
39514,39545.0,43445.0,43506.0,2025-07-26 23:27:21,2025-07-27 00:27:21,GTERI,GTERI,salto_na_sequencia,61,7776,,,,,,,,,
39545,39576.0,43506.0,43567.0,2025-07-27 00:27:21,2025-07-27 01:27:21,GTERI,GTERI,salto_na_sequencia,61,7777,,,,,,,,,
39576,39607.0,43567.0,43628.0,2025-07-27 01:27:21,2025-07-27 02:27:21,GTERI,GTERI,salto_na_sequencia,61,7778,,,,,,,,,
39607,39638.0,43628.0,43689.0,2025-07-27 02:27:21,2025-07-27 03:27:21,GTERI,GTERI,salto_na_sequencia,61,7779,,,,,,,,,
39638,39669.0,43689.0,43750.0,2025-07-27 03:27:21,2025-07-27 04:27:21,GTERI,GTERI,salto_na_sequencia,61,7780,,,,,,,,,
39669,39700.0,43750.0,43811.0,2025-07-27 04:27:21,2025-07-27 05:27:21,GTERI,GTERI,salto_na_sequencia,61,7781,,,,,,,,,
39700,39731.0,43811.0,43872.0,2025-07-27 05:27:21,2025-07-27 06:27:21,GTERI,GTERI,salto_na_sequencia,61,7782,,,,,,,,,
39731,39762.0,43872.0,43933.0,2025-07-27 06:27:21,2025-07-27 07:27:21,GTERI,GTERI,salto_na_sequencia,61,7783,,,,,,,,,
39762,39793.0,43933.0,43994.0,2025-07-27 07:27:21,2025-07-27 08:27:21,GTERI,GTERI,salto_na_sequencia,61,7784,,,,,,,,,
39793,39824.0,43994.0,44055.0,2025-07-27 08:27:21,2025-07-27 09:27:21,GTERI,GTERI,salto_na_sequencia,61,7785,,,,,,,,,
39824,39855.0,44055.0,44116.0,2025-07-27 09:27:21,2025-07-27 10:27:21,GTERI,GTERI,salto_na_sequencia,61,7786,,,,,,,,,
39855,39886.0,44116.0,44177.0,2025-07-27 10:27:21,2025-07-27 11:27:21,GTERI,GTERI,salto_na_sequencia,61,7787,,,,,,,,,
39886,39917.0,44177.0,44238.0,2025-07-27 11:27:21,2025-07-27 12:27:21,GTERI,GTERI,salto_na_sequencia,61,7788,,,,,,,,,
39917,39948.0,44238.0,44299.0,2025-07-27 12:27:21,2025-07-27 13:27:21,GTERI,GTERI,salto_na_sequencia,61,7789,,,,,,,,,
39948,39979.0,44299.0,44360.0,2025-07-27 13:27:21,2025-07-27 14:27:21,GTERI,GTERI,salto_na_sequencia,61,7790,,,,,,,,,
39979,40010.0,44360.0,44421.0,2025-07-27 14:27:21,2025-07-27 15:27:21,GTERI,GTERI,salto_na_sequencia,61,7791,,,,,,,,,
40010,40041.0,44421.0,44482.0,2025-07-27 15:27:21,2025-07-27 16:27:21,GTERI,GTERI,salto_na_sequencia,61,7792,,,,,,,,,
40041,40072.0,44482.0,44543.0,2025-07-27 16:27:21,2025-07-27 17:27:21,GTERI,GTERI,salto_na_sequencia,61,7793,,,,,,,,,
40072,40103.0,44543.0,44604.0,2025-07-27 17:27:21,2025-07-27 18:27:21,GTERI,GTERI,salto_na_sequencia,61,7794,,,,,,,,,
40103,40134.0,44604.0,44665.0,2025-07-27 18:27:21,2025-07-27 19:27:24,GTERI,GTERI,salto_na_sequencia,61,7795,,,,,,,,,
40134,40165.0,44665.0,44726.0,2025-07-27 19:27:24,2025-07-27 20:27:24,GTERI,GTERI,salto_na_sequencia,61,7796,,,,,,,,,
40165,40195.0,44726.0,44785.0,2025-07-27 20:27:24,2025-07-27 21:24:53,GTERI,GTPDP,salto_na_sequencia,59,7797,,,,,,,,,
40195,40197.0,44785.0,44788.0,2025-07-27 21:24:53,2025-07-27 21:27:24,GTPDP,GTERI,salto_na_sequencia,3,7798,,,,,,,,,
40197,40227.0,44788.0,44847.0,2025-07-27 21:27:24,2025-07-27 22:27:24,GTERI,GTERI,salto_na_sequencia,59,7799,,,,,,,,,
40227,40258.0,44847.0,44908.0,2025-07-27 22:27:24,2025-07-27 23:27:24,GTERI,GTERI,salto_na_sequencia,61,7800,,,,,,,,,
40258,40289.0,44908.0,44969.0,2025-07-27 23:27:24,2025-07-28 00:27:24,GTERI,GTERI,salto_na_sequencia,61,7801,,,,,,,,,
40289,40320.0,44969.0,45030.0,2025-07-28 00:27:24,2025-07-28 01:27:24,GTERI,GTERI,salto_na_sequencia,61,7802,,,,,,,,,
40320,40351.0,45030.0,45091.0,2025-07-28 01:27:24,2025-07-28 02:27:24,GTERI,GTERI,salto_na_sequencia,61,7803,,,,,,,,,
40351,40382.0,45091.0,45152.0,2025-07-28 02:27:24,2025-07-28 03:27:24,GTERI,GTERI,salto_na_sequencia,61,7804,,,,,,,,,
40382,40413.0,45152.0,45213.0,2025-07-28 03:27:24,2025-07-28 04:27:24,GTERI,GTERI,salto_na_sequencia,61,7805,,,,,,,,,
40413,40444.0,45213.0,45274.0,2025-07-28 04:27:24,2025-07-28 05:27:24,GTERI,GTERI,salto_na_sequencia,61,7806,,,,,,,,,
40444,40475.0,45274.0,45335.0,2025-07-28 05:27:24,2025-07-28 06:27:24,GTERI,GTERI,salto_na_sequencia,61,7807,,,,,,,,,
40475,40506.0,45335.0,45396.0,2025-07-28 06:27:24,2025-07-28 07:27:24,GTERI,GTERI,salto_na_sequencia,61,7808,,,,,,,,,
40506,40537.0,45396.0,45457.0,2025-07-28 07:27:24,2025-07-28 08:27:24,GTERI,GTERI,salto_na_sequencia,61,7809,,,,,,,,,
40537,40568.0,45457.0,45518.0,2025-07-28 08:27:24,2025-07-28 09:27:24,GTERI,GTERI,salto_na_sequencia,61,7810,,,,,,,,,
40568,40599.0,45518.0,45579.0,2025-07-28 09:27:24,2025-07-28 10:27:24,GTERI,GTERI,salto_na_sequencia,61,7811,,,,,,,,,
40599,40630.0,45579.0,45640.0,2025-07-28 10:27:24,2025-07-28 11:27:24,GTERI,GTERI,salto_na_sequencia,61,7812,,,,,,,,,
40630,40661.0,45640.0,45701.0,2025-07-28 11:27:24,2025-07-28 12:27:24,GTERI,GTERI,salto_na_sequencia,61,7813,,,,,,,,,
40661,40692.0,45701.0,45762.0,2025-07-28 12:27:24,2025-07-28 13:27:24,GTERI,GTERI,salto_na_sequencia,61,7814,,,,,,,,,
40692,40723.0,45762.0,45823.0,2025-07-28 13:27:24,2025-07-28 14:27:24,GTERI,GTERI,salto_na_sequencia,61,7815,,,,,,,,,
40723,40754.0,45823.0,45884.0,2025-07-28 14:27:24,2025-07-28 15:27:24,GTERI,GTERI,salto_na_sequencia,61,7816,,,,,,,,,
40754,40785.0,45884.0,45945.0,2025-07-28 15:27:24,2025-07-28 16:27:24,GTERI,GTERI,salto_na_sequencia,61,7817,,,,,,,,,
40785,40816.0,45945.0,46006.0,2025-07-28 16:27:24,2025-07-28 17:27:24,GTERI,GTERI,salto_na_sequencia,61,7818,,,,,,,,,
40816,40847.0,46006.0,46067.0,2025-07-28 17:27:24,2025-07-28 18:27:24,GTERI,GTERI,salto_na_sequencia,61,7819,,,,,,,,,
40847,40878.0,46067.0,46128.0,2025-07-28 18:27:24,2025-07-28 19:27:24,GTERI,GTERI,salto_na_sequencia,61,7820,,,,,,,,,
40878,40909.0,46128.0,46189.0,2025-07-28 19:27:24,2025-07-28 20:27:24,GTERI,GTERI,salto_na_sequencia,61,7821,,,,,,,,,
40909,40940.0,46189.0,46250.0,2025-07-28 20:27:24,2025-07-28 21:27:24,GTERI,GTERI,salto_na_sequencia,61,7822,,,,,,,,,
40940,40971.0,46250.0,46311.0,2025-07-28 21:27:24,2025-07-28 22:27:24,GTERI,GTERI,salto_na_sequencia,61,7823,,,,,,,,,
40971,41002.0,46311.0,46372.0,2025-07-28 22:27:24,2025-07-28 23:27:24,GTERI,GTERI,salto_na_sequencia,61,7824,,,,,,,,,
41002,41033.0,46372.0,46433.0,2025-07-28 23:27:24,2025-07-29 00:27:24,GTERI,GTERI,salto_na_sequencia,61,7825,,,,,,,,,
41033,41064.0,46433.0,46494.0,2025-07-29 00:27:24,2025-07-29 01:27:24,GTERI,GTERI,salto_na_sequencia,61,7826,,,,,,,,,
41064,41096.0,46494.0,46555.0,2025-07-29 01:27:24,2025-07-29 02:27:24,GTERI,GTERI,salto_na_sequencia,61,7827,,,,,,,,,
41096,,,,2025-07-29 02:27:24,,,,valor_repetido_igual,0,7828,41097.0,46555.0,46555.0,GTERI,GTERI,2025-07-29 02:27:24,2025-07-29 02:27:22,2025-07-29 02:27:42,7829.0
41097,41128.0,46555.0,46616.0,2025-07-29 02:27:24,2025-07-29 03:27:24,GTERI,GTERI,salto_na_sequencia,61,7829,,,,,,,,,
41128,41159.0,46616.0,46677.0,2025-07-29 03:27:24,2025-07-29 04:27:24,GTERI,GTERI,salto_na_sequencia,61,7830,,,,,,,,,
41159,41190.0,46677.0,46738.0,2025-07-29 04:27:24,2025-07-29 05:27:24,GTERI,GTERI,salto_na_sequencia,61,7831,,,,,,,,,
41190,41221.0,46738.0,46799.0,2025-07-29 05:27:24,2025-07-29 06:27:24,GTERI,GTERI,salto_na_sequencia,61,7832,,,,,,,,,
41221,41252.0,46799.0,46860.0,2025-07-29 06:27:24,2025-07-29 07:27:24,GTERI,GTERI,salto_na_sequencia,61,7833,,,,,,,,,
