linha,Data/Hora Evento,Tipo Mensagem,Motion Status,Diferença entre GTERI (IGN),Diferença entre GTERI (IGF)
2,2025-06-12 00:01:04,GTERI,11,,
33,2025-06-12 01:01:04,GTERI,11,,3600.0
64,2025-06-12 02:01:04,GTERI,11,,3600.0
96,2025-06-12 03:01:04,GTERI,11,,3600.0
99,2025-06-12 04:01:04,GTERI,11,,3600.0
101,2025-06-12 04:01:04,GTERI,11,,0.0
104,2025-06-12 05:01:04,GTERI,11,,3600.0
132,2025-06-12 06:01:04,GTERI,11,,3600.0
135,2025-06-12 06:04:36,GTIGN,,,
137,2025-06-12 06:04:36,GTIGF,,,
139,2025-06-12 06:04:37,GTIGN,,,
141,2025-06-12 06:05:07,GTERI,22,30.0,
147,2025-06-12 06:07:45,GTERI,22,158.0,
150,2025-06-12 06:10:45,GTERI,22,180.0,
158,2025-06-12 06:13:45,GTERI,22,180.0,
166,2025-06-12 06:16:45,GTERI,22,180.0,
175,2025-06-12 06:19:45,GTERI,22,180.0,
181,2025-06-12 06:22:46,GTERI,22,181.0,
184,2025-06-12 06:25:46,GTERI,22,180.0,
188,2025-06-12 06:28:46,GTERI,22,180.0,
194,2025-06-12 06:31:46,GTERI,22,180.0,
201,2025-06-12 06:34:46,GTERI,22,180.0,
203,2025-06-12 06:37:46,GTERI,22,180.0,
212,2025-06-12 06:40:46,GTERI,22,180.0,
216,2025-06-12 06:43:46,GTERI,22,180.0,
218,2025-06-12 06:46:46,GTERI,22,180.0,
219,2025-06-12 06:49:46,GTERI,22,180.0,
224,2025-06-12 06:52:46,GTERI,22,180.0,
226,2025-06-12 06:55:46,GTERI,22,180.0,
231,2025-06-12 06:58:46,GTERI,22,180.0,
235,2025-06-12 07:01:47,GTERI,22,181.0,
256,2025-06-12 07:04:47,GTERI,22,180.0,
257,2025-06-12 07:04:52,GTIGF,,,
259,2025-06-12 07:04:52,GTERI,12,,0.0
288,2025-06-12 07:57:15,GTIGN,,,
290,2025-06-12 07:57:27,GTERI,22,12.0,
305,2025-06-12 08:00:23,GTERI,22,176.0,
308,2025-06-12 08:03:23,GTERI,22,180.0,
319,2025-06-12 08:06:23,GTERI,22,180.0,
323,2025-06-12 08:09:23,GTERI,22,180.0,
327,2025-06-12 08:12:23,GTERI,22,180.0,
334,2025-06-12 08:15:23,GTERI,22,180.0,
342,2025-06-12 08:18:23,GTERI,22,180.0,
348,2025-06-12 08:21:23,GTERI,22,180.0,
351,2025-06-12 08:24:23,GTERI,22,180.0,
354,2025-06-12 08:27:23,GTERI,22,180.0,
356,2025-06-12 08:30:23,GTERI,22,180.0,
359,2025-06-12 08:33:23,GTERI,22,180.0,
365,2025-06-12 08:36:23,GTERI,22,180.0,
367,2025-06-12 08:39:23,GTERI,22,180.0,
370,2025-06-12 08:42:23,GTERI,22,180.0,
378,2025-06-12 08:45:23,GTERI,22,180.0,
384,2025-06-12 08:48:23,GTERI,22,180.0,
389,2025-06-12 08:51:23,GTERI,22,180.0,
392,2025-06-12 08:54:23,GTERI,22,180.0,
401,2025-06-12 08:57:23,GTERI,22,180.0,
413,2025-06-12 09:00:23,GTERI,22,180.0,
415,2025-06-12 09:03:23,GTERI,22,180.0,
428,2025-06-12 09:04:07,GTERI,12,,7155.0
426,2025-06-12 09:04:07,GTIGF,,,
455,2025-06-12 09:54:01,GTIGN,,,
458,2025-06-12 09:54:09,GTERI,22,8.0,
463,2025-06-12 09:57:08,GTERI,22,179.0,
474,2025-06-12 10:00:08,GTERI,22,180.0,
480,2025-06-12 10:03:08,GTERI,22,180.0,
487,2025-06-12 10:06:08,GTERI,22,180.0,
489,2025-06-12 10:09:08,GTERI,22,180.0,
491,2025-06-12 10:12:08,GTERI,22,180.0,
494,2025-06-12 10:15:08,GTERI,22,180.0,
498,2025-06-12 10:18:08,GTERI,22,180.0,
504,2025-06-12 10:21:09,GTERI,22,181.0,
506,2025-06-12 10:24:09,GTERI,22,180.0,
509,2025-06-12 10:27:09,GTERI,22,180.0,
512,2025-06-12 10:30:09,GTERI,22,180.0,
520,2025-06-12 10:33:09,GTERI,22,180.0,
534,2025-06-12 10:36:09,GTERI,22,180.0,
537,2025-06-12 10:39:09,GTERI,22,180.0,
541,2025-06-12 10:42:09,GTERI,22,180.0,
555,2025-06-12 10:45:09,GTERI,22,180.0,
560,2025-06-12 10:48:09,GTERI,22,180.0,
563,2025-06-12 10:51:09,GTERI,22,180.0,
567,2025-06-12 10:53:05,GTIGF,,,
569,2025-06-12 10:53:06,GTERI,12,,1.0
571,2025-06-12 10:53:21,GTIGN,,,
574,2025-06-12 10:53:25,GTERI,22,4.0,
577,2025-06-12 10:56:26,GTERI,21,181.0,
586,2025-06-12 10:59:26,GTERI,22,180.0,
602,2025-06-12 11:00:54,GTERI,12,,468.0
600,2025-06-12 11:00:54,GTIGF,,,
614,2025-06-12 11:17:54,GTIGN,,,
616,2025-06-12 11:18:02,GTERI,22,8.0,
619,2025-06-12 11:18:11,GTIGF,,,
621,2025-06-12 11:18:12,GTERI,12,,1.0
638,2025-06-12 11:46:32,GTIGN,,,
640,2025-06-12 11:46:43,GTERI,22,11.0,
652,2025-06-12 11:49:37,GTERI,22,174.0,
663,2025-06-12 11:52:37,GTERI,22,180.0,
669,2025-06-12 11:55:37,GTERI,22,180.0,
671,2025-06-12 11:58:37,GTERI,22,180.0,
674,2025-06-12 12:01:37,GTERI,22,180.0,
678,2025-06-12 12:04:37,GTERI,22,180.0,
690,2025-06-12 12:07:37,GTERI,22,180.0,
696,2025-06-12 12:10:37,GTERI,22,180.0,
707,2025-06-12 12:11:38,GTIGF,,,
709,2025-06-12 12:11:38,GTERI,12,,0.0
744,2025-06-12 13:11:33,GTERI,11,,3595.0
776,2025-06-12 14:11:33,GTERI,11,,3600.0
786,2025-06-12 14:30:01,GTIGN,,,
788,2025-06-12 14:30:09,GTERI,22,8.0,
796,2025-06-12 14:33:09,GTERI,22,180.0,
811,2025-06-12 14:35:10,GTIGF,,,
813,2025-06-12 14:35:11,GTERI,12,,1.0
818,2025-06-12 14:37:39,GTIGN,,,
821,2025-06-12 14:37:43,GTERI,22,4.0,
829,2025-06-12 14:40:46,GTERI,22,183.0,
835,2025-06-12 14:43:46,GTERI,22,180.0,
837,2025-06-12 14:46:46,GTERI,22,180.0,
840,2025-06-12 14:49:46,GTERI,22,180.0,
844,2025-06-12 14:52:46,GTERI,22,180.0,
849,2025-06-12 14:55:46,GTERI,22,180.0,
851,2025-06-12 14:58:46,GTERI,22,180.0,
860,2025-06-12 15:01:46,GTERI,22,180.0,
864,2025-06-12 15:04:46,GTERI,22,180.0,
868,2025-06-12 15:07:46,GTERI,22,180.0,
872,2025-06-12 15:10:46,GTERI,22,180.0,
876,2025-06-12 15:13:46,GTERI,22,180.0,
878,2025-06-12 15:16:46,GTERI,22,180.0,
888,2025-06-12 15:19:46,GTERI,22,180.0,
890,2025-06-12 15:22:46,GTERI,22,180.0,
897,2025-06-12 15:25:46,GTERI,22,180.0,
904,2025-06-12 15:28:46,GTERI,22,180.0,
907,2025-06-12 15:31:46,GTERI,22,180.0,
920,2025-06-12 15:34:46,GTERI,22,180.0,
927,2025-06-12 15:37:46,GTERI,22,180.0,
928,2025-06-12 15:38:05,GTIGF,,,
930,2025-06-12 15:38:05,GTERI,12,,0.0
934,2025-06-12 15:40:52,GTIGN,,,
937,2025-06-12 15:40:56,GTERI,22,4.0,
955,2025-06-12 15:44:01,GTERI,22,185.0,
960,2025-06-12 15:45:56,GTIGF,,,
962,2025-06-12 15:45:57,GTERI,12,,1.0
968,2025-06-12 15:52:03,GTIGN,,,
969,2025-06-12 15:52:03,GTIGN,,,
971,2025-06-12 15:52:13,GTERI,22,10.0,
983,2025-06-12 15:53:42,GTIGF,,,
985,2025-06-12 15:53:42,GTERI,12,,0.0
987,2025-06-12 15:54:00,GTIGN,,,
990,2025-06-12 15:54:01,GTIGF,,,
1000,2025-06-12 16:06:10,GTIGN,,,
1002,2025-06-12 16:06:20,GTERI,22,10.0,
1006,2025-06-12 16:06:21,GTERI,12,,740.0
1004,2025-06-12 16:06:21,GTIGF,,,
1028,2025-06-12 16:44:45,GTIGN,,,
1030,2025-06-12 16:44:54,GTERI,22,9.0,
1046,2025-06-12 16:47:52,GTERI,22,178.0,
1055,2025-06-12 16:50:52,GTERI,22,180.0,
1065,2025-06-12 16:53:52,GTERI,22,180.0,
1070,2025-06-12 16:54:40,GTIGF,,,
1072,2025-06-12 16:54:40,GTERI,12,,0.0
1078,2025-06-12 17:00:31,GTIGN,,,
1080,2025-06-12 17:00:40,GTERI,22,9.0,
1087,2025-06-12 17:03:36,GTERI,22,176.0,
1088,2025-06-12 17:03:48,GTIGF,,,
1090,2025-06-12 17:03:48,GTIGN,,,
1095,2025-06-12 17:03:53,GTERI,22,5.0,
1107,2025-06-12 17:06:54,GTERI,22,181.0,
1110,2025-06-12 17:09:54,GTERI,22,180.0,
1113,2025-06-12 17:12:54,GTERI,22,180.0,
1116,2025-06-12 17:15:54,GTERI,22,180.0,
1119,2025-06-12 17:18:54,GTERI,22,180.0,
1123,2025-06-12 17:21:54,GTERI,22,180.0,
1128,2025-06-12 17:24:54,GTERI,22,180.0,
1133,2025-06-12 17:27:54,GTERI,22,180.0,
1137,2025-06-12 17:30:54,GTERI,22,180.0,
1140,2025-06-12 17:33:54,GTERI,22,180.0,
1146,2025-06-12 17:36:54,GTERI,22,180.0,
1151,2025-06-12 17:39:54,GTERI,22,180.0,
1159,2025-06-12 17:41:42,GTERI,12,,2274.0
1157,2025-06-12 17:41:42,GTIGF,,,
1166,2025-06-12 17:48:48,GTIGN,,,
1168,2025-06-12 17:49:00,GTERI,22,12.0,
1179,2025-06-12 17:51:53,GTERI,22,173.0,
1188,2025-06-12 17:54:53,GTERI,22,180.0,
1191,2025-06-12 17:57:53,GTERI,22,180.0,
1194,2025-06-12 18:00:53,GTERI,22,180.0,
1198,2025-06-12 18:03:53,GTERI,22,180.0,
1209,2025-06-12 18:06:53,GTERI,22,180.0,
1212,2025-06-12 18:09:53,GTERI,22,180.0,
1216,2025-06-12 18:12:53,GTERI,22,180.0,
1221,2025-06-12 18:15:55,GTERI,22,182.0,
1227,2025-06-12 18:18:55,GTERI,22,180.0,
1231,2025-06-12 18:21:55,GTERI,22,180.0,
1235,2025-06-12 18:24:55,GTERI,22,180.0,
1236,2025-06-12 18:24:55,GTERI,22,0.0,
1238,2025-06-12 18:27:55,GTERI,22,180.0,
1241,2025-06-12 18:30:55,GTERI,22,180.0,
1243,2025-06-12 18:33:55,GTERI,22,180.0,
1246,2025-06-12 18:36:55,GTERI,22,180.0,
1248,2025-06-12 18:39:55,GTERI,22,180.0,
1251,2025-06-12 18:42:55,GTERI,22,180.0,
1255,2025-06-12 18:45:55,GTERI,22,180.0,
1258,2025-06-12 18:48:55,GTERI,22,180.0,
1260,2025-06-12 18:51:55,GTERI,22,180.0,
1262,2025-06-12 18:54:55,GTERI,22,180.0,
1265,2025-06-12 18:57:55,GTERI,22,180.0,
1267,2025-06-12 19:00:55,GTERI,22,180.0,
1271,2025-06-12 19:03:55,GTERI,22,180.0,
1278,2025-06-12 19:06:55,GTERI,22,180.0,
1286,2025-06-12 19:09:55,GTERI,22,180.0,
1289,2025-06-12 19:12:55,GTERI,22,180.0,
1297,2025-06-12 19:15:55,GTERI,22,180.0,
1299,2025-06-12 19:18:55,GTERI,22,180.0,
1305,2025-06-12 19:21:55,GTERI,22,180.0,
1315,2025-06-12 19:24:55,GTERI,22,180.0,
1329,2025-06-12 19:27:55,GTERI,22,180.0,
1335,2025-06-12 19:30:55,GTERI,22,180.0,
1343,2025-06-12 19:33:55,GTERI,22,180.0,
1353,2025-06-12 19:36:55,GTERI,22,180.0,
1362,2025-06-12 19:39:55,GTERI,22,180.0,
1372,2025-06-12 19:42:55,GTERI,22,180.0,
1379,2025-06-12 19:45:55,GTERI,22,180.0,
1389,2025-06-12 19:48:55,GTERI,22,180.0,
1402,2025-06-12 19:51:55,GTERI,22,180.0,
1407,2025-06-12 19:54:55,GTERI,22,180.0,
1418,2025-06-12 19:56:30,GTIGF,,,
1420,2025-06-12 19:56:31,GTERI,12,,1.0
1442,2025-06-12 20:35:56,GTIGN,,,
1444,2025-06-12 20:36:15,GTERI,22,19.0,
1458,2025-06-12 20:39:02,GTERI,22,167.0,
1469,2025-06-12 20:42:02,GTERI,22,180.0,
1484,2025-06-12 20:45:02,GTERI,22,180.0,
1486,2025-06-12 20:48:02,GTERI,22,180.0,
1490,2025-06-12 20:51:02,GTERI,22,180.0,
1497,2025-06-12 20:54:02,GTERI,22,180.0,
1501,2025-06-12 20:55:32,GTIGF,,,
1503,2025-06-12 20:55:32,GTERI,12,,0.0
1509,2025-06-12 21:01:37,GTIGN,,,
1511,2025-06-12 21:01:46,GTERI,22,9.0,
1515,2025-06-12 21:02:08,GTIGF,,,
1517,2025-06-12 21:02:08,GTERI,12,,0.0
1542,2025-06-12 21:44:39,GTIGN,,,
1544,2025-06-12 21:44:47,GTERI,22,8.0,
1562,2025-06-12 21:47:45,GTERI,22,178.0,
1570,2025-06-12 21:50:45,GTERI,22,180.0,
1580,2025-06-12 21:53:45,GTERI,22,180.0,
1584,2025-06-12 21:56:45,GTERI,22,180.0,
1593,2025-06-12 21:59:45,GTERI,22,180.0,
1605,2025-06-12 22:02:45,GTERI,22,180.0,
1615,2025-06-12 22:04:35,GTERI,12,,3747.0
1613,2025-06-12 22:04:35,GTIGF,,,
1648,2025-06-12 23:04:31,GTERI,11,,3596.0
1679,2025-06-13 00:04:31,GTERI,11,,3600.0
1710,2025-06-13 01:04:31,GTERI,11,,3600.0
1741,2025-06-13 02:04:31,GTERI,11,,3600.0
1772,2025-06-13 03:04:31,GTERI,11,,3600.0
1803,2025-06-13 04:04:31,GTERI,11,,3600.0
1818,2025-06-13 04:30:11,GTIGN,,,
1821,2025-06-13 04:31:15,GTERI,22,64.0,
1829,2025-06-13 04:33:17,GTERI,22,122.0,
1835,2025-06-13 04:36:17,GTERI,22,180.0,
1840,2025-06-13 04:39:17,GTERI,22,180.0,
1850,2025-06-13 04:40:48,GTIGF,,,
1852,2025-06-13 04:40:48,GTERI,12,,0.0
1885,2025-06-13 05:40:44,GTERI,11,,3596.0
1899,2025-06-13 06:06:45,GTIGN,,,
1902,2025-06-13 06:07:09,GTERI,22,24.0,
1915,2025-06-13 06:09:38,GTIGF,,,
1917,2025-06-13 06:09:39,GTERI,12,,1.0
1921,2025-06-13 06:12:01,GTIGN,,,
1924,2025-06-13 06:12:06,GTERI,22,5.0,
1943,2025-06-13 06:15:10,GTERI,22,184.0,
1952,2025-06-13 06:18:10,GTERI,22,180.0,
1957,2025-06-13 06:21:10,GTERI,22,180.0,
1962,2025-06-13 06:24:10,GTERI,22,180.0,
1966,2025-06-13 06:27:10,GTERI,22,180.0,
1970,2025-06-13 06:30:10,GTERI,22,180.0,
1973,2025-06-13 06:33:10,GTERI,22,180.0,
1977,2025-06-13 06:36:10,GTERI,22,180.0,
1979,2025-06-13 06:39:10,GTERI,22,180.0,
1983,2025-06-13 06:42:10,GTERI,22,180.0,
1999,2025-06-13 06:43:53,GTERI,12,,2054.0
1997,2025-06-13 06:43:53,GTIGF,,,
2006,2025-06-13 06:52:25,GTIGN,,,
2008,2025-06-13 06:52:36,GTERI,22,11.0,
2029,2025-06-13 06:55:34,GTERI,22,178.0,
2058,2025-06-13 06:58:09,GTIGF,,,
2060,2025-06-13 06:58:10,GTERI,12,,1.0
2077,2025-06-13 07:21:07,GTIGN,,,
2079,2025-06-13 07:21:16,GTERI,22,9.0,
2097,2025-06-13 07:23:28,GTIGF,,,
2099,2025-06-13 07:23:29,GTERI,12,,1.0
2108,2025-06-13 07:32:40,GTIGN,,,
2110,2025-06-13 07:32:49,GTERI,22,9.0,
2114,2025-06-13 07:35:50,GTERI,22,181.0,
2116,2025-06-13 07:38:50,GTERI,22,180.0,
2126,2025-06-13 07:41:50,GTERI,22,180.0,
2129,2025-06-13 07:44:50,GTERI,22,180.0,
2140,2025-06-13 07:47:50,GTERI,22,180.0,
2145,2025-06-13 07:50:50,GTERI,22,180.0,
2149,2025-06-13 07:53:50,GTERI,22,180.0,
2155,2025-06-13 07:56:50,GTERI,22,180.0,
2166,2025-06-13 07:59:50,GTERI,22,180.0,
2172,2025-06-13 08:02:50,GTERI,22,180.0,
2178,2025-06-13 08:05:50,GTERI,22,180.0,
2180,2025-06-13 08:08:50,GTERI,22,180.0,
2183,2025-06-13 08:11:50,GTERI,22,180.0,
2188,2025-06-13 08:14:50,GTERI,22,180.0,
2192,2025-06-13 08:17:51,GTERI,22,181.0,
2195,2025-06-13 08:20:50,GTERI,22,179.0,
2197,2025-06-13 08:23:50,GTERI,22,180.0,
2202,2025-06-13 08:26:50,GTERI,22,180.0,
2207,2025-06-13 08:29:50,GTERI,22,180.0,
2225,2025-06-13 08:32:50,GTERI,22,180.0,
2236,2025-06-13 08:35:50,GTERI,22,180.0,
2241,2025-06-13 08:38:50,GTERI,22,180.0,
2250,2025-06-13 08:41:50,GTERI,22,180.0,
2261,2025-06-13 08:44:50,GTERI,22,180.0,
2278,2025-06-13 08:47:50,GTERI,22,180.0,
2285,2025-06-13 08:50:50,GTERI,22,180.0,
2287,2025-06-13 08:53:50,GTERI,22,180.0,
2307,2025-06-13 08:55:22,GTERI,12,,5513.0
2305,2025-06-13 08:55:22,GTIGF,,,
2340,2025-06-13 09:55:12,GTERI,11,,3590.0
2371,2025-06-13 10:55:12,GTERI,11,,3600.0
2373,2025-06-13 10:56:14,GTIGN,,,
2375,2025-06-13 10:56:22,GTERI,22,8.0,
2378,2025-06-13 10:59:18,GTERI,22,176.0,
2381,2025-06-13 11:02:18,GTERI,22,180.0,
2383,2025-06-13 11:05:18,GTERI,22,180.0,
2403,2025-06-13 11:08:19,GTERI,22,181.0,
2405,2025-06-13 11:11:18,GTERI,22,179.0,
2408,2025-06-13 11:14:18,GTERI,22,180.0,
2411,2025-06-13 11:17:18,GTERI,22,180.0,
2414,2025-06-13 11:20:19,GTERI,22,181.0,
2427,2025-06-13 11:23:19,GTERI,22,180.0,
2431,2025-06-13 11:23:28,GTIGF,,,
2433,2025-06-13 11:23:29,GTERI,12,,1.0
2444,2025-06-13 11:39:01,GTIGN,,,
2446,2025-06-13 11:39:14,GTERI,22,13.0,
2458,2025-06-13 11:42:09,GTERI,22,175.0,
2461,2025-06-13 11:45:09,GTERI,22,180.0,
2463,2025-06-13 11:48:10,GTERI,22,181.0,
2466,2025-06-13 11:51:09,GTERI,22,179.0,
2468,2025-06-13 11:54:09,GTERI,22,180.0,
2471,2025-06-13 11:57:09,GTERI,22,180.0,
2485,2025-06-13 12:00:09,GTERI,22,180.0,
2494,2025-06-13 12:03:09,GTERI,22,180.0,
2503,2025-06-13 12:06:09,GTERI,22,180.0,
2510,2025-06-13 12:09:09,GTERI,22,180.0,
2514,2025-06-13 12:12:09,GTERI,22,180.0,
2517,2025-06-13 12:15:09,GTERI,22,180.0,
2519,2025-06-13 12:18:09,GTERI,22,180.0,
2522,2025-06-13 12:21:10,GTERI,22,181.0,
2527,2025-06-13 12:24:09,GTERI,22,179.0,
2531,2025-06-13 12:27:09,GTERI,22,180.0,
2533,2025-06-13 12:30:09,GTERI,22,180.0,
2543,2025-06-13 12:33:09,GTERI,22,180.0,
2546,2025-06-13 12:36:09,GTERI,22,180.0,
2553,2025-06-13 12:39:10,GTERI,22,181.0,
2556,2025-06-13 12:42:09,GTERI,22,179.0,
2564,2025-06-13 12:45:11,GTERI,22,182.0,
2566,2025-06-13 12:48:11,GTERI,22,180.0,
2571,2025-06-13 12:51:11,GTERI,22,180.0,
2576,2025-06-13 12:54:12,GTERI,22,181.0,
2581,2025-06-13 12:57:12,GTERI,22,180.0,
2587,2025-06-13 13:00:12,GTERI,22,180.0,
2590,2025-06-13 13:03:12,GTERI,22,180.0,
2597,2025-06-13 13:05:50,GTIGF,,,
2599,2025-06-13 13:05:50,GTERI,12,,0.0
2636,2025-06-13 14:03:10,GTIGN,,,
2638,2025-06-13 14:03:14,GTERI,22,4.0,
2653,2025-06-13 14:06:17,GTERI,22,183.0,
2658,2025-06-13 14:07:08,GTIGF,,,
2660,2025-06-13 14:07:08,GTERI,12,,0.0
2666,2025-06-13 14:11:19,GTIGN,,,
2669,2025-06-13 14:11:23,GTERI,22,4.0,
2682,2025-06-13 14:14:29,GTERI,22,186.0,
2704,2025-06-13 14:17:29,GTERI,22,180.0,
2709,2025-06-13 14:17:42,GTERI,12,,634.0
2707,2025-06-13 14:17:42,GTIGF,,,
2711,2025-06-13 14:17:47,GTIGN,,,
2714,2025-06-13 14:17:51,GTERI,22,4.0,
2717,2025-06-13 14:17:57,GTIGF,,,
2719,2025-06-13 14:17:58,GTERI,12,,1.0
2724,2025-06-13 14:21:54,GTIGN,,,
2727,2025-06-13 14:21:58,GTERI,22,4.0,
2743,2025-06-13 14:25:04,GTERI,22,186.0,
2745,2025-06-13 14:28:04,GTERI,22,180.0,
2749,2025-06-13 14:31:04,GTERI,22,180.0,
2760,2025-06-13 14:34:04,GTERI,22,180.0,
2763,2025-06-13 14:37:04,GTERI,22,180.0,
2766,2025-06-13 14:40:04,GTERI,22,180.0,
2765,2025-06-13 14:40:04,GTERI,22,0.0,
2770,2025-06-13 14:43:04,GTERI,22,180.0,
2776,2025-06-13 14:46:04,GTERI,22,180.0,
2778,2025-06-13 14:49:05,GTERI,22,181.0,
2781,2025-06-13 14:52:05,GTERI,22,180.0,
2784,2025-06-13 14:55:05,GTERI,22,180.0,
2802,2025-06-13 14:58:05,GTERI,22,180.0,
2820,2025-06-13 15:01:05,GTERI,22,180.0,
2841,2025-06-13 15:04:05,GTERI,22,180.0,
2847,2025-06-13 15:07:05,GTERI,22,180.0,
2858,2025-06-13 15:10:05,GTERI,22,180.0,
2861,2025-06-13 15:13:05,GTERI,22,180.0,
2865,2025-06-13 15:16:05,GTERI,22,180.0,
2871,2025-06-13 15:19:05,GTERI,22,180.0,
2875,2025-06-13 15:22:05,GTERI,22,180.0,
2877,2025-06-13 15:25:05,GTERI,22,180.0,
2880,2025-06-13 15:28:05,GTERI,22,180.0,
2890,2025-06-13 15:31:05,GTERI,22,180.0,
2886,2025-06-13 15:31:05,GTERI,22,0.0,
2885,2025-06-13 15:31:05,GTERI,22,0.0,
2883,2025-06-13 15:31:05,GTERI,22,0.0,
2882,2025-06-13 15:31:05,GTERI,22,0.0,
2884,2025-06-13 15:31:05,GTERI,22,0.0,
2891,2025-06-13 15:34:05,GTERI,22,180.0,
2893,2025-06-13 15:37:06,GTERI,22,181.0,
2896,2025-06-13 15:40:06,GTERI,22,180.0,
2898,2025-06-13 15:43:06,GTERI,22,180.0,
2901,2025-06-13 15:46:06,GTERI,22,180.0,
2903,2025-06-13 15:49:06,GTERI,22,180.0,
2906,2025-06-13 15:52:06,GTERI,22,180.0,
2908,2025-06-13 15:55:06,GTERI,22,180.0,
2911,2025-06-13 15:58:06,GTERI,22,180.0,
2913,2025-06-13 16:01:06,GTERI,22,180.0,
2916,2025-06-13 16:04:06,GTERI,22,180.0,
2918,2025-06-13 16:07:06,GTERI,22,180.0,
2921,2025-06-13 16:10:06,GTERI,22,180.0,
2923,2025-06-13 16:13:06,GTERI,22,180.0,
2926,2025-06-13 16:16:06,GTERI,22,180.0,
2928,2025-06-13 16:19:06,GTERI,22,180.0,
2931,2025-06-13 16:22:06,GTERI,22,180.0,
2935,2025-06-13 16:25:06,GTERI,22,180.0,
2941,2025-06-13 16:28:06,GTERI,22,180.0,
2947,2025-06-13 16:29:39,GTIGF,,,
2949,2025-06-13 16:29:39,GTERI,12,,0.0
2983,2025-06-13 17:29:30,GTERI,11,,3591.0
3014,2025-06-13 18:29:30,GTERI,11,,3600.0
3045,2025-06-13 19:29:30,GTERI,11,,3600.0
3076,2025-06-13 20:29:30,GTERI,11,,3600.0
3079,2025-06-13 20:31:59,GTIGN,,,
3081,2025-06-13 20:32:09,GTERI,22,10.0,
3087,2025-06-13 20:35:06,GTERI,22,177.0,
3097,2025-06-13 20:38:06,GTERI,22,180.0,
3114,2025-06-13 20:41:06,GTERI,22,180.0,
3125,2025-06-13 20:44:06,GTERI,22,180.0,
3133,2025-06-13 20:47:06,GTERI,22,180.0,
3142,2025-06-13 20:50:06,GTERI,22,180.0,
3153,2025-06-13 20:53:06,GTERI,22,180.0,
3156,2025-06-13 20:56:06,GTERI,22,180.0,
3158,2025-06-13 20:59:06,GTERI,22,180.0,
3161,2025-06-13 21:02:06,GTERI,22,180.0,
3163,2025-06-13 21:05:06,GTERI,22,180.0,
3166,2025-06-13 21:08:06,GTERI,22,180.0,
3168,2025-06-13 21:11:06,GTERI,22,180.0,
3172,2025-06-13 21:14:06,GTERI,22,180.0,
3174,2025-06-13 21:17:06,GTERI,22,180.0,
3177,2025-06-13 21:20:06,GTERI,22,180.0,
3180,2025-06-13 21:23:06,GTERI,22,180.0,
3183,2025-06-13 21:26:06,GTERI,22,180.0,
3186,2025-06-13 21:29:06,GTERI,22,180.0,
3191,2025-06-13 21:32:06,GTERI,22,180.0,
3195,2025-06-13 21:35:06,GTERI,22,180.0,
3200,2025-06-13 21:38:06,GTERI,22,180.0,
3202,2025-06-13 21:41:06,GTERI,22,180.0,
3206,2025-06-13 21:44:06,GTERI,22,180.0,
3210,2025-06-13 21:47:06,GTERI,22,180.0,
3218,2025-06-13 21:50:06,GTERI,22,180.0,
3221,2025-06-13 21:53:06,GTERI,22,180.0,
3225,2025-06-13 21:56:06,GTERI,22,180.0,
3234,2025-06-13 21:59:06,GTERI,22,180.0,
3240,2025-06-13 22:02:06,GTERI,22,180.0,
3244,2025-06-13 22:05:06,GTERI,22,180.0,
3248,2025-06-13 22:08:06,GTERI,22,180.0,
3263,2025-06-13 22:11:06,GTERI,22,180.0,
3274,2025-06-13 22:13:30,GTIGF,,,
3276,2025-06-13 22:13:30,GTERI,12,,0.0
3309,2025-06-13 23:13:26,GTERI,11,,3596.0
3340,2025-06-14 00:13:26,GTERI,11,,3600.0
3371,2025-06-14 01:13:26,GTERI,11,,3600.0
3402,2025-06-14 02:13:26,GTERI,11,,3600.0
3433,2025-06-14 03:13:26,GTERI,11,,3600.0
3465,2025-06-14 04:13:26,GTERI,11,,3600.0
3475,2025-06-14 04:31:25,GTIGN,,,
3478,2025-06-14 04:31:38,GTERI,22,13.0,
3488,2025-06-14 04:34:32,GTERI,22,174.0,
3493,2025-06-14 04:37:32,GTERI,22,180.0,
3506,2025-06-14 04:39:30,GTIGF,,,
3508,2025-06-14 04:39:31,GTERI,12,,1.0
3541,2025-06-14 05:39:26,GTERI,11,,3595.0
3573,2025-06-14 06:39:26,GTERI,11,,3600.0
3604,2025-06-14 07:39:26,GTERI,11,,3600.0
3635,2025-06-14 08:39:26,GTERI,11,,3600.0
3666,2025-06-14 09:39:26,GTERI,11,,3600.0
3697,2025-06-14 10:39:26,GTERI,11,,3600.0
3698,2025-06-14 10:40:03,GTIGN,,,
3701,2025-06-14 10:40:27,GTERI,22,24.0,
3715,2025-06-14 10:43:12,GTERI,22,165.0,
3725,2025-06-14 10:46:12,GTERI,22,180.0,
3735,2025-06-14 10:48:13,GTIGF,,,
3737,2025-06-14 10:48:14,GTERI,12,,1.0
3769,2025-06-14 11:48:09,GTERI,11,,3595.0
3800,2025-06-14 12:48:09,GTERI,11,,3600.0
3831,2025-06-14 13:48:09,GTERI,11,,3600.0
3842,2025-06-14 14:06:58,GTIGN,,,
3844,2025-06-14 14:07:08,GTERI,22,10.0,
3854,2025-06-14 14:10:05,GTERI,22,177.0,
3861,2025-06-14 14:10:50,GTIGF,,,
3863,2025-06-14 14:10:50,GTERI,12,,0.0
3902,2025-06-14 15:10:45,GTERI,11,,3595.0
3904,2025-06-14 15:13:09,GTIGN,,,
3906,2025-06-14 15:13:21,GTERI,22,12.0,
3922,2025-06-14 15:16:16,GTERI,22,175.0,
3935,2025-06-14 15:19:16,GTERI,22,180.0,
3948,2025-06-14 15:22:16,GTERI,22,180.0,
3953,2025-06-14 15:23:45,GTIGF,,,
3955,2025-06-14 15:23:45,GTERI,12,,0.0
3963,2025-06-14 15:33:34,GTIGN,,,
3965,2025-06-14 15:33:44,GTERI,22,10.0,
3984,2025-06-14 15:36:39,GTIGF,,,
3986,2025-06-14 15:36:40,GTERI,12,,1.0
3992,2025-06-14 15:40:12,GTIGN,,,
3995,2025-06-14 15:40:17,GTERI,22,5.0,
4005,2025-06-14 15:43:21,GTERI,22,184.0,
4010,2025-06-14 15:44:13,GTIGF,,,
4012,2025-06-14 15:44:13,GTERI,12,,0.0
4045,2025-06-14 16:44:09,GTERI,11,,3596.0
4078,2025-06-14 17:44:09,GTERI,11,,3600.0
4109,2025-06-14 18:44:09,GTERI,11,,3600.0
4123,2025-06-14 19:07:24,GTIGN,,,
4125,2025-06-14 19:07:49,GTERI,22,25.0,
4137,2025-06-14 19:09:50,GTIGF,,,
4139,2025-06-14 19:09:50,GTERI,12,,0.0
4145,2025-06-14 19:15:01,GTIGN,,,
4147,2025-06-14 19:15:10,GTERI,22,9.0,
4151,2025-06-14 19:16:11,GTIGF,,,
4153,2025-06-14 19:16:11,GTERI,12,,0.0
4158,2025-06-14 19:19:40,GTIGN,,,
4161,2025-06-14 19:19:45,GTERI,22,5.0,
4165,2025-06-14 19:20:30,GTIGF,,,
4167,2025-06-14 19:20:30,GTERI,12,,0.0
4200,2025-06-14 20:20:25,GTERI,11,,3595.0
4231,2025-06-14 21:20:25,GTERI,11,,3600.0
4262,2025-06-14 22:20:25,GTERI,11,,3600.0
4294,2025-06-14 23:20:25,GTERI,11,,3600.0
4296,2025-06-14 23:22:27,GTIGN,,,
4298,2025-06-14 23:22:46,GTERI,22,19.0,
4316,2025-06-14 23:25:36,GTERI,22,170.0,
4319,2025-06-14 23:25:57,GTERI,12,,332.0
4317,2025-06-14 23:25:57,GTIGF,,,
4328,2025-06-14 23:34:23,GTIGN,,,
4330,2025-06-14 23:34:33,GTERI,22,10.0,
4345,2025-06-14 23:37:29,GTERI,22,176.0,
4357,2025-06-14 23:40:29,GTERI,22,180.0,
4369,2025-06-14 23:43:29,GTERI,22,180.0,
4376,2025-06-14 23:45:01,GTIGF,,,
4378,2025-06-14 23:45:01,GTERI,12,,0.0
4411,2025-06-15 00:44:56,GTERI,11,,3595.0
4441,2025-06-15 01:44:56,GTERI,11,,3600.0
4472,2025-06-15 02:44:56,GTERI,11,,3600.0
4504,2025-06-15 03:44:56,GTERI,11,,3600.0
4535,2025-06-15 04:44:56,GTERI,11,,3600.0
4566,2025-06-15 05:44:56,GTERI,11,,3600.0
4597,2025-06-15 06:44:56,GTERI,11,,3600.0
4628,2025-06-15 07:44:56,GTERI,11,,3600.0
4659,2025-06-15 08:44:56,GTERI,11,,3600.0
4690,2025-06-15 09:44:56,GTERI,11,,3600.0
4717,2025-06-15 10:32:37,GTIGN,,,
4719,2025-06-15 10:32:43,GTIGF,,,
4721,2025-06-15 10:32:45,GTIGN,,,
4723,2025-06-15 10:32:56,GTERI,22,11.0,
4741,2025-06-15 10:35:47,GTIGF,,,
4743,2025-06-15 10:35:47,GTERI,12,,0.0
4752,2025-06-15 10:47:33,GTIGN,,,
4754,2025-06-15 10:47:42,GTERI,22,9.0,
4766,2025-06-15 10:49:32,GTERI,12,,825.0
4764,2025-06-15 10:49:32,GTIGF,,,
4781,2025-06-15 11:13:30,GTIGN,,,
4783,2025-06-15 11:13:38,GTERI,22,8.0,
4793,2025-06-15 11:15:23,GTIGF,,,
4795,2025-06-15 11:15:24,GTERI,12,,1.0
4801,2025-06-15 11:20:02,GTIGN,,,
4804,2025-06-15 11:20:06,GTERI,22,4.0,
4816,2025-06-15 11:21:59,GTIGF,,,
4818,2025-06-15 11:22:00,GTERI,12,,1.0
4822,2025-06-15 11:24:04,GTIGN,,,
4825,2025-06-15 11:24:08,GTERI,22,4.0,
4831,2025-06-15 11:25:38,GTIGF,,,
4833,2025-06-15 11:25:38,GTERI,12,,0.0
4837,2025-06-15 11:29:20,GTIGN,,,
4840,2025-06-15 11:29:24,GTERI,22,4.0,
4852,2025-06-15 11:32:29,GTERI,22,185.0,
4855,2025-06-15 11:32:51,GTIGF,,,
4857,2025-06-15 11:32:51,GTERI,12,,0.0
4866,2025-06-15 11:44:28,GTIGN,,,
4868,2025-06-15 11:44:39,GTERI,22,11.0,
4886,2025-06-15 11:47:37,GTERI,22,178.0,
4887,2025-06-15 11:47:41,GTIGF,,,
4889,2025-06-15 11:47:42,GTERI,12,,1.0
4893,2025-06-15 11:49:49,GTIGN,,,
4896,2025-06-15 11:49:53,GTERI,22,4.0,
4901,2025-06-15 11:51:40,GTIGF,,,
4903,2025-06-15 11:51:41,GTERI,12,,1.0
4913,2025-06-15 12:01:50,GTIGN,,,
4915,2025-06-15 12:02:01,GTERI,22,11.0,
4934,2025-06-15 12:04:44,GTIGF,,,
4936,2025-06-15 12:04:44,GTERI,12,,0.0
4969,2025-06-15 13:04:39,GTERI,11,,3595.0
5000,2025-06-15 14:04:39,GTERI,11,,3600.0
5022,2025-06-15 14:43:50,GTIGN,,,
5024,2025-06-15 14:44:02,GTERI,22,12.0,
5040,2025-06-15 14:47:00,GTERI,22,178.0,
5045,2025-06-15 14:47:41,GTERI,12,,2582.0
5043,2025-06-15 14:47:41,GTIGF,,,
5077,2025-06-15 15:47:37,GTERI,11,,3596.0
5108,2025-06-15 16:47:37,GTERI,11,,3600.0
5139,2025-06-15 17:47:37,GTERI,11,,3600.0
5171,2025-06-15 18:37:15,GTIGN,,,
5173,2025-06-15 18:37:27,GTIGF,,,
5175,2025-06-15 18:37:28,GTIGN,,,
5178,2025-06-15 18:38:15,GTERI,22,47.0,
5191,2025-06-15 18:40:34,GTERI,22,139.0,
5196,2025-06-15 18:41:20,GTIGF,,,
5198,2025-06-15 18:41:21,GTERI,12,,1.0
5203,2025-06-15 18:44:48,GTIGN,,,
5206,2025-06-15 18:44:52,GTERI,22,4.0,
5215,2025-06-15 18:47:57,GTERI,22,185.0,
5224,2025-06-15 18:49:43,GTIGF,,,
5226,2025-06-15 18:49:44,GTIGN,,,
5230,2025-06-15 18:49:48,GTERI,22,4.0,
5236,2025-06-15 18:49:55,GTERI,12,,12.0
5234,2025-06-15 18:49:55,GTIGF,,,
5243,2025-06-15 18:58:53,GTIGN,,,
5245,2025-06-15 18:59:03,GTERI,22,10.0,
5257,2025-06-15 19:02:01,GTERI,22,178.0,
5259,2025-06-15 19:02:10,GTIGF,,,
5261,2025-06-15 19:02:11,GTERI,12,,1.0
5265,2025-06-15 19:05:49,GTIGN,,,
5268,2025-06-15 19:05:53,GTERI,22,4.0,
5278,2025-06-15 19:08:57,GTERI,22,184.0,
5290,2025-06-15 19:11:57,GTERI,22,180.0,
5303,2025-06-15 19:14:57,GTERI,22,180.0,
5306,2025-06-15 19:17:57,GTERI,22,180.0,
5319,2025-06-15 19:20:57,GTERI,22,180.0,
5322,2025-06-15 19:21:19,GTIGF,,,
5324,2025-06-15 19:21:19,GTERI,12,,0.0
5357,2025-06-15 20:21:14,GTERI,11,,3595.0
5388,2025-06-15 21:21:14,GTERI,11,,3600.0
5419,2025-06-15 22:21:14,GTERI,11,,3600.0
5450,2025-06-15 23:21:14,GTERI,11,,3600.0
5481,2025-06-16 00:21:14,GTERI,11,,3600.0
5512,2025-06-16 01:21:14,GTERI,11,,3600.0
5543,2025-06-16 02:21:14,GTERI,11,,3600.0
5575,2025-06-16 03:21:14,GTERI,11,,3600.0
5606,2025-06-16 04:21:14,GTERI,11,,3600.0
5637,2025-06-16 05:21:14,GTERI,1a,,3600.0
5642,2025-06-16 05:26:32,GTIGN,,,
5644,2025-06-16 05:26:42,GTIGF,,,
5646,2025-06-16 05:26:44,GTIGN,,,
5651,2025-06-16 05:26:49,GTERI,22,5.0,
5666,2025-06-16 05:29:51,GTERI,22,182.0,
5678,2025-06-16 05:32:51,GTERI,22,180.0,
5693,2025-06-16 05:35:51,GTERI,22,180.0,
5702,2025-06-16 05:38:51,GTERI,22,180.0,
5709,2025-06-16 05:41:51,GTERI,22,180.0,
5717,2025-06-16 05:44:51,GTERI,22,180.0,
5722,2025-06-16 05:47:51,GTERI,22,180.0,
5728,2025-06-16 05:50:51,GTERI,22,180.0,
5734,2025-06-16 05:53:51,GTERI,22,180.0,
5738,2025-06-16 05:56:51,GTERI,22,180.0,
5741,2025-06-16 05:59:51,GTERI,22,180.0,
5751,2025-06-16 06:02:51,GTERI,22,180.0,
5763,2025-06-16 06:05:51,GTERI,22,180.0,
5767,2025-06-16 06:08:51,GTERI,22,180.0,
5775,2025-06-16 06:11:51,GTERI,22,180.0,
5778,2025-06-16 06:14:51,GTERI,22,180.0,
5782,2025-06-16 06:17:51,GTERI,22,180.0,
5788,2025-06-16 06:20:51,GTERI,22,180.0,
5795,2025-06-16 06:23:51,GTERI,22,180.0,
5797,2025-06-16 06:26:51,GTERI,22,180.0,
5808,2025-06-16 06:29:51,GTERI,22,180.0,
5813,2025-06-16 06:32:51,GTERI,22,180.0,
5818,2025-06-16 06:35:51,GTERI,22,180.0,
5820,2025-06-16 06:38:51,GTERI,22,180.0,
5824,2025-06-16 06:41:51,GTERI,22,180.0,
5826,2025-06-16 06:44:51,GTERI,22,180.0,
5828,2025-06-16 06:44:51,GTERI,22,0.0,
5829,2025-06-16 06:44:51,GTERI,22,0.0,
5832,2025-06-16 06:47:51,GTERI,22,180.0,
5835,2025-06-16 06:50:51,GTERI,22,180.0,
5854,2025-06-16 06:53:51,GTERI,22,180.0,
5861,2025-06-16 06:54:30,GTIGF,,,
5863,2025-06-16 06:54:31,GTERI,12,,1.0
5893,2025-06-16 07:49:31,GTIGN,,,
5895,2025-06-16 07:49:41,GTERI,22,10.0,
5898,2025-06-16 07:50:19,GTIGF,,,
5900,2025-06-16 07:50:19,GTIGN,,,
5904,2025-06-16 07:50:23,GTERI,22,4.0,
5929,2025-06-16 07:53:25,GTERI,22,182.0,
5945,2025-06-16 07:56:25,GTERI,22,180.0,
5956,2025-06-16 07:59:25,GTERI,22,180.0,
5964,2025-06-16 08:00:40,GTERI,12,,621.0
5962,2025-06-16 08:00:40,GTIGF,,,
5980,2025-06-16 08:27:26,GTIGN,,,
5982,2025-06-16 08:27:39,GTERI,22,13.0,
5994,2025-06-16 08:30:36,GTERI,22,177.0,
5999,2025-06-16 08:33:36,GTERI,22,180.0,
6014,2025-06-16 08:36:36,GTERI,22,180.0,
6034,2025-06-16 08:39:32,GTIGF,,,
6036,2025-06-16 08:39:33,GTERI,12,,1.0
6042,2025-06-16 08:44:47,GTIGN,,,
6044,2025-06-16 08:45:00,GTERI,22,13.0,
6059,2025-06-16 08:47:53,GTERI,22,173.0,
6063,2025-06-16 08:48:55,GTIGF,,,
6065,2025-06-16 08:48:55,GTERI,12,,0.0
6073,2025-06-16 08:57:56,GTIGN,,,
6075,2025-06-16 08:58:09,GTERI,22,13.0,
6078,2025-06-16 08:59:44,GTIGF,,,
6080,2025-06-16 08:59:45,GTERI,12,,1.0
6087,2025-06-16 09:05:54,GTIGN,,,
6089,2025-06-16 09:06:04,GTERI,22,10.0,
6099,2025-06-16 09:09:01,GTERI,22,177.0,
6112,2025-06-16 09:11:49,GTERI,12,,724.0
6110,2025-06-16 09:11:49,GTIGF,,,
6118,2025-06-16 09:17:31,GTIGN,,,
6121,2025-06-16 09:18:03,GTERI,22,32.0,
6129,2025-06-16 09:20:40,GTERI,22,157.0,
6145,2025-06-16 09:22:22,GTIGF,,,
6147,2025-06-16 09:22:23,GTERI,12,,1.0
6180,2025-06-16 10:22:17,GTERI,11,,3594.0
6211,2025-06-16 11:22:17,GTERI,1a,,3600.0
6212,2025-06-16 11:22:27,GTIGN,,,
6214,2025-06-16 11:22:31,GTIGF,,,
6216,2025-06-16 11:22:32,GTIGN,,,
6218,2025-06-16 11:22:37,GTERI,22,5.0,
6230,2025-06-16 11:25:38,GTERI,22,181.0,
6251,2025-06-16 11:28:38,GTERI,22,180.0,
6275,2025-06-16 11:31:38,GTERI,22,180.0,
6286,2025-06-16 11:34:38,GTERI,22,180.0,
6296,2025-06-16 11:37:04,GTIGF,,,
6298,2025-06-16 11:37:05,GTERI,12,,1.0
6315,2025-06-16 12:04:13,GTIGN,,,
6317,2025-06-16 12:04:23,GTERI,22,10.0,
6328,2025-06-16 12:07:21,GTERI,22,178.0,
6333,2025-06-16 12:10:21,GTERI,22,180.0,
6344,2025-06-16 12:13:16,GTIGF,,,
6346,2025-06-16 12:13:17,GTERI,12,,1.0
6350,2025-06-16 12:15:40,GTIGN,,,
6353,2025-06-16 12:15:45,GTERI,22,5.0,
6372,2025-06-16 12:18:48,GTERI,22,183.0,
6379,2025-06-16 12:19:39,GTIGN,,,
6377,2025-06-16 12:19:39,GTIGF,,,
6383,2025-06-16 12:19:43,GTIGF,,,
6386,2025-06-16 12:19:44,GTIGN,,,
6389,2025-06-16 12:19:49,GTERI,22,5.0,
6392,2025-06-16 12:19:53,GTERI,12,,10.0
6390,2025-06-16 12:19:53,GTIGF,,,
6395,2025-06-16 12:20:07,GTIGN,,,
6398,2025-06-16 12:20:11,GTERI,22,4.0,
6401,2025-06-16 12:23:14,GTERI,21,183.0,
6410,2025-06-16 12:26:14,GTERI,21,180.0,
6429,2025-06-16 12:29:14,GTERI,22,180.0,
6436,2025-06-16 12:32:14,GTERI,22,180.0,
6446,2025-06-16 12:35:14,GTERI,22,180.0,
6448,2025-06-16 12:36:01,GTIGF,,,
6450,2025-06-16 12:36:02,GTERI,12,,1.0
6468,2025-06-16 13:04:24,GTIGN,,,
6470,2025-06-16 13:04:32,GTERI,22,8.0,
6478,2025-06-16 13:07:33,GTERI,22,181.0,
6493,2025-06-16 13:10:33,GTERI,22,180.0,
6498,2025-06-16 13:13:33,GTERI,22,180.0,
6509,2025-06-16 13:15:18,GTERI,12,,2356.0
6507,2025-06-16 13:15:18,GTIGF,,,
6542,2025-06-16 14:15:13,GTERI,11,,3595.0
6573,2025-06-16 15:15:13,GTERI,11,,3600.0
6604,2025-06-16 16:15:13,GTERI,11,,3600.0
6611,2025-06-16 16:27:17,GTIGN,,,
6613,2025-06-16 16:27:24,GTERI,22,7.0,
6629,2025-06-16 16:30:24,GTERI,22,180.0,
6634,2025-06-16 16:33:24,GTERI,22,180.0,
6637,2025-06-16 16:36:24,GTERI,22,180.0,
6641,2025-06-16 16:39:24,GTERI,22,180.0,
6650,2025-06-16 16:42:24,GTERI,22,180.0,
6653,2025-06-16 16:45:24,GTERI,22,180.0,
6657,2025-06-16 16:48:24,GTERI,22,180.0,
6662,2025-06-16 16:51:24,GTERI,22,180.0,
6668,2025-06-16 16:54:24,GTERI,22,180.0,
6675,2025-06-16 16:57:24,GTERI,22,180.0,
6683,2025-06-16 17:00:24,GTERI,22,180.0,
6687,2025-06-16 17:03:24,GTERI,22,180.0,
6690,2025-06-16 17:06:24,GTERI,22,180.0,
6695,2025-06-16 17:09:24,GTERI,22,180.0,
6701,2025-06-16 17:12:24,GTERI,22,180.0,
6707,2025-06-16 17:15:24,GTERI,22,180.0,
6715,2025-06-16 17:18:24,GTERI,22,180.0,
6718,2025-06-16 17:18:38,GTERI,12,,3805.0
6716,2025-06-16 17:18:38,GTIGF,,,
6721,2025-06-16 17:19:19,GTIGN,,,
6725,2025-06-16 17:19:23,GTERI,22,4.0,
6731,2025-06-16 17:21:56,GTERI,12,,198.0
6729,2025-06-16 17:21:56,GTIGF,,,
6764,2025-06-16 18:21:51,GTERI,11,,3595.0
6795,2025-06-16 19:21:51,GTERI,11,,3600.0
6826,2025-06-16 20:21:51,GTERI,11,,3600.0
6858,2025-06-16 21:21:51,GTERI,11,,3600.0
6889,2025-06-16 22:21:51,GTERI,11,,3600.0
6920,2025-06-16 23:21:51,GTERI,11,,3600.0
6951,2025-06-17 00:21:51,GTERI,11,,3600.0
6982,2025-06-17 01:21:51,GTERI,11,,3600.0
7013,2025-06-17 02:21:51,GTERI,11,,3600.0
7043,2025-06-17 03:21:51,GTERI,11,,3600.0
7074,2025-06-17 04:21:51,GTERI,11,,3600.0
7105,2025-06-17 05:21:51,GTERI,11,,3600.0
7136,2025-06-17 06:21:51,GTERI,11,,3600.0
7167,2025-06-17 07:21:51,GTERI,11,,3600.0
7198,2025-06-17 08:21:51,GTERI,11,,3600.0
7229,2025-06-17 09:21:51,GTERI,11,,3600.0
7260,2025-06-17 10:21:51,GTERI,11,,3600.0
7291,2025-06-17 11:21:51,GTERI,11,,3600.0
7322,2025-06-17 12:21:51,GTERI,11,,3600.0
7354,2025-06-17 13:21:51,GTERI,11,,3600.0
7385,2025-06-17 14:21:51,GTERI,11,,3600.0
7416,2025-06-17 15:21:51,GTERI,11,,3600.0
7448,2025-06-17 16:21:51,GTERI,11,,3600.0
7479,2025-06-17 17:21:51,GTERI,11,,3600.0
7510,2025-06-17 18:21:51,GTERI,11,,3600.0
7541,2025-06-17 19:21:51,GTERI,11,,3600.0
7572,2025-06-17 20:21:51,GTERI,11,,3600.0
7603,2025-06-17 21:21:51,GTERI,11,,3600.0
7634,2025-06-17 22:21:51,GTERI,11,,3600.0
7665,2025-06-17 23:21:51,GTERI,11,,3600.0
7696,2025-06-18 00:21:51,GTERI,11,,3600.0
7727,2025-06-18 01:21:51,GTERI,11,,3600.0
7758,2025-06-18 02:21:51,GTERI,11,,3600.0
7789,2025-06-18 03:21:51,GTERI,11,,3600.0
7820,2025-06-18 04:21:51,GTERI,11,,3600.0
7851,2025-06-18 05:21:51,GTERI,11,,3600.0
7874,2025-06-18 06:06:03,GTIGN,,,
7876,2025-06-18 06:06:19,GTERI,22,16.0,
7882,2025-06-18 06:09:12,GTERI,22,173.0,
7891,2025-06-18 06:12:12,GTERI,22,180.0,
7899,2025-06-18 06:15:12,GTERI,22,180.0,
7905,2025-06-18 06:18:12,GTERI,22,180.0,
7911,2025-06-18 06:21:12,GTERI,22,180.0,
7915,2025-06-18 06:24:12,GTERI,22,180.0,
7918,2025-06-18 06:27:12,GTERI,22,180.0,
7924,2025-06-18 06:30:12,GTERI,22,180.0,
7929,2025-06-18 06:33:12,GTERI,22,180.0,
7932,2025-06-18 06:36:12,GTERI,22,180.0,
7934,2025-06-18 06:39:12,GTERI,22,180.0,
7944,2025-06-18 06:42:12,GTERI,22,180.0,
7947,2025-06-18 06:45:12,GTERI,22,180.0,
7949,2025-06-18 06:48:12,GTERI,22,180.0,
7952,2025-06-18 06:51:12,GTERI,22,180.0,
7957,2025-06-18 06:54:12,GTERI,22,180.0,
7962,2025-06-18 06:57:12,GTERI,22,180.0,
7966,2025-06-18 07:00:12,GTERI,22,180.0,
7982,2025-06-18 07:03:12,GTERI,22,180.0,
7992,2025-06-18 07:04:15,GTIGF,,,
7994,2025-06-18 07:04:15,GTERI,12,,0.0
8006,2025-06-18 07:22:12,GTIGN,,,
8008,2025-06-18 07:22:21,GTERI,22,9.0,
8018,2025-06-18 07:25:21,GTERI,22,180.0,
8039,2025-06-18 07:28:21,GTERI,22,180.0,
8050,2025-06-18 07:31:21,GTERI,22,180.0,
8056,2025-06-18 07:34:21,GTERI,22,180.0,
8065,2025-06-18 07:36:16,GTERI,12,,1921.0
8063,2025-06-18 07:36:16,GTIGF,,,
8089,2025-06-18 08:18:04,GTIGN,,,
8091,2025-06-18 08:18:13,GTERI,22,9.0,
8101,2025-06-18 08:21:12,GTERI,22,179.0,
8107,2025-06-18 08:24:12,GTERI,22,180.0,
8117,2025-06-18 08:26:08,GTIGF,,,
8119,2025-06-18 08:26:09,GTERI,12,,1.0
8152,2025-06-18 09:26:04,GTERI,11,,3595.0
8183,2025-06-18 10:26:04,GTERI,11,,3600.0
8214,2025-06-18 11:26:04,GTERI,11,,3600.0
8243,2025-06-18 12:22:01,GTIGN,,,
8245,2025-06-18 12:22:09,GTERI,22,8.0,
8258,2025-06-18 12:25:10,GTERI,22,181.0,
8263,2025-06-18 12:28:10,GTERI,22,180.0,
8269,2025-06-18 12:31:10,GTERI,22,180.0,
8280,2025-06-18 12:34:10,GTERI,22,180.0,
8281,2025-06-18 12:34:33,GTIGF,,,
8283,2025-06-18 12:34:34,GTERI,12,,1.0
8307,2025-06-18 13:17:36,GTIGN,,,
8309,2025-06-18 13:17:47,GTERI,22,11.0,
8328,2025-06-18 13:20:44,GTERI,22,177.0,
8334,2025-06-18 13:23:44,GTERI,22,180.0,
8342,2025-06-18 13:25:26,GTIGF,,,
8344,2025-06-18 13:25:26,GTERI,12,,0.0
8377,2025-06-18 14:25:21,GTERI,11,,3595.0
8408,2025-06-18 15:25:21,GTERI,11,,3600.0
8411,2025-06-18 15:29:05,GTIGN,,,
8413,2025-06-18 15:29:24,GTERI,22,19.0,
8428,2025-06-18 15:32:14,GTERI,22,170.0,
8432,2025-06-18 15:35:14,GTERI,22,180.0,
8440,2025-06-18 15:38:14,GTERI,22,180.0,
8448,2025-06-18 15:41:14,GTERI,22,180.0,
8454,2025-06-18 15:43:25,GTIGF,,,
8456,2025-06-18 15:43:26,GTERI,12,,1.0
8489,2025-06-18 16:43:20,GTERI,11,,3594.0
8512,2025-06-18 17:26:51,GTIGN,,,
8514,2025-06-18 17:26:59,GTERI,22,8.0,
8517,2025-06-18 17:29:56,GTERI,22,177.0,
8535,2025-06-18 17:32:56,GTERI,22,180.0,
8538,2025-06-18 17:35:56,GTERI,22,180.0,
8541,2025-06-18 17:38:56,GTERI,22,180.0,
8544,2025-06-18 17:41:56,GTERI,22,180.0,
8547,2025-06-18 17:44:56,GTERI,22,180.0,
8550,2025-06-18 17:47:56,GTERI,22,180.0,
8554,2025-06-18 17:50:56,GTERI,22,180.0,
8557,2025-06-18 17:53:56,GTERI,22,180.0,
8562,2025-06-18 17:56:56,GTERI,22,180.0,
8568,2025-06-18 17:59:56,GTERI,22,180.0,
8571,2025-06-18 18:02:56,GTERI,22,180.0,
8574,2025-06-18 18:05:56,GTERI,22,180.0,
8580,2025-06-18 18:08:56,GTERI,22,180.0,
8582,2025-06-18 18:11:56,GTERI,22,180.0,
8586,2025-06-18 18:14:56,GTERI,22,180.0,
8596,2025-06-18 18:17:56,GTERI,22,180.0,
8600,2025-06-18 18:20:56,GTERI,22,180.0,
8603,2025-06-18 18:23:56,GTERI,22,180.0,
8615,2025-06-18 18:26:56,GTERI,22,180.0,
8619,2025-06-18 18:29:56,GTERI,22,180.0,
8626,2025-06-18 18:32:56,GTERI,22,180.0,
8630,2025-06-18 18:35:56,GTERI,22,180.0,
8640,2025-06-18 18:38:56,GTERI,22,180.0,
8649,2025-06-18 18:41:56,GTERI,22,180.0,
8657,2025-06-18 18:44:23,GTIGF,,,
8659,2025-06-18 18:44:24,GTERI,12,,1.0
8663,2025-06-18 18:45:43,GTIGN,,,
8666,2025-06-18 18:45:47,GTERI,22,4.0,
8677,2025-06-18 18:48:49,GTERI,22,182.0,
8688,2025-06-18 18:51:49,GTERI,22,180.0,
8689,2025-06-18 18:52:10,GTIGF,,,
8691,2025-06-18 18:52:11,GTERI,12,,1.0
8724,2025-06-18 19:52:05,GTERI,11,,3594.0
8755,2025-06-18 20:52:05,GTERI,11,,3600.0
8786,2025-06-18 21:52:05,GTERI,11,,3600.0
8817,2025-06-18 22:52:05,GTERI,11,,3600.0
8848,2025-06-18 23:52:05,GTERI,11,,3600.0
8879,2025-06-19 00:52:05,GTERI,11,,3600.0
8910,2025-06-19 01:52:05,GTERI,11,,3600.0
8941,2025-06-19 02:52:05,GTERI,11,,3600.0
8972,2025-06-19 03:52:05,GTERI,11,,3600.0
9004,2025-06-19 04:52:05,GTERI,11,,3600.0
9035,2025-06-19 05:52:05,GTERI,11,,3600.0
9066,2025-06-19 06:52:05,GTERI,11,,3600.0
9097,2025-06-19 07:52:05,GTERI,11,,3600.0
9128,2025-06-19 08:52:05,GTERI,11,,3600.0
9159,2025-06-19 09:52:05,GTERI,11,,3600.0
9190,2025-06-19 10:52:05,GTERI,11,,3600.0
9221,2025-06-19 11:52:05,GTERI,11,,3600.0
9225,2025-06-19 11:59:23,GTIGN,,,
9227,2025-06-19 11:59:36,GTERI,22,13.0,
9233,2025-06-19 12:00:21,GTIGF,,,
9235,2025-06-19 12:00:21,GTERI,12,,0.0
9268,2025-06-19 13:00:16,GTERI,11,,3595.0
9299,2025-06-19 14:00:16,GTERI,11,,3600.0
9330,2025-06-19 15:00:16,GTERI,11,,3600.0
9361,2025-06-19 16:00:16,GTERI,11,,3600.0
9392,2025-06-19 17:00:16,GTERI,11,,3600.0
9408,2025-06-19 17:31:29,GTIGN,,,
9410,2025-06-19 17:31:47,GTERI,22,18.0,
9415,2025-06-19 17:32:10,GTIGF,,,
9417,2025-06-19 17:32:10,GTERI,12,,0.0
9449,2025-06-19 18:32:06,GTERI,11,,3596.0
9480,2025-06-19 19:32:06,GTERI,11,,3600.0
9511,2025-06-19 20:32:06,GTERI,11,,3600.0
9542,2025-06-19 21:32:06,GTERI,11,,3600.0
9573,2025-06-19 22:32:06,GTERI,11,,3600.0
9604,2025-06-19 23:32:06,GTERI,11,,3600.0
9635,2025-06-20 00:32:06,GTERI,11,,3600.0
9666,2025-06-20 01:32:06,GTERI,11,,3600.0
9697,2025-06-20 02:32:06,GTERI,11,,3600.0
9728,2025-06-20 03:32:06,GTERI,11,,3600.0
9759,2025-06-20 04:32:06,GTERI,11,,3600.0
9790,2025-06-20 05:32:06,GTERI,11,,3600.0
9821,2025-06-20 06:32:06,GTERI,11,,3600.0
9852,2025-06-20 07:32:06,GTERI,11,,3600.0
9883,2025-06-20 08:32:06,GTERI,11,,3600.0
9914,2025-06-20 09:32:06,GTERI,11,,3600.0
9920,2025-06-20 09:42:20,GTIGN,,,
9922,2025-06-20 09:42:31,GTERI,22,11.0,
9927,2025-06-20 09:43:32,GTIGF,,,
9929,2025-06-20 09:43:33,GTERI,12,,1.0
9962,2025-06-20 10:43:28,GTERI,11,,3595.0
9994,2025-06-20 11:43:28,GTERI,11,,3600.0
9993,2025-06-20 11:43:28,GTERI,11,,0.0
10025,2025-06-20 12:43:28,GTERI,11,,3600.0
10056,2025-06-20 13:43:28,GTERI,11,,3600.0
10088,2025-06-20 14:43:28,GTERI,11,,3600.0
10119,2025-06-20 15:43:28,GTERI,11,,3600.0
10150,2025-06-20 16:43:28,GTERI,11,,3600.0
10181,2025-06-20 17:43:28,GTERI,11,,3600.0
10211,2025-06-20 18:43:28,GTERI,11,,3600.0
10214,2025-06-20 18:45:45,GTIGN,,,
10216,2025-06-20 18:45:53,GTERI,22,8.0,
10220,2025-06-20 18:46:59,GTIGF,,,
10222,2025-06-20 18:46:59,GTERI,12,,0.0
10255,2025-06-20 19:46:54,GTERI,11,,3595.0
10286,2025-06-20 20:46:54,GTERI,11,,3600.0
10317,2025-06-20 21:46:54,GTERI,11,,3600.0
10348,2025-06-20 22:46:54,GTERI,11,,3600.0
10379,2025-06-20 23:46:54,GTERI,11,,3600.0
10410,2025-06-21 00:46:54,GTERI,11,,3600.0
10441,2025-06-21 01:46:54,GTERI,11,,3600.0
10472,2025-06-21 02:46:54,GTERI,11,,3600.0
10503,2025-06-21 03:46:54,GTERI,11,,3600.0
10535,2025-06-21 04:46:54,GTERI,11,,3600.0
10566,2025-06-21 05:46:54,GTERI,11,,3600.0
10597,2025-06-21 06:46:54,GTERI,11,,3600.0
10628,2025-06-21 07:46:54,GTERI,11,,3600.0
10659,2025-06-21 08:46:54,GTERI,11,,3600.0
10690,2025-06-21 09:46:54,GTERI,11,,3600.0
10721,2025-06-21 10:46:54,GTERI,11,,3600.0
10752,2025-06-21 11:46:54,GTERI,11,,3600.0
10782,2025-06-21 12:46:54,GTERI,11,,3600.0
10813,2025-06-21 13:46:54,GTERI,11,,3600.0
10844,2025-06-21 14:46:54,GTERI,11,,3600.0
10875,2025-06-21 15:46:54,GTERI,11,,3600.0
10906,2025-06-21 16:46:54,GTERI,11,,3600.0
10937,2025-06-21 17:46:54,GTERI,11,,3600.0
10968,2025-06-21 18:46:54,GTERI,11,,3600.0
10999,2025-06-21 19:46:54,GTERI,11,,3600.0
11030,2025-06-21 20:46:54,GTERI,11,,3600.0
11061,2025-06-21 21:46:54,GTERI,11,,3600.0
11092,2025-06-21 22:46:54,GTERI,11,,3600.0
11123,2025-06-21 23:46:54,GTERI,11,,3600.0
11154,2025-06-22 00:46:54,GTERI,11,,3600.0
11185,2025-06-22 01:46:54,GTERI,11,,3600.0
11216,2025-06-22 02:46:54,GTERI,11,,3600.0
11247,2025-06-22 03:46:54,GTERI,11,,3600.0
11278,2025-06-22 04:46:54,GTERI,11,,3600.0
11309,2025-06-22 05:46:54,GTERI,11,,3600.0
11340,2025-06-22 06:46:54,GTERI,11,,3600.0
11371,2025-06-22 07:46:54,GTERI,11,,3600.0
11402,2025-06-22 08:46:54,GTERI,11,,3600.0
11433,2025-06-22 09:46:54,GTERI,11,,3600.0
11464,2025-06-22 10:46:54,GTERI,11,,3600.0
11495,2025-06-22 11:46:54,GTERI,11,,3600.0
11526,2025-06-22 12:46:54,GTERI,11,,3600.0
11557,2025-06-22 13:46:54,GTERI,11,,3600.0
11588,2025-06-22 14:46:54,GTERI,11,,3600.0
11619,2025-06-22 15:46:54,GTERI,11,,3600.0
11650,2025-06-22 16:46:54,GTERI,11,,3600.0
11681,2025-06-22 17:46:54,GTERI,11,,3600.0
11712,2025-06-22 18:46:54,GTERI,11,,3600.0
11743,2025-06-22 19:46:54,GTERI,11,,3600.0
11774,2025-06-22 20:46:54,GTERI,11,,3600.0
11799,2025-06-22 21:35:36,GTIGN,,,
11801,2025-06-22 21:35:45,GTIGF,,,
11804,2025-06-22 21:36:39,GTERI,11,,54.0
11837,2025-06-22 22:35:40,GTERI,11,,3541.0
11868,2025-06-22 23:35:40,GTERI,11,,3600.0
11899,2025-06-23 00:35:40,GTERI,11,,3600.0
11930,2025-06-23 01:35:40,GTERI,11,,3600.0
11961,2025-06-23 02:35:40,GTERI,11,,3600.0
11992,2025-06-23 03:35:40,GTERI,11,,3600.0
12024,2025-06-23 04:35:40,GTERI,11,,3600.0
12055,2025-06-23 05:35:40,GTERI,11,,3600.0
12071,2025-06-23 06:05:49,GTIGN,,,
12074,2025-06-23 06:06:31,GTERI,22,42.0,
12081,2025-06-23 06:08:56,GTERI,22,145.0,
12090,2025-06-23 06:11:56,GTERI,22,180.0,
12096,2025-06-23 06:14:56,GTERI,22,180.0,
12102,2025-06-23 06:17:56,GTERI,22,180.0,
12109,2025-06-23 06:20:56,GTERI,22,180.0,
12112,2025-06-23 06:23:56,GTERI,22,180.0,
12116,2025-06-23 06:26:56,GTERI,22,180.0,
12123,2025-06-23 06:29:56,GTERI,22,180.0,
12128,2025-06-23 06:32:56,GTERI,22,180.0,
12130,2025-06-23 06:35:56,GTERI,22,180.0,
12133,2025-06-23 06:38:56,GTERI,22,180.0,
12144,2025-06-23 06:41:57,GTERI,22,181.0,
12148,2025-06-23 06:44:57,GTERI,22,180.0,
12149,2025-06-23 06:47:57,GTERI,22,180.0,
12152,2025-06-23 06:50:57,GTERI,22,180.0,
12156,2025-06-23 06:53:57,GTERI,22,180.0,
12159,2025-06-23 06:56:57,GTERI,22,180.0,
12162,2025-06-23 06:59:57,GTERI,22,180.0,
12165,2025-06-23 07:02:57,GTERI,22,180.0,
12173,2025-06-23 07:05:57,GTERI,22,180.0,
12196,2025-06-23 07:08:11,GTIGF,,,
12198,2025-06-23 07:08:11,GTERI,12,,0.0
12231,2025-06-23 08:08:06,GTERI,11,,3595.0
12249,2025-06-23 08:41:14,GTIGN,,,
12251,2025-06-23 08:41:22,GTERI,22,8.0,
12259,2025-06-23 08:42:28,GTIGF,,,
12261,2025-06-23 08:42:28,GTERI,12,,0.0
12263,2025-06-23 08:42:44,GTIGN,,,
12267,2025-06-23 08:42:48,GTERI,22,4.0,
12269,2025-06-23 08:45:49,GTERI,22,181.0,
12282,2025-06-23 08:48:49,GTERI,22,180.0,
12295,2025-06-23 08:51:49,GTERI,22,180.0,
12300,2025-06-23 08:52:10,GTERI,12,,582.0
12298,2025-06-23 08:52:10,GTIGF,,,
12305,2025-06-23 08:56:26,GTIGN,,,
12308,2025-06-23 08:56:31,GTERI,22,5.0,
12311,2025-06-23 08:56:37,GTERI,12,,267.0
12309,2025-06-23 08:56:37,GTIGF,,,
12314,2025-06-23 08:57:04,GTIGN,,,
12316,2025-06-23 08:57:05,GTIGF,,,
12318,2025-06-23 08:57:05,GTIGN,,,
12323,2025-06-23 08:57:10,GTERI,22,5.0,
12337,2025-06-23 09:00:13,GTERI,22,183.0,
12353,2025-06-23 09:03:13,GTERI,22,180.0,
12362,2025-06-23 09:06:13,GTERI,22,180.0,
12371,2025-06-23 09:08:19,GTIGF,,,
12373,2025-06-23 09:08:19,GTERI,12,,0.0
12381,2025-06-23 09:17:50,GTIGN,,,
12384,2025-06-23 09:17:58,GTERI,22,8.0,
12388,2025-06-23 09:20:55,GTERI,22,177.0,
12398,2025-06-23 09:23:55,GTERI,22,180.0,
12402,2025-06-23 09:26:55,GTERI,22,180.0,
12419,2025-06-23 09:29:55,GTERI,22,180.0,
12425,2025-06-23 09:32:55,GTERI,22,180.0,
12429,2025-06-23 09:35:55,GTERI,22,180.0,
12431,2025-06-23 09:38:55,GTERI,22,180.0,
12436,2025-06-23 09:41:55,GTERI,22,180.0,
12446,2025-06-23 09:44:55,GTERI,22,180.0,
12451,2025-06-23 09:47:55,GTERI,22,180.0,
12454,2025-06-23 09:50:55,GTERI,22,180.0,
12460,2025-06-23 09:53:55,GTERI,22,180.0,
12463,2025-06-23 09:56:55,GTERI,22,180.0,
12466,2025-06-23 09:59:55,GTERI,22,180.0,
12468,2025-06-23 10:02:55,GTERI,22,180.0,
12472,2025-06-23 10:05:55,GTERI,22,180.0,
12474,2025-06-23 10:08:55,GTERI,22,180.0,
12480,2025-06-23 10:11:55,GTERI,22,180.0,
12483,2025-06-23 10:14:55,GTERI,22,180.0,
12487,2025-06-23 10:17:55,GTERI,22,180.0,
12493,2025-06-23 10:20:55,GTERI,22,180.0,
12496,2025-06-23 10:23:55,GTERI,22,180.0,
12498,2025-06-23 10:26:55,GTERI,22,180.0,
12509,2025-06-23 10:29:55,GTERI,22,180.0,
12513,2025-06-23 10:32:55,GTERI,22,180.0,
12516,2025-06-23 10:35:55,GTERI,22,180.0,
12518,2025-06-23 10:38:55,GTERI,22,180.0,
12527,2025-06-23 10:41:55,GTERI,22,180.0,
12535,2025-06-23 10:44:37,GTIGF,,,
12537,2025-06-23 10:44:38,GTERI,12,,1.0
12542,2025-06-23 10:47:48,GTIGN,,,
12545,2025-06-23 10:47:52,GTERI,22,4.0,
12554,2025-06-23 10:49:32,GTIGF,,,
12556,2025-06-23 10:49:32,GTERI,12,,0.0
12589,2025-06-23 11:49:27,GTERI,11,,3595.0
12590,2025-06-23 11:50:19,GTIGN,,,
12592,2025-06-23 11:50:30,GTERI,22,11.0,
12608,2025-06-23 11:52:32,GTERI,12,,185.0
12606,2025-06-23 11:52:32,GTIGF,,,
12616,2025-06-23 12:02:23,GTIGN,,,
12618,2025-06-23 12:02:32,GTERI,22,9.0,
12625,2025-06-23 12:03:04,GTIGF,,,
12627,2025-06-23 12:03:04,GTERI,12,,0.0
12629,2025-06-23 12:03:12,GTIGN,,,
12632,2025-06-23 12:03:16,GTERI,22,4.0,
12649,2025-06-23 12:06:12,GTERI,12,,188.0
12647,2025-06-23 12:06:12,GTIGF,,,
12668,2025-06-23 12:38:31,GTIGN,,,
12670,2025-06-23 12:38:39,GTERI,22,8.0,
12680,2025-06-23 12:41:38,GTERI,22,179.0,
12698,2025-06-23 12:44:37,GTERI,12,,2305.0
12699,2025-06-23 12:44:37,GTIGF,,,
12701,2025-06-23 12:44:37,GTERI,12,,0.0
12712,2025-06-23 13:01:02,GTIGN,,,
12714,2025-06-23 13:01:10,GTERI,22,8.0,
12723,2025-06-23 13:02:31,GTIGN,,,
12721,2025-06-23 13:02:31,GTIGF,,,
12727,2025-06-23 13:02:33,GTIGF,,,
12729,2025-06-23 13:02:33,GTIGN,,,
12733,2025-06-23 13:02:37,GTERI,22,4.0,
12745,2025-06-23 13:05:42,GTERI,22,185.0,
12748,2025-06-23 13:08:42,GTERI,22,180.0,
12751,2025-06-23 13:11:42,GTERI,22,180.0,
12754,2025-06-23 13:14:42,GTERI,22,180.0,
12759,2025-06-23 13:17:42,GTERI,22,180.0,
12763,2025-06-23 13:20:42,GTERI,22,180.0,
12766,2025-06-23 13:23:42,GTERI,22,180.0,
12768,2025-06-23 13:26:42,GTERI,22,180.0,
12779,2025-06-23 13:29:42,GTERI,22,180.0,
12782,2025-06-23 13:32:42,GTERI,22,180.0,
12787,2025-06-23 13:35:42,GTERI,22,180.0,
12790,2025-06-23 13:38:42,GTERI,22,180.0,
12794,2025-06-23 13:41:42,GTERI,22,180.0,
12796,2025-06-23 13:44:42,GTERI,22,180.0,
12799,2025-06-23 13:47:42,GTERI,22,180.0,
12801,2025-06-23 13:50:42,GTERI,22,180.0,
12804,2025-06-23 13:53:42,GTERI,22,180.0,
12811,2025-06-23 13:56:42,GTERI,22,180.0,
12815,2025-06-23 13:57:14,GTIGF,,,
12817,2025-06-23 13:57:15,GTERI,12,,1.0
12821,2025-06-23 13:59:26,GTIGN,,,
12824,2025-06-23 13:59:30,GTERI,22,4.0,
12833,2025-06-23 14:00:07,GTERI,12,,172.0
12831,2025-06-23 14:00:07,GTIGF,,,
12845,2025-06-23 14:18:06,GTIGN,,,
12847,2025-06-23 14:18:14,GTERI,22,8.0,
12851,2025-06-23 14:21:13,GTERI,22,179.0,
12862,2025-06-23 14:22:38,GTIGF,,,
12864,2025-06-23 14:22:39,GTERI,12,,1.0
12869,2025-06-23 14:27:03,GTIGN,,,
12872,2025-06-23 14:27:07,GTERI,22,4.0,
12882,2025-06-23 14:27:56,GTIGF,,,
12884,2025-06-23 14:27:56,GTERI,12,,0.0
12890,2025-06-23 14:33:43,GTIGN,,,
12893,2025-06-23 14:33:50,GTERI,22,7.0,
12897,2025-06-23 14:33:52,GTERI,12,,356.0
12895,2025-06-23 14:33:52,GTIGF,,,
12900,2025-06-23 14:35:20,GTIGN,,,
12904,2025-06-23 14:35:24,GTERI,22,4.0,
12915,2025-06-23 14:36:47,GTIGF,,,
12917,2025-06-23 14:36:47,GTERI,12,,0.0
12924,2025-06-23 14:43:48,GTIGN,,,
12926,2025-06-23 14:43:55,GTERI,22,7.0,
12929,2025-06-23 14:46:53,GTERI,22,178.0,
12951,2025-06-23 14:49:53,GTERI,22,180.0,
12967,2025-06-23 14:52:53,GTERI,22,180.0,
12974,2025-06-23 14:55:53,GTERI,22,180.0,
12978,2025-06-23 14:58:53,GTERI,22,180.0,
12983,2025-06-23 15:01:53,GTERI,22,180.0,
12988,2025-06-23 15:04:53,GTERI,22,180.0,
12993,2025-06-23 15:07:53,GTERI,22,180.0,
12998,2025-06-23 15:10:53,GTERI,22,180.0,
13000,2025-06-23 15:13:53,GTERI,22,180.0,
13005,2025-06-23 15:16:54,GTERI,22,181.0,
13011,2025-06-23 15:19:54,GTERI,22,180.0,
13017,2025-06-23 15:20:57,GTIGF,,,
13019,2025-06-23 15:20:57,GTERI,12,,0.0
13025,2025-06-23 15:25:14,GTIGN,,,
13028,2025-06-23 15:25:18,GTERI,22,4.0,
13037,2025-06-23 15:25:51,GTIGF,,,
13039,2025-06-23 15:25:52,GTERI,12,,1.0
13072,2025-06-23 16:25:46,GTERI,11,,3594.0
13103,2025-06-23 17:25:46,GTERI,11,,3600.0
13134,2025-06-23 18:25:46,GTERI,11,,3600.0
13165,2025-06-23 19:25:46,GTERI,11,,3600.0
13196,2025-06-23 20:25:46,GTERI,11,,3600.0
13218,2025-06-23 21:08:51,GTIGN,,,
13221,2025-06-23 21:09:29,GTERI,22,38.0,
13226,2025-06-23 21:11:57,GTERI,22,148.0,
13247,2025-06-23 21:14:57,GTERI,22,180.0,
13271,2025-06-23 21:17:57,GTERI,22,180.0,
13280,2025-06-23 21:20:57,GTERI,22,180.0,
13290,2025-06-23 21:22:42,GTIGF,,,
13292,2025-06-23 21:22:42,GTERI,12,,0.0
13298,2025-06-23 21:28:08,GTIGN,,,
13300,2025-06-23 21:28:16,GTERI,22,8.0,
13317,2025-06-23 21:31:13,GTERI,22,177.0,
13322,2025-06-23 21:34:13,GTERI,22,180.0,
13329,2025-06-23 21:36:00,GTIGF,,,
13331,2025-06-23 21:36:00,GTERI,12,,0.0
13364,2025-06-23 22:35:55,GTERI,11,,3595.0
13395,2025-06-23 23:35:55,GTERI,11,,3600.0
13430,2025-06-24 00:35:55,GTERI,11,,3600.0
13461,2025-06-24 01:35:55,GTERI,11,,3600.0
13490,2025-06-24 02:35:55,GTERI,11,,3600.0
13521,2025-06-24 03:35:55,GTERI,11,,3600.0
13524,2025-06-24 03:38:29,GTIGN,,,
13526,2025-06-24 03:38:38,GTERI,22,9.0,
13531,2025-06-24 03:38:51,GTIGN,,,
13528,2025-06-24 03:38:51,GTIGF,,,
13530,2025-06-24 03:38:51,GTERI,12,,0.0
13535,2025-06-24 03:38:56,GTERI,22,5.0,
13548,2025-06-24 03:41:57,GTERI,22,181.0,
13571,2025-06-24 03:44:57,GTERI,22,180.0,
13590,2025-06-24 03:47:57,GTERI,22,180.0,
13603,2025-06-24 03:50:57,GTERI,22,180.0,
13611,2025-06-24 03:52:09,GTIGF,,,
13613,2025-06-24 03:52:10,GTERI,12,,1.0
13626,2025-06-24 04:12:04,GTIGN,,,
13628,2025-06-24 04:12:12,GTERI,22,8.0,
13642,2025-06-24 04:15:10,GTERI,22,178.0,
13646,2025-06-24 04:18:10,GTERI,22,180.0,
13662,2025-06-24 04:21:10,GTERI,22,180.0,
13671,2025-06-24 04:22:02,GTIGF,,,
13673,2025-06-24 04:22:02,GTERI,12,,0.0
13678,2025-06-24 04:25:58,GTIGN,,,
13681,2025-06-24 04:26:03,GTERI,22,5.0,
13696,2025-06-24 04:29:03,GTERI,22,180.0,
13702,2025-06-24 04:30:17,GTERI,12,,495.0
13700,2025-06-24 04:30:17,GTIGF,,,
13708,2025-06-24 04:34:44,GTIGN,,,
13711,2025-06-24 04:34:48,GTERI,22,4.0,
13718,2025-06-24 04:37:49,GTERI,12,,452.0
13716,2025-06-24 04:37:49,GTIGF,,,
13724,2025-06-24 04:42:34,GTIGN,,,
13727,2025-06-24 04:42:39,GTERI,22,5.0,
13731,2025-06-24 04:45:40,GTERI,22,181.0,
13740,2025-06-24 04:48:40,GTERI,22,180.0,
13748,2025-06-24 04:51:39,GTIGF,,,
13747,2025-06-24 04:51:39,GTERI,12,,0.0
13750,2025-06-24 04:51:40,GTERI,12,,1.0
13755,2025-06-24 04:55:49,GTIGN,,,
13758,2025-06-24 04:55:53,GTERI,22,4.0,
13769,2025-06-24 04:58:55,GTERI,22,182.0,
13781,2025-06-24 05:01:55,GTERI,22,180.0,
13788,2025-06-24 05:02:28,GTIGF,,,
13790,2025-06-24 05:02:29,GTERI,12,,1.0
13800,2025-06-24 05:16:33,GTIGN,,,
13802,2025-06-24 05:16:42,GTERI,22,9.0,
13808,2025-06-24 05:17:13,GTIGF,,,
13810,2025-06-24 05:17:13,GTERI,12,,0.0
13823,2025-06-24 05:34:13,GTIGN,,,
13825,2025-06-24 05:34:20,GTERI,22,7.0,
13839,2025-06-24 05:34:54,GTERI,12,,1061.0
13837,2025-06-24 05:34:54,GTIGF,,,
13842,2025-06-24 05:37:04,GTIGN,,,
13845,2025-06-24 05:37:09,GTERI,22,5.0,
13872,2025-06-24 05:40:10,GTERI,22,181.0,
13888,2025-06-24 05:43:10,GTERI,22,180.0,
13900,2025-06-24 05:46:10,GTERI,22,180.0,
13913,2025-06-24 05:48:27,GTIGF,,,
13915,2025-06-24 05:48:28,GTERI,12,,1.0
13921,2025-06-24 05:53:14,GTIGN,,,
13924,2025-06-24 05:53:18,GTERI,22,4.0,
13936,2025-06-24 05:56:23,GTERI,22,185.0,
13943,2025-06-24 05:59:23,GTERI,22,180.0,
13951,2025-06-24 06:00:45,GTIGF,,,
13953,2025-06-24 06:00:46,GTERI,12,,1.0
13986,2025-06-24 07:00:40,GTERI,11,,3594.0
14021,2025-06-24 07:59:12,GTIGN,,,
14023,2025-06-24 07:59:20,GTERI,22,8.0,
14025,2025-06-24 07:59:28,GTIGF,,,
14027,2025-06-24 07:59:29,GTERI,12,,1.0
14033,2025-06-24 08:05:25,GTIGN,,,
14035,2025-06-24 08:05:34,GTERI,22,9.0,
14047,2025-06-24 08:08:34,GTERI,22,180.0,
14058,2025-06-24 08:10:33,GTIGF,,,
14060,2025-06-24 08:10:34,GTERI,12,,1.0
14064,2025-06-24 08:13:07,GTIGN,,,
14068,2025-06-24 08:13:11,GTERI,22,4.0,
14075,2025-06-24 08:16:14,GTERI,22,183.0,
14085,2025-06-24 08:19:14,GTERI,22,180.0,
14090,2025-06-24 08:22:14,GTERI,22,180.0,
14092,2025-06-24 08:25:14,GTERI,22,180.0,
14096,2025-06-24 08:28:14,GTERI,22,180.0,
14106,2025-06-24 08:31:14,GTERI,22,180.0,
14112,2025-06-24 08:34:14,GTERI,22,180.0,
14118,2025-06-24 08:37:14,GTERI,22,180.0,
14125,2025-06-24 08:40:14,GTERI,22,180.0,
14131,2025-06-24 08:43:14,GTERI,22,180.0,
14136,2025-06-24 08:46:14,GTERI,22,180.0,
14139,2025-06-24 08:49:14,GTERI,22,180.0,
14142,2025-06-24 08:52:14,GTERI,22,180.0,
14145,2025-06-24 08:55:14,GTERI,22,180.0,
14147,2025-06-24 08:58:14,GTERI,22,180.0,
14150,2025-06-24 09:01:14,GTERI,22,180.0,
14152,2025-06-24 09:04:14,GTERI,22,180.0,
14155,2025-06-24 09:07:14,GTERI,22,180.0,
14160,2025-06-24 09:10:14,GTERI,22,180.0,
14165,2025-06-24 09:13:14,GTERI,22,180.0,
14170,2025-06-24 09:16:14,GTERI,22,180.0,
14178,2025-06-24 09:19:14,GTERI,22,180.0,
14186,2025-06-24 09:22:14,GTERI,22,180.0,
14195,2025-06-24 09:25:14,GTERI,22,180.0,
14199,2025-06-24 09:28:14,GTERI,22,180.0,
14204,2025-06-24 09:31:14,GTERI,22,180.0,
14214,2025-06-24 09:34:14,GTERI,22,180.0,
14218,2025-06-24 09:37:14,GTERI,22,180.0,
14221,2025-06-24 09:40:14,GTERI,22,180.0,
14230,2025-06-24 09:43:14,GTERI,22,180.0,
14235,2025-06-24 09:46:14,GTERI,22,180.0,
14240,2025-06-24 09:49:14,GTERI,22,180.0,
14250,2025-06-24 09:52:14,GTERI,22,180.0,
14259,2025-06-24 09:55:14,GTERI,22,180.0,
14266,2025-06-24 09:58:14,GTERI,22,180.0,
14276,2025-06-24 10:01:14,GTERI,22,180.0,
14278,2025-06-24 10:04:14,GTERI,22,180.0,
14289,2025-06-24 10:07:14,GTERI,22,180.0,
14293,2025-06-24 10:10:14,GTERI,22,180.0,
14296,2025-06-24 10:13:14,GTERI,22,180.0,
14298,2025-06-24 10:16:14,GTERI,22,180.0,
14302,2025-06-24 10:17:14,GTIGF,,,
14304,2025-06-24 10:17:14,GTERI,12,,0.0
14306,2025-06-24 10:17:53,GTIGN,,,
14309,2025-06-24 10:17:58,GTERI,22,5.0,
14319,2025-06-24 10:20:51,GTIGF,,,
14321,2025-06-24 10:20:52,GTERI,12,,1.0
14331,2025-06-24 10:32:41,GTIGN,,,
14333,2025-06-24 10:32:49,GTERI,22,8.0,
14350,2025-06-24 10:35:46,GTERI,12,,894.0
14351,2025-06-24 10:35:47,GTIGF,,,
14353,2025-06-24 10:35:47,GTERI,12,,0.0
14357,2025-06-24 10:39:02,GTIGN,,,
14360,2025-06-24 10:39:07,GTERI,22,5.0,
14372,2025-06-24 10:42:08,GTERI,22,181.0,
14374,2025-06-24 10:45:08,GTERI,22,180.0,
14391,2025-06-24 10:48:08,GTERI,22,180.0,
14394,2025-06-24 10:48:25,GTERI,12,,758.0
14392,2025-06-24 10:48:25,GTIGF,,,
14410,2025-06-24 11:05:56,GTIGN,,,
14412,2025-06-24 11:06:09,GTERI,22,13.0,
14420,2025-06-24 11:07:14,GTIGF,,,
14422,2025-06-24 11:07:15,GTERI,12,,1.0
14427,2025-06-24 11:11:47,GTIGN,,,
14430,2025-06-24 11:11:52,GTERI,22,5.0,
14432,2025-06-24 11:14:55,GTERI,22,183.0,
14441,2025-06-24 11:17:55,GTERI,22,180.0,
14453,2025-06-24 11:19:24,GTIGF,,,
14455,2025-06-24 11:19:25,GTERI,12,,1.0
14459,2025-06-24 11:22:06,GTIGN,,,
14462,2025-06-24 11:22:11,GTERI,22,5.0,
14465,2025-06-24 11:23:43,GTIGF,,,
14467,2025-06-24 11:23:44,GTERI,12,,1.0
14469,2025-06-24 11:24:52,GTIGN,,,
14472,2025-06-24 11:24:56,GTERI,22,4.0,
14480,2025-06-24 11:27:59,GTERI,22,183.0,
14483,2025-06-24 11:30:59,GTERI,22,180.0,
14487,2025-06-24 11:33:59,GTERI,22,180.0,
14494,2025-06-24 11:36:59,GTERI,22,180.0,
14499,2025-06-24 11:39:59,GTERI,22,180.0,
14507,2025-06-24 11:42:59,GTERI,22,180.0,
14517,2025-06-24 11:45:59,GTERI,22,180.0,
14524,2025-06-24 11:48:59,GTERI,22,180.0,
14528,2025-06-24 11:51:59,GTERI,22,180.0,
14536,2025-06-24 11:54:59,GTERI,22,180.0,
14544,2025-06-24 11:55:28,GTIGF,,,
14546,2025-06-24 11:55:29,GTERI,12,,1.0
14564,2025-06-24 12:26:16,GTIGN,,,
14566,2025-06-24 12:26:24,GTERI,22,8.0,
14577,2025-06-24 12:29:24,GTERI,22,180.0,
14580,2025-06-24 12:32:24,GTERI,22,180.0,
14588,2025-06-24 12:35:24,GTERI,22,180.0,
14594,2025-06-24 12:38:24,GTERI,22,180.0,
14598,2025-06-24 12:41:24,GTERI,22,180.0,
14602,2025-06-24 12:44:26,GTERI,22,182.0,
14607,2025-06-24 12:47:26,GTERI,22,180.0,
14613,2025-06-24 12:50:26,GTERI,22,180.0,
14618,2025-06-24 12:53:26,GTERI,22,180.0,
14620,2025-06-24 12:56:26,GTERI,22,180.0,
14624,2025-06-24 12:59:26,GTERI,22,180.0,
14626,2025-06-24 13:02:26,GTERI,22,180.0,
14631,2025-06-24 13:05:26,GTERI,22,180.0,
14633,2025-06-24 13:08:26,GTERI,22,180.0,
14637,2025-06-24 13:11:27,GTERI,22,181.0,
14640,2025-06-24 13:14:27,GTERI,22,180.0,
14653,2025-06-24 13:17:26,GTERI,22,179.0,
14655,2025-06-24 13:20:26,GTERI,22,180.0,
14658,2025-06-24 13:23:26,GTERI,22,180.0,
14660,2025-06-24 13:26:26,GTERI,22,180.0,
14663,2025-06-24 13:29:26,GTERI,22,180.0,
14665,2025-06-24 13:32:26,GTERI,22,180.0,
14668,2025-06-24 13:35:26,GTERI,22,180.0,
14670,2025-06-24 13:38:26,GTERI,22,180.0,
14680,2025-06-24 13:41:27,GTERI,22,181.0,
14682,2025-06-24 13:44:26,GTERI,22,179.0,
14688,2025-06-24 13:47:26,GTERI,22,180.0,
14695,2025-06-24 13:50:26,GTERI,22,180.0,
14708,2025-06-24 13:52:54,GTIGF,,,
14710,2025-06-24 13:52:54,GTERI,12,,0.0
14739,2025-06-24 14:43:10,GTIGN,,,
14741,2025-06-24 14:43:21,GTERI,22,11.0,
14750,2025-06-24 14:46:19,GTERI,22,178.0,
14754,2025-06-24 14:49:20,GTERI,22,181.0,
14758,2025-06-24 14:52:19,GTERI,22,179.0,
14764,2025-06-24 14:55:19,GTERI,22,180.0,
14769,2025-06-24 14:58:20,GTERI,22,181.0,
14773,2025-06-24 15:01:19,GTERI,22,179.0,
14779,2025-06-24 15:04:21,GTERI,22,182.0,
14787,2025-06-24 15:07:21,GTERI,22,180.0,
14789,2025-06-24 15:10:21,GTERI,22,180.0,
14799,2025-06-24 15:13:21,GTERI,22,180.0,
14802,2025-06-24 15:16:21,GTERI,22,180.0,
14809,2025-06-24 15:19:21,GTERI,22,180.0,
14817,2025-06-24 15:22:23,GTERI,22,182.0,
14823,2025-06-24 15:25:23,GTERI,22,180.0,
14826,2025-06-24 15:28:23,GTERI,22,180.0,
14835,2025-06-24 15:31:23,GTERI,22,180.0,
14847,2025-06-24 15:32:50,GTIGF,,,
14849,2025-06-24 15:32:51,GTERI,12,,1.0
14860,2025-06-24 15:47:34,GTIGN,,,
14862,2025-06-24 15:47:42,GTERI,22,8.0,
14876,2025-06-24 15:49:13,GTIGF,,,
14878,2025-06-24 15:49:14,GTERI,12,,1.0
14896,2025-06-24 16:04:41,GTIGN,,,
14898,2025-06-24 16:04:49,GTERI,22,8.0,
14905,2025-06-24 16:07:49,GTERI,22,180.0,
14907,2025-06-24 16:10:49,GTERI,22,180.0,
14913,2025-06-24 16:11:22,GTERI,12,,1328.0
14911,2025-06-24 16:11:22,GTIGF,,,
14946,2025-06-24 17:11:17,GTERI,11,,3595.0
14977,2025-06-24 18:11:17,GTERI,11,,3600.0
14985,2025-06-24 18:25:39,GTIGN,,,
14987,2025-06-24 18:25:48,GTERI,22,9.0,
14991,2025-06-24 18:26:00,GTIGN,,,
14989,2025-06-24 18:26:00,GTIGF,,,
14995,2025-06-24 18:26:05,GTERI,22,5.0,
14998,2025-06-24 18:29:06,GTERI,22,181.0,
15003,2025-06-24 18:32:06,GTERI,22,180.0,
15017,2025-06-24 18:35:06,GTERI,22,180.0,
15023,2025-06-24 18:35:32,GTIGF,,,
15025,2025-06-24 18:35:33,GTIGN,,,
15029,2025-06-24 18:35:37,GTERI,22,4.0,
15032,2025-06-24 18:35:49,GTERI,12,,17.0
15030,2025-06-24 18:35:49,GTIGF,,,
15037,2025-06-24 18:40:14,GTIGN,,,
15040,2025-06-24 18:40:18,GTERI,22,4.0,
15052,2025-06-24 18:43:21,GTERI,22,183.0,
15057,2025-06-24 18:46:21,GTERI,22,180.0,
15060,2025-06-24 18:49:21,GTERI,22,180.0,
15063,2025-06-24 18:52:21,GTERI,22,180.0,
15072,2025-06-24 18:55:21,GTERI,22,180.0,
15074,2025-06-24 18:58:21,GTERI,22,180.0,
15079,2025-06-24 19:01:21,GTERI,22,180.0,
15082,2025-06-24 19:04:22,GTERI,22,181.0,
15088,2025-06-24 19:07:22,GTERI,22,180.0,
15093,2025-06-24 19:10:22,GTERI,22,180.0,
15099,2025-06-24 19:13:22,GTERI,22,180.0,
15104,2025-06-24 19:16:22,GTERI,22,180.0,
15108,2025-06-24 19:19:22,GTERI,22,180.0,
15112,2025-06-24 19:22:22,GTERI,22,180.0,
15120,2025-06-24 19:25:22,GTERI,22,180.0,
15123,2025-06-24 19:28:22,GTERI,22,180.0,
15132,2025-06-24 19:31:22,GTERI,22,180.0,
15137,2025-06-24 19:32:04,GTIGF,,,
15139,2025-06-24 19:32:04,GTERI,12,,0.0
15172,2025-06-24 20:31:59,GTERI,11,,3595.0
15203,2025-06-24 21:31:59,GTERI,11,,3600.0
15234,2025-06-24 22:31:59,GTERI,11,,3600.0
15265,2025-06-24 23:31:59,GTERI,11,,3600.0
15296,2025-06-25 00:31:59,GTERI,11,,3600.0
15327,2025-06-25 01:31:59,GTERI,11,,3600.0
15358,2025-06-25 02:31:59,GTERI,11,,3600.0
15389,2025-06-25 03:31:59,GTERI,11,,3600.0
15420,2025-06-25 04:31:59,GTERI,11,,3600.0
15451,2025-06-25 05:31:59,GTERI,11,,3600.0
15482,2025-06-25 06:31:59,GTERI,11,,3600.0
15513,2025-06-25 07:31:59,GTERI,11,,3600.0
15544,2025-06-25 08:31:59,GTERI,11,,3600.0
15575,2025-06-25 09:31:59,GTERI,11,,3600.0
15608,2025-06-25 10:31:59,GTERI,11,,3600.0
15642,2025-06-25 11:31:59,GTERI,11,,3600.0
15643,2025-06-25 11:32:26,GTIGN,,,
15645,2025-06-25 11:32:30,GTIGF,,,
15647,2025-06-25 11:32:32,GTIGN,,,
15651,2025-06-25 11:32:35,GTIGN,,,
15649,2025-06-25 11:32:35,GTIGF,,,
15659,2025-06-25 11:32:39,GTERI,22,4.0,
15662,2025-06-25 11:32:45,GTIGN,,,
15660,2025-06-25 11:32:45,GTIGF,,,
15666,2025-06-25 11:32:50,GTERI,22,5.0,
15667,2025-06-25 11:32:51,GTIGF,,,
15669,2025-06-25 11:32:52,GTIGN,,,
15673,2025-06-25 11:32:53,GTIGF,,,
15676,2025-06-25 11:32:55,GTIGN,,,
15679,2025-06-25 11:32:59,GTERI,22,4.0,
15680,2025-06-25 11:33:06,GTIGF,,,
15682,2025-06-25 11:33:06,GTERI,12,,0.0
15683,2025-06-25 11:33:07,GTIGN,,,
15687,2025-06-25 11:33:11,GTERI,22,4.0,
15688,2025-06-25 11:33:13,GTIGF,,,
15690,2025-06-25 11:33:13,GTIGN,,,
15694,2025-06-25 11:33:14,GTIGF,,,
15697,2025-06-25 11:33:38,GTIGN,,,
15700,2025-06-25 11:33:39,GTIGF,,,
15702,2025-06-25 11:33:40,GTIGN,,,
15708,2025-06-25 11:33:44,GTERI,12,,5.0
15706,2025-06-25 11:33:44,GTIGF,,,
15710,2025-06-25 11:33:45,GTIGN,,,
15714,2025-06-25 11:33:50,GTERI,22,5.0,
15715,2025-06-25 11:35:46,GTIGF,,,
15718,2025-06-25 11:35:46,GTERI,12,,0.0
15720,2025-06-25 11:35:48,GTIGN,,,
15723,2025-06-25 11:35:49,GTIGF,,,
15726,2025-06-25 11:35:54,GTIGN,,,
15728,2025-06-25 11:35:54,GTIGF,,,
15762,2025-06-25 12:35:41,GTERI,11,,3587.0
15793,2025-06-25 13:35:41,GTERI,11,,3600.0
15824,2025-06-25 14:35:41,GTERI,11,,3600.0
15855,2025-06-25 15:35:41,GTERI,11,,3600.0
15886,2025-06-25 16:35:41,GTERI,11,,3600.0
15907,2025-06-25 17:15:04,GTIGN,,,
15909,2025-06-25 17:15:36,GTERI,22,32.0,
15914,2025-06-25 17:16:43,GTERI,12,,2462.0
15912,2025-06-25 17:16:43,GTIGF,,,
15916,2025-06-25 17:16:44,GTIGN,,,
15919,2025-06-25 17:16:47,GTERI,22,3.0,
15920,2025-06-25 17:17:06,GTIGF,,,
15922,2025-06-25 17:17:07,GTERI,12,,1.0
15955,2025-06-25 18:17:01,GTERI,11,,3594.0
15986,2025-06-25 19:17:01,GTERI,11,,3600.0
16017,2025-06-25 20:17:01,GTERI,11,,3600.0
16048,2025-06-25 21:17:01,GTERI,11,,3600.0
16079,2025-06-25 22:17:01,GTERI,11,,3600.0
16110,2025-06-25 23:17:01,GTERI,11,,3600.0
16141,2025-06-26 00:17:01,GTERI,11,,3600.0
16172,2025-06-26 01:17:01,GTERI,11,,3600.0
16203,2025-06-26 02:17:01,GTERI,11,,3600.0
16234,2025-06-26 03:17:01,GTERI,11,,3600.0
16265,2025-06-26 04:17:01,GTERI,11,,3600.0
16296,2025-06-26 05:17:01,GTERI,11,,3600.0
16320,2025-06-26 06:02:54,GTIGN,,,
16322,2025-06-26 06:04:20,GTERI,22,86.0,
16327,2025-06-26 06:06:02,GTERI,22,102.0,
16334,2025-06-26 06:09:02,GTERI,22,180.0,
16346,2025-06-26 06:12:02,GTERI,22,180.0,
16351,2025-06-26 06:15:02,GTERI,22,180.0,
16356,2025-06-26 06:18:02,GTERI,22,180.0,
16360,2025-06-26 06:21:02,GTERI,22,180.0,
16362,2025-06-26 06:24:02,GTERI,22,180.0,
16372,2025-06-26 06:27:02,GTERI,22,180.0,
16379,2025-06-26 06:30:02,GTERI,22,180.0,
16382,2025-06-26 06:33:02,GTERI,22,180.0,
16392,2025-06-26 06:36:03,GTERI,22,181.0,
16397,2025-06-26 06:39:03,GTERI,22,180.0,
16401,2025-06-26 06:42:03,GTERI,22,180.0,
16403,2025-06-26 06:45:03,GTERI,22,180.0,
16406,2025-06-26 06:48:03,GTERI,22,180.0,
16410,2025-06-26 06:51:03,GTERI,22,180.0,
16413,2025-06-26 06:54:03,GTERI,22,180.0,
16417,2025-06-26 06:57:03,GTERI,22,180.0,
16425,2025-06-26 07:00:03,GTERI,22,180.0,
16444,2025-06-26 07:01:47,GTIGF,,,
16446,2025-06-26 07:01:47,GTERI,12,,0.0
16469,2025-06-26 07:40:45,GTIGN,,,
16471,2025-06-26 07:40:53,GTERI,22,8.0,
16484,2025-06-26 07:43:53,GTERI,22,180.0,
16499,2025-06-26 07:46:53,GTERI,22,180.0,
16513,2025-06-26 07:49:53,GTERI,22,180.0,
16540,2025-06-26 07:52:53,GTERI,22,180.0,
16547,2025-06-26 07:53:17,GTERI,12,,3090.0
16545,2025-06-26 07:53:17,GTIGF,,,
16582,2025-06-26 08:53:12,GTERI,11,,3595.0
16613,2025-06-26 09:53:12,GTERI,11,,3600.0
16644,2025-06-26 10:53:01,GTIGN,,,
16646,2025-06-26 10:53:09,GTERI,22,8.0,
16663,2025-06-26 10:56:08,GTERI,22,179.0,
16679,2025-06-26 10:59:08,GTERI,22,180.0,
16700,2025-06-26 11:02:08,GTERI,22,180.0,
16708,2025-06-26 11:05:08,GTERI,22,180.0,
16713,2025-06-26 11:08:08,GTERI,22,180.0,
16716,2025-06-26 11:11:08,GTERI,22,180.0,
16721,2025-06-26 11:14:08,GTERI,22,180.0,
16731,2025-06-26 11:17:08,GTERI,22,180.0,
16735,2025-06-26 11:20:08,GTERI,22,180.0,
16739,2025-06-26 11:23:08,GTERI,22,180.0,
16745,2025-06-26 11:26:08,GTERI,22,180.0,
16748,2025-06-26 11:29:08,GTERI,22,180.0,
16756,2025-06-26 11:32:08,GTERI,22,180.0,
16767,2025-06-26 11:35:08,GTERI,22,180.0,
16777,2025-06-26 11:37:46,GTIGF,,,
16779,2025-06-26 11:37:46,GTERI,12,,0.0
16787,2025-06-26 11:47:17,GTIGN,,,
16789,2025-06-26 11:47:24,GTERI,22,7.0,
16800,2025-06-26 11:49:01,GTIGF,,,
16802,2025-06-26 11:49:01,GTERI,12,,0.0
16812,2025-06-26 12:02:46,GTIGN,,,
16814,2025-06-26 12:02:55,GTERI,22,9.0,
16816,2025-06-26 12:02:58,GTIGF,,,
16818,2025-06-26 12:02:59,GTIGN,,,
16822,2025-06-26 12:03:03,GTERI,22,4.0,
16836,2025-06-26 12:04:47,GTIGF,,,
16838,2025-06-26 12:04:48,GTERI,12,,1.0
16873,2025-06-26 13:04:42,GTERI,11,,3594.0
16904,2025-06-26 14:04:42,GTERI,11,,3600.0
16929,2025-06-26 14:53:25,GTIGN,,,
16931,2025-06-26 14:53:39,GTERI,22,14.0,
16943,2025-06-26 14:56:33,GTERI,22,174.0,
16953,2025-06-26 14:59:33,GTERI,22,180.0,
16956,2025-06-26 15:02:33,GTERI,22,180.0,
16960,2025-06-26 15:05:33,GTERI,22,180.0,
16964,2025-06-26 15:08:33,GTERI,22,180.0,
16969,2025-06-26 15:11:33,GTERI,22,180.0,
16973,2025-06-26 15:14:33,GTERI,22,180.0,
16975,2025-06-26 15:17:33,GTERI,22,180.0,
16980,2025-06-26 15:20:33,GTERI,22,180.0,
16985,2025-06-26 15:23:33,GTERI,22,180.0,
16994,2025-06-26 15:26:33,GTERI,22,180.0,
17002,2025-06-26 15:27:49,GTERI,12,,4987.0
17000,2025-06-26 15:27:49,GTIGF,,,
17009,2025-06-26 15:35:33,GTIGN,,,
17011,2025-06-26 15:35:41,GTERI,22,8.0,
17024,2025-06-26 15:38:41,GTERI,22,180.0,
17033,2025-06-26 15:41:41,GTERI,22,180.0,
17040,2025-06-26 15:44:41,GTERI,22,180.0,
17047,2025-06-26 15:45:33,GTIGF,,,
17049,2025-06-26 15:45:33,GTERI,12,,0.0
17084,2025-06-26 16:45:28,GTERI,11,,3595.0
17085,2025-06-26 16:46:07,GTIGN,,,
17087,2025-06-26 16:46:16,GTERI,22,9.0,
17099,2025-06-26 16:49:14,GTERI,22,178.0,
17109,2025-06-26 16:52:14,GTERI,22,180.0,
17112,2025-06-26 16:55:14,GTERI,22,180.0,
17116,2025-06-26 16:58:14,GTERI,22,180.0,
17115,2025-06-26 16:58:14,GTERI,22,0.0,
17126,2025-06-26 17:01:14,GTERI,22,180.0,
17128,2025-06-26 17:04:14,GTERI,22,180.0,
17131,2025-06-26 17:07:14,GTERI,22,180.0,
17134,2025-06-26 17:10:14,GTERI,22,180.0,
17143,2025-06-26 17:13:14,GTERI,22,180.0,
17145,2025-06-26 17:16:15,GTERI,22,181.0,
17152,2025-06-26 17:19:15,GTERI,22,180.0,
17159,2025-06-26 17:22:15,GTERI,22,180.0,
17162,2025-06-26 17:25:15,GTERI,22,180.0,
17165,2025-06-26 17:28:15,GTERI,22,180.0,
17170,2025-06-26 17:31:15,GTERI,22,180.0,
17177,2025-06-26 17:34:15,GTERI,22,180.0,
17182,2025-06-26 17:37:15,GTERI,22,180.0,
17187,2025-06-26 17:40:15,GTERI,22,180.0,
17189,2025-06-26 17:43:15,GTERI,22,180.0,
17191,2025-06-26 17:43:37,GTIGF,,,
17193,2025-06-26 17:43:37,GTERI,12,,0.0
17210,2025-06-26 18:08:13,GTIGN,,,
17213,2025-06-26 18:08:22,GTERI,22,9.0,
17220,2025-06-26 18:11:18,GTERI,22,176.0,
17225,2025-06-26 18:14:18,GTERI,22,180.0,
17232,2025-06-26 18:14:54,GTIGF,,,
17234,2025-06-26 18:14:55,GTERI,12,,1.0
17267,2025-06-26 19:14:49,GTERI,11,,3594.0
17298,2025-06-26 20:14:49,GTERI,11,,3600.0
17329,2025-06-26 21:14:49,GTERI,11,,3600.0
17360,2025-06-26 22:14:49,GTERI,11,,3600.0
17391,2025-06-26 23:14:49,GTERI,11,,3600.0
17422,2025-06-27 00:14:49,GTERI,11,,3600.0
17453,2025-06-27 01:14:49,GTERI,11,,3600.0
17484,2025-06-27 02:14:49,GTERI,11,,3600.0
17515,2025-06-27 03:14:49,GTERI,11,,3600.0
17546,2025-06-27 04:14:49,GTERI,11,,3600.0
17577,2025-06-27 05:14:49,GTERI,11,,3600.0
17605,2025-06-27 06:06:37,GTIGN,,,
17608,2025-06-27 06:07:30,GTERI,22,53.0,
17619,2025-06-27 06:09:45,GTERI,22,135.0,
17630,2025-06-27 06:12:45,GTERI,22,180.0,
17634,2025-06-27 06:15:45,GTERI,22,180.0,
17641,2025-06-27 06:18:45,GTERI,22,180.0,
17646,2025-06-27 06:21:45,GTERI,22,180.0,
17649,2025-06-27 06:24:45,GTERI,22,180.0,
17653,2025-06-27 06:27:45,GTERI,22,180.0,
17659,2025-06-27 06:30:45,GTERI,22,180.0,
17665,2025-06-27 06:33:45,GTERI,22,180.0,
17667,2025-06-27 06:36:45,GTERI,22,180.0,
17672,2025-06-27 06:39:45,GTERI,22,180.0,
17681,2025-06-27 06:42:45,GTERI,22,180.0,
17683,2025-06-27 06:45:47,GTERI,22,182.0,
17687,2025-06-27 06:48:47,GTERI,22,180.0,
17690,2025-06-27 06:51:47,GTERI,22,180.0,
17693,2025-06-27 06:54:47,GTERI,22,180.0,
17697,2025-06-27 06:57:47,GTERI,22,180.0,
17700,2025-06-27 07:00:47,GTERI,22,180.0,
17704,2025-06-27 07:03:47,GTERI,22,180.0,
17706,2025-06-27 07:06:47,GTERI,22,180.0,
17710,2025-06-27 07:09:47,GTERI,22,180.0,
17712,2025-06-27 07:12:47,GTERI,22,180.0,
17715,2025-06-27 07:15:47,GTERI,22,180.0,
17717,2025-06-27 07:18:47,GTERI,22,180.0,
17720,2025-06-27 07:21:47,GTERI,22,180.0,
17722,2025-06-27 07:24:47,GTERI,22,180.0,
17725,2025-06-27 07:27:47,GTERI,22,180.0,
17727,2025-06-27 07:30:47,GTERI,22,180.0,
17730,2025-06-27 07:33:47,GTERI,22,180.0,
17732,2025-06-27 07:36:47,GTERI,22,180.0,
17735,2025-06-27 07:39:47,GTERI,22,180.0,
17737,2025-06-27 07:42:47,GTERI,22,180.0,
17740,2025-06-27 07:45:47,GTERI,22,180.0,
17742,2025-06-27 07:48:47,GTERI,22,180.0,
17745,2025-06-27 07:51:47,GTERI,22,180.0,
17747,2025-06-27 07:54:47,GTERI,22,180.0,
17750,2025-06-27 07:57:47,GTERI,22,180.0,
17752,2025-06-27 08:00:47,GTERI,22,180.0,
17755,2025-06-27 08:03:47,GTERI,22,180.0,
17757,2025-06-27 08:06:47,GTERI,22,180.0,
17760,2025-06-27 08:09:47,GTERI,22,180.0,
17762,2025-06-27 08:12:47,GTERI,22,180.0,
17765,2025-06-27 08:15:47,GTERI,22,180.0,
17767,2025-06-27 08:18:47,GTERI,22,180.0,
17773,2025-06-27 08:21:47,GTERI,22,180.0,
17777,2025-06-27 08:24:47,GTERI,22,180.0,
17785,2025-06-27 08:25:45,GTIGF,,,
17787,2025-06-27 08:25:45,GTERI,12,,0.0
17817,2025-06-27 09:19:35,GTIGN,,,
17819,2025-06-27 09:19:44,GTIGF,,,
17821,2025-06-27 09:19:45,GTERI,12,,1.0
17855,2025-06-27 10:19:39,GTERI,11,,3594.0
17865,2025-06-27 10:38:55,GTIGN,,,
17867,2025-06-27 10:39:02,GTERI,22,7.0,
17871,2025-06-27 10:42:05,GTERI,22,183.0,
17884,2025-06-27 10:45:07,GTERI,22,182.0,
17889,2025-06-27 10:48:07,GTERI,22,180.0,
17900,2025-06-27 10:51:07,GTERI,22,180.0,
17903,2025-06-27 10:54:07,GTERI,22,180.0,
17910,2025-06-27 10:57:07,GTERI,22,180.0,
17914,2025-06-27 10:57:44,GTIGF,,,
17916,2025-06-27 10:57:45,GTERI,12,,1.0
17919,2025-06-27 10:58:32,GTIGN,,,
17922,2025-06-27 10:58:36,GTERI,22,4.0,
17923,2025-06-27 10:58:56,GTIGF,,,
17925,2025-06-27 10:58:57,GTERI,12,,1.0
17941,2025-06-27 11:23:44,GTIGN,,,
17943,2025-06-27 11:23:59,GTERI,22,15.0,
17945,2025-06-27 11:25:03,GTIGF,,,
17947,2025-06-27 11:25:03,GTERI,12,,0.0
17949,2025-06-27 11:25:08,GTIGN,,,
17952,2025-06-27 11:25:12,GTERI,22,4.0,
17954,2025-06-27 11:26:18,GTIGF,,,
17956,2025-06-27 11:26:19,GTERI,12,,1.0
17958,2025-06-27 11:26:23,GTIGN,,,
17961,2025-06-27 11:26:28,GTERI,22,5.0,
17962,2025-06-27 11:27:01,GTIGF,,,
17964,2025-06-27 11:27:02,GTERI,12,,1.0
17968,2025-06-27 11:27:51,GTIGN,,,
17971,2025-06-27 11:27:56,GTERI,22,5.0,
17975,2025-06-27 11:28:56,GTIGN,,,
17972,2025-06-27 11:28:56,GTIGF,,,
17974,2025-06-27 11:28:56,GTERI,12,,0.0
17979,2025-06-27 11:29:00,GTERI,22,4.0,
17980,2025-06-27 11:29:02,GTIGF,,,
17982,2025-06-27 11:29:02,GTIGN,,,
17986,2025-06-27 11:29:07,GTERI,22,5.0,
17994,2025-06-27 11:32:09,GTERI,22,182.0,
17997,2025-06-27 11:35:09,GTERI,22,180.0,
18011,2025-06-27 11:38:09,GTERI,22,180.0,
18017,2025-06-27 11:41:09,GTERI,22,180.0,
18031,2025-06-27 11:43:54,GTIGF,,,
18033,2025-06-27 11:43:54,GTIGN,,,
18037,2025-06-27 11:43:59,GTERI,22,5.0,
18038,2025-06-27 11:44:00,GTIGF,,,
18040,2025-06-27 11:44:00,GTERI,12,,0.0
18042,2025-06-27 11:44:00,GTIGN,,,
18045,2025-06-27 11:44:04,GTERI,22,4.0,
18050,2025-06-27 11:44:23,GTERI,12,,23.0
18048,2025-06-27 11:44:23,GTIGF,,,
18077,2025-06-27 12:33:32,GTIGN,,,
18080,2025-06-27 12:33:40,GTERI,22,8.0,
18082,2025-06-27 12:34:43,GTIGF,,,
18088,2025-06-27 12:34:44,GTIGF,,,
18084,2025-06-27 12:34:44,GTIGN,,,
18097,2025-06-27 12:44:24,GTIGN,,,
18099,2025-06-27 12:44:37,GTERI,22,13.0,
18109,2025-06-27 12:45:31,GTIGF,,,
18113,2025-06-27 12:45:32,GTIGN,,,
18111,2025-06-27 12:45:32,GTERI,12,,1.0
18116,2025-06-27 12:45:37,GTERI,22,5.0,
18118,2025-06-27 12:45:51,GTIGF,,,
18120,2025-06-27 12:45:52,GTERI,12,,1.0
18125,2025-06-27 12:48:12,GTIGN,,,
18128,2025-06-27 12:48:17,GTERI,22,5.0,
18135,2025-06-27 12:51:18,GTERI,22,181.0,
18137,2025-06-27 12:53:26,GTIGF,,,
18139,2025-06-27 12:53:26,GTERI,12,,0.0
18140,2025-06-27 12:53:27,GTIGN,,,
18144,2025-06-27 12:53:31,GTERI,22,4.0,
18147,2025-06-27 12:56:33,GTERI,22,182.0,
18164,2025-06-27 12:59:33,GTERI,22,180.0,
18167,2025-06-27 13:02:33,GTERI,22,180.0,
18171,2025-06-27 13:05:33,GTERI,22,180.0,
18174,2025-06-27 13:08:33,GTERI,22,180.0,
18176,2025-06-27 13:11:33,GTERI,22,180.0,
18179,2025-06-27 13:14:33,GTERI,22,180.0,
18181,2025-06-27 13:17:33,GTERI,22,180.0,
18184,2025-06-27 13:20:33,GTERI,22,180.0,
18187,2025-06-27 13:23:33,GTERI,22,180.0,
18191,2025-06-27 13:26:33,GTERI,22,180.0,
18199,2025-06-27 13:28:18,GTIGF,,,
18201,2025-06-27 13:28:18,GTERI,12,,0.0
18220,2025-06-27 14:00:50,GTIGN,,,
18222,2025-06-27 14:00:59,GTERI,22,9.0,
18235,2025-06-27 14:04:00,GTERI,22,181.0,
18238,2025-06-27 14:07:00,GTERI,22,180.0,
18242,2025-06-27 14:10:00,GTERI,22,180.0,
18244,2025-06-27 14:13:00,GTERI,22,180.0,
18247,2025-06-27 14:16:00,GTERI,22,180.0,
18251,2025-06-27 14:19:00,GTERI,22,180.0,
18256,2025-06-27 14:22:00,GTERI,22,180.0,
18265,2025-06-27 14:25:01,GTERI,22,181.0,
18270,2025-06-27 14:28:01,GTERI,22,180.0,
18275,2025-06-27 14:31:01,GTERI,22,180.0,
18281,2025-06-27 14:34:01,GTERI,22,180.0,
18284,2025-06-27 14:37:01,GTERI,22,180.0,
18289,2025-06-27 14:40:01,GTERI,22,180.0,
18296,2025-06-27 14:43:01,GTERI,22,180.0,
18300,2025-06-27 14:46:01,GTERI,22,180.0,
18311,2025-06-27 14:49:01,GTERI,22,180.0,
18312,2025-06-27 14:49:10,GTIGF,,,
18314,2025-06-27 14:49:11,GTERI,12,,1.0
18347,2025-06-27 15:49:05,GTERI,11,,3594.0
18378,2025-06-27 16:49:05,GTERI,11,,3600.0
18409,2025-06-27 17:49:05,GTERI,11,,3600.0
18440,2025-06-27 18:49:05,GTERI,11,,3600.0
18471,2025-06-27 19:49:05,GTERI,11,,3600.0
18502,2025-06-27 20:49:05,GTERI,11,,3600.0
18533,2025-06-27 21:49:05,GTERI,11,,3600.0
18564,2025-06-27 22:49:05,GTERI,11,,3600.0
18595,2025-06-27 23:49:05,GTERI,11,,3600.0
18626,2025-06-28 00:49:05,GTERI,11,,3600.0
18657,2025-06-28 01:49:05,GTERI,11,,3600.0
18688,2025-06-28 02:49:05,GTERI,11,,3600.0
18719,2025-06-28 03:49:05,GTERI,11,,3600.0
18750,2025-06-28 04:49:05,GTERI,11,,3600.0
18781,2025-06-28 05:49:05,GTERI,11,,3600.0
18812,2025-06-28 06:49:05,GTERI,11,,3600.0
18843,2025-06-28 07:49:05,GTERI,11,,3600.0
18874,2025-06-28 08:49:05,GTERI,11,,3600.0
18905,2025-06-28 09:49:05,GTERI,11,,3600.0
18936,2025-06-28 10:49:05,GTERI,11,,3600.0
18967,2025-06-28 11:49:05,GTERI,11,,3600.0
18998,2025-06-28 12:49:05,GTERI,11,,3600.0
19029,2025-06-28 13:49:05,GTERI,11,,3600.0
19060,2025-06-28 14:49:05,GTERI,11,,3600.0
19091,2025-06-28 15:49:05,GTERI,11,,3600.0
19122,2025-06-28 16:49:05,GTERI,11,,3600.0
19153,2025-06-28 17:49:05,GTERI,11,,3600.0
19184,2025-06-28 18:49:05,GTERI,11,,3600.0
19214,2025-06-28 19:49:05,GTERI,11,,3600.0
19245,2025-06-28 20:49:05,GTERI,11,,3600.0
19276,2025-06-28 21:49:05,GTERI,11,,3600.0
19307,2025-06-28 22:49:05,GTERI,11,,3600.0
19338,2025-06-28 23:49:05,GTERI,11,,3600.0
19369,2025-06-29 00:49:05,GTERI,11,,3600.0
19400,2025-06-29 01:49:05,GTERI,11,,3600.0
19431,2025-06-29 02:49:05,GTERI,11,,3600.0
19462,2025-06-29 03:49:05,GTERI,11,,3600.0
19493,2025-06-29 04:49:05,GTERI,11,,3600.0
19524,2025-06-29 05:49:05,GTERI,11,,3600.0
19555,2025-06-29 06:49:05,GTERI,11,,3600.0
19586,2025-06-29 07:49:05,GTERI,11,,3600.0
19617,2025-06-29 08:49:05,GTERI,11,,3600.0
19648,2025-06-29 09:49:05,GTERI,11,,3600.0
19679,2025-06-29 10:49:05,GTERI,11,,3600.0
19710,2025-06-29 11:49:05,GTERI,11,,3600.0
19741,2025-06-29 12:49:05,GTERI,11,,3600.0
19772,2025-06-29 13:49:05,GTERI,11,,3600.0
19804,2025-06-29 14:49:05,GTERI,11,,3600.0
19835,2025-06-29 15:49:05,GTERI,11,,3600.0
19866,2025-06-29 16:49:05,GTERI,11,,3600.0
19897,2025-06-29 17:49:05,GTERI,11,,3600.0
19928,2025-06-29 18:49:05,GTERI,11,,3600.0
19959,2025-06-29 19:49:05,GTERI,11,,3600.0
19990,2025-06-29 20:49:05,GTERI,11,,3600.0
20021,2025-06-29 21:49:05,GTERI,11,,3600.0
20051,2025-06-29 22:49:05,GTERI,11,,3600.0
20082,2025-06-29 23:49:05,GTERI,11,,3600.0
20113,2025-06-30 00:49:05,GTERI,11,,3600.0
20144,2025-06-30 01:49:05,GTERI,11,,3600.0
20175,2025-06-30 02:49:05,GTERI,11,,3600.0
20206,2025-06-30 03:49:05,GTERI,11,,3600.0
20237,2025-06-30 04:49:05,GTERI,11,,3600.0
20268,2025-06-30 05:49:05,GTERI,11,,3600.0
20275,2025-06-30 05:59:37,GTIGN,,,
20277,2025-06-30 05:59:49,GTERI,22,12.0,
20282,2025-06-30 06:02:46,GTERI,22,177.0,
20296,2025-06-30 06:05:46,GTERI,22,180.0,
20299,2025-06-30 06:08:46,GTERI,22,180.0,
20307,2025-06-30 06:11:46,GTERI,22,180.0,
20310,2025-06-30 06:14:46,GTERI,22,180.0,
20314,2025-06-30 06:17:46,GTERI,22,180.0,
20320,2025-06-30 06:20:46,GTERI,22,180.0,
20328,2025-06-30 06:23:46,GTERI,22,180.0,
20331,2025-06-30 06:26:46,GTERI,22,180.0,
20338,2025-06-30 06:29:46,GTERI,22,180.0,
20340,2025-06-30 06:32:46,GTERI,22,180.0,
20342,2025-06-30 06:35:46,GTERI,22,180.0,
20345,2025-06-30 06:38:46,GTERI,22,180.0,
20354,2025-06-30 06:41:46,GTERI,22,180.0,
20358,2025-06-30 06:44:46,GTERI,22,180.0,
20361,2025-06-30 06:47:46,GTERI,22,180.0,
20365,2025-06-30 06:50:46,GTERI,22,180.0,
20369,2025-06-30 06:53:46,GTERI,22,180.0,
20384,2025-06-30 06:55:39,GTIGF,,,
20386,2025-06-30 06:55:40,GTERI,12,,1.0
20416,2025-06-30 07:49:17,GTIGN,,,
20418,2025-06-30 07:49:25,GTERI,22,8.0,
20426,2025-06-30 07:49:56,GTIGF,,,
20428,2025-06-30 07:49:57,GTERI,12,,1.0
20432,2025-06-30 07:51:39,GTIGN,,,
20435,2025-06-30 07:51:44,GTERI,22,5.0,
20442,2025-06-30 07:52:32,GTIGF,,,
20444,2025-06-30 07:52:32,GTERI,12,,0.0
20454,2025-06-30 08:06:20,GTIGN,,,
20456,2025-06-30 08:06:28,GTERI,22,8.0,
20472,2025-06-30 08:09:28,GTERI,22,180.0,
20485,2025-06-30 08:12:28,GTERI,22,180.0,
20495,2025-06-30 08:15:28,GTERI,22,180.0,
20506,2025-06-30 08:18:28,GTERI,22,180.0,
20512,2025-06-30 08:20:27,GTIGF,,,
20514,2025-06-30 08:20:27,GTERI,12,,0.0
20530,2025-06-30 08:47:06,GTIGN,,,
20532,2025-06-30 08:47:14,GTERI,22,8.0,
20536,2025-06-30 08:50:13,GTERI,22,179.0,
20538,2025-06-30 08:53:13,GTERI,22,180.0,
20541,2025-06-30 08:56:13,GTERI,22,180.0,
20545,2025-06-30 08:59:13,GTERI,22,180.0,
20554,2025-06-30 09:02:13,GTERI,22,180.0,
20562,2025-06-30 09:05:13,GTERI,22,180.0,
20585,2025-06-30 09:08:13,GTERI,22,180.0,
20586,2025-06-30 09:08:14,GTIGF,,,
20588,2025-06-30 09:08:14,GTERI,12,,0.0
20597,2025-06-30 09:16:59,GTIGN,,,
20599,2025-06-30 09:17:08,GTERI,22,9.0,
20610,2025-06-30 09:17:41,GTIGF,,,
20606,2025-06-30 09:17:41,GTIGN,,,
20604,2025-06-30 09:17:41,GTIGF,,,
20612,2025-06-30 09:17:42,GTIGN,,,
20635,2025-06-30 09:23:16,GTERI,22,334.0,
20638,2025-06-30 09:26:16,GTERI,22,180.0,
20640,2025-06-30 09:29:16,GTERI,22,180.0,
20642,2025-06-30 09:30:04,GTERI,22,48.0,
20646,2025-06-30 09:35:16,GTERI,22,312.0,
20649,2025-06-30 09:38:16,GTERI,22,180.0,
20652,2025-06-30 09:38:36,GTIGN,,,
20650,2025-06-30 09:38:36,GTIGF,,,
20656,2025-06-30 09:38:41,GTERI,22,5.0,
20664,2025-06-30 09:41:42,GTERI,22,181.0,
20675,2025-06-30 09:44:42,GTERI,22,180.0,
20680,2025-06-30 09:47:42,GTERI,22,180.0,
20684,2025-06-30 09:50:42,GTERI,22,180.0,
20696,2025-06-30 09:53:42,GTERI,22,180.0,
20706,2025-06-30 09:56:42,GTERI,22,180.0,
20709,2025-06-30 09:59:42,GTERI,22,180.0,
20711,2025-06-30 10:02:42,GTERI,22,180.0,
20714,2025-06-30 10:05:42,GTERI,22,180.0,
20716,2025-06-30 10:08:42,GTERI,22,180.0,
20721,2025-06-30 10:11:42,GTERI,22,180.0,
20727,2025-06-30 10:14:42,GTERI,22,180.0,
20730,2025-06-30 10:17:42,GTERI,22,180.0,
20737,2025-06-30 10:19:41,GTIGF,,,
20739,2025-06-30 10:19:41,GTERI,12,,0.0
20766,2025-06-30 11:07:44,GTIGN,,,
20768,2025-06-30 11:07:53,GTERI,22,9.0,
20780,2025-06-30 11:08:49,GTERI,12,,2948.0
20778,2025-06-30 11:08:49,GTIGF,,,
20782,2025-06-30 11:09:06,GTIGN,,,
20785,2025-06-30 11:09:11,GTERI,22,5.0,
20792,2025-06-30 11:09:27,GTIGF,,,
20794,2025-06-30 11:09:28,GTERI,12,,1.0
20799,2025-06-30 11:13:56,GTIGN,,,
20802,2025-06-30 11:14:00,GTERI,22,4.0,
20824,2025-06-30 11:17:03,GTERI,22,183.0,
20831,2025-06-30 11:20:03,GTERI,22,180.0,
20835,2025-06-30 11:23:03,GTERI,22,180.0,
20838,2025-06-30 11:26:04,GTERI,22,181.0,
20842,2025-06-30 11:29:04,GTERI,22,180.0,
20845,2025-06-30 11:32:04,GTERI,22,180.0,
20847,2025-06-30 11:35:04,GTERI,22,180.0,
20859,2025-06-30 11:38:04,GTERI,22,180.0,
20863,2025-06-30 11:41:04,GTERI,22,180.0,
20868,2025-06-30 11:44:04,GTERI,22,180.0,
20871,2025-06-30 11:47:04,GTERI,22,180.0,
20873,2025-06-30 11:50:04,GTERI,22,180.0,
20876,2025-06-30 11:53:04,GTERI,22,180.0,
20878,2025-06-30 11:56:04,GTERI,22,180.0,
20882,2025-06-30 11:59:04,GTERI,22,180.0,
20888,2025-06-30 12:02:04,GTERI,22,180.0,
20891,2025-06-30 12:05:04,GTERI,22,180.0,
20897,2025-06-30 12:08:04,GTERI,22,180.0,
20905,2025-06-30 12:11:04,GTERI,22,180.0,
20907,2025-06-30 12:14:04,GTERI,22,180.0,
20916,2025-06-30 12:17:04,GTERI,22,180.0,
20917,2025-06-30 12:17:05,GTIGF,,,
20919,2025-06-30 12:17:05,GTERI,12,,0.0
20923,2025-06-30 12:18:09,GTIGN,,,
20926,2025-06-30 12:18:12,GTIGF,,,
20947,2025-06-30 12:53:47,GTIGN,,,
20949,2025-06-30 12:53:55,GTERI,22,8.0,
20966,2025-06-30 12:56:44,GTIGF,,,
20968,2025-06-30 12:56:45,GTERI,12,,1.0
20978,2025-06-30 13:10:20,GTIGN,,,
20980,2025-06-30 13:10:28,GTERI,22,8.0,
20987,2025-06-30 13:11:12,GTIGF,,,
20989,2025-06-30 13:11:13,GTERI,12,,1.0
21023,2025-06-30 14:11:08,GTERI,11,,3595.0
21032,2025-06-30 14:27:53,GTIGN,,,
21034,2025-06-30 14:28:01,GTERI,22,8.0,
21038,2025-06-30 14:28:03,GTIGN,,,
21036,2025-06-30 14:28:03,GTIGF,,,
21043,2025-06-30 14:28:07,GTERI,22,4.0,
21047,2025-06-30 14:28:19,GTIGF,,,
21049,2025-06-30 14:28:19,GTERI,12,,0.0
21051,2025-06-30 14:28:20,GTIGN,,,
21054,2025-06-30 14:28:23,GTIGF,,,
21062,2025-06-30 14:33:11,GTIGN,,,
21065,2025-06-30 14:33:16,GTERI,22,5.0,
21076,2025-06-30 14:36:20,GTERI,22,184.0,
21085,2025-06-30 14:39:20,GTERI,22,180.0,
21088,2025-06-30 14:42:20,GTERI,22,180.0,
21098,2025-06-30 14:45:20,GTERI,22,180.0,
21102,2025-06-30 14:48:20,GTERI,22,180.0,
21104,2025-06-30 14:51:20,GTERI,22,180.0,
21108,2025-06-30 14:54:20,GTERI,22,180.0,
21110,2025-06-30 14:57:20,GTERI,22,180.0,
21113,2025-06-30 15:00:20,GTERI,22,180.0,
21115,2025-06-30 15:03:20,GTERI,22,180.0,
21118,2025-06-30 15:06:20,GTERI,22,180.0,
21122,2025-06-30 15:09:20,GTERI,22,180.0,
21127,2025-06-30 15:12:20,GTERI,22,180.0,
21132,2025-06-30 15:15:20,GTERI,22,180.0,
21137,2025-06-30 15:18:20,GTERI,22,180.0,
21143,2025-06-30 15:21:20,GTERI,22,180.0,
21145,2025-06-30 15:24:20,GTERI,22,180.0,
21151,2025-06-30 15:27:19,GTERI,22,179.0,
21156,2025-06-30 15:30:20,GTERI,22,181.0,
21164,2025-06-30 15:31:06,GTIGF,,,
21166,2025-06-30 15:31:06,GTERI,12,,0.0
21199,2025-06-30 16:31:01,GTERI,11,,3595.0
21230,2025-06-30 17:31:01,GTERI,11,,3600.0
21261,2025-06-30 18:31:01,GTERI,11,,3600.0
21292,2025-06-30 19:31:01,GTERI,11,,3600.0
21323,2025-06-30 20:31:01,GTERI,11,,3600.0
21343,2025-06-30 21:09:22,GTIGN,,,
21345,2025-06-30 21:09:26,GTIGF,,,
21347,2025-06-30 21:09:30,GTERI,12,,4.0
21352,2025-06-30 21:11:42,GTIGN,,,
21355,2025-06-30 21:11:46,GTERI,22,4.0,
21364,2025-06-30 21:14:47,GTERI,22,181.0,
21372,2025-06-30 21:17:47,GTERI,22,180.0,
21378,2025-06-30 21:18:32,GTIGF,,,
21380,2025-06-30 21:18:32,GTERI,12,,0.0
21387,2025-06-30 21:22:19,GTIGN,,,
21390,2025-06-30 21:22:23,GTERI,22,4.0,
21392,2025-06-30 21:23:05,GTIGF,,,
21394,2025-06-30 21:23:05,GTERI,12,,0.0
21407,2025-06-30 21:35:29,GTIGN,,,
21409,2025-06-30 21:35:40,GTERI,22,11.0,
21416,2025-06-30 21:38:36,GTERI,22,176.0,
21435,2025-06-30 21:41:36,GTERI,22,180.0,
21458,2025-06-30 21:44:36,GTERI,22,180.0,
21468,2025-06-30 21:47:36,GTERI,22,180.0,
21474,2025-06-30 21:49:11,GTIGF,,,
21476,2025-06-30 21:49:11,GTERI,12,,0.0
21485,2025-06-30 22:01:47,GTIGN,,,
21487,2025-06-30 22:01:57,GTERI,22,10.0,
21502,2025-06-30 22:04:52,GTERI,22,175.0,
21507,2025-06-30 22:07:52,GTERI,22,180.0,
21516,2025-06-30 22:10:13,GTIGF,,,
21518,2025-06-30 22:10:14,GTERI,12,,1.0
21527,2025-06-30 22:21:13,GTIGN,,,
21529,2025-06-30 22:21:23,GTERI,22,10.0,
21534,2025-06-30 22:21:52,GTIGF,,,
21536,2025-06-30 22:21:53,GTERI,12,,1.0
21568,2025-06-30 23:21:48,GTERI,11,,3595.0
21599,2025-07-01 00:21:48,GTERI,11,,3600.0
21630,2025-07-01 01:21:48,GTERI,11,,3600.0
21661,2025-07-01 02:21:48,GTERI,11,,3600.0
21692,2025-07-01 03:21:48,GTERI,11,,3600.0
21701,2025-07-01 03:38:40,GTIGN,,,
21703,2025-07-01 03:38:51,GTERI,22,11.0,
21716,2025-07-01 03:41:49,GTERI,22,178.0,
21739,2025-07-01 03:44:49,GTERI,22,180.0,
21759,2025-07-01 03:47:49,GTERI,22,180.0,
21767,2025-07-01 03:50:49,GTERI,22,180.0,
21779,2025-07-01 03:52:29,GTIGF,,,
21781,2025-07-01 03:52:29,GTERI,12,,0.0
21793,2025-07-01 04:10:40,GTIGN,,,
21795,2025-07-01 04:10:48,GTERI,22,8.0,
21809,2025-07-01 04:13:50,GTERI,22,182.0,
21815,2025-07-01 04:16:50,GTERI,22,180.0,
21830,2025-07-01 04:19:50,GTERI,22,180.0,
21837,2025-07-01 04:21:03,GTIGF,,,
21839,2025-07-01 04:21:03,GTERI,12,,0.0
21844,2025-07-01 04:25:05,GTIGN,,,
21847,2025-07-01 04:25:09,GTERI,22,4.0,
21864,2025-07-01 04:28:15,GTERI,22,186.0,
21870,2025-07-01 04:29:17,GTIGF,,,
21872,2025-07-01 04:29:18,GTERI,12,,1.0
21876,2025-07-01 04:33:15,GTIGN,,,
21880,2025-07-01 04:33:19,GTERI,22,4.0,
21886,2025-07-01 04:35:03,GTERI,12,,345.0
21884,2025-07-01 04:35:03,GTIGF,,,
21892,2025-07-01 04:39:18,GTIGN,,,
21895,2025-07-01 04:39:22,GTERI,22,4.0,
21906,2025-07-01 04:42:24,GTERI,22,182.0,
21915,2025-07-01 04:44:39,GTERI,12,,576.0
21913,2025-07-01 04:44:39,GTIGF,,,
21920,2025-07-01 04:48:34,GTIGN,,,
21923,2025-07-01 04:48:38,GTERI,22,4.0,
21934,2025-07-01 04:51:40,GTERI,22,182.0,
21951,2025-07-01 04:53:58,GTIGF,,,
21953,2025-07-01 04:53:58,GTERI,12,,0.0
21961,2025-07-01 05:03:30,GTIGN,,,
21963,2025-07-01 05:03:37,GTERI,22,7.0,
21973,2025-07-01 05:04:22,GTERI,12,,624.0
21971,2025-07-01 05:04:22,GTIGF,,,
21990,2025-07-01 05:32:48,GTIGN,,,
21992,2025-07-01 05:32:57,GTERI,22,9.0,
22002,2025-07-01 05:33:43,GTIGF,,,
22004,2025-07-01 05:33:44,GTERI,12,,1.0
22036,2025-07-01 06:33:39,GTERI,11,,3595.0
22067,2025-07-01 07:33:39,GTERI,11,,3600.0
22084,2025-07-01 08:00:09,GTIGN,,,
22086,2025-07-01 08:00:24,GTERI,22,15.0,
22091,2025-07-01 08:03:15,GTERI,21,171.0,
22095,2025-07-01 08:06:15,GTERI,22,180.0,
22101,2025-07-01 08:09:15,GTERI,22,180.0,
22114,2025-07-01 08:12:15,GTERI,22,180.0,
22124,2025-07-01 08:15:15,GTERI,22,180.0,
22129,2025-07-01 08:18:15,GTERI,22,180.0,
22139,2025-07-01 08:21:15,GTERI,22,180.0,
22142,2025-07-01 08:24:15,GTERI,22,180.0,
22148,2025-07-01 08:27:15,GTERI,22,180.0,
22153,2025-07-01 08:30:15,GTERI,22,180.0,
22165,2025-07-01 08:33:15,GTERI,22,180.0,
22169,2025-07-01 08:36:16,GTERI,22,181.0,
22174,2025-07-01 08:39:16,GTERI,22,180.0,
22182,2025-07-01 08:42:16,GTERI,22,180.0,
22188,2025-07-01 08:45:16,GTERI,22,180.0,
22193,2025-07-01 08:48:16,GTERI,22,180.0,
22197,2025-07-01 08:51:16,GTERI,22,180.0,
22200,2025-07-01 08:54:16,GTERI,22,180.0,
22205,2025-07-01 08:57:16,GTERI,22,180.0,
22210,2025-07-01 09:00:16,GTERI,22,180.0,
22216,2025-07-01 09:03:16,GTERI,22,180.0,
22221,2025-07-01 09:06:17,GTERI,22,181.0,
22225,2025-07-01 09:09:17,GTERI,22,180.0,
22228,2025-07-01 09:12:17,GTERI,22,180.0,
22237,2025-07-01 09:15:17,GTERI,22,180.0,
22252,2025-07-01 09:18:17,GTERI,22,180.0,
22257,2025-07-01 09:20:15,GTIGF,,,
22259,2025-07-01 09:20:15,GTERI,12,,0.0
22281,2025-07-01 09:58:41,GTIGN,,,
22284,2025-07-01 09:58:51,GTERI,22,10.0,
22292,2025-07-01 10:01:46,GTERI,22,175.0,
22300,2025-07-01 10:04:46,GTERI,22,180.0,
22316,2025-07-01 10:07:46,GTERI,22,180.0,
22318,2025-07-01 10:10:46,GTERI,22,180.0,
22321,2025-07-01 10:13:46,GTERI,22,180.0,
22326,2025-07-01 10:16:46,GTERI,22,180.0,
22329,2025-07-01 10:19:46,GTERI,22,180.0,
22331,2025-07-01 10:22:46,GTERI,22,180.0,
22334,2025-07-01 10:25:46,GTERI,22,180.0,
22336,2025-07-01 10:28:46,GTERI,22,180.0,
22339,2025-07-01 10:31:46,GTERI,22,180.0,
22341,2025-07-01 10:34:46,GTERI,22,180.0,
22345,2025-07-01 10:37:46,GTERI,22,180.0,
22347,2025-07-01 10:40:46,GTERI,22,180.0,
22351,2025-07-01 10:43:46,GTERI,22,180.0,
22353,2025-07-01 10:46:46,GTERI,22,180.0,
22360,2025-07-01 10:49:46,GTERI,22,180.0,
22362,2025-07-01 10:52:46,GTERI,22,180.0,
22367,2025-07-01 10:55:46,GTERI,22,180.0,
22370,2025-07-01 10:58:46,GTERI,22,180.0,
22373,2025-07-01 11:01:46,GTERI,22,180.0,
22381,2025-07-01 11:04:46,GTERI,22,180.0,
22388,2025-07-01 11:07:46,GTERI,22,180.0,
22392,2025-07-01 11:10:46,GTERI,22,180.0,
22395,2025-07-01 11:13:46,GTERI,22,180.0,
22405,2025-07-01 11:16:46,GTERI,22,180.0,
22414,2025-07-01 11:19:46,GTERI,22,180.0,
22417,2025-07-01 11:22:46,GTERI,22,180.0,
22422,2025-07-01 11:25:46,GTERI,22,180.0,
22428,2025-07-01 11:28:46,GTERI,22,180.0,
22433,2025-07-01 11:31:46,GTERI,22,180.0,
22437,2025-07-01 11:34:46,GTERI,22,180.0,
22444,2025-07-01 11:37:46,GTERI,22,180.0,
22462,2025-07-01 11:40:46,GTERI,22,180.0,
22473,2025-07-01 11:43:46,GTERI,22,180.0,
22482,2025-07-01 11:46:46,GTERI,22,180.0,
22490,2025-07-01 11:49:46,GTERI,22,180.0,
22498,2025-07-01 11:52:46,GTERI,22,180.0,
22503,2025-07-01 11:53:33,GTIGF,,,
22505,2025-07-01 11:53:33,GTERI,12,,0.0
22520,2025-07-01 12:19:01,GTIGN,,,
22522,2025-07-01 12:19:09,GTERI,22,8.0,
22541,2025-07-01 12:22:09,GTERI,22,180.0,
22549,2025-07-01 12:25:09,GTERI,22,180.0,
22551,2025-07-01 12:25:39,GTIGF,,,
22553,2025-07-01 12:25:40,GTERI,12,,1.0
22559,2025-07-01 12:33:18,GTIGN,,,
22562,2025-07-01 12:33:26,GTIGF,,,
22564,2025-07-01 12:33:27,GTERI,12,,1.0
22567,2025-07-01 12:34:02,GTIGN,,,
22570,2025-07-01 12:34:06,GTERI,22,4.0,
22579,2025-07-01 12:37:07,GTERI,22,181.0,
22582,2025-07-01 12:40:07,GTERI,22,180.0,
22584,2025-07-01 12:43:07,GTERI,22,180.0,
22588,2025-07-01 12:46:07,GTERI,22,180.0,
22590,2025-07-01 12:49:07,GTERI,22,180.0,
22603,2025-07-01 12:52:07,GTERI,22,180.0,
22616,2025-07-01 12:55:08,GTERI,22,181.0,
22623,2025-07-01 12:58:07,GTERI,22,179.0,
22627,2025-07-01 13:01:07,GTERI,22,180.0,
22639,2025-07-01 13:03:10,GTIGF,,,
22641,2025-07-01 13:03:10,GTERI,12,,0.0
22654,2025-07-01 13:20:11,GTIGN,,,
22656,2025-07-01 13:20:19,GTERI,22,8.0,
22665,2025-07-01 13:23:20,GTERI,22,181.0,
22668,2025-07-01 13:26:20,GTERI,22,180.0,
22689,2025-07-01 13:29:20,GTERI,22,180.0,
22700,2025-07-01 13:32:20,GTERI,22,180.0,
22701,2025-07-01 13:33:05,GTIGF,,,
22703,2025-07-01 13:33:05,GTERI,12,,0.0
22705,2025-07-01 13:33:23,GTIGN,,,
22708,2025-07-01 13:33:28,GTERI,22,5.0,
22717,2025-07-01 13:36:31,GTERI,22,183.0,
22720,2025-07-01 13:39:31,GTERI,22,180.0,
22728,2025-07-01 13:42:31,GTERI,22,180.0,
22738,2025-07-01 13:45:31,GTERI,22,180.0,
22748,2025-07-01 13:48:31,GTERI,22,180.0,
22756,2025-07-01 13:51:31,GTERI,22,180.0,
22763,2025-07-01 13:54:31,GTERI,22,180.0,
22766,2025-07-01 13:57:31,GTERI,22,180.0,
22768,2025-07-01 14:00:31,GTERI,22,180.0,
22772,2025-07-01 14:03:31,GTERI,22,180.0,
22778,2025-07-01 14:06:31,GTERI,22,180.0,
22781,2025-07-01 14:09:31,GTERI,22,180.0,
22784,2025-07-01 14:12:31,GTERI,22,180.0,
22791,2025-07-01 14:15:31,GTERI,22,180.0,
22795,2025-07-01 14:18:31,GTERI,22,180.0,
22800,2025-07-01 14:21:31,GTERI,22,180.0,
22806,2025-07-01 14:24:31,GTERI,22,180.0,
22818,2025-07-01 14:27:31,GTERI,22,180.0,
22825,2025-07-01 14:30:31,GTERI,22,180.0,
22830,2025-07-01 14:33:31,GTERI,22,180.0,
22837,2025-07-01 14:36:31,GTERI,22,180.0,
22839,2025-07-01 14:39:31,GTERI,22,180.0,
22843,2025-07-01 14:42:31,GTERI,22,180.0,
22846,2025-07-01 14:45:31,GTERI,22,180.0,
22851,2025-07-01 14:48:31,GTERI,22,180.0,
22853,2025-07-01 14:51:31,GTERI,22,180.0,
22856,2025-07-01 14:54:31,GTERI,22,180.0,
22859,2025-07-01 14:57:31,GTERI,22,180.0,
22862,2025-07-01 15:00:31,GTERI,22,180.0,
22866,2025-07-01 15:03:31,GTERI,22,180.0,
22872,2025-07-01 15:06:31,GTERI,22,180.0,
22875,2025-07-01 15:09:31,GTERI,22,180.0,
22888,2025-07-01 15:12:31,GTERI,22,180.0,
22893,2025-07-01 15:15:32,GTERI,22,181.0,
22909,2025-07-01 15:18:32,GTERI,22,180.0,
22913,2025-07-01 15:21:32,GTERI,22,180.0,
22916,2025-07-01 15:24:32,GTERI,22,180.0,
22921,2025-07-01 15:27:32,GTERI,22,180.0,
22927,2025-07-01 15:30:34,GTERI,22,182.0,
22934,2025-07-01 15:31:18,GTERI,12,,7093.0
22932,2025-07-01 15:31:18,GTIGF,,,
22940,2025-07-01 15:35:47,GTIGN,,,
22943,2025-07-01 15:35:52,GTERI,22,5.0,
22947,2025-07-01 15:35:59,GTERI,12,,281.0
22945,2025-07-01 15:35:59,GTIGF,,,
22980,2025-07-01 16:35:55,GTERI,11,,3596.0
23011,2025-07-01 17:35:55,GTERI,11,,3600.0
23042,2025-07-01 18:35:55,GTERI,11,,3600.0
23073,2025-07-01 19:35:55,GTERI,11,,3600.0
23104,2025-07-01 20:35:55,GTERI,11,,3600.0
23121,2025-07-01 21:09:24,GTIGN,,,
23123,2025-07-01 21:09:35,GTERI,22,11.0,
23137,2025-07-01 21:12:31,GTERI,22,176.0,
23148,2025-07-01 21:15:05,GTIGF,,,
23150,2025-07-01 21:15:05,GTERI,12,,0.0
23157,2025-07-01 21:23:10,GTIGN,,,
23159,2025-07-01 21:23:20,GTIGF,,,
23161,2025-07-01 21:23:23,GTERI,12,,3.0
23169,2025-07-01 21:26:30,GTIGN,,,
23172,2025-07-01 21:26:34,GTERI,22,4.0,
23174,2025-07-01 21:29:36,GTERI,22,182.0,
23194,2025-07-01 21:32:37,GTERI,22,181.0,
23213,2025-07-01 21:35:37,GTERI,22,180.0,
23224,2025-07-01 21:38:37,GTERI,22,180.0,
23233,2025-07-01 21:40:15,GTIGF,,,
23235,2025-07-01 21:40:16,GTERI,12,,1.0
23245,2025-07-01 21:55:40,GTIGN,,,
23247,2025-07-01 21:55:51,GTERI,22,11.0,
23262,2025-07-01 21:58:47,GTERI,22,176.0,
23266,2025-07-01 22:01:47,GTERI,22,180.0,
23282,2025-07-01 22:04:47,GTERI,22,180.0,
23283,2025-07-01 22:04:54,GTIGF,,,
23285,2025-07-01 22:04:55,GTERI,12,,1.0
23318,2025-07-01 23:04:50,GTERI,11,,3595.0
23350,2025-07-02 00:04:50,GTERI,11,,3600.0
23381,2025-07-02 01:04:50,GTERI,11,,3600.0
23412,2025-07-02 02:04:50,GTERI,11,,3600.0
23443,2025-07-02 03:04:50,GTERI,11,,3600.0
23461,2025-07-02 03:37:24,GTIGN,,,
23463,2025-07-02 03:37:36,GTERI,22,12.0,
23479,2025-07-02 03:40:31,GTERI,22,175.0,
23501,2025-07-02 03:43:31,GTERI,22,180.0,
23519,2025-07-02 03:46:31,GTERI,22,180.0,
23530,2025-07-02 03:49:31,GTERI,22,180.0,
23538,2025-07-02 03:50:15,GTERI,12,,2725.0
23536,2025-07-02 03:50:15,GTIGF,,,
23549,2025-07-02 04:07:24,GTIGN,,,
23551,2025-07-02 04:07:31,GTERI,22,7.0,
23569,2025-07-02 04:10:32,GTERI,22,181.0,
23573,2025-07-02 04:13:32,GTERI,22,180.0,
23589,2025-07-02 04:16:32,GTERI,22,180.0,
23596,2025-07-02 04:17:22,GTIGF,,,
23598,2025-07-02 04:17:22,GTERI,12,,0.0
23603,2025-07-02 04:21:04,GTIGN,,,
23606,2025-07-02 04:21:08,GTERI,22,4.0,
23622,2025-07-02 04:24:14,GTERI,22,186.0,
23625,2025-07-02 04:24:51,GTIGF,,,
23627,2025-07-02 04:24:51,GTERI,12,,0.0
23632,2025-07-02 04:28:50,GTIGN,,,
23635,2025-07-02 04:28:54,GTERI,22,4.0,
23640,2025-07-02 04:30:42,GTIGF,,,
23642,2025-07-02 04:30:42,GTERI,12,,0.0
23648,2025-07-02 04:36:18,GTIGN,,,
23650,2025-07-02 04:36:29,GTERI,22,11.0,
23658,2025-07-02 04:39:24,GTERI,22,175.0,
23666,2025-07-02 04:41:36,GTIGF,,,
23668,2025-07-02 04:41:36,GTERI,12,,0.0
23673,2025-07-02 04:45:15,GTIGN,,,
23676,2025-07-02 04:45:19,GTERI,22,4.0,
23688,2025-07-02 04:48:23,GTERI,22,184.0,
23702,2025-07-02 04:50:07,GTIGF,,,
23704,2025-07-02 04:50:07,GTERI,12,,0.0
23711,2025-07-02 04:57:13,GTIGN,,,
23713,2025-07-02 04:57:24,GTERI,22,11.0,
23720,2025-07-02 04:57:55,GTIGF,,,
23722,2025-07-02 04:57:55,GTERI,12,,0.0
23742,2025-07-02 05:31:30,GTIGN,,,
23744,2025-07-02 05:31:39,GTERI,22,9.0,
23752,2025-07-02 05:32:17,GTIGF,,,
23754,2025-07-02 05:32:17,GTERI,12,,0.0
23787,2025-07-02 06:32:12,GTERI,11,,3595.0
23818,2025-07-02 07:32:12,GTERI,11,,3600.0
23849,2025-07-02 08:32:12,GTERI,11,,3600.0
23866,2025-07-02 08:59:22,GTIGN,,,
23868,2025-07-02 08:59:33,GTERI,22,11.0,
23879,2025-07-02 09:02:28,GTERI,22,175.0,
23892,2025-07-02 09:05:28,GTERI,22,180.0,
23897,2025-07-02 09:08:28,GTERI,22,180.0,
23901,2025-07-02 09:11:28,GTERI,22,180.0,
23905,2025-07-02 09:14:28,GTERI,22,180.0,
23912,2025-07-02 09:17:28,GTERI,22,180.0,
23914,2025-07-02 09:20:28,GTERI,22,180.0,
23918,2025-07-02 09:23:28,GTERI,22,180.0,
23922,2025-07-02 09:26:28,GTERI,22,180.0,
23925,2025-07-02 09:29:28,GTERI,22,180.0,
23927,2025-07-02 09:32:28,GTERI,22,180.0,
23932,2025-07-02 09:35:28,GTERI,22,180.0,
23934,2025-07-02 09:38:28,GTERI,22,180.0,
23937,2025-07-02 09:41:28,GTERI,22,180.0,
23941,2025-07-02 09:44:28,GTERI,22,180.0,
23945,2025-07-02 09:47:28,GTERI,22,180.0,
23956,2025-07-02 09:49:49,GTERI,12,,4657.0
23954,2025-07-02 09:49:49,GTIGF,,,
23975,2025-07-02 10:21:15,GTIGN,,,
23977,2025-07-02 10:21:22,GTERI,22,7.0,
23994,2025-07-02 10:23:56,GTIGF,,,
23996,2025-07-02 10:23:57,GTERI,12,,1.0
23998,2025-07-02 10:23:58,GTIGN,,,
24001,2025-07-02 10:24:02,GTERI,22,4.0,
24002,2025-07-02 10:24:09,GTIGF,,,
24004,2025-07-02 10:24:09,GTERI,12,,0.0
24007,2025-07-02 10:25:12,GTIGN,,,
24010,2025-07-02 10:25:17,GTERI,22,5.0,
24011,2025-07-02 10:25:40,GTIGF,,,
24013,2025-07-02 10:25:41,GTERI,12,,1.0
24034,2025-07-02 11:01:29,GTIGN,,,
24036,2025-07-02 11:01:37,GTERI,22,8.0,
24043,2025-07-02 11:02:41,GTIGF,,,
24045,2025-07-02 11:02:41,GTERI,12,,0.0
24047,2025-07-02 11:03:18,GTIGN,,,
24050,2025-07-02 11:03:22,GTERI,22,4.0,
24069,2025-07-02 11:05:52,GTIGF,,,
24071,2025-07-02 11:05:52,GTERI,12,,0.0
24081,2025-07-02 11:23:37,GTIGN,,,
24083,2025-07-02 11:23:51,GTERI,22,14.0,
24094,2025-07-02 11:26:44,GTERI,22,173.0,
24104,2025-07-02 11:29:34,GTIGF,,,
24106,2025-07-02 11:29:35,GTERI,12,,1.0
24109,2025-07-02 11:29:54,GTIGN,,,
24112,2025-07-02 11:29:58,GTERI,22,4.0,
24128,2025-07-02 11:33:01,GTERI,22,183.0,
24129,2025-07-02 11:33:06,GTIGF,,,
24131,2025-07-02 11:33:07,GTERI,12,,1.0
24133,2025-07-02 11:33:21,GTIGN,,,
24136,2025-07-02 11:33:25,GTERI,22,4.0,
24146,2025-07-02 11:36:28,GTERI,22,183.0,
24156,2025-07-02 11:36:53,GTERI,12,,226.0
24154,2025-07-02 11:36:53,GTIGF,,,
24168,2025-07-02 11:55:23,GTIGN,,,
24170,2025-07-02 11:55:30,GTERI,22,7.0,
24184,2025-07-02 11:58:29,GTERI,22,179.0,
24192,2025-07-02 12:01:29,GTERI,22,180.0,
24203,2025-07-02 12:04:18,GTIGF,,,
24205,2025-07-02 12:04:18,GTERI,12,,0.0
24212,2025-07-02 12:11:54,GTIGN,,,
24214,2025-07-02 12:12:02,GTERI,22,8.0,
24215,2025-07-02 12:12:02,GTERI,22,0.0,
24218,2025-07-02 12:15:00,GTERI,22,178.0,
24221,2025-07-02 12:18:00,GTERI,22,180.0,
24223,2025-07-02 12:21:00,GTERI,22,180.0,
24226,2025-07-02 12:24:00,GTERI,22,180.0,
24228,2025-07-02 12:27:00,GTERI,22,180.0,
24231,2025-07-02 12:30:00,GTERI,22,180.0,
24233,2025-07-02 12:33:00,GTERI,22,180.0,
24236,2025-07-02 12:36:00,GTERI,22,180.0,
24238,2025-07-02 12:39:00,GTERI,22,180.0,
24241,2025-07-02 12:42:00,GTERI,22,180.0,
24243,2025-07-02 12:45:00,GTERI,22,180.0,
24246,2025-07-02 12:48:00,GTERI,22,180.0,
24255,2025-07-02 12:51:00,GTERI,22,180.0,
24270,2025-07-02 12:54:00,GTERI,22,180.0,
24274,2025-07-02 12:57:00,GTERI,22,180.0,
24279,2025-07-02 13:00:00,GTERI,22,180.0,
24282,2025-07-02 13:03:00,GTERI,22,180.0,
24285,2025-07-02 13:06:00,GTERI,22,180.0,
24288,2025-07-02 13:09:00,GTERI,22,180.0,
24292,2025-07-02 13:12:00,GTERI,22,180.0,
24297,2025-07-02 13:15:00,GTERI,22,180.0,
24302,2025-07-02 13:18:00,GTERI,22,180.0,
24305,2025-07-02 13:21:00,GTERI,22,180.0,
24307,2025-07-02 13:24:00,GTERI,22,180.0,
24312,2025-07-02 13:27:00,GTERI,22,180.0,
24314,2025-07-02 13:30:00,GTERI,22,180.0,
24319,2025-07-02 13:33:00,GTERI,22,180.0,
24323,2025-07-02 13:36:00,GTERI,22,180.0,
24338,2025-07-02 13:39:00,GTERI,22,180.0,
24344,2025-07-02 13:39:38,GTIGF,,,
24346,2025-07-02 13:39:39,GTERI,12,,1.0
24350,2025-07-02 13:41:19,GTIGN,,,
24353,2025-07-02 13:41:23,GTERI,22,4.0,
24362,2025-07-02 13:44:25,GTERI,22,182.0,
24384,2025-07-02 13:46:37,GTIGF,,,
24386,2025-07-02 13:46:37,GTERI,12,,0.0
24394,2025-07-02 13:52:16,GTIGN,,,
24396,2025-07-02 13:52:23,GTERI,22,7.0,
24409,2025-07-02 13:55:23,GTERI,22,180.0,
24417,2025-07-02 13:57:40,GTIGF,,,
24419,2025-07-02 13:57:40,GTERI,12,,0.0
24449,2025-07-02 14:52:21,GTIGN,,,
24451,2025-07-02 14:52:30,GTERI,22,9.0,
24465,2025-07-02 14:55:27,GTERI,22,177.0,
24480,2025-07-02 14:58:00,GTIGF,,,
24482,2025-07-02 14:58:00,GTERI,12,,0.0
24486,2025-07-02 15:00:12,GTIGN,,,
24489,2025-07-02 15:00:17,GTERI,22,5.0,
24495,2025-07-02 15:00:45,GTIGF,,,
24497,2025-07-02 15:00:45,GTERI,12,,0.0
24507,2025-07-02 15:13:36,GTIGN,,,
24509,2025-07-02 15:13:45,GTERI,22,9.0,
24523,2025-07-02 15:16:42,GTERI,22,177.0,
24545,2025-07-02 15:19:42,GTERI,22,180.0,
24557,2025-07-02 15:22:42,GTERI,22,180.0,
24565,2025-07-02 15:24:27,GTIGF,,,
24567,2025-07-02 15:24:27,GTERI,12,,0.0
24574,2025-07-02 15:33:51,GTIGN,,,
24576,2025-07-02 15:33:59,GTERI,22,8.0,
24588,2025-07-02 15:36:58,GTERI,22,179.0,
24594,2025-07-02 15:39:58,GTERI,22,180.0,
24608,2025-07-02 15:42:58,GTERI,22,180.0,
24623,2025-07-02 15:45:58,GTERI,22,180.0,
24638,2025-07-02 15:48:58,GTERI,22,180.0,
24647,2025-07-02 15:51:58,GTERI,22,180.0,
24658,2025-07-02 15:54:58,GTERI,22,180.0,
24662,2025-07-02 15:57:16,GTIGF,,,
24664,2025-07-02 15:57:17,GTERI,12,,1.0
24669,2025-07-02 16:01:25,GTIGN,,,
24672,2025-07-02 16:01:29,GTERI,22,4.0,
24687,2025-07-02 16:04:33,GTERI,22,184.0,
24710,2025-07-02 16:07:00,GTIGF,,,
24712,2025-07-02 16:07:00,GTERI,12,,0.0
24737,2025-07-02 16:51:16,GTIGN,,,
24739,2025-07-02 16:51:23,GTERI,22,7.0,
24746,2025-07-02 16:52:52,GTIGF,,,
24748,2025-07-02 16:52:52,GTERI,12,,0.0
24751,2025-07-02 16:54:05,GTIGN,,,
24754,2025-07-02 16:54:09,GTERI,22,4.0,
24755,2025-07-02 16:54:09,GTIGF,,,
24757,2025-07-02 16:54:10,GTIGN,,,
24762,2025-07-02 16:54:14,GTERI,22,4.0,
24778,2025-07-02 16:57:19,GTERI,22,185.0,
24790,2025-07-02 17:00:19,GTERI,22,180.0,
24795,2025-07-02 17:03:19,GTERI,22,180.0,
24807,2025-07-02 17:06:19,GTERI,22,180.0,
24818,2025-07-02 17:07:54,GTIGF,,,
24820,2025-07-02 17:07:54,GTERI,12,,0.0
24822,2025-07-02 17:08:01,GTIGN,,,
24825,2025-07-02 17:08:03,GTIGF,,,
24859,2025-07-02 18:07:49,GTERI,11,,3586.0
24890,2025-07-02 19:07:49,GTERI,11,,3600.0
24921,2025-07-02 20:07:49,GTERI,11,,3600.0
24952,2025-07-02 21:07:49,GTERI,11,,3600.0
24958,2025-07-02 21:17:24,GTIGN,,,
24962,2025-07-02 21:17:29,GTIGN,,,
24960,2025-07-02 21:17:29,GTIGF,,,
24967,2025-07-02 21:17:34,GTERI,22,5.0,
24980,2025-07-02 21:20:35,GTERI,22,181.0,
24988,2025-07-02 21:22:44,GTIGF,,,
24990,2025-07-02 21:22:45,GTERI,12,,1.0
24995,2025-07-02 21:26:37,GTIGN,,,
24998,2025-07-02 21:26:41,GTERI,22,4.0,
25016,2025-07-02 21:29:46,GTERI,22,185.0,
25034,2025-07-02 21:32:46,GTERI,22,180.0,
25042,2025-07-02 21:35:46,GTERI,22,180.0,
25050,2025-07-02 21:37:06,GTIGF,,,
25052,2025-07-02 21:37:07,GTERI,12,,1.0
25059,2025-07-02 21:46:16,GTIGN,,,
25061,2025-07-02 21:46:24,GTERI,22,8.0,
25077,2025-07-02 21:49:23,GTERI,22,179.0,
25083,2025-07-02 21:52:23,GTERI,22,180.0,
25090,2025-07-02 21:53:48,GTIGF,,,
25092,2025-07-02 21:53:49,GTERI,12,,1.0
25125,2025-07-02 22:53:44,GTERI,11,,3595.0
25156,2025-07-02 23:53:44,GTERI,11,,3600.0
25187,2025-07-03 00:53:44,GTERI,11,,3600.0
25219,2025-07-03 01:53:44,GTERI,11,,3600.0
25250,2025-07-03 02:53:44,GTERI,11,,3600.0
25270,2025-07-03 03:31:45,GTIGN,,,
25272,2025-07-03 03:31:54,GTERI,22,9.0,
25286,2025-07-03 03:34:55,GTERI,22,181.0,
25311,2025-07-03 03:37:55,GTERI,22,180.0,
25325,2025-07-03 03:40:55,GTERI,22,180.0,
25376,2025-07-03 03:43:55,GTERI,22,180.0,
25380,2025-07-03 03:45:03,GTIGF,,,
25382,2025-07-03 03:45:03,GTERI,12,,0.0
25385,2025-07-03 04:07:06,GTIGN,,,
25387,2025-07-03 04:07:17,GTERI,22,11.0,
25401,2025-07-03 04:10:16,GTERI,22,179.0,
25404,2025-07-03 04:13:17,GTERI,22,181.0,
25420,2025-07-03 04:16:17,GTERI,22,180.0,
25427,2025-07-03 04:17:22,GTIGF,,,
25429,2025-07-03 04:17:23,GTERI,12,,1.0
25432,2025-07-03 04:21:26,GTIGN,,,
25435,2025-07-03 04:21:30,GTERI,22,4.0,
25451,2025-07-03 04:24:34,GTERI,22,184.0,
25455,2025-07-03 04:25:38,GTIGF,,,
25457,2025-07-03 04:25:38,GTERI,12,,0.0
25463,2025-07-03 04:30:38,GTIGN,,,
25466,2025-07-03 04:30:42,GTERI,22,4.0,
25470,2025-07-03 04:32:30,GTIGF,,,
25472,2025-07-03 04:32:30,GTERI,12,,0.0
25477,2025-07-03 04:37:58,GTIGN,,,
25479,2025-07-03 04:38:05,GTERI,22,7.0,
25493,2025-07-03 04:41:06,GTERI,22,181.0,
25498,2025-07-03 04:43:13,GTIGF,,,
25500,2025-07-03 04:43:14,GTERI,12,,1.0
25505,2025-07-03 04:47:22,GTIGN,,,
25508,2025-07-03 04:47:27,GTERI,22,5.0,
25521,2025-07-03 04:50:30,GTERI,22,183.0,
25537,2025-07-03 04:52:15,GTIGF,,,
25539,2025-07-03 04:52:16,GTERI,12,,1.0
25545,2025-07-03 04:59:11,GTIGN,,,
25547,2025-07-03 04:59:21,GTERI,22,10.0,
25553,2025-07-03 04:59:46,GTIGF,,,
25555,2025-07-03 04:59:47,GTERI,12,,1.0
25567,2025-07-03 05:17:21,GTIGN,,,
25569,2025-07-03 05:17:31,GTERI,22,10.0,
25582,2025-07-03 05:19:03,GTERI,12,,1156.0
25580,2025-07-03 05:19:03,GTIGF,,,
25615,2025-07-03 06:18:58,GTERI,11,,3595.0
25646,2025-07-03 07:18:58,GTERI,11,,3600.0
25664,2025-07-03 07:52:51,GTIGN,,,
25666,2025-07-03 07:53:01,GTERI,22,10.0,
25677,2025-07-03 07:55:59,GTERI,22,178.0,
25704,2025-07-03 07:58:59,GTERI,22,180.0,
25716,2025-07-03 08:01:59,GTERI,22,180.0,
25729,2025-07-03 08:04:27,GTIGF,,,
25731,2025-07-03 08:04:28,GTERI,12,,1.0
25733,2025-07-03 08:04:35,GTIGN,,,
25736,2025-07-03 08:04:36,GTIGF,,,
25748,2025-07-03 08:21:59,GTIGN,,,
25750,2025-07-03 08:22:07,GTERI,22,8.0,
25763,2025-07-03 08:25:09,GTERI,22,182.0,
25768,2025-07-03 08:28:09,GTERI,22,180.0,
25775,2025-07-03 08:30:08,GTIGF,,,
25777,2025-07-03 08:30:08,GTERI,12,,0.0
25785,2025-07-03 08:37:22,GTIGN,,,
25787,2025-07-03 08:37:32,GTERI,22,10.0,
25800,2025-07-03 08:40:29,GTERI,22,177.0,
25810,2025-07-03 08:43:29,GTERI,22,180.0,
25817,2025-07-03 08:46:29,GTERI,22,180.0,
25827,2025-07-03 08:49:29,GTERI,22,180.0,
25840,2025-07-03 08:52:29,GTERI,22,180.0,
25845,2025-07-03 08:55:29,GTERI,22,180.0,
25854,2025-07-03 08:57:50,GTERI,12,,1662.0
25852,2025-07-03 08:57:50,GTIGF,,,
25862,2025-07-03 09:06:55,GTIGN,,,
25864,2025-07-03 09:07:03,GTERI,22,8.0,
25873,2025-07-03 09:08:29,GTIGF,,,
25875,2025-07-03 09:08:29,GTERI,12,,0.0
25877,2025-07-03 09:08:29,GTIGN,,,
25880,2025-07-03 09:08:33,GTERI,22,4.0,
25894,2025-07-03 09:11:36,GTERI,22,183.0,
25907,2025-07-03 09:14:36,GTERI,22,180.0,
25912,2025-07-03 09:17:36,GTERI,22,180.0,
25918,2025-07-03 09:19:05,GTIGF,,,
25920,2025-07-03 09:19:06,GTERI,12,,1.0
25925,2025-07-03 09:23:11,GTIGN,,,
25928,2025-07-03 09:23:15,GTERI,22,4.0,
25940,2025-07-03 09:26:17,GTERI,22,182.0,
25946,2025-07-03 09:29:17,GTERI,22,180.0,
25956,2025-07-03 09:31:31,GTIGF,,,
25958,2025-07-03 09:31:31,GTERI,12,,0.0
25991,2025-07-03 10:31:27,GTERI,11,,3596.0
26022,2025-07-03 11:31:27,GTERI,11,,3600.0
26053,2025-07-03 12:31:27,GTERI,11,,3600.0
26084,2025-07-03 13:31:27,GTERI,11,,3600.0
26088,2025-07-03 13:38:03,GTIGN,,,
26090,2025-07-03 13:38:24,GTERI,22,21.0,
26093,2025-07-03 13:39:56,GTIGF,,,
26095,2025-07-03 13:39:57,GTIGN,,,
26099,2025-07-03 13:40:02,GTERI,22,5.0,
26117,2025-07-03 13:43:03,GTERI,22,181.0,
26136,2025-07-03 13:46:03,GTERI,22,180.0,
26150,2025-07-03 13:49:03,GTERI,22,180.0,
26161,2025-07-03 13:51:11,GTIGF,,,
26163,2025-07-03 13:51:11,GTERI,12,,0.0
26168,2025-07-03 13:56:36,GTIGN,,,
26171,2025-07-03 13:56:44,GTERI,22,8.0,
26182,2025-07-03 13:59:43,GTERI,22,179.0,
26185,2025-07-03 14:02:43,GTERI,22,180.0,
26195,2025-07-03 14:04:58,GTIGF,,,
26197,2025-07-03 14:04:59,GTERI,12,,1.0
26230,2025-07-03 15:04:54,GTERI,11,,3595.0
26261,2025-07-03 16:04:54,GTERI,11,,3600.0
26292,2025-07-03 17:04:54,GTERI,11,,3600.0
26322,2025-07-03 18:04:54,GTERI,11,,3600.0
26353,2025-07-03 19:04:54,GTERI,11,,3600.0
26384,2025-07-03 20:04:54,GTERI,11,,3600.0
26415,2025-07-03 21:04:54,GTERI,11,,3600.0
26446,2025-07-03 22:04:54,GTERI,11,,3600.0
26477,2025-07-03 23:04:54,GTERI,11,,3600.0
26508,2025-07-04 00:04:54,GTERI,11,,3600.0
26539,2025-07-04 01:04:54,GTERI,11,,3600.0
26570,2025-07-04 02:04:54,GTERI,11,,3600.0
26601,2025-07-04 03:04:54,GTERI,11,,3600.0
26632,2025-07-04 04:04:54,GTERI,11,,3600.0
26663,2025-07-04 05:04:54,GTERI,11,,3600.0
26694,2025-07-04 06:04:54,GTERI,11,,3600.0
26725,2025-07-04 07:04:54,GTERI,11,,3600.0
26742,2025-07-04 07:35:53,GTIGN,,,
26744,2025-07-04 07:36:04,GTERI,22,11.0,
26748,2025-07-04 07:39:00,GTERI,22,176.0,
26771,2025-07-04 07:42:00,GTERI,22,180.0,
26792,2025-07-04 07:45:00,GTERI,22,180.0,
26800,2025-07-04 07:48:00,GTERI,22,180.0,
26818,2025-07-04 07:51:00,GTERI,22,180.0,
26822,2025-07-04 07:54:00,GTERI,22,180.0,
26825,2025-07-04 07:57:00,GTERI,22,180.0,
26828,2025-07-04 08:00:00,GTERI,22,180.0,
26839,2025-07-04 08:03:00,GTERI,22,180.0,
26841,2025-07-04 08:06:00,GTERI,22,180.0,
26844,2025-07-04 08:09:00,GTERI,22,180.0,
26847,2025-07-04 08:12:00,GTERI,22,180.0,
26853,2025-07-04 08:15:00,GTERI,22,180.0,
26856,2025-07-04 08:18:00,GTERI,22,180.0,
26867,2025-07-04 08:20:20,GTIGF,,,
26869,2025-07-04 08:20:21,GTERI,12,,1.0
26876,2025-07-04 08:26:58,GTIGN,,,
26878,2025-07-04 08:27:06,GTERI,22,8.0,
26884,2025-07-04 08:28:02,GTIGF,,,
26886,2025-07-04 08:28:03,GTERI,12,,1.0
26888,2025-07-04 08:28:15,GTIGN,,,
26891,2025-07-04 08:28:20,GTERI,22,5.0,
26894,2025-07-04 08:28:28,GTIGF,,,
26896,2025-07-04 08:28:29,GTERI,12,,1.0
26899,2025-07-04 08:30:01,GTIGN,,,
26902,2025-07-04 08:30:05,GTERI,22,4.0,
26907,2025-07-04 08:31:06,GTIGF,,,
26909,2025-07-04 08:31:06,GTERI,12,,0.0
26911,2025-07-04 08:31:12,GTIGN,,,
26914,2025-07-04 08:31:14,GTIGF,,,
26927,2025-07-04 08:50:11,GTIGN,,,
26929,2025-07-04 08:50:20,GTERI,22,9.0,
26935,2025-07-04 08:51:18,GTIGF,,,
26937,2025-07-04 08:51:18,GTERI,12,,0.0
26948,2025-07-04 09:06:31,GTIGN,,,
26950,2025-07-04 09:06:38,GTERI,22,7.0,
26955,2025-07-04 09:07:17,GTIGF,,,
26957,2025-07-04 09:07:17,GTERI,12,,0.0
26962,2025-07-04 09:10:33,GTIGN,,,
26965,2025-07-04 09:10:37,GTERI,22,4.0,
26973,2025-07-04 09:13:43,GTERI,22,186.0,
26981,2025-07-04 09:16:43,GTERI,22,180.0,
26982,2025-07-04 09:16:54,GTIGF,,,
26984,2025-07-04 09:16:55,GTERI,12,,1.0
26986,2025-07-04 09:17:25,GTIGN,,,
26989,2025-07-04 09:17:30,GTERI,22,5.0,
26994,2025-07-04 09:18:04,GTIGF,,,
26996,2025-07-04 09:18:05,GTERI,12,,1.0
27010,2025-07-04 09:40:01,GTIGN,,,
27012,2025-07-04 09:40:10,GTERI,22,9.0,
27021,2025-07-04 09:40:44,GTIGF,,,
27023,2025-07-04 09:40:44,GTERI,12,,0.0
27025,2025-07-04 09:41:24,GTIGN,,,
27028,2025-07-04 09:41:28,GTERI,22,4.0,
27040,2025-07-04 09:44:30,GTERI,22,182.0,
27049,2025-07-04 09:47:31,GTERI,22,181.0,
27056,2025-07-04 09:50:31,GTERI,22,180.0,
27065,2025-07-04 09:53:32,GTERI,22,181.0,
27068,2025-07-04 09:56:32,GTERI,22,180.0,
27071,2025-07-04 09:59:32,GTERI,22,180.0,
27074,2025-07-04 10:02:32,GTERI,22,180.0,
27078,2025-07-04 10:05:32,GTERI,22,180.0,
27083,2025-07-04 10:08:32,GTERI,22,180.0,
27086,2025-07-04 10:11:32,GTERI,22,180.0,
27093,2025-07-04 10:14:32,GTERI,22,180.0,
27110,2025-07-04 10:16:47,GTIGF,,,
27112,2025-07-04 10:16:47,GTERI,12,,0.0
27120,2025-07-04 10:27:55,GTIGN,,,
27122,2025-07-04 10:28:07,GTERI,22,12.0,
27146,2025-07-04 10:31:03,GTERI,22,176.0,
27160,2025-07-04 10:33:53,GTIGF,,,
27162,2025-07-04 10:33:53,GTIGN,,,
27166,2025-07-04 10:33:58,GTERI,22,5.0,
27184,2025-07-04 10:36:59,GTERI,22,181.0,
27188,2025-07-04 10:39:59,GTERI,22,180.0,
27198,2025-07-04 10:42:59,GTERI,22,180.0,
27212,2025-07-04 10:45:59,GTERI,22,180.0,
27216,2025-07-04 10:46:33,GTIGF,,,
27218,2025-07-04 10:46:34,GTERI,12,,1.0
27232,2025-07-04 11:07:14,GTIGN,,,
27234,2025-07-04 11:07:21,GTERI,22,7.0,
27244,2025-07-04 11:10:19,GTERI,22,178.0,
27249,2025-07-04 11:13:19,GTERI,22,180.0,
27254,2025-07-04 11:15:32,GTIGF,,,
27256,2025-07-04 11:15:32,GTERI,12,,0.0
27261,2025-07-04 11:19:15,GTIGN,,,
27264,2025-07-04 11:19:19,GTERI,22,4.0,
27269,2025-07-04 11:19:32,GTIGF,,,
27271,2025-07-04 11:19:32,GTERI,12,,0.0
27278,2025-07-04 11:28:29,GTIGN,,,
27280,2025-07-04 11:28:36,GTERI,22,7.0,
27289,2025-07-04 11:29:34,GTIGF,,,
27291,2025-07-04 11:29:35,GTERI,12,,1.0
27316,2025-07-04 12:10:17,GTIGN,,,
27323,2025-07-04 12:10:25,GTIGN,,,
27320,2025-07-04 12:10:25,GTERI,12,,2450.0
27318,2025-07-04 12:10:25,GTIGF,,,
27326,2025-07-04 12:10:29,GTERI,22,4.0,
27335,2025-07-04 12:11:55,GTERI,12,,90.0
27333,2025-07-04 12:11:55,GTIGF,,,
27368,2025-07-04 13:11:50,GTERI,11,,3595.0
27380,2025-07-04 13:32:55,GTIGN,,,
27382,2025-07-04 13:33:04,GTERI,22,9.0,
27387,2025-07-04 13:33:26,GTIGF,,,
27389,2025-07-04 13:33:26,GTERI,12,,0.0
27398,2025-07-04 13:46:05,GTIGN,,,
27400,2025-07-04 13:46:14,GTERI,22,9.0,
27406,2025-07-04 13:49:12,GTERI,22,178.0,
27429,2025-07-04 13:52:12,GTERI,22,180.0,
27440,2025-07-04 13:53:53,GTERI,12,,1227.0
27438,2025-07-04 13:53:53,GTIGF,,,
27450,2025-07-04 14:08:08,GTIGN,,,
27452,2025-07-04 14:08:18,GTERI,22,10.0,
27459,2025-07-04 14:10:57,GTERI,12,,1024.0
27457,2025-07-04 14:10:57,GTIGF,,,
27467,2025-07-04 14:21:31,GTIGN,,,
27470,2025-07-04 14:21:39,GTERI,22,8.0,
27478,2025-07-04 14:24:38,GTERI,22,179.0,
27488,2025-07-04 14:27:32,GTIGF,,,
27490,2025-07-04 14:27:32,GTERI,12,,0.0
27500,2025-07-04 14:40:19,GTIGN,,,
27502,2025-07-04 14:40:49,GTERI,22,30.0,
27510,2025-07-04 14:43:28,GTERI,22,159.0,
27528,2025-07-04 14:45:31,GTIGF,,,
27530,2025-07-04 14:45:31,GTERI,12,,0.0
27532,2025-07-04 14:45:41,GTIGN,,,
27535,2025-07-04 14:45:45,GTIGF,,,
27543,2025-07-04 14:49:33,GTIGN,,,
27546,2025-07-04 14:49:37,GTERI,22,4.0,
27549,2025-07-04 14:49:58,GTIGF,,,
27551,2025-07-04 14:49:59,GTERI,12,,1.0
27584,2025-07-04 15:49:54,GTERI,11,,3595.0
27615,2025-07-04 16:49:54,GTERI,11,,3600.0
27646,2025-07-04 17:49:54,GTERI,11,,3600.0
27677,2025-07-04 18:49:54,GTERI,11,,3600.0
27708,2025-07-04 19:49:54,GTERI,11,,3600.0
27739,2025-07-04 20:49:54,GTERI,11,,3600.0
27770,2025-07-04 21:49:54,GTERI,11,,3600.0
27801,2025-07-04 22:49:54,GTERI,11,,3600.0
27832,2025-07-04 23:49:54,GTERI,11,,3600.0
27863,2025-07-05 00:49:54,GTERI,11,,3600.0
27894,2025-07-05 01:49:54,GTERI,11,,3600.0
27925,2025-07-05 02:49:54,GTERI,11,,3600.0
27956,2025-07-05 03:49:54,GTERI,11,,3600.0
27987,2025-07-05 04:49:54,GTERI,11,,3600.0
28018,2025-07-05 05:49:54,GTERI,11,,3600.0
28049,2025-07-05 06:49:54,GTERI,11,,3600.0
28080,2025-07-05 07:49:54,GTERI,11,,3600.0
28110,2025-07-05 08:49:54,GTERI,11,,3600.0
28141,2025-07-05 09:49:54,GTERI,11,,3600.0
28172,2025-07-05 10:49:54,GTERI,11,,3600.0
28203,2025-07-05 11:49:54,GTERI,11,,3600.0
28234,2025-07-05 12:49:54,GTERI,11,,3600.0
28265,2025-07-05 13:49:54,GTERI,11,,3600.0
28296,2025-07-05 14:49:54,GTERI,11,,3600.0
28327,2025-07-05 15:49:54,GTERI,11,,3600.0
28358,2025-07-05 16:49:54,GTERI,11,,3600.0
28389,2025-07-05 17:49:54,GTERI,11,,3600.0
28420,2025-07-05 18:49:54,GTERI,11,,3600.0
28451,2025-07-05 19:49:54,GTERI,11,,3600.0
28482,2025-07-05 20:49:54,GTERI,11,,3600.0
28513,2025-07-05 21:49:54,GTERI,11,,3600.0
28544,2025-07-05 22:49:54,GTERI,11,,3600.0
28575,2025-07-05 23:49:54,GTERI,11,,3600.0
28606,2025-07-06 00:49:54,GTERI,11,,3600.0
28637,2025-07-06 01:49:54,GTERI,11,,3600.0
28668,2025-07-06 02:49:54,GTERI,11,,3600.0
28699,2025-07-06 03:49:54,GTERI,11,,3600.0
28730,2025-07-06 04:49:54,GTERI,11,,3600.0
28761,2025-07-06 05:49:54,GTERI,11,,3600.0
28792,2025-07-06 06:49:54,GTERI,11,,3600.0
28823,2025-07-06 07:49:54,GTERI,11,,3600.0
28854,2025-07-06 08:49:54,GTERI,11,,3600.0
28885,2025-07-06 09:49:54,GTERI,11,,3600.0
28917,2025-07-06 10:49:54,GTERI,11,,3600.0
28920,2025-07-06 10:55:49,GTIGN,,,
28923,2025-07-06 10:55:59,GTERI,22,10.0,
28926,2025-07-06 10:58:55,GTERI,22,176.0,
28930,2025-07-06 10:59:39,GTIGN,,,
28929,2025-07-06 10:59:39,GTERI,12,,585.0
28927,2025-07-06 10:59:39,GTIGF,,,
28935,2025-07-06 10:59:44,GTERI,22,5.0,
28943,2025-07-06 11:02:45,GTERI,22,181.0,
28955,2025-07-06 11:05:45,GTERI,22,180.0,
28958,2025-07-06 11:08:45,GTERI,22,180.0,
28961,2025-07-06 11:11:45,GTERI,22,180.0,
28973,2025-07-06 11:14:45,GTERI,22,180.0,
28975,2025-07-06 11:17:45,GTERI,22,180.0,
28978,2025-07-06 11:20:45,GTERI,22,180.0,
28982,2025-07-06 11:23:45,GTERI,22,180.0,
28986,2025-07-06 11:26:45,GTERI,22,180.0,
28987,2025-07-06 11:29:45,GTERI,22,180.0,
28995,2025-07-06 11:32:45,GTERI,22,180.0,
29001,2025-07-06 11:35:45,GTERI,22,180.0,
29005,2025-07-06 11:38:45,GTERI,22,180.0,
29010,2025-07-06 11:41:45,GTERI,22,180.0,
29017,2025-07-06 11:44:45,GTERI,22,180.0,
29022,2025-07-06 11:47:45,GTERI,22,180.0,
29029,2025-07-06 11:50:45,GTERI,22,180.0,
29030,2025-07-06 11:51:02,GTIGF,,,
29032,2025-07-06 11:51:02,GTERI,12,,0.0
29065,2025-07-06 12:50:57,GTERI,11,,3595.0
29096,2025-07-06 13:50:57,GTERI,11,,3600.0
29127,2025-07-06 14:50:57,GTERI,11,,3600.0
29158,2025-07-06 15:50:57,GTERI,11,,3600.0
29189,2025-07-06 16:50:57,GTERI,11,,3600.0
29220,2025-07-06 17:50:57,GTERI,11,,3600.0
29251,2025-07-06 18:50:57,GTERI,11,,3600.0
29282,2025-07-06 19:50:57,GTERI,11,,3600.0
29313,2025-07-06 20:50:57,GTERI,11,,3600.0
29343,2025-07-06 21:50:57,GTERI,11,,3600.0
29374,2025-07-06 22:50:57,GTERI,11,,3600.0
29405,2025-07-06 23:50:57,GTERI,11,,3600.0
29436,2025-07-07 00:50:57,GTERI,11,,3600.0
29467,2025-07-07 01:50:57,GTERI,11,,3600.0
29498,2025-07-07 02:50:57,GTERI,11,,3600.0
29529,2025-07-07 03:50:57,GTERI,11,,3600.0
29560,2025-07-07 04:50:57,GTERI,11,,3600.0
29591,2025-07-07 05:50:57,GTERI,11,,3600.0
29622,2025-07-07 06:50:57,GTERI,11,,3600.0
29653,2025-07-07 07:50:57,GTERI,11,,3600.0
29661,2025-07-07 08:04:39,GTIGN,,,
29664,2025-07-07 08:05:54,GTERI,22,75.0,
29669,2025-07-07 08:07:48,GTERI,22,114.0,
29681,2025-07-07 08:10:48,GTERI,22,180.0,
29686,2025-07-07 08:13:48,GTERI,22,180.0,
29693,2025-07-07 08:16:48,GTERI,22,180.0,
29697,2025-07-07 08:19:48,GTERI,22,180.0,
29702,2025-07-07 08:22:48,GTERI,22,180.0,
29707,2025-07-07 08:25:48,GTERI,22,180.0,
29710,2025-07-07 08:28:48,GTERI,22,180.0,
29714,2025-07-07 08:31:48,GTERI,22,180.0,
29717,2025-07-07 08:34:48,GTERI,22,180.0,
29732,2025-07-07 08:37:48,GTERI,22,180.0,
29734,2025-07-07 08:39:12,GTIGF,,,
29736,2025-07-07 08:39:13,GTERI,12,,1.0
29753,2025-07-07 09:01:40,GTIGN,,,
29755,2025-07-07 09:01:48,GTERI,22,8.0,
29760,2025-07-07 09:03:11,GTIGF,,,
29762,2025-07-07 09:03:12,GTERI,12,,1.0
29772,2025-07-07 09:15:42,GTIGN,,,
29774,2025-07-07 09:15:51,GTERI,22,9.0,
29782,2025-07-07 09:18:48,GTERI,22,177.0,
29795,2025-07-07 09:21:48,GTERI,22,180.0,
29799,2025-07-07 09:24:48,GTERI,22,180.0,
29813,2025-07-07 09:27:49,GTERI,22,181.0,
29816,2025-07-07 09:30:50,GTERI,22,181.0,
29818,2025-07-07 09:33:50,GTERI,22,180.0,
29820,2025-07-07 09:36:50,GTERI,22,180.0,
29824,2025-07-07 09:39:50,GTERI,22,180.0,
29828,2025-07-07 09:42:50,GTERI,22,180.0,
29831,2025-07-07 09:45:50,GTERI,22,180.0,
29847,2025-07-07 09:48:50,GTERI,22,180.0,
29861,2025-07-07 09:51:24,GTIGF,,,
29864,2025-07-07 09:51:24,GTERI,12,,0.0
29872,2025-07-07 10:01:17,GTIGN,,,
29874,2025-07-07 10:01:25,GTERI,22,8.0,
29896,2025-07-07 10:04:25,GTERI,22,180.0,
29902,2025-07-07 10:05:38,GTIGF,,,
29904,2025-07-07 10:05:38,GTERI,12,,0.0
29907,2025-07-07 10:05:49,GTIGN,,,
29910,2025-07-07 10:05:54,GTERI,22,5.0,
29913,2025-07-07 10:06:19,GTIGF,,,
29915,2025-07-07 10:06:20,GTERI,12,,1.0
29920,2025-07-07 10:09:59,GTIGN,,,
29923,2025-07-07 10:10:03,GTERI,22,4.0,
29931,2025-07-07 10:13:06,GTERI,22,183.0,
29934,2025-07-07 10:16:06,GTERI,22,180.0,
29938,2025-07-07 10:18:06,GTIGF,,,
29940,2025-07-07 10:18:07,GTIGN,,,
29945,2025-07-07 10:18:08,GTIGF,,,
29947,2025-07-07 10:18:08,GTIGN,,,
29951,2025-07-07 10:18:10,GTIGF,,,
29953,2025-07-07 10:18:10,GTIGN,,,
29957,2025-07-07 10:18:15,GTERI,22,5.0,
29968,2025-07-07 10:21:17,GTERI,22,182.0,
29974,2025-07-07 10:24:17,GTERI,22,180.0,
29984,2025-07-07 10:27:17,GTERI,22,180.0,
29987,2025-07-07 10:30:17,GTERI,22,180.0,
30001,2025-07-07 10:33:17,GTERI,22,180.0,
30009,2025-07-07 10:36:17,GTERI,22,180.0,
30022,2025-07-07 10:37:56,GTIGF,,,
30024,2025-07-07 10:37:56,GTERI,12,,0.0
30028,2025-07-07 10:39:14,GTIGN,,,
30031,2025-07-07 10:39:18,GTERI,22,4.0,
30032,2025-07-07 10:39:21,GTIGF,,,
30034,2025-07-07 10:39:22,GTERI,12,,1.0
30037,2025-07-07 10:39:58,GTIGN,,,
30040,2025-07-07 10:40:03,GTERI,22,5.0,
30043,2025-07-07 10:40:28,GTERI,12,,66.0
30041,2025-07-07 10:40:28,GTIGF,,,
30045,2025-07-07 10:40:31,GTIGN,,,
30048,2025-07-07 10:40:35,GTERI,22,4.0,
30050,2025-07-07 10:41:28,GTIGF,,,
30052,2025-07-07 10:41:28,GTIGN,,,
30056,2025-07-07 10:41:32,GTERI,22,4.0,
30057,2025-07-07 10:41:55,GTIGF,,,
30059,2025-07-07 10:41:55,GTERI,12,,0.0
30061,2025-07-07 10:41:58,GTIGN,,,
30064,2025-07-07 10:42:02,GTERI,22,4.0,
30067,2025-07-07 10:42:03,GTERI,12,,8.0
30065,2025-07-07 10:42:03,GTIGF,,,
